condition,session,b1,b2,r1,r2,schedule_r1,schedule_r2,PID
1,1,18,453,1,5,1,9,P04
1,2,34,857,1,4,1,9,P04
1,3,15,574,1,7,1,9,P04
1,4,18,473,1,8,1,9,P04
1,5,37,824,1,8,1,9,P04
1,6,23,720,1,10,1,9,P04
1,7,39,907,1,7,1,9,P04
1,8,12,628,1,7,1,9,P04
1,9,45,910,1,3,1,9,P04
1,10,21,737,1,8,1,9,P04
1,11,16,770,1,5,1,9,P04
1,12,13,516,1,11,1,9,P04
1,13,38,707,1,8,1,9,P04
1,14,21,522,1,13,1,9,P04
1,15,21,541,1,10,1,9,P04
1,16,14,615,1,8,1,9,P04
1,17,18,539,1,10,1,9,P04
1,18,15,402,1,12,1,9,P04
1,19,35,889,1,5,1,9,P04
1,20,16,434,1,4,1,9,P04
1,21,17,435,1,8,1,9,P04
1,22,19,438,1,8,1,9,P04
1,23,30,445,1,4,1,9,P04
1,24,16,587,1,8,1,9,P04
1,25,30,885,1,14,1,9,P04
1,26,19,633,1,5,1,9,P04
1,27,21,453,1,15,1,9,P04
1,28,11,450,1,8,1,9,P04
1,29,12,486,1,13,1,9,P04
1,30,14,615,1,6,1,9,P04
1,31,25,701,1,5,1,9,P04
1,32,14,443,1,11,1,9,P04
1,33,23,579,1,7,1,9,P04
1,34,19,392,1,6,1,9,P04
1,35,11,533,1,8,1,9,P04
1,36,12,638,1,10,1,9,P04
1,37,17,405,1,10,1,9,P04
1,38,22,627,1,8,1,9,P04
1,39,20,482,1,12,1,9,P04
1,40,30,770,1,7,1,9,P04
1,41,17,577,1,8,1,9,P04
1,42,33,712,1,7,1,9,P04
1,43,15,440,1,9,1,9,P04
1,44,12,402,1,9,1,9,P04
1,45,57,937,1,5,1,9,P04
1,46,40,941,1,7,1,9,P04
1,47,15,502,1,10,1,9,P04
1,48,13,387,1,6,1,9,P04
1,49,24,694,1,10,1,9,P04
1,50,20,649,1,12,1,9,P04
1,51,13,490,1,9,1,9,P04
1,52,24,629,1,10,1,9,P04
1,53,27,441,1,7,1,9,P04
1,54,55,700,1,5,1,9,P04
1,55,17,802,1,7,1,9,P04
1,56,17,626,1,7,1,9,P04
1,57,13,563,1,10,1,9,P04
1,58,23,805,1,10,1,9,P04
1,59,22,757,1,14,1,9,P04
1,60,27,824,1,12,1,9,P04
1,61,21,604,1,12,1,9,P04
1,62,26,608,1,11,1,9,P04
1,63,13,554,1,10,1,9,P04
1,64,17,531,1,12,1,9,P04
1,65,21,674,1,11,1,9,P04
1,66,72,896,1,11,1,9,P04
1,67,21,628,1,7,1,9,P04
1,68,31,858,1,15,1,9,P04
1,69,17,523,1,2,1,9,P04
1,70,22,695,1,10,1,9,P04
1,71,14,525,1,13,1,9,P04
1,72,12,613,1,16,1,9,P04
1,73,14,580,1,9,1,9,P04
1,74,16,976,1,12,1,9,P04
1,75,23,509,1,5,1,9,P04
1,76,20,637,1,6,1,9,P04
1,77,50,816,1,8,1,9,P04
1,78,22,851,1,11,1,9,P04
1,79,14,484,1,9,1,9,P04
1,80,14,688,1,7,1,9,P04
1,81,18,873,1,10,1,9,P04
1,82,37,889,1,8,1,9,P04
1,83,19,700,1,9,1,9,P04
1,84,12,473,1,10,1,9,P04
1,85,31,796,1,8,1,9,P04
1,86,22,760,1,8,1,9,P04
1,87,15,672,1,8,1,9,P04
1,88,15,716,1,10,1,9,P04
1,89,42,728,1,10,1,9,P04
1,90,36,681,1,7,1,9,P04
1,91,36,666,1,9,1,9,P04
1,92,21,582,1,6,1,9,P04
1,93,16,544,1,8,1,9,P04
1,94,18,809,1,7,1,9,P04
1,95,23,594,1,13,1,9,P04
1,96,25,959,1,9,1,9,P04
1,97,12,452,1,7,1,9,P04
1,98,25,459,1,7,1,9,P04
1,99,39,724,1,5,1,9,P04
1,100,18,522,1,10,1,9,P04
1,101,12,495,1,8,1,9,P04
1,102,37,921,1,11,1,9,P04
1,103,18,527,1,8,1,9,P04
1,104,28,531,1,7,1,9,P04
1,105,25,592,1,11,1,9,P04
1,106,12,536,1,6,1,9,P04
1,107,21,642,1,7,1,9,P04
1,108,37,877,1,10,1,9,P04
1,109,34,846,1,11,1,9,P04
1,110,22,616,1,8,1,9,P04
1,111,22,643,1,10,1,9,P04
1,112,19,459,1,9,1,9,P04
1,113,20,632,1,6,1,9,P04
1,114,57,894,1,9,1,9,P04
1,115,23,559,1,5,1,9,P04
1,116,27,614,1,4,1,9,P04
1,117,14,931,1,13,1,9,P04
1,118,23,660,1,9,1,9,P04
1,119,21,786,1,12,1,9,P04
1,120,22,597,1,5,1,9,P04
1,121,35,852,1,5,1,9,P04
1,122,15,508,1,9,1,9,P04
1,123,42,717,1,7,1,9,P04
1,124,35,827,1,6,1,9,P04
1,125,26,846,1,5,1,9,P04
1,126,27,938,1,12,1,9,P04
1,127,19,653,1,11,1,9,P04
1,128,16,492,1,7,1,9,P04
1,129,20,540,1,9,1,9,P04
1,130,25,937,1,7,1,9,P04
1,131,24,971,1,4,1,9,P04
1,132,20,649,1,6,1,9,P04
1,133,10,459,1,11,1,9,P04
1,134,37,733,1,8,1,9,P04
1,135,26,571,1,7,1,9,P04
1,136,43,927,1,8,1,9,P04
1,137,12,413,1,8,1,9,P04
1,138,36,867,1,9,1,9,P04
1,139,10,429,1,11,1,9,P04
1,140,33,872,1,12,1,9,P04
1,141,20,510,1,7,1,9,P04
1,142,22,656,1,7,1,9,P04
1,143,28,950,1,9,1,9,P04
1,144,26,488,1,9,1,9,P04
1,145,26,799,1,9,1,9,P04
1,146,16,669,1,6,1,9,P04
1,147,11,643,1,8,1,9,P04
1,148,10,834,1,4,1,9,P04
1,149,19,406,1,11,1,9,P04
1,150,22,591,1,6,1,9,P04
1,151,17,684,1,7,1,9,P04
1,152,17,931,1,6,1,9,P04
1,153,45,810,1,6,1,9,P04
1,154,16,707,1,5,1,9,P04
1,155,20,581,1,8,1,9,P04
1,156,24,671,1,9,1,9,P04
1,157,39,789,1,13,1,9,P04
1,158,10,585,1,6,1,9,P04
1,159,17,707,1,8,1,9,P04
1,160,18,811,1,6,1,9,P04
1,161,27,573,1,11,1,9,P04
1,162,13,495,1,10,1,9,P04
1,163,36,883,1,11,1,9,P04
1,164,55,926,1,12,1,9,P04
1,165,17,545,1,10,1,9,P04
1,166,18,403,1,8,1,9,P04
1,167,10,454,1,7,1,9,P04
1,168,30,634,1,7,1,9,P04
1,169,21,758,1,8,1,9,P04
1,170,22,942,1,7,1,9,P04
1,171,13,400,1,10,1,9,P04
1,172,47,943,1,11,1,9,P04
1,173,21,461,1,7,1,9,P04
1,174,30,604,1,7,1,9,P04
1,175,23,731,1,9,1,9,P04
1,176,14,558,1,8,1,9,P04
1,177,20,497,1,9,1,9,P04
1,178,29,906,1,6,1,9,P04
1,179,24,796,1,5,1,9,P04
1,180,44,728,1,5,1,9,P04
1,181,33,584,1,13,1,9,P04
1,182,19,429,1,8,1,9,P04
1,183,24,948,1,14,1,9,P04
1,184,18,963,1,9,1,9,P04
1,185,22,622,1,15,1,9,P04
1,186,38,683,1,3,1,9,P04
1,187,93,710,1,8,1,9,P04
1,188,11,703,1,8,1,9,P04
1,189,22,680,1,9,1,9,P04
1,190,43,861,1,8,1,9,P04
1,191,23,957,1,7,1,9,P04
1,192,34,880,1,11,1,9,P04
1,193,12,600,1,6,1,9,P04
1,194,11,398,1,10,1,9,P04
1,195,18,858,1,9,1,9,P04
1,196,27,824,1,9,1,9,P04
1,197,63,861,1,13,1,9,P04
1,198,15,497,1,9,1,9,P04
1,199,27,763,1,7,1,9,P04
1,200,13,403,1,8,1,9,P04
1,201,48,790,1,5,1,9,P04
1,202,27,655,1,11,1,9,P04
1,203,47,636,1,13,1,9,P04
1,204,19,423,1,5,1,9,P04
1,205,14,684,1,15,1,9,P04
1,206,21,868,1,13,1,9,P04
1,207,24,887,1,7,1,9,P04
1,208,48,736,1,7,1,9,P04
1,209,17,693,1,9,1,9,P04
1,210,23,637,1,9,1,9,P04
1,211,27,661,1,8,1,9,P04
1,212,19,507,1,13,1,9,P04
1,213,18,676,1,6,1,9,P04
1,214,13,557,1,9,1,9,P04
1,215,29,709,1,4,1,9,P04
1,216,17,567,1,9,1,9,P04
1,217,43,863,1,8,1,9,P04
1,218,28,572,1,13,1,9,P04
1,219,53,874,1,7,1,9,P04
1,220,19,749,1,9,1,9,P04
1,221,45,834,1,5,1,9,P04
1,222,35,955,1,11,1,9,P04
1,223,30,820,1,7,1,9,P04
1,224,22,491,1,4,1,9,P04
1,225,19,953,1,12,1,9,P04
1,226,23,844,1,10,1,9,P04
1,227,28,564,1,11,1,9,P04
1,228,11,401,1,6,1,9,P04
1,229,25,813,1,8,1,9,P04
1,230,27,837,1,8,1,9,P04
1,231,20,949,1,8,1,9,P04
1,232,16,493,1,6,1,9,P04
1,233,37,745,1,9,1,9,P04
1,234,19,723,1,11,1,9,P04
1,235,17,583,1,10,1,9,P04
1,236,24,563,1,7,1,9,P04
1,237,30,791,1,8,1,9,P04
1,238,11,515,1,3,1,9,P04
1,239,37,862,1,5,1,9,P04
1,240,21,852,1,14,1,9,P04
1,241,18,860,1,15,1,9,P04
1,242,40,632,1,9,1,9,P04
1,243,15,657,1,12,1,9,P04
1,244,12,742,1,9,1,9,P04
1,245,27,909,1,4,1,9,P04
1,246,27,524,1,2,1,9,P04
1,247,15,735,1,10,1,9,P04
1,248,39,503,1,7,1,9,P04
1,249,20,931,1,6,1,9,P04
1,250,13,583,1,5,1,9,P04
1,251,14,823,1,4,1,9,P04
1,252,28,810,1,8,1,9,P04
1,253,18,877,1,11,1,9,P04
1,254,11,393,1,9,1,9,P04
1,255,34,797,1,10,1,9,P04
1,256,30,757,1,15,1,9,P04
1,257,26,826,1,8,1,9,P04
1,258,37,809,1,10,1,9,P04
1,259,42,887,1,7,1,9,P04
1,260,51,934,1,7,1,9,P04
1,261,13,440,1,8,1,9,P04
1,262,19,663,1,5,1,9,P04
1,263,11,478,1,6,1,9,P04
1,264,15,612,1,8,1,9,P04
1,265,14,430,1,6,1,9,P04
1,266,33,948,1,5,1,9,P04
1,267,14,532,1,11,1,9,P04
1,268,12,475,1,9,1,9,P04
1,269,16,413,1,8,1,9,P04
1,270,49,818,1,7,1,9,P04
1,271,24,761,1,7,1,9,P04
1,272,30,405,1,11,1,9,P04
1,273,23,713,1,7,1,9,P04
1,274,11,431,1,7,1,9,P04
1,275,14,457,1,12,1,9,P04
1,276,33,730,1,7,1,9,P04
1,277,32,387,1,6,1,9,P04
1,278,20,827,1,11,1,9,P04
1,279,24,644,1,11,1,9,P04
1,280,39,901,1,11,1,9,P04
1,281,23,706,1,7,1,9,P04
1,282,31,881,1,7,1,9,P04
1,283,15,415,1,12,1,9,P04
1,284,17,472,1,9,1,9,P04
1,285,18,652,1,7,1,9,P04
1,286,41,938,1,5,1,9,P04
1,287,19,604,1,8,1,9,P04
1,288,17,769,1,7,1,9,P04
1,289,14,521,1,5,1,9,P04
1,290,25,782,1,10,1,9,P04
1,291,41,888,1,6,1,9,P04
1,292,27,695,1,10,1,9,P04
1,293,26,801,1,7,1,9,P04
1,294,16,636,1,10,1,9,P04
1,295,34,854,1,9,1,9,P04
1,296,44,790,1,10,1,9,P04
1,297,11,685,1,6,1,9,P04
1,298,19,621,1,9,1,9,P04
1,299,17,863,1,7,1,9,P04
1,300,24,917,1,6,1,9,P04
1,301,16,630,1,7,1,9,P04
1,302,15,501,1,10,1,9,P04
1,303,15,473,1,8,1,9,P04
1,304,17,700,1,9,1,9,P04
1,305,25,874,1,9,1,9,P04
1,306,21,916,1,2,1,9,P04
1,307,11,572,1,13,1,9,P04
1,308,11,475,1,13,1,9,P04
1,309,40,861,1,7,1,9,P04
1,310,40,905,1,8,1,9,P04
1,311,29,710,1,11,1,9,P04
1,312,49,776,1,8,1,9,P04
1,313,16,927,1,8,1,9,P04
1,314,23,605,1,7,1,9,P04
1,315,14,578,1,7,1,9,P04
1,316,14,796,1,5,1,9,P04
1,317,19,839,1,6,1,9,P04
1,318,15,494,1,4,1,9,P04
1,319,26,865,1,4,1,9,P04
1,320,13,777,1,7,1,9,P04
1,321,21,507,1,4,1,9,P04
1,322,21,422,1,14,1,9,P04
1,323,48,945,1,16,1,9,P04
1,324,30,867,1,8,1,9,P04
1,325,18,501,1,9,1,9,P04
1,326,19,966,1,10,1,9,P04
1,327,20,910,1,14,1,9,P04
1,328,13,688,1,5,1,9,P04
1,329,48,687,1,5,1,9,P04
1,330,22,891,1,7,1,9,P04
1,331,28,675,1,11,1,9,P04
1,332,14,631,1,9,1,9,P04
1,333,23,763,1,11,1,9,P04
1,334,56,740,1,5,1,9,P04
1,335,28,893,1,10,1,9,P04
1,336,19,802,1,5,1,9,P04
1,337,23,446,1,6,1,9,P04
1,338,11,568,1,10,1,9,P04
1,339,14,473,1,11,1,9,P04
1,340,24,685,1,5,1,9,P04
1,341,10,644,1,11,1,9,P04
1,342,27,831,1,8,1,9,P04
1,343,26,794,1,10,1,9,P04
1,344,25,630,1,14,1,9,P04
1,345,42,952,1,10,1,9,P04
1,346,21,483,1,7,1,9,P04
1,347,32,928,1,11,1,9,P04
1,348,21,458,1,10,1,9,P04
1,349,12,471,1,7,1,9,P04
1,350,22,742,1,4,1,9,P04
1,351,28,893,1,4,1,9,P04
1,352,11,457,1,13,1,9,P04
1,353,38,891,1,8,1,9,P04
1,354,27,556,1,6,1,9,P04
1,355,29,945,1,7,1,9,P04
1,356,20,575,1,12,1,9,P04
1,357,31,733,1,4,1,9,P04
1,358,23,403,1,10,1,9,P04
1,359,31,526,1,6,1,9,P04
1,360,43,573,1,10,1,9,P04
1,361,22,875,1,6,1,9,P04
1,362,31,931,1,8,1,9,P04
1,363,17,534,1,8,1,9,P04
1,364,13,627,1,13,1,9,P04
1,365,28,918,1,8,1,9,P04
1,366,52,879,1,11,1,9,P04
1,367,15,517,1,7,1,9,P04
1,368,48,865,1,6,1,9,P04
1,369,14,572,1,10,1,9,P04
1,370,16,906,1,13,1,9,P04
1,371,33,875,1,10,1,9,P04
1,372,15,614,1,4,1,9,P04
1,373,21,533,1,10,1,9,P04
1,374,24,677,1,6,1,9,P04
1,375,20,791,1,16,1,9,P04
1,376,17,808,1,13,1,9,P04
1,377,12,718,1,5,1,9,P04
1,378,35,935,1,11,1,9,P04
1,379,11,549,1,9,1,9,P04
1,380,36,955,1,9,1,9,P04
1,381,14,721,1,4,1,9,P04
1,382,33,861,1,6,1,9,P04
1,383,13,395,1,7,1,9,P04
1,384,10,464,1,7,1,9,P04
1,385,24,427,1,7,1,9,P04
1,386,12,640,1,7,1,9,P04
1,387,25,726,1,8,1,9,P04
1,388,20,894,1,10,1,9,P04
1,389,14,640,1,10,1,9,P04
1,390,28,784,1,10,1,9,P04
1,391,19,497,1,14,1,9,P04
1,392,22,476,1,6,1,9,P04
1,393,27,423,1,7,1,9,P04
1,394,23,509,1,4,1,9,P04
1,395,13,485,1,7,1,9,P04
1,396,22,543,1,8,1,9,P04
1,397,17,738,1,9,1,9,P04
1,398,19,803,1,3,1,9,P04
1,399,35,897,1,11,1,9,P04
1,400,22,668,1,11,1,9,P04
1,401,22,633,1,9,1,9,P04
1,402,26,703,1,8,1,9,P04
1,403,26,531,1,12,1,9,P04
1,404,31,712,1,5,1,9,P04
1,405,10,617,1,12,1,9,P04
1,406,35,679,1,9,1,9,P04
1,407,27,554,1,5,1,9,P04
1,408,38,764,1,4,1,9,P04
1,409,30,873,1,6,1,9,P04
1,410,16,458,1,6,1,9,P04
1,411,12,806,1,9,1,9,P04
1,412,20,807,1,4,1,9,P04
1,413,11,430,1,6,1,9,P04
1,414,32,721,1,7,1,9,P04
1,415,37,729,1,12,1,9,P04
1,416,10,428,1,9,1,9,P04
1,417,28,596,1,9,1,9,P04
1,418,19,678,1,11,1,9,P04
1,419,14,604,1,9,1,9,P04
1,420,23,497,1,11,1,9,P04
1,421,16,636,1,9,1,9,P04
1,422,13,393,1,9,1,9,P04
1,423,25,919,1,11,1,9,P04
1,424,11,435,1,11,1,9,P04
1,425,25,628,1,6,1,9,P04
1,426,17,714,1,10,1,9,P04
1,427,14,471,1,11,1,9,P04
1,428,38,523,1,9,1,9,P04
1,429,17,510,1,9,1,9,P04
1,430,27,861,1,7,1,9,P04
1,431,31,880,1,6,1,9,P04
1,432,18,590,1,9,1,9,P04
1,433,55,871,1,7,1,9,P04
1,434,47,935,1,12,1,9,P04
1,435,16,849,1,4,1,9,P04
1,436,10,542,1,11,1,9,P04
1,437,27,845,1,9,1,9,P04
1,438,22,778,1,9,1,9,P04
1,439,20,769,1,10,1,9,P04
1,440,21,548,1,10,1,9,P04
1,441,40,562,1,6,1,9,P04
1,442,21,773,1,8,1,9,P04
1,443,29,808,1,7,1,9,P04
1,444,29,508,1,15,1,9,P04
1,445,19,485,1,4,1,9,P04
1,446,30,822,1,6,1,9,P04
1,447,30,732,1,4,1,9,P04
1,448,40,904,1,6,1,9,P04
1,449,30,538,1,9,1,9,P04
1,450,49,891,1,11,1,9,P04
1,451,38,896,1,6,1,9,P04
1,452,21,898,1,5,1,9,P04
1,453,29,830,1,11,1,9,P04
1,454,22,531,1,10,1,9,P04
1,455,21,723,1,9,1,9,P04
1,456,29,667,1,3,1,9,P04
1,457,36,913,1,10,1,9,P04
1,458,17,401,1,8,1,9,P04
1,459,18,385,1,6,1,9,P04
1,460,32,883,1,11,1,9,P04
1,461,20,829,1,11,1,9,P04
1,462,22,840,1,8,1,9,P04
1,463,19,453,1,6,1,9,P04
1,464,19,690,1,9,1,9,P04
1,465,13,508,1,3,1,9,P04
1,466,15,593,1,9,1,9,P04
1,467,34,767,1,11,1,9,P04
1,468,49,696,1,6,1,9,P04
1,469,36,943,1,6,1,9,P04
1,470,10,769,1,7,1,9,P04
1,471,15,815,1,5,1,9,P04
1,472,14,490,1,11,1,9,P04
1,473,26,591,1,11,1,9,P04
1,474,18,512,1,7,1,9,P04
1,475,16,865,1,11,1,9,P04
1,476,25,627,1,9,1,9,P04
1,477,41,767,1,12,1,9,P04
1,478,36,697,1,11,1,9,P04
1,479,25,754,1,6,1,9,P04
1,480,13,396,1,10,1,9,P04
1,481,23,441,1,6,1,9,P04
1,482,28,904,1,3,1,9,P04
1,483,14,710,1,4,1,9,P04
1,484,23,633,1,11,1,9,P04
1,485,16,432,1,10,1,9,P04
1,486,11,434,1,5,1,9,P04
1,487,31,750,1,9,1,9,P04
1,488,14,497,1,9,1,9,P04
1,489,32,742,1,11,1,9,P04
1,490,11,593,1,9,1,9,P04
1,491,23,870,1,5,1,9,P04
1,492,16,949,1,11,1,9,P04
1,493,22,883,1,8,1,9,P04
1,494,26,865,1,13,1,9,P04
1,495,22,519,1,8,1,9,P04
1,496,18,853,1,11,1,9,P04
1,497,13,698,1,12,1,9,P04
1,498,28,874,1,15,1,9,P04
1,499,26,790,1,7,1,9,P04
1,500,29,899,1,14,1,9,P04
1,501,18,392,1,6,1,9,P04
1,502,62,812,1,12,1,9,P04
1,503,22,764,1,15,1,9,P04
1,504,11,532,1,8,1,9,P04
1,505,10,406,1,9,1,9,P04
1,506,24,692,1,9,1,9,P04
1,507,15,638,1,16,1,9,P04
1,508,10,520,1,11,1,9,P04
1,509,19,470,1,7,1,9,P04
1,510,12,610,1,5,1,9,P04
1,511,11,407,1,8,1,9,P04
1,512,37,933,1,7,1,9,P04
1,513,41,834,1,18,1,9,P04
1,514,21,659,1,11,1,9,P04
1,515,23,520,1,11,1,9,P04
1,516,16,442,1,11,1,9,P04
1,517,16,549,1,10,1,9,P04
1,518,21,769,1,10,1,9,P04
1,519,18,583,1,8,1,9,P04
1,520,19,546,1,11,1,9,P04
1,521,25,537,1,8,1,9,P04
1,522,17,521,1,3,1,9,P04
1,523,32,763,1,6,1,9,P04
1,524,21,849,1,9,1,9,P04
1,525,15,556,1,8,1,9,P04
1,526,21,568,1,5,1,9,P04
1,527,34,624,1,9,1,9,P04
1,528,23,645,1,8,1,9,P04
1,529,39,826,1,9,1,9,P04
1,530,24,878,1,8,1,9,P04
1,531,19,853,1,9,1,9,P04
1,532,46,809,1,11,1,9,P04
1,533,11,463,1,9,1,9,P04
1,534,28,835,1,7,1,9,P04
1,535,20,711,1,13,1,9,P04
1,536,18,493,1,3,1,9,P04
1,537,17,586,1,7,1,9,P04
1,538,17,689,1,9,1,9,P04
1,539,25,956,1,8,1,9,P04
1,540,57,905,1,2,1,9,P04
1,541,10,399,1,5,1,9,P04
1,542,21,724,1,5,1,9,P04
1,543,14,497,1,10,1,9,P04
1,544,39,943,1,7,1,9,P04
1,545,17,829,1,7,1,9,P04
1,546,17,510,1,8,1,9,P04
1,547,15,477,1,8,1,9,P04
1,548,46,926,1,8,1,9,P04
1,549,24,565,1,5,1,9,P04
1,550,45,948,1,3,1,9,P04
1,551,22,743,1,8,1,9,P04
1,552,20,639,1,10,1,9,P04
1,553,39,946,1,5,1,9,P04
1,554,20,513,1,11,1,9,P04
1,555,17,912,1,12,1,9,P04
1,556,30,673,1,5,1,9,P04
1,557,23,761,1,13,1,9,P04
1,558,14,545,1,6,1,9,P04
1,559,33,684,1,10,1,9,P04
1,560,50,806,1,12,1,9,P04
1,561,17,735,1,5,1,9,P04
1,562,44,844,1,9,1,9,P04
1,563,15,571,1,10,1,9,P04
1,564,12,712,1,10,1,9,P04
1,565,43,787,1,13,1,9,P04
1,566,14,399,1,9,1,9,P04
1,567,11,724,1,8,1,9,P04
1,568,16,712,1,10,1,9,P04
1,569,19,795,1,8,1,9,P04
1,570,15,531,1,4,1,9,P04
1,571,49,922,1,11,1,9,P04
1,572,14,386,1,8,1,9,P04
1,573,22,564,1,4,1,9,P04
1,574,40,899,1,5,1,9,P04
1,575,36,623,1,3,1,9,P04
1,576,10,463,1,18,1,9,P04
1,577,32,571,1,10,1,9,P04
1,578,31,888,1,9,1,9,P04
1,579,25,849,1,8,1,9,P04
1,580,23,973,1,9,1,9,P04
1,581,33,758,1,7,1,9,P04
1,582,12,597,1,8,1,9,P04
1,583,24,965,1,8,1,9,P04
1,584,14,715,1,5,1,9,P04
1,585,34,738,1,4,1,9,P04
1,586,52,864,1,5,1,9,P04
1,587,25,821,1,9,1,9,P04
1,588,17,715,1,12,1,9,P04
1,589,19,700,1,5,1,9,P04
1,590,16,404,1,15,1,9,P04
1,591,18,476,1,6,1,9,P04
1,592,19,483,1,10,1,9,P04
1,593,33,891,1,6,1,9,P04
1,594,29,897,1,7,1,9,P04
1,595,27,449,1,10,1,9,P04
1,596,14,894,1,6,1,9,P04
1,597,44,937,1,5,1,9,P04
1,598,13,840,1,8,1,9,P04
1,599,12,797,1,9,1,9,P04
1,600,14,650,1,10,1,9,P04
1,601,36,955,1,11,1,9,P04
1,602,26,600,1,7,1,9,P04
1,603,25,625,1,8,1,9,P04
1,604,38,795,1,18,1,9,P04
1,605,48,655,1,9,1,9,P04
1,606,36,922,1,6,1,9,P04
1,607,20,800,1,4,1,9,P04
1,608,11,422,1,12,1,9,P04
1,609,23,877,1,5,1,9,P04
1,610,40,818,1,10,1,9,P04
1,611,20,463,1,5,1,9,P04
1,612,34,707,1,6,1,9,P04
1,613,19,866,1,11,1,9,P04
1,614,12,519,1,5,1,9,P04
1,615,18,385,1,12,1,9,P04
1,616,38,945,1,13,1,9,P04
1,617,26,967,1,9,1,9,P04
1,618,38,431,1,8,1,9,P04
1,619,23,912,1,8,1,9,P04
1,620,17,425,1,5,1,9,P04
1,621,22,558,1,8,1,9,P04
1,622,13,524,1,5,1,9,P04
1,623,27,849,1,4,1,9,P04
1,624,29,675,1,11,1,9,P04
1,625,10,395,1,7,1,9,P04
1,626,19,500,1,12,1,9,P04
1,627,17,828,1,8,1,9,P04
1,628,14,823,1,5,1,9,P04
1,629,23,809,1,8,1,9,P04
1,630,11,417,1,8,1,9,P04
1,631,34,736,1,5,1,9,P04
1,632,13,472,1,8,1,9,P04
1,633,28,891,1,8,1,9,P04
1,634,10,399,1,4,1,9,P04
1,635,29,778,1,7,1,9,P04
1,636,10,398,1,6,1,9,P04
1,637,21,405,1,9,1,9,P04
1,638,33,745,1,10,1,9,P04
1,639,36,755,1,12,1,9,P04
1,640,12,478,1,5,1,9,P04
1,641,28,677,1,9,1,9,P04
1,642,16,429,1,7,1,9,P04
1,643,23,676,1,8,1,9,P04
1,644,38,936,1,3,1,9,P04
1,645,14,567,1,9,1,9,P04
1,646,12,588,1,9,1,9,P04
1,647,28,786,1,5,1,9,P04
1,648,11,493,1,6,1,9,P04
1,649,10,590,1,15,1,9,P04
1,650,28,450,1,12,1,9,P04
1,651,36,699,1,9,1,9,P04
1,652,14,431,1,9,1,9,P04
1,653,12,784,1,5,1,9,P04
1,654,21,722,1,10,1,9,P04
1,655,20,456,1,4,1,9,P04
1,656,28,493,1,2,1,9,P04
1,657,28,905,1,7,1,9,P04
1,658,30,370,1,3,1,9,P04
1,659,24,848,1,5,1,9,P04
1,660,18,693,1,11,1,9,P04
1,661,42,779,1,12,1,9,P04
1,662,49,698,1,14,1,9,P04
1,663,32,927,1,11,1,9,P04
1,664,37,873,1,13,1,9,P04
1,665,25,676,1,13,1,9,P04
1,666,10,461,1,9,1,9,P04
1,667,66,558,1,5,1,9,P04
1,668,18,589,1,13,1,9,P04
1,669,35,922,1,5,1,9,P04
1,670,13,862,1,11,1,9,P04
1,671,43,794,1,11,1,9,P04
1,672,44,756,1,9,1,9,P04
1,673,25,811,1,9,1,9,P04
1,674,11,749,1,11,1,9,P04
1,675,21,517,1,13,1,9,P04
1,676,21,611,1,9,1,9,P04
1,677,33,914,1,12,1,9,P04
1,678,11,744,1,11,1,9,P04
1,679,24,780,1,7,1,9,P04
1,680,26,972,1,10,1,9,P04
1,681,34,716,1,9,1,9,P04
1,682,12,436,1,9,1,9,P04
1,683,18,695,1,12,1,9,P04
1,684,35,786,1,14,1,9,P04
1,685,11,393,1,14,1,9,P04
1,686,20,845,1,7,1,9,P04
1,687,37,912,1,16,1,9,P04
1,688,37,498,1,2,1,9,P04
1,689,12,732,1,6,1,9,P04
1,690,18,549,1,11,1,9,P04
1,691,15,865,1,3,1,9,P04
1,692,28,925,1,10,1,9,P04
1,693,17,442,1,9,1,9,P04
1,694,20,615,1,10,1,9,P04
1,695,27,484,1,5,1,9,P04
1,696,24,760,1,8,1,9,P04
1,697,16,531,1,10,1,9,P04
1,698,22,689,1,8,1,9,P04
1,699,21,640,1,6,1,9,P04
1,700,37,860,1,8,1,9,P04
1,701,25,559,1,10,1,9,P04
1,702,23,550,1,12,1,9,P04
1,703,33,952,1,10,1,9,P04
1,704,34,567,1,4,1,9,P04
1,705,21,678,1,9,1,9,P04
1,706,23,902,1,4,1,9,P04
1,707,19,542,1,11,1,9,P04
1,708,22,653,1,10,1,9,P04
1,709,15,397,1,9,1,9,P04
1,710,50,798,1,7,1,9,P04
1,711,40,930,1,6,1,9,P04
1,712,28,797,1,12,1,9,P04
1,713,30,685,1,7,1,9,P04
1,714,16,577,1,9,1,9,P04
1,715,13,540,1,12,1,9,P04
1,716,18,510,1,9,1,9,P04
1,717,10,425,1,6,1,9,P04
1,718,16,461,1,13,1,9,P04
1,719,26,439,1,11,1,9,P04
1,720,25,634,1,5,1,9,P04
1,721,11,503,1,8,1,9,P04
1,722,26,908,1,9,1,9,P04
1,723,26,894,1,8,1,9,P04
1,724,29,701,1,11,1,9,P04
1,725,17,849,1,5,1,9,P04
1,726,21,628,1,7,1,9,P04
1,727,18,464,1,10,1,9,P04
1,728,41,845,1,6,1,9,P04
1,729,33,586,1,8,1,9,P04
1,730,11,548,1,10,1,9,P04
1,731,33,893,1,8,1,9,P04
1,732,19,587,1,11,1,9,P04
1,733,17,450,1,10,1,9,P04
1,734,32,667,1,7,1,9,P04
1,735,18,457,1,12,1,9,P04
1,736,10,467,1,9,1,9,P04
1,737,28,481,1,5,1,9,P04
1,738,38,938,1,10,1,9,P04
1,739,13,433,1,10,1,9,P04
1,740,19,690,1,8,1,9,P04
1,741,21,433,1,10,1,9,P04
1,742,14,868,1,12,1,9,P04
1,743,36,870,1,10,1,9,P04
1,744,23,520,1,9,1,9,P04
1,745,12,437,1,5,1,9,P04
1,746,33,932,1,3,1,9,P04
1,747,25,894,1,12,1,9,P04
1,748,39,889,1,9,1,9,P04
1,749,12,813,1,11,1,9,P04
1,750,16,544,1,5,1,9,P04
1,751,11,470,1,8,1,9,P04
1,752,21,473,1,9,1,9,P04
1,753,29,624,1,9,1,9,P04
1,754,38,696,1,9,1,9,P04
1,755,30,688,1,9,1,9,P04
1,756,24,809,1,5,1,9,P04
1,757,25,918,1,5,1,9,P04
1,758,23,629,1,8,1,9,P04
1,759,31,676,1,12,1,9,P04
1,760,23,679,1,7,1,9,P04
1,761,30,654,1,4,1,9,P04
1,762,36,809,1,12,1,9,P04
1,763,11,596,1,12,1,9,P04
1,764,37,736,1,9,1,9,P04
1,765,29,896,1,7,1,9,P04
1,766,26,738,1,9,1,9,P04
1,767,30,566,1,11,1,9,P04
1,768,33,903,1,11,1,9,P04
1,769,14,503,1,7,1,9,P04
1,770,40,438,1,8,1,9,P04
1,771,20,431,1,7,1,9,P04
1,772,10,429,1,8,1,9,P04
1,773,37,894,1,7,1,9,P04
1,774,10,855,1,5,1,9,P04
1,775,26,879,1,8,1,9,P04
1,776,38,830,1,11,1,9,P04
1,777,38,816,1,9,1,9,P04
1,778,11,543,1,3,1,9,P04
1,779,21,742,1,14,1,9,P04
1,780,12,493,1,12,1,9,P04
1,781,33,579,1,7,1,9,P04
1,782,28,905,1,8,1,9,P04
1,783,31,664,1,21,1,9,P04
1,784,15,451,1,5,1,9,P04
1,785,38,919,1,6,1,9,P04
1,786,14,573,1,11,1,9,P04
1,787,36,743,1,8,1,9,P04
1,788,16,558,1,7,1,9,P04
1,789,24,856,1,5,1,9,P04
1,790,12,814,1,14,1,9,P04
1,791,21,825,1,7,1,9,P04
1,792,24,716,1,4,1,9,P04
1,793,38,721,1,6,1,9,P04
1,794,30,731,1,5,1,9,P04
1,795,30,572,1,5,1,9,P04
1,796,20,928,1,9,1,9,P04
1,797,12,461,1,15,1,9,P04
1,798,25,809,1,8,1,9,P04
1,799,11,433,1,9,1,9,P04
1,800,12,523,1,17,1,9,P04
1,801,18,464,1,6,1,9,P04
1,802,12,454,1,12,1,9,P04
1,803,18,514,1,6,1,9,P04
1,804,38,928,1,10,1,9,P04
1,805,14,550,1,6,1,9,P04
1,806,37,748,1,7,1,9,P04
1,807,36,954,1,8,1,9,P04
1,808,41,703,1,5,1,9,P04
1,809,20,574,1,13,1,9,P04
1,810,22,699,1,9,1,9,P04
1,811,18,548,1,13,1,9,P04
1,812,17,796,1,11,1,9,P04
1,813,23,839,1,4,1,9,P04
1,814,27,715,1,10,1,9,P04
1,815,13,641,1,7,1,9,P04
1,816,11,390,1,7,1,9,P04
1,817,23,695,1,10,1,9,P04
1,818,29,632,1,8,1,9,P04
1,819,36,816,1,6,1,9,P04
1,820,13,425,1,7,1,9,P04
1,821,24,892,1,11,1,9,P04
1,822,10,455,1,6,1,9,P04
1,823,33,555,1,13,1,9,P04
1,824,11,449,1,8,1,9,P04
1,825,14,440,1,12,1,9,P04
1,826,17,494,1,7,1,9,P04
1,827,26,709,1,5,1,9,P04
1,828,13,736,1,9,1,9,P04
1,829,17,664,1,14,1,9,P04
1,830,22,775,1,8,1,9,P04
1,831,11,567,1,12,1,9,P04
1,832,41,877,1,12,1,9,P04
1,833,18,627,1,8,1,9,P04
1,834,12,617,1,6,1,9,P04
1,835,25,570,1,7,1,9,P04
1,836,42,665,1,7,1,9,P04
1,837,12,418,1,10,1,9,P04
1,838,16,622,1,10,1,9,P04
1,839,11,463,1,8,1,9,P04
1,840,14,800,1,7,1,9,P04
1,841,19,724,1,11,1,9,P04
1,842,14,735,1,4,1,9,P04
1,843,25,682,1,10,1,9,P04
1,844,19,653,1,10,1,9,P04
1,845,47,799,1,11,1,9,P04
1,846,18,632,1,6,1,9,P04
1,847,26,937,1,7,1,9,P04
1,848,20,807,1,10,1,9,P04
1,849,11,418,1,10,1,9,P04
1,850,21,655,1,10,1,9,P04
1,851,26,836,1,9,1,9,P04
1,852,10,633,1,4,1,9,P04
1,853,29,550,2,10,1,9,P04
1,854,27,419,1,8,1,9,P04
1,855,11,848,1,9,1,9,P04
1,856,14,520,1,4,1,9,P04
1,857,14,504,1,10,1,9,P04
1,858,10,409,1,9,1,9,P04
1,859,25,733,1,11,1,9,P04
1,860,31,643,1,10,1,9,P04
1,861,15,615,1,17,1,9,P04
1,862,24,742,1,7,1,9,P04
1,863,36,868,1,7,1,9,P04
1,864,14,733,1,10,1,9,P04
1,865,15,920,1,9,1,9,P04
1,866,27,721,1,12,1,9,P04
1,867,13,407,1,7,1,9,P04
1,868,20,520,1,8,1,9,P04
1,869,12,402,1,5,1,9,P04
1,870,13,399,1,14,1,9,P04
1,871,10,592,1,5,1,9,P04
1,872,12,605,1,8,1,9,P04
1,873,19,390,1,6,1,9,P04
1,874,14,394,1,7,1,9,P04
1,875,17,494,1,6,1,9,P04
1,876,17,689,1,8,1,9,P04
1,877,48,937,1,7,1,9,P04
1,878,31,786,1,2,1,9,P04
1,879,19,692,1,5,1,9,P04
1,880,20,632,1,4,1,9,P04
1,881,33,455,1,8,1,9,P04
1,882,20,501,1,9,1,9,P04
1,883,10,455,1,6,1,9,P04
1,884,25,914,1,8,1,9,P04
1,885,17,580,1,7,1,9,P04
1,886,27,617,1,14,1,9,P04
1,887,35,833,1,11,1,9,P04
1,888,28,898,1,9,1,9,P04
1,889,33,776,1,5,1,9,P04
1,890,34,912,1,9,1,9,P04
1,891,12,469,1,6,1,9,P04
1,892,17,574,1,8,1,9,P04
1,893,16,543,1,12,1,9,P04
1,894,14,709,1,10,1,9,P04
1,895,12,468,1,11,1,9,P04
1,896,11,480,1,6,1,9,P04
1,897,42,823,1,12,1,9,P04
1,898,23,890,1,6,1,9,P04
1,899,16,476,1,4,1,9,P04
1,900,11,625,1,9,1,9,P04
1,901,24,589,1,6,1,9,P04
1,902,19,576,1,14,1,9,P04
1,903,17,661,1,10,1,9,P04
1,904,19,552,1,7,1,9,P04
1,905,12,498,1,10,1,9,P04
1,906,11,613,1,6,1,9,P04
1,907,17,703,1,7,1,9,P04
1,908,30,784,1,6,1,9,P04
1,909,18,575,1,12,1,9,P04
1,910,17,477,1,10,1,9,P04
1,911,16,561,1,9,1,9,P04
1,912,60,884,1,11,1,9,P04
1,913,21,712,1,9,1,9,P04
1,914,20,793,1,6,1,9,P04
1,915,27,421,1,6,1,9,P04
1,916,26,570,1,6,1,9,P04
1,917,17,603,1,11,1,9,P04
1,918,16,394,1,8,1,9,P04
1,919,32,736,1,7,1,9,P04
1,920,17,598,1,8,1,9,P04
1,921,34,766,1,4,1,9,P04
1,922,23,660,1,12,1,9,P04
1,923,55,906,1,7,1,9,P04
1,924,25,534,1,10,1,9,P04
1,925,36,906,1,3,1,9,P04
1,926,21,777,1,8,1,9,P04
1,927,32,513,1,5,1,9,P04
1,928,13,548,1,6,1,9,P04
1,929,14,442,1,5,1,9,P04
1,930,21,757,1,9,1,9,P04
1,931,11,405,1,10,1,9,P04
1,932,55,816,1,7,1,9,P04
1,933,46,754,1,10,1,9,P04
1,934,21,721,1,8,1,9,P04
1,935,24,806,1,6,1,9,P04
1,936,24,703,1,8,1,9,P04
1,937,62,811,1,12,1,9,P04
1,938,37,797,1,10,1,9,P04
1,939,30,847,1,6,1,9,P04
1,940,15,588,1,12,1,9,P04
1,941,18,619,1,17,1,9,P04
1,942,25,561,1,10,1,9,P04
1,943,17,625,1,8,1,9,P04
1,944,12,394,1,6,1,9,P04
1,945,29,870,1,8,1,9,P04
1,946,17,725,1,5,1,9,P04
1,947,45,653,1,7,1,9,P04
1,948,14,654,1,9,1,9,P04
1,949,33,817,1,8,1,9,P04
1,950,21,812,1,6,1,9,P04
1,951,36,868,1,7,1,9,P04
1,952,27,815,1,10,1,9,P04
1,953,22,485,1,4,1,9,P04
1,954,68,832,1,7,1,9,P04
1,955,41,885,1,7,1,9,P04
1,956,49,556,1,8,1,9,P04
1,957,29,645,1,7,1,9,P04
1,958,14,483,1,10,1,9,P04
1,959,13,657,1,9,1,9,P04
1,960,22,565,1,9,1,9,P04
1,961,26,691,1,8,1,9,P04
1,962,15,549,1,13,1,9,P04
1,963,19,865,1,15,1,9,P04
1,964,33,579,1,10,1,9,P04
1,965,15,776,1,7,1,9,P04
1,966,10,523,1,10,1,9,P04
1,967,27,651,1,15,1,9,P04
1,968,25,564,1,9,1,9,P04
1,969,36,805,1,11,1,9,P04
1,970,20,847,1,10,1,9,P04
1,971,14,624,1,7,1,9,P04
1,972,18,580,1,10,1,9,P04
1,973,26,475,1,11,1,9,P04
1,974,31,559,1,7,1,9,P04
1,975,16,657,1,14,1,9,P04
1,976,47,826,1,7,1,9,P04
1,977,17,428,1,15,1,9,P04
1,978,26,544,1,9,1,9,P04
1,979,11,404,1,7,1,9,P04
1,980,30,717,1,13,1,9,P04
1,981,35,860,1,8,1,9,P04
1,982,33,865,1,9,1,9,P04
1,983,20,962,1,5,1,9,P04
1,984,21,910,1,7,1,9,P04
1,985,19,714,1,5,1,9,P04
1,986,32,763,1,6,1,9,P04
1,987,18,495,1,13,1,9,P04
1,988,14,527,1,15,1,9,P04
1,989,40,956,1,12,1,9,P04
1,990,17,603,1,11,1,9,P04
1,991,25,599,1,8,1,9,P04
1,992,12,403,1,6,1,9,P04
1,993,30,908,1,8,1,9,P04
1,994,19,645,1,8,1,9,P04
1,995,37,766,1,4,1,9,P04
1,996,27,951,1,4,1,9,P04
1,997,29,828,1,6,1,9,P04
1,998,42,778,1,9,1,9,P04
1,999,19,727,1,4,1,9,P04
1,1000,46,888,1,6,1,9,P04
2,1,50,807,1,1,1,3,P04
2,2,46,847,1,4,1,3,P04
2,3,62,614,1,1,1,3,P04
2,4,19,471,1,1,1,3,P04
2,5,50,931,1,4,1,3,P04
2,6,30,783,1,1,1,3,P04
2,7,41,601,1,4,1,3,P04
2,8,16,607,1,2,1,3,P04
2,9,19,526,1,2,1,3,P04
2,10,64,716,1,1,1,3,P04
2,11,28,535,1,2,1,3,P04
2,12,43,865,1,1,1,3,P04
2,13,28,433,1,4,1,3,P04
2,14,38,573,2,7,1,3,P04
2,15,23,685,1,5,1,3,P04
2,16,23,381,1,3,1,3,P04
2,17,11,746,1,3,1,3,P04
2,18,31,418,1,9,1,3,P04
2,19,59,915,1,4,1,3,P04
2,20,51,752,1,1,1,3,P04
2,21,29,445,1,1,1,3,P04
2,22,41,888,1,2,1,3,P04
2,23,19,517,1,1,1,3,P04
2,24,30,407,1,1,1,3,P04
2,25,20,417,1,4,1,3,P04
2,26,79,655,1,1,1,3,P04
2,27,45,895,1,3,1,3,P04
2,28,52,580,1,3,1,3,P04
2,29,17,456,1,3,1,3,P04
2,30,53,577,1,2,1,3,P04
2,31,58,932,1,2,1,3,P04
2,32,46,465,1,4,1,3,P04
2,33,38,666,1,1,1,3,P04
2,34,30,426,1,3,1,3,P04
2,35,39,876,1,7,1,3,P04
2,36,21,452,1,4,1,3,P04
2,37,38,543,1,2,1,3,P04
2,38,19,644,1,4,1,3,P04
2,39,52,579,1,1,1,3,P04
2,40,34,518,1,3,1,3,P04
2,41,46,765,1,4,1,3,P04
2,42,66,909,1,4,1,3,P04
2,43,35,596,1,4,1,3,P04
2,44,43,747,1,2,1,3,P04
2,45,28,537,1,2,1,3,P04
2,46,33,698,1,2,1,3,P04
2,47,63,829,1,3,1,3,P04
2,48,63,611,1,5,1,3,P04
2,49,59,768,1,4,1,3,P04
2,50,35,722,1,3,1,3,P04
2,51,22,400,1,2,1,3,P04
2,52,63,895,1,2,1,3,P04
2,53,21,571,1,4,1,3,P04
2,54,41,557,1,4,1,3,P04
2,55,32,519,1,3,1,3,P04
2,56,59,845,1,3,1,3,P04
2,57,45,797,1,2,1,3,P04
2,58,48,882,1,1,1,3,P04
2,59,73,899,1,4,1,3,P04
2,60,46,562,1,2,1,3,P04
2,61,118,843,1,3,1,3,P04
2,62,28,647,1,1,1,3,P04
2,63,67,826,1,5,1,3,P04
2,64,72,846,1,1,1,3,P04
2,65,37,563,1,2,1,3,P04
2,66,52,802,1,2,1,3,P04
2,67,14,481,1,5,1,3,P04
2,68,52,921,1,2,1,3,P04
2,69,45,465,1,2,1,3,P04
2,70,54,911,1,3,1,3,P04
2,71,58,828,1,3,1,3,P04
2,72,51,534,1,1,1,3,P04
2,73,45,718,1,2,1,3,P04
2,74,41,620,1,2,1,3,P04
2,75,90,798,1,2,1,3,P04
2,76,20,598,1,4,1,3,P04
2,77,22,633,1,2,1,3,P04
2,78,78,882,1,2,1,3,P04
2,79,78,856,1,2,1,3,P04
2,80,10,562,1,1,1,3,P04
2,81,37,803,1,2,1,3,P04
2,82,27,486,1,4,1,3,P04
2,83,28,630,1,2,1,3,P04
2,84,21,676,1,3,1,3,P04
2,85,29,898,1,2,1,3,P04
2,86,40,652,1,2,1,3,P04
2,87,25,421,1,3,1,3,P04
2,88,61,469,1,3,1,3,P04
2,89,35,410,1,3,1,3,P04
2,90,24,886,1,1,1,3,P04
2,91,38,473,1,5,1,3,P04
2,92,48,606,1,2,1,3,P04
2,93,34,878,1,3,1,3,P04
2,94,75,869,1,3,1,3,P04
2,95,48,727,1,2,1,3,P04
2,96,31,437,1,5,1,3,P04
2,97,29,709,1,2,1,3,P04
2,98,52,633,1,3,1,3,P04
2,99,36,655,1,3,1,3,P04
2,100,10,502,1,3,1,3,P04
2,101,29,778,1,3,1,3,P04
2,102,28,467,1,5,1,3,P04
2,103,20,640,1,3,1,3,P04
2,104,47,698,1,3,1,3,P04
2,105,45,574,1,4,1,3,P04
2,106,28,479,1,4,1,3,P04
2,107,23,378,1,1,1,3,P04
2,108,56,734,1,2,1,3,P04
2,109,18,505,1,3,1,3,P04
2,110,35,914,1,3,1,3,P04
2,111,22,381,1,2,1,3,P04
2,112,40,513,1,1,1,3,P04
2,113,53,560,1,3,1,3,P04
2,114,54,746,1,3,1,3,P04
2,115,77,920,1,5,1,3,P04
2,116,63,786,1,6,1,3,P04
2,117,66,837,1,1,1,3,P04
2,118,49,615,1,1,1,3,P04
2,119,34,941,1,3,1,3,P04
2,120,31,778,1,3,1,3,P04
2,121,69,719,1,1,1,3,P04
2,122,62,917,1,2,1,3,P04
2,123,62,669,1,4,1,3,P04
2,124,21,549,1,2,1,3,P04
2,125,63,561,1,2,1,3,P04
2,126,37,572,1,3,1,3,P04
2,127,29,385,1,1,1,3,P04
2,128,42,924,1,4,1,3,P04
2,129,38,642,1,6,1,3,P04
2,130,15,511,1,4,1,3,P04
2,131,45,359,1,4,1,3,P04
2,132,27,574,1,1,1,3,P04
2,133,37,842,1,2,1,3,P04
2,134,56,915,1,6,1,3,P04
2,135,16,471,1,6,1,3,P04
2,136,47,874,1,2,1,3,P04
2,137,72,856,1,2,1,3,P04
2,138,31,443,1,1,1,3,P04
2,139,35,664,1,3,1,3,P04
2,140,54,900,1,4,1,3,P04
2,141,52,590,1,1,1,3,P04
2,142,38,610,1,4,1,3,P04
2,143,60,731,1,2,1,3,P04
2,144,56,856,1,4,1,3,P04
2,145,91,859,1,1,1,3,P04
2,146,44,799,1,6,1,3,P04
2,147,90,768,1,2,1,3,P04
2,148,39,484,1,3,1,3,P04
2,149,22,559,1,3,1,3,P04
2,150,27,867,1,5,1,3,P04
2,151,57,913,1,1,1,3,P04
2,152,32,663,1,2,1,3,P04
2,153,46,921,1,4,1,3,P04
2,154,33,447,1,3,1,3,P04
2,155,55,920,1,2,1,3,P04
2,156,42,787,1,5,1,3,P04
2,157,18,400,1,5,1,3,P04
2,158,36,718,1,4,1,3,P04
2,159,27,465,1,1,1,3,P04
2,160,14,412,1,2,1,3,P04
2,161,32,613,1,2,1,3,P04
2,162,52,590,1,5,1,3,P04
2,163,61,804,1,6,1,3,P04
2,164,53,786,1,1,1,3,P04
2,165,10,459,1,1,1,3,P04
2,166,12,461,1,2,1,3,P04
2,167,47,939,1,3,1,3,P04
2,168,28,816,1,4,1,3,P04
2,169,43,880,1,1,1,3,P04
2,170,33,418,1,5,1,3,P04
2,171,26,737,1,4,1,3,P04
2,172,32,672,1,3,1,3,P04
2,173,27,530,1,3,1,3,P04
2,174,29,857,1,2,1,3,P04
2,175,30,600,1,3,1,3,P04
2,176,38,643,1,5,1,3,P04
2,177,82,857,1,3,1,3,P04
2,178,77,671,1,1,1,3,P04
2,179,17,515,1,4,1,3,P04
2,180,14,388,1,2,1,3,P04
2,181,53,931,1,2,1,3,P04
2,182,49,629,1,3,1,3,P04
2,183,34,601,1,3,1,3,P04
2,184,19,404,1,2,1,3,P04
2,185,23,595,1,2,1,3,P04
2,186,34,911,1,3,1,3,P04
2,187,33,718,1,3,1,3,P04
2,188,14,447,1,5,1,3,P04
2,189,87,712,1,3,1,3,P04
2,190,34,735,1,3,1,3,P04
2,191,42,631,1,2,1,3,P04
2,192,48,533,1,3,1,3,P04
2,193,41,447,1,1,1,3,P04
2,194,14,444,1,2,1,3,P04
2,195,22,510,1,1,1,3,P04
2,196,29,431,1,2,1,3,P04
2,197,73,875,1,2,1,3,P04
2,198,49,765,1,1,1,3,P04
2,199,13,533,1,2,1,3,P04
2,200,41,492,1,3,1,3,P04
2,201,54,689,1,2,1,3,P04
2,202,52,896,1,1,1,3,P04
2,203,11,460,1,2,1,3,P04
2,204,50,559,1,4,1,3,P04
2,205,37,848,1,2,1,3,P04
2,206,44,924,1,2,1,3,P04
2,207,29,587,1,3,1,3,P04
2,208,36,873,1,1,1,3,P04
2,209,46,896,1,4,1,3,P04
2,210,70,920,1,1,1,3,P04
2,211,41,708,1,2,1,3,P04
2,212,46,442,1,1,1,3,P04
2,213,33,458,1,4,1,3,P04
2,214,25,401,1,2,1,3,P04
2,215,33,932,1,3,1,3,P04
2,216,37,890,1,1,1,3,P04
2,217,34,793,1,6,1,3,P04
2,218,25,392,1,2,1,3,P04
2,219,40,821,1,4,1,3,P04
2,220,48,893,1,1,1,3,P04
2,221,68,841,1,2,1,3,P04
2,222,40,458,1,4,1,3,P04
2,223,28,628,1,3,1,3,P04
2,224,36,541,1,2,1,3,P04
2,225,42,817,1,3,1,3,P04
2,226,63,834,1,3,1,3,P04
2,227,24,858,1,6,1,3,P04
2,228,38,501,1,1,1,3,P04
2,229,34,841,1,5,1,3,P04
2,230,44,803,1,3,1,3,P04
2,231,32,708,1,3,1,3,P04
2,232,23,544,1,2,1,3,P04
2,233,45,613,1,6,1,3,P04
2,234,30,634,1,1,1,3,P04
2,235,23,611,1,3,1,3,P04
2,236,58,557,1,6,1,3,P04
2,237,12,458,1,6,1,3,P04
2,238,85,810,1,3,1,3,P04
2,239,45,751,1,3,1,3,P04
2,240,16,681,1,1,1,3,P04
2,241,62,802,1,1,1,3,P04
2,242,40,496,1,1,1,3,P04
2,243,38,574,1,4,1,3,P04
2,244,79,717,1,1,1,3,P04
2,245,45,540,1,1,1,3,P04
2,246,45,923,1,1,1,3,P04
2,247,55,728,1,1,1,3,P04
2,248,39,468,1,2,1,3,P04
2,249,42,743,1,2,1,3,P04
2,250,11,550,1,1,1,3,P04
2,251,31,386,1,1,1,3,P04
2,252,29,725,2,2,1,3,P04
2,253,112,716,1,3,1,3,P04
2,254,33,441,1,4,1,3,P04
2,255,34,467,1,3,1,3,P04
2,256,41,389,1,2,1,3,P04
2,257,30,565,1,1,1,3,P04
2,258,33,426,1,2,1,3,P04
2,259,46,406,1,4,1,3,P04
2,260,70,820,1,1,1,3,P04
2,261,21,559,1,2,1,3,P04
2,262,56,580,1,1,1,3,P04
2,263,66,726,1,4,1,3,P04
2,264,25,497,1,1,1,3,P04
2,265,34,769,1,2,1,3,P04
2,266,13,411,1,3,1,3,P04
2,267,29,666,1,6,1,3,P04
2,268,59,773,1,4,1,3,P04
2,269,18,505,1,1,1,3,P04
2,270,27,838,1,2,1,3,P04
2,271,42,957,1,4,1,3,P04
2,272,34,827,1,6,1,3,P04
2,273,23,629,1,1,1,3,P04
2,274,69,648,1,3,1,3,P04
2,275,23,660,1,6,1,3,P04
2,276,43,513,1,1,1,3,P04
2,277,37,619,1,3,1,3,P04
2,278,18,559,1,1,1,3,P04
2,279,101,891,1,4,1,3,P04
2,280,31,497,1,3,1,3,P04
2,281,60,739,1,1,1,3,P04
2,282,31,481,1,1,1,3,P04
2,283,59,932,1,3,1,3,P04
2,284,34,902,1,1,1,3,P04
2,285,23,487,1,5,1,3,P04
2,286,22,389,1,4,1,3,P04
2,287,24,591,1,4,1,3,P04
2,288,50,535,1,6,1,3,P04
2,289,64,719,1,3,1,3,P04
2,290,28,520,1,3,1,3,P04
2,291,18,712,1,5,1,3,P04
2,292,35,749,1,3,1,3,P04
2,293,46,892,1,3,1,3,P04
2,294,43,807,1,7,1,3,P04
2,295,30,812,1,5,1,3,P04
2,296,20,694,1,2,1,3,P04
2,297,79,863,1,2,1,3,P04
2,298,49,754,1,3,1,3,P04
2,299,39,653,1,6,1,3,P04
2,300,28,786,1,3,1,3,P04
2,301,35,441,1,3,1,3,P04
2,302,30,439,1,2,1,3,P04
2,303,27,483,1,2,1,3,P04
2,304,35,680,1,5,1,3,P04
2,305,61,824,1,4,1,3,P04
2,306,43,514,1,1,1,3,P04
2,307,16,411,1,3,1,3,P04
2,308,23,541,1,1,1,3,P04
2,309,24,771,1,2,1,3,P04
2,310,26,375,1,1,1,3,P04
2,311,35,688,1,5,1,3,P04
2,312,23,445,1,2,1,3,P04
2,313,37,864,1,1,1,3,P04
2,314,35,566,1,1,1,3,P04
2,315,61,829,1,4,1,3,P04
2,316,41,776,1,4,1,3,P04
2,317,31,891,1,1,1,3,P04
2,318,32,908,1,2,1,3,P04
2,319,30,746,1,4,1,3,P04
2,320,23,506,1,5,1,3,P04
2,321,25,380,1,3,1,3,P04
2,322,51,746,1,2,1,3,P04
2,323,47,737,1,3,1,3,P04
2,324,44,730,1,1,1,3,P04
2,325,27,798,1,2,1,3,P04
2,326,65,870,1,8,1,3,P04
2,327,34,551,1,2,1,3,P04
2,328,66,769,1,1,1,3,P04
2,329,62,906,1,3,1,3,P04
2,330,41,501,1,2,1,3,P04
2,331,34,521,1,6,1,3,P04
2,332,20,383,1,5,1,3,P04
2,333,24,427,1,5,1,3,P04
2,334,28,417,1,1,1,3,P04
2,335,18,452,1,5,1,3,P04
2,336,31,669,1,8,1,3,P04
2,337,54,788,1,5,1,3,P04
2,338,48,949,1,5,1,3,P04
2,339,20,418,1,2,1,3,P04
2,340,16,492,1,6,1,3,P04
2,341,19,432,1,1,1,3,P04
2,342,33,565,1,1,1,3,P04
2,343,39,599,1,5,1,3,P04
2,344,19,636,1,2,1,3,P04
2,345,52,802,1,2,1,3,P04
2,346,26,812,1,5,1,3,P04
2,347,35,784,1,2,1,3,P04
2,348,54,934,1,5,1,3,P04
2,349,22,388,1,4,1,3,P04
2,350,41,613,1,6,1,3,P04
2,351,40,550,1,2,1,3,P04
2,352,18,509,1,4,1,3,P04
2,353,28,658,1,3,1,3,P04
2,354,34,489,1,5,1,3,P04
2,355,40,549,1,3,1,3,P04
2,356,46,757,1,4,1,3,P04
2,357,18,410,1,1,1,3,P04
2,358,49,705,1,5,1,3,P04
2,359,46,553,1,4,1,3,P04
2,360,43,886,1,3,1,3,P04
2,361,48,799,1,1,1,3,P04
2,362,57,799,1,7,1,3,P04
2,363,39,641,1,1,1,3,P04
2,364,55,743,1,2,1,3,P04
2,365,56,940,1,4,1,3,P04
2,366,82,772,1,1,1,3,P04
2,367,38,584,1,2,1,3,P04
2,368,36,935,1,4,1,3,P04
2,369,51,948,1,2,1,3,P04
2,370,39,594,1,2,1,3,P04
2,371,12,466,1,2,1,3,P04
2,372,18,423,1,3,1,3,P04
2,373,72,590,1,1,1,3,P04
2,374,34,374,1,2,1,3,P04
2,375,20,587,1,6,1,3,P04
2,376,60,649,1,3,1,3,P04
2,377,22,725,1,5,1,3,P04
2,378,27,626,1,2,1,3,P04
2,379,26,716,1,4,1,3,P04
2,380,44,803,1,3,1,3,P04
2,381,41,597,1,1,1,3,P04
2,382,34,748,1,2,1,3,P04
2,383,33,693,1,4,1,3,P04
2,384,39,896,1,3,1,3,P04
2,385,156,813,1,2,1,3,P04
2,386,84,731,3,1,1,3,P04
2,387,38,855,1,5,1,3,P04
2,388,49,640,1,2,1,3,P04
2,389,28,608,1,5,1,3,P04
2,390,36,568,1,2,1,3,P04
2,391,36,439,1,3,1,3,P04
2,392,39,756,1,4,1,3,P04
2,393,19,508,1,7,1,3,P04
2,394,98,786,1,2,1,3,P04
2,395,44,516,1,5,1,3,P04
2,396,47,849,1,2,1,3,P04
2,397,16,614,1,3,1,3,P04
2,398,41,605,1,2,1,3,P04
2,399,32,538,1,4,1,3,P04
2,400,55,610,1,4,1,3,P04
2,401,51,929,1,3,1,3,P04
2,402,33,593,1,2,1,3,P04
2,403,41,786,1,2,1,3,P04
2,404,18,873,1,1,1,3,P04
2,405,54,880,1,3,1,3,P04
2,406,72,656,1,3,1,3,P04
2,407,39,507,1,2,1,3,P04
2,408,60,734,1,4,1,3,P04
2,409,31,395,1,4,1,3,P04
2,410,29,697,1,1,1,3,P04
2,411,74,672,1,2,1,3,P04
2,412,29,632,1,1,1,3,P04
2,413,30,834,1,6,1,3,P04
2,414,30,441,1,2,1,3,P04
2,415,64,682,1,3,1,3,P04
2,416,62,840,1,1,1,3,P04
2,417,38,548,1,4,1,3,P04
2,418,36,441,1,5,1,3,P04
2,419,61,862,1,5,1,3,P04
2,420,73,777,1,1,1,3,P04
2,421,54,939,1,5,1,3,P04
2,422,39,521,1,2,1,3,P04
2,423,37,486,1,3,1,3,P04
2,424,26,495,1,1,1,3,P04
2,425,41,576,1,1,1,3,P04
2,426,38,916,1,8,1,3,P04
2,427,19,489,1,5,1,3,P04
2,428,48,718,1,2,1,3,P04
2,429,21,680,1,1,1,3,P04
2,430,44,708,1,3,1,3,P04
2,431,59,829,1,5,1,3,P04
2,432,31,749,1,1,1,3,P04
2,433,37,758,1,3,1,3,P04
2,434,17,769,1,4,1,3,P04
2,435,18,558,1,2,1,3,P04
2,436,44,453,1,5,1,3,P04
2,437,31,712,1,3,1,3,P04
2,438,26,484,1,4,1,3,P04
2,439,55,863,1,5,1,3,P04
2,440,54,680,1,1,1,3,P04
2,441,84,839,1,3,1,3,P04
2,442,25,507,1,2,1,3,P04
2,443,27,461,1,1,1,3,P04
2,444,57,867,1,5,1,3,P04
2,445,23,789,1,5,1,3,P04
2,446,29,791,1,3,1,3,P04
2,447,23,541,1,3,1,3,P04
2,448,33,780,1,3,1,3,P04
2,449,68,614,1,4,1,3,P04
2,450,38,901,1,1,1,3,P04
2,451,32,850,1,2,1,3,P04
2,452,56,872,1,3,1,3,P04
2,453,38,920,1,1,1,3,P04
2,454,24,656,1,1,1,3,P04
2,455,41,410,1,2,1,3,P04
2,456,88,815,1,2,1,3,P04
2,457,36,846,1,1,1,3,P04
2,458,54,879,1,3,1,3,P04
2,459,37,929,1,2,1,3,P04
2,460,35,650,1,1,1,3,P04
2,461,44,576,1,5,1,3,P04
2,462,110,681,1,2,1,3,P04
2,463,29,507,1,5,1,3,P04
2,464,47,667,1,2,1,3,P04
2,465,24,544,1,7,1,3,P04
2,466,23,483,1,1,1,3,P04
2,467,17,448,1,3,1,3,P04
2,468,30,612,1,3,1,3,P04
2,469,36,740,1,3,1,3,P04
2,470,19,416,1,5,1,3,P04
2,471,19,621,1,2,1,3,P04
2,472,47,634,1,5,1,3,P04
2,473,21,436,1,1,1,3,P04
2,474,24,571,1,2,1,3,P04
2,475,55,569,1,3,1,3,P04
2,476,20,527,1,4,1,3,P04
2,477,55,563,1,2,1,3,P04
2,478,56,471,1,4,1,3,P04
2,479,27,760,1,5,1,3,P04
2,480,47,736,1,5,1,3,P04
2,481,30,784,1,1,1,3,P04
2,482,26,816,1,2,1,3,P04
2,483,51,876,1,1,1,3,P04
2,484,67,693,1,1,1,3,P04
2,485,37,615,1,1,1,3,P04
2,486,71,768,1,1,1,3,P04
2,487,54,748,1,1,1,3,P04
2,488,43,671,1,2,1,3,P04
2,489,75,920,1,3,1,3,P04
2,490,12,633,1,2,1,3,P04
2,491,38,753,1,6,1,3,P04
2,492,86,624,1,1,1,3,P04
2,493,47,676,1,3,1,3,P04
2,494,40,855,1,4,1,3,P04
2,495,57,936,1,4,1,3,P04
2,496,30,416,1,1,1,3,P04
2,497,57,874,1,1,1,3,P04
2,498,46,754,1,5,1,3,P04
2,499,53,474,1,1,1,3,P04
2,500,97,821,1,2,1,3,P04
2,501,40,824,1,4,1,3,P04
2,502,36,639,1,5,1,3,P04
2,503,32,759,1,4,1,3,P04
2,504,28,472,1,3,1,3,P04
2,505,45,679,1,4,1,3,P04
2,506,31,837,1,1,1,3,P04
2,507,26,458,1,2,1,3,P04
2,508,23,784,1,1,1,3,P04
2,509,51,634,1,2,1,3,P04
2,510,39,632,1,4,1,3,P04
2,511,27,787,1,2,1,3,P04
2,512,22,566,1,3,1,3,P04
2,513,15,385,1,3,1,3,P04
2,514,26,446,1,3,1,3,P04
2,515,42,767,1,1,1,3,P04
2,516,25,560,1,5,1,3,P04
2,517,35,950,1,3,1,3,P04
2,518,15,600,1,1,1,3,P04
2,519,34,382,1,2,1,3,P04
2,520,42,501,1,3,1,3,P04
2,521,37,607,1,4,1,3,P04
2,522,26,622,1,3,1,3,P04
2,523,34,895,1,5,1,3,P04
2,524,29,849,1,4,1,3,P04
2,525,60,835,1,5,1,3,P04
2,526,50,679,1,1,1,3,P04
2,527,43,672,1,1,1,3,P04
2,528,44,921,1,4,1,3,P04
2,529,68,641,1,5,1,3,P04
2,530,26,814,1,4,1,3,P04
2,531,27,550,1,1,1,3,P04
2,532,30,547,1,2,1,3,P04
2,533,17,394,1,3,1,3,P04
2,534,46,383,1,3,1,3,P04
2,535,21,731,1,3,1,3,P04
2,536,36,513,1,4,1,3,P04
2,537,60,709,1,5,1,3,P04
2,538,45,717,1,2,1,3,P04
2,539,25,470,1,5,1,3,P04
2,540,29,716,1,7,1,3,P04
2,541,35,441,1,1,1,3,P04
2,542,37,656,1,6,1,3,P04
2,543,40,515,1,5,1,3,P04
2,544,54,807,1,1,1,3,P04
2,545,20,443,1,3,1,3,P04
2,546,20,543,1,6,1,3,P04
2,547,51,915,1,8,1,3,P04
2,548,26,786,1,2,1,3,P04
2,549,52,881,1,5,1,3,P04
2,550,23,716,1,2,1,3,P04
2,551,37,633,1,1,1,3,P04
2,552,35,441,1,4,1,3,P04
2,553,22,552,1,4,1,3,P04
2,554,48,941,1,1,1,3,P04
2,555,34,437,1,3,1,3,P04
2,556,16,482,1,1,1,3,P04
2,557,43,458,1,3,1,3,P04
2,558,67,868,1,4,1,3,P04
2,559,26,749,1,1,1,3,P04
2,560,34,584,1,4,1,3,P04
2,561,46,774,1,2,1,3,P04
2,562,57,930,1,2,1,3,P04
2,563,57,899,1,5,1,3,P04
2,564,32,450,1,2,1,3,P04
2,565,51,854,1,2,1,3,P04
2,566,31,433,1,4,1,3,P04
2,567,45,947,1,4,1,3,P04
2,568,32,614,1,2,1,3,P04
2,569,53,459,1,3,1,3,P04
2,570,15,417,1,4,1,3,P04
2,571,19,435,1,6,1,3,P04
2,572,35,503,1,6,1,3,P04
2,573,30,544,1,4,1,3,P04
2,574,38,818,1,2,1,3,P04
2,575,93,879,1,1,1,3,P04
2,576,33,470,1,4,1,3,P04
2,577,29,727,1,4,1,3,P04
2,578,23,733,1,5,1,3,P04
2,579,28,921,1,2,1,3,P04
2,580,19,607,1,1,1,3,P04
2,581,44,552,1,4,1,3,P04
2,582,20,677,1,1,1,3,P04
2,583,49,800,1,1,1,3,P04
2,584,24,516,1,4,1,3,P04
2,585,38,434,1,5,1,3,P04
2,586,53,742,1,2,1,3,P04
2,587,51,431,1,2,1,3,P04
2,588,19,453,1,3,1,3,P04
2,589,19,562,1,5,1,3,P04
2,590,63,917,1,3,1,3,P04
2,591,34,665,1,1,1,3,P04
2,592,23,685,1,1,1,3,P04
2,593,38,744,1,2,1,3,P04
2,594,40,943,1,2,1,3,P04
2,595,36,927,1,2,1,3,P04
2,596,74,680,1,3,1,3,P04
2,597,26,603,1,1,1,3,P04
2,598,46,730,1,4,1,3,P04
2,599,47,684,1,1,1,3,P04
2,600,41,863,1,5,1,3,P04
2,601,48,808,1,3,1,3,P04
2,602,41,804,1,3,1,3,P04
2,603,57,818,1,2,1,3,P04
2,604,61,918,1,1,1,3,P04
2,605,107,879,1,5,1,3,P04
2,606,58,772,1,2,1,3,P04
2,607,29,725,1,3,1,3,P04
2,608,16,571,1,8,1,3,P04
2,609,31,462,1,7,1,3,P04
2,610,15,400,1,1,1,3,P04
2,611,36,849,1,2,1,3,P04
2,612,41,678,1,3,1,3,P04
2,613,63,597,1,2,1,3,P04
2,614,73,623,1,3,1,3,P04
2,615,35,708,1,4,1,3,P04
2,616,40,560,1,4,1,3,P04
2,617,32,569,1,6,1,3,P04
2,618,81,708,1,2,1,3,P04
2,619,31,842,1,3,1,3,P04
2,620,47,862,1,5,1,3,P04
2,621,24,528,1,1,1,3,P04
2,622,10,442,1,1,1,3,P04
2,623,42,730,1,2,1,3,P04
2,624,42,664,1,1,1,3,P04
2,625,21,758,1,3,1,3,P04
2,626,22,468,1,7,1,3,P04
2,627,34,747,1,3,1,3,P04
2,628,36,420,1,2,1,3,P04
2,629,54,868,1,6,1,3,P04
2,630,39,863,1,7,1,3,P04
2,631,38,601,1,4,1,3,P04
2,632,36,651,1,2,1,3,P04
2,633,33,483,1,2,1,3,P04
2,634,26,673,1,2,1,3,P04
2,635,44,533,1,1,1,3,P04
2,636,71,814,1,3,1,3,P04
2,637,47,823,1,3,1,3,P04
2,638,58,878,1,5,1,3,P04
2,639,17,414,1,4,1,3,P04
2,640,24,377,1,4,1,3,P04
2,641,42,448,1,1,1,3,P04
2,642,28,687,1,4,1,3,P04
2,643,26,829,1,3,1,3,P04
2,644,38,850,1,2,1,3,P04
2,645,35,761,1,1,1,3,P04
2,646,73,746,1,3,1,3,P04
2,647,20,466,1,1,1,3,P04
2,648,18,722,1,5,1,3,P04
2,649,35,636,1,1,1,3,P04
2,650,39,550,1,1,1,3,P04
2,651,53,656,1,1,1,3,P04
2,652,39,503,1,2,1,3,P04
2,653,25,375,1,4,1,3,P04
2,654,56,612,1,7,1,3,P04
2,655,29,557,1,2,1,3,P04
2,656,52,566,1,4,1,3,P04
2,657,46,892,1,1,1,3,P04
2,658,65,780,1,5,1,3,P04
2,659,47,771,1,2,1,3,P04
2,660,13,488,1,3,1,3,P04
2,661,29,502,1,4,1,3,P04
2,662,48,631,1,1,1,3,P04
2,663,41,826,1,1,1,3,P04
2,664,27,632,1,1,1,3,P04
2,665,71,432,1,2,1,3,P04
2,666,49,821,1,1,1,3,P04
2,667,36,594,1,4,1,3,P04
2,668,44,622,1,4,1,3,P04
2,669,21,467,1,4,1,3,P04
2,670,25,585,1,3,1,3,P04
2,671,27,532,1,3,1,3,P04
2,672,31,710,1,2,1,3,P04
2,673,69,759,1,6,1,3,P04
2,674,23,758,1,2,1,3,P04
2,675,58,442,1,4,1,3,P04
2,676,11,416,1,5,1,3,P04
2,677,72,732,1,5,1,3,P04
2,678,22,619,1,3,1,3,P04
2,679,23,694,1,6,1,3,P04
2,680,69,861,1,2,1,3,P04
2,681,34,808,1,2,1,3,P04
2,682,47,822,1,3,1,3,P04
2,683,56,837,1,2,1,3,P04
2,684,21,433,1,2,1,3,P04
2,685,56,812,1,5,1,3,P04
2,686,27,529,1,1,1,3,P04
2,687,33,590,1,3,1,3,P04
2,688,67,442,1,2,1,3,P04
2,689,26,619,1,3,1,3,P04
2,690,28,851,1,1,1,3,P04
2,691,48,645,1,4,1,3,P04
2,692,13,670,1,2,1,3,P04
2,693,13,399,1,3,1,3,P04
2,694,24,600,1,3,1,3,P04
2,695,32,712,1,2,1,3,P04
2,696,24,483,1,2,1,3,P04
2,697,46,826,1,3,1,3,P04
2,698,18,509,1,1,1,3,P04
2,699,29,450,1,2,1,3,P04
2,700,59,771,1,2,1,3,P04
2,701,41,789,1,5,1,3,P04
2,702,25,426,1,3,1,3,P04
2,703,42,828,1,2,1,3,P04
2,704,15,447,1,6,1,3,P04
2,705,28,639,1,8,1,3,P04
2,706,30,405,1,4,1,3,P04
2,707,47,934,1,5,1,3,P04
2,708,39,637,1,3,1,3,P04
2,709,36,871,1,2,1,3,P04
2,710,36,636,1,3,1,3,P04
2,711,48,681,1,2,1,3,P04
2,712,36,765,1,4,1,3,P04
2,713,19,391,1,4,1,3,P04
2,714,28,446,1,2,1,3,P04
2,715,19,428,1,2,1,3,P04
2,716,19,450,1,3,1,3,P04
2,717,62,773,1,4,1,3,P04
2,718,27,769,1,8,1,3,P04
2,719,36,810,1,5,1,3,P04
2,720,16,563,1,2,1,3,P04
2,721,30,551,1,5,1,3,P04
2,722,54,624,1,6,1,3,P04
2,723,57,556,1,1,1,3,P04
2,724,24,601,1,6,1,3,P04
2,725,37,881,1,4,1,3,P04
2,726,69,660,1,3,1,3,P04
2,727,28,883,1,3,1,3,P04
2,728,50,696,1,1,1,3,P04
2,729,25,661,1,3,1,3,P04
2,730,37,476,1,1,1,3,P04
2,731,21,506,1,3,1,3,P04
2,732,87,822,1,4,1,3,P04
2,733,35,475,1,3,1,3,P04
2,734,45,924,1,3,1,3,P04
2,735,46,733,1,4,1,3,P04
2,736,15,421,1,4,1,3,P04
2,737,40,823,1,1,1,3,P04
2,738,47,616,1,2,1,3,P04
2,739,33,571,1,6,1,3,P04
2,740,24,680,1,6,1,3,P04
2,741,35,545,1,3,1,3,P04
2,742,38,558,1,4,1,3,P04
2,743,72,813,1,2,1,3,P04
2,744,32,693,1,3,1,3,P04
2,745,27,394,1,1,1,3,P04
2,746,52,897,1,4,1,3,P04
2,747,66,693,2,2,1,3,P04
2,748,49,611,1,4,1,3,P04
2,749,98,809,1,5,1,3,P04
2,750,36,448,1,1,1,3,P04
2,751,83,857,1,1,1,3,P04
2,752,19,442,1,7,1,3,P04
2,753,64,896,1,2,1,3,P04
2,754,28,550,1,2,1,3,P04
2,755,38,720,1,3,1,3,P04
2,756,37,797,1,4,1,3,P04
2,757,50,545,1,1,1,3,P04
2,758,55,523,1,3,1,3,P04
2,759,32,517,1,3,1,3,P04
2,760,27,767,1,1,1,3,P04
2,761,79,718,1,5,1,3,P04
2,762,36,674,1,3,1,3,P04
2,763,16,503,1,4,1,3,P04
2,764,65,916,1,1,1,3,P04
2,765,64,739,1,3,1,3,P04
2,766,27,611,1,4,1,3,P04
2,767,50,543,1,2,1,3,P04
2,768,51,901,1,3,1,3,P04
2,769,15,422,1,2,1,3,P04
2,770,49,614,1,1,1,3,P04
2,771,55,732,1,4,1,3,P04
2,772,29,597,1,2,1,3,P04
2,773,42,698,1,1,1,3,P04
2,774,29,597,1,6,1,3,P04
2,775,25,453,1,3,1,3,P04
2,776,34,492,1,2,1,3,P04
2,777,45,797,1,2,1,3,P04
2,778,42,764,1,2,1,3,P04
2,779,57,848,1,2,1,3,P04
2,780,49,765,1,3,1,3,P04
2,781,67,812,1,5,1,3,P04
2,782,56,919,1,4,1,3,P04
2,783,52,841,1,4,1,3,P04
2,784,30,608,1,4,1,3,P04
2,785,49,637,1,1,1,3,P04
2,786,34,837,1,1,1,3,P04
2,787,45,580,1,3,1,3,P04
2,788,32,451,1,1,1,3,P04
2,789,32,838,1,3,1,3,P04
2,790,32,736,1,1,1,3,P04
2,791,38,856,1,1,1,3,P04
2,792,65,832,1,6,1,3,P04
2,793,22,963,1,3,1,3,P04
2,794,56,543,1,2,1,3,P04
2,795,21,525,1,1,1,3,P04
2,796,41,631,1,1,1,3,P04
2,797,22,903,1,3,1,3,P04
2,798,67,864,1,1,1,3,P04
2,799,14,412,1,3,1,3,P04
2,800,53,678,1,2,1,3,P04
2,801,40,836,1,1,1,3,P04
2,802,18,487,1,4,1,3,P04
2,803,54,809,1,2,1,3,P04
2,804,69,859,1,5,1,3,P04
2,805,73,638,1,5,1,3,P04
2,806,41,617,1,1,1,3,P04
2,807,51,720,1,4,1,3,P04
2,808,83,736,1,2,1,3,P04
2,809,40,498,1,1,1,3,P04
2,810,35,562,1,1,1,3,P04
2,811,31,657,1,1,1,3,P04
2,812,23,412,1,2,1,3,P04
2,813,41,859,1,2,1,3,P04
2,814,20,469,1,9,1,3,P04
2,815,47,826,1,3,1,3,P04
2,816,42,952,1,1,1,3,P04
2,817,63,471,1,1,1,3,P04
2,818,44,729,1,3,1,3,P04
2,819,78,681,1,8,1,3,P04
2,820,28,765,1,2,1,3,P04
2,821,33,556,1,1,1,3,P04
2,822,36,552,1,4,1,3,P04
2,823,14,535,1,8,1,3,P04
2,824,48,651,1,1,1,3,P04
2,825,32,793,1,6,1,3,P04
2,826,27,869,1,2,1,3,P04
2,827,36,635,1,3,1,3,P04
2,828,16,399,1,6,1,3,P04
2,829,35,475,1,5,1,3,P04
2,830,26,595,1,2,1,3,P04
2,831,48,713,1,5,1,3,P04
2,832,89,754,1,2,1,3,P04
2,833,36,563,1,5,1,3,P04
2,834,33,548,1,2,1,3,P04
2,835,56,779,1,2,1,3,P04
2,836,52,946,1,3,1,3,P04
2,837,51,842,1,5,1,3,P04
2,838,33,633,1,8,1,3,P04
2,839,47,482,1,3,1,3,P04
2,840,44,602,1,1,1,3,P04
2,841,51,779,1,2,1,3,P04
2,842,28,723,1,4,1,3,P04
2,843,44,904,1,3,1,3,P04
2,844,75,565,1,1,1,3,P04
2,845,68,761,1,1,1,3,P04
2,846,69,829,1,2,1,3,P04
2,847,17,498,1,7,1,3,P04
2,848,16,414,1,6,1,3,P04
2,849,49,736,1,3,1,3,P04
2,850,46,435,1,1,1,3,P04
2,851,29,456,1,3,1,3,P04
2,852,17,401,1,2,1,3,P04
2,853,26,446,1,4,1,3,P04
2,854,19,580,1,3,1,3,P04
2,855,28,714,1,3,1,3,P04
2,856,48,883,1,2,1,3,P04
2,857,31,499,1,2,1,3,P04
2,858,68,838,1,2,1,3,P04
2,859,19,401,1,2,1,3,P04
2,860,46,947,1,1,1,3,P04
2,861,69,808,1,1,1,3,P04
2,862,58,693,1,1,1,3,P04
2,863,31,602,1,1,1,3,P04
2,864,43,839,1,4,1,3,P04
2,865,24,563,1,4,1,3,P04
2,866,20,567,1,5,1,3,P04
2,867,25,588,1,1,1,3,P04
2,868,45,906,1,2,1,3,P04
2,869,53,895,1,1,1,3,P04
2,870,28,596,1,3,1,3,P04
2,871,17,557,1,6,1,3,P04
2,872,32,836,1,4,1,3,P04
2,873,22,582,1,1,1,3,P04
2,874,29,756,1,3,1,3,P04
2,875,31,802,1,5,1,3,P04
2,876,25,471,1,2,1,3,P04
2,877,25,762,1,3,1,3,P04
2,878,45,571,1,1,1,3,P04
2,879,62,852,1,1,1,3,P04
2,880,45,951,1,3,1,3,P04
2,881,35,577,1,3,1,3,P04
2,882,19,515,1,3,1,3,P04
2,883,29,678,1,5,1,3,P04
2,884,45,396,1,2,1,3,P04
2,885,46,589,1,1,1,3,P04
2,886,22,468,1,1,1,3,P04
2,887,32,888,1,3,1,3,P04
2,888,46,819,1,3,1,3,P04
2,889,41,512,1,2,1,3,P04
2,890,51,782,1,3,1,3,P04
2,891,38,380,1,1,1,3,P04
2,892,22,625,1,5,1,3,P04
2,893,54,852,1,4,1,3,P04
2,894,38,753,1,6,1,3,P04
2,895,39,846,1,10,1,3,P04
2,896,20,410,1,2,1,3,P04
2,897,41,833,1,3,1,3,P04
2,898,32,947,1,2,1,3,P04
2,899,43,535,1,2,1,3,P04
2,900,83,603,1,2,1,3,P04
2,901,19,475,1,3,1,3,P04
2,902,50,763,1,3,1,3,P04
2,903,25,530,1,2,1,3,P04
2,904,16,492,1,3,1,3,P04
2,905,65,714,1,1,1,3,P04
2,906,18,430,1,4,1,3,P04
2,907,18,724,1,3,1,3,P04
2,908,11,486,1,1,1,3,P04
2,909,48,611,1,5,1,3,P04
2,910,33,765,1,3,1,3,P04
2,911,35,625,1,4,1,3,P04
2,912,44,742,1,4,1,3,P04
2,913,43,571,1,9,1,3,P04
2,914,69,839,1,2,1,3,P04
2,915,32,393,1,5,1,3,P04
2,916,40,823,1,7,1,3,P04
2,917,42,694,1,2,1,3,P04
2,918,28,414,1,5,1,3,P04
2,919,25,542,1,2,1,3,P04
2,920,19,669,1,1,1,3,P04
2,921,52,578,1,2,1,3,P04
2,922,64,834,1,1,1,3,P04
2,923,79,852,1,4,1,3,P04
2,924,108,870,1,2,1,3,P04
2,925,79,627,1,2,1,3,P04
2,926,48,918,1,4,1,3,P04
2,927,54,663,1,3,1,3,P04
2,928,49,613,1,4,1,3,P04
2,929,16,683,1,5,1,3,P04
2,930,64,756,1,2,1,3,P04
2,931,43,920,1,2,1,3,P04
2,932,48,892,1,4,1,3,P04
2,933,71,829,1,3,1,3,P04
2,934,67,921,1,1,1,3,P04
2,935,24,672,1,3,1,3,P04
2,936,57,936,1,1,1,3,P04
2,937,30,956,1,1,1,3,P04
2,938,22,412,1,3,1,3,P04
2,939,29,512,1,2,1,3,P04
2,940,32,690,1,3,1,3,P04
2,941,58,802,1,5,1,3,P04
2,942,29,636,1,5,1,3,P04
2,943,29,622,1,1,1,3,P04
2,944,21,695,1,3,1,3,P04
2,945,55,750,1,6,1,3,P04
2,946,38,634,1,1,1,3,P04
2,947,30,660,1,3,1,3,P04
2,948,32,638,1,2,1,3,P04
2,949,61,839,1,2,1,3,P04
2,950,46,678,1,2,1,3,P04
2,951,37,751,1,1,1,3,P04
2,952,10,448,1,5,1,3,P04
2,953,21,601,1,3,1,3,P04
2,954,39,710,1,1,1,3,P04
2,955,71,850,1,3,1,3,P04
2,956,58,912,1,3,1,3,P04
2,957,18,621,1,1,1,3,P04
2,958,43,553,1,1,1,3,P04
2,959,62,835,1,3,1,3,P04
2,960,48,896,1,1,1,3,P04
2,961,79,611,1,1,1,3,P04
2,962,38,400,1,6,1,3,P04
2,963,28,502,1,1,1,3,P04
2,964,50,935,1,1,1,3,P04
2,965,22,427,1,3,1,3,P04
2,966,27,497,1,1,1,3,P04
2,967,25,463,1,2,1,3,P04
2,968,48,860,1,6,1,3,P04
2,969,19,556,1,6,1,3,P04
2,970,35,723,1,3,1,3,P04
2,971,19,475,1,4,1,3,P04
2,972,18,673,1,3,1,3,P04
2,973,18,778,1,2,1,3,P04
2,974,19,530,1,3,1,3,P04
2,975,96,828,1,4,1,3,P04
2,976,18,460,1,2,1,3,P04
2,977,50,905,1,1,1,3,P04
2,978,25,667,1,4,1,3,P04
2,979,37,747,1,2,1,3,P04
2,980,65,874,1,1,1,3,P04
2,981,11,400,1,1,1,3,P04
2,982,29,686,1,3,1,3,P04
2,983,30,830,1,3,1,3,P04
2,984,35,442,1,3,1,3,P04
2,985,71,911,1,3,1,3,P04
2,986,29,890,1,3,1,3,P04
2,987,39,580,1,5,1,3,P04
2,988,46,828,1,7,1,3,P04
2,989,38,746,1,4,1,3,P04
2,990,26,526,1,4,1,3,P04
2,991,60,610,1,3,1,3,P04
2,992,21,383,1,2,1,3,P04
2,993,21,513,1,7,1,3,P04
2,994,24,621,1,2,1,3,P04
2,995,35,652,1,3,1,3,P04
2,996,20,644,1,3,1,3,P04
2,997,47,572,1,6,1,3,P04
2,998,36,962,1,5,1,3,P04
2,999,48,841,1,1,1,3,P04
2,1000,52,749,1,4,1,3,P04
3,1,68,865,1,4,1,1,P04
3,2,54,558,1,1,1,1,P04
3,3,90,822,1,1,1,1,P04
3,4,79,708,1,1,1,1,P04
3,5,46,427,1,2,1,1,P04
3,6,42,392,1,1,1,1,P04
3,7,60,502,1,1,1,1,P04
3,8,53,592,1,1,1,1,P04
3,9,67,395,1,1,1,1,P04
3,10,60,480,1,2,1,1,P04
3,11,53,623,1,1,1,1,P04
3,12,69,555,1,1,1,1,P04
3,13,59,556,1,2,1,1,P04
3,14,32,526,1,1,1,1,P04
3,15,38,503,1,1,1,1,P04
3,16,41,521,1,2,1,1,P04
3,17,145,731,1,1,1,1,P04
3,18,42,695,1,1,1,1,P04
3,19,93,581,1,2,1,1,P04
3,20,33,404,1,1,1,1,P04
3,21,130,778,1,1,1,1,P04
3,22,86,711,1,2,1,1,P04
3,23,40,493,1,4,1,1,P04
3,24,89,566,1,1,1,1,P04
3,25,43,678,1,1,1,1,P04
3,26,66,566,1,1,1,1,P04
3,27,137,676,1,1,1,1,P04
3,28,65,684,1,1,1,1,P04
3,29,53,554,1,1,1,1,P04
3,30,28,403,1,1,1,1,P04
3,31,55,510,1,1,1,1,P04
3,32,36,401,1,1,1,1,P04
3,33,85,645,1,1,1,1,P04
3,34,47,434,1,1,1,1,P04
3,35,46,402,1,1,1,1,P04
3,36,26,610,1,2,1,1,P04
3,37,45,593,1,1,1,1,P04
3,38,55,563,1,1,1,1,P04
3,39,52,585,1,2,1,1,P04
3,40,55,601,1,3,1,1,P04
3,41,79,702,1,1,1,1,P04
3,42,105,868,1,3,1,1,P04
3,43,54,686,1,1,1,1,P04
3,44,111,783,1,1,1,1,P04
3,45,73,625,1,1,1,1,P04
3,46,30,421,1,1,1,1,P04
3,47,74,844,1,1,1,1,P04
3,48,119,868,1,4,1,1,P04
3,49,30,403,1,1,1,1,P04
3,50,46,650,1,1,1,1,P04
3,51,96,894,1,2,1,1,P04
3,52,153,804,1,1,1,1,P04
3,53,62,704,1,2,1,1,P04
3,54,50,672,1,1,1,1,P04
3,55,92,813,1,3,1,1,P04
3,56,34,381,1,1,1,1,P04
3,57,43,531,1,1,1,1,P04
3,58,43,502,1,1,1,1,P04
3,59,112,875,1,1,1,1,P04
3,60,100,745,1,1,1,1,P04
3,61,101,864,1,1,1,1,P04
3,62,64,517,1,1,1,1,P04
3,63,38,577,1,1,1,1,P04
3,64,52,601,1,1,1,1,P04
3,65,55,694,1,1,1,1,P04
3,66,79,645,1,1,1,1,P04
3,67,56,583,1,2,1,1,P04
3,68,60,666,1,1,1,1,P04
3,69,40,603,1,1,1,1,P04
3,70,94,763,1,2,1,1,P04
3,71,67,806,1,2,1,1,P04
3,72,45,398,1,1,1,1,P04
3,73,56,529,1,1,1,1,P04
3,74,63,880,1,1,1,1,P04
3,75,42,553,1,1,1,1,P04
3,76,65,663,1,1,1,1,P04
3,77,59,616,1,1,1,1,P04
3,78,34,366,1,1,1,1,P04
3,79,64,606,1,1,1,1,P04
3,80,40,571,1,1,1,1,P04
3,81,108,891,1,1,1,1,P04
3,82,50,466,1,1,1,1,P04
3,83,60,485,1,2,1,1,P04
3,84,70,671,1,1,1,1,P04
3,85,77,469,1,1,1,1,P04
3,86,64,922,1,1,1,1,P04
3,87,96,683,1,1,1,1,P04
3,88,113,751,1,1,1,1,P04
3,89,65,793,1,2,1,1,P04
3,90,50,641,1,1,1,1,P04
3,91,46,448,1,1,1,1,P04
3,92,56,441,1,2,1,1,P04
3,93,45,377,1,3,1,1,P04
3,94,61,495,1,2,1,1,P04
3,95,72,825,1,1,1,1,P04
3,96,77,738,1,1,1,1,P04
3,97,122,797,1,1,1,1,P04
3,98,78,783,1,1,1,1,P04
3,99,83,637,1,1,1,1,P04
3,100,86,683,1,2,1,1,P04
3,101,65,614,1,1,1,1,P04
3,102,54,555,1,1,1,1,P04
3,103,97,500,1,1,1,1,P04
3,104,72,515,1,1,1,1,P04
3,105,55,685,1,1,1,1,P04
3,106,60,732,1,1,1,1,P04
3,107,32,398,1,1,1,1,P04
3,108,154,828,1,1,1,1,P04
3,109,84,559,1,1,1,1,P04
3,110,68,398,1,1,1,1,P04
3,111,60,472,1,1,1,1,P04
3,112,64,701,1,1,1,1,P04
3,113,25,514,1,3,1,1,P04
3,114,134,826,1,4,1,1,P04
3,115,55,492,1,1,1,1,P04
3,116,25,754,1,1,1,1,P04
3,117,80,487,1,1,1,1,P04
3,118,93,778,1,1,1,1,P04
3,119,65,878,1,1,1,1,P04
3,120,77,657,1,3,1,1,P04
3,121,43,396,1,1,1,1,P04
3,122,53,606,1,1,1,1,P04
3,123,66,874,1,1,1,1,P04
3,124,46,682,1,1,1,1,P04
3,125,50,734,1,1,1,1,P04
3,126,69,760,1,1,1,1,P04
3,127,54,661,1,2,1,1,P04
3,128,70,545,1,1,1,1,P04
3,129,79,505,1,1,1,1,P04
3,130,52,921,1,1,1,1,P04
3,131,54,558,1,1,1,1,P04
3,132,37,422,1,1,1,1,P04
3,133,54,452,1,1,1,1,P04
3,134,33,798,1,1,1,1,P04
3,135,64,408,1,1,1,1,P04
3,136,42,464,1,1,1,1,P04
3,137,142,832,1,1,1,1,P04
3,138,30,484,1,1,1,1,P04
3,139,92,803,1,1,1,1,P04
3,140,71,624,1,1,1,1,P04
3,141,26,451,1,1,1,1,P04
3,142,70,836,1,2,1,1,P04
3,143,89,748,1,1,1,1,P04
3,144,44,579,1,1,1,1,P04
3,145,41,863,1,1,1,1,P04
3,146,91,832,1,1,1,1,P04
3,147,119,728,1,1,1,1,P04
3,148,80,689,1,1,1,1,P04
3,149,41,468,1,1,1,1,P04
3,150,82,550,1,3,1,1,P04
3,151,38,601,1,1,1,1,P04
3,152,66,350,1,1,1,1,P04
3,153,38,718,1,1,1,1,P04
3,154,61,873,1,3,1,1,P04
3,155,43,461,1,1,1,1,P04
3,156,92,655,1,1,1,1,P04
3,157,53,628,1,1,1,1,P04
3,158,95,735,1,1,1,1,P04
3,159,68,767,1,1,1,1,P04
3,160,50,621,1,1,1,1,P04
3,161,51,401,1,1,1,1,P04
3,162,59,755,1,2,1,1,P04
3,163,77,454,1,1,1,1,P04
3,164,82,726,1,1,1,1,P04
3,165,132,853,1,1,1,1,P04
3,166,100,549,1,1,1,1,P04
3,167,47,427,1,2,1,1,P04
3,168,71,766,1,1,1,1,P04
3,169,67,887,1,1,1,1,P04
3,170,29,469,1,1,1,1,P04
3,171,60,834,1,3,1,1,P04
3,172,98,574,1,1,1,1,P04
3,173,78,877,1,1,1,1,P04
3,174,62,733,1,2,1,1,P04
3,175,34,779,1,1,1,1,P04
3,176,60,669,1,1,1,1,P04
3,177,46,414,1,1,1,1,P04
3,178,85,856,1,1,1,1,P04
3,179,73,560,1,2,1,1,P04
3,180,62,849,1,1,1,1,P04
3,181,37,404,1,2,1,1,P04
3,182,87,862,1,1,1,1,P04
3,183,83,812,1,1,1,1,P04
3,184,122,839,1,1,1,1,P04
3,185,66,802,1,1,1,1,P04
3,186,62,897,1,1,1,1,P04
3,187,116,878,1,1,1,1,P04
3,188,49,538,1,1,1,1,P04
3,189,109,589,1,2,1,1,P04
3,190,60,778,1,1,1,1,P04
3,191,52,501,1,1,1,1,P04
3,192,49,568,1,1,1,1,P04
3,193,98,771,1,1,1,1,P04
3,194,57,909,1,1,1,1,P04
3,195,57,447,1,1,1,1,P04
3,196,19,723,1,1,1,1,P04
3,197,107,870,1,1,1,1,P04
3,198,36,382,1,2,1,1,P04
3,199,93,643,1,1,1,1,P04
3,200,105,818,1,1,1,1,P04
3,201,88,613,1,1,1,1,P04
3,202,38,383,1,2,1,1,P04
3,203,46,397,1,1,1,1,P04
3,204,100,795,1,1,1,1,P04
3,205,40,605,1,1,1,1,P04
3,206,58,650,1,1,1,1,P04
3,207,79,376,1,1,1,1,P04
3,208,52,442,1,1,1,1,P04
3,209,87,643,1,1,1,1,P04
3,210,50,597,1,1,1,1,P04
3,211,59,526,1,1,1,1,P04
3,212,62,537,1,1,1,1,P04
3,213,56,693,1,1,1,1,P04
3,214,108,814,1,1,1,1,P04
3,215,45,666,1,2,1,1,P04
3,216,37,454,1,1,1,1,P04
3,217,30,588,1,3,1,1,P04
3,218,56,496,1,1,1,1,P04
3,219,52,568,1,3,1,1,P04
3,220,23,534,1,3,1,1,P04
3,221,84,493,1,1,1,1,P04
3,222,62,751,1,1,1,1,P04
3,223,87,734,1,1,1,1,P04
3,224,41,627,1,1,1,1,P04
3,225,26,415,1,3,1,1,P04
3,226,59,482,1,1,1,1,P04
3,227,60,680,1,1,1,1,P04
3,228,40,519,1,2,1,1,P04
3,229,49,449,1,1,1,1,P04
3,230,47,638,1,1,1,1,P04
3,231,43,441,1,1,1,1,P04
3,232,109,583,1,1,1,1,P04
3,233,64,544,1,2,1,1,P04
3,234,55,383,1,1,1,1,P04
3,235,53,689,1,1,1,1,P04
3,236,37,774,1,2,1,1,P04
3,237,121,835,1,1,1,1,P04
3,238,41,413,1,1,1,1,P04
3,239,39,534,1,2,1,1,P04
3,240,22,378,1,1,1,1,P04
3,241,82,595,1,1,1,1,P04
3,242,34,537,1,2,1,1,P04
3,243,81,672,1,1,1,1,P04
3,244,76,550,1,2,1,1,P04
3,245,40,501,1,3,1,1,P04
3,246,83,807,1,1,1,1,P04
3,247,75,889,1,1,1,1,P04
3,248,73,620,1,1,1,1,P04
3,249,84,890,1,2,1,1,P04
3,250,40,585,1,1,1,1,P04
3,251,47,546,1,1,1,1,P04
3,252,35,504,1,1,1,1,P04
3,253,69,558,1,1,1,1,P04
3,254,53,733,1,1,1,1,P04
3,255,129,552,1,1,1,1,P04
3,256,96,489,1,1,1,1,P04
3,257,71,880,1,2,1,1,P04
3,258,99,804,1,2,1,1,P04
3,259,62,438,1,1,1,1,P04
3,260,128,684,1,1,1,1,P04
3,261,126,790,1,1,1,1,P04
3,262,79,603,1,1,1,1,P04
3,263,76,664,1,1,1,1,P04
3,264,76,722,1,1,1,1,P04
3,265,37,684,1,1,1,1,P04
3,266,40,519,1,1,1,1,P04
3,267,37,445,1,1,1,1,P04
3,268,78,444,1,1,1,1,P04
3,269,37,395,1,1,1,1,P04
3,270,86,640,1,2,1,1,P04
3,271,42,378,1,3,1,1,P04
3,272,91,884,1,3,1,1,P04
3,273,56,806,1,1,1,1,P04
3,274,30,468,1,1,1,1,P04
3,275,88,487,1,1,1,1,P04
3,276,80,638,1,1,1,1,P04
3,277,42,381,1,1,1,1,P04
3,278,49,566,1,1,1,1,P04
3,279,68,924,1,1,1,1,P04
3,280,109,833,1,1,1,1,P04
3,281,102,611,1,2,1,1,P04
3,282,78,749,1,1,1,1,P04
3,283,49,473,1,1,1,1,P04
3,284,61,737,1,1,1,1,P04
3,285,99,797,1,1,1,1,P04
3,286,83,680,1,1,1,1,P04
3,287,68,925,1,1,1,1,P04
3,288,91,531,1,1,1,1,P04
3,289,60,409,1,3,1,1,P04
3,290,26,499,1,1,1,1,P04
3,291,50,439,1,1,1,1,P04
3,292,48,745,1,1,1,1,P04
3,293,62,677,1,1,1,1,P04
3,294,70,847,1,2,1,1,P04
3,295,39,622,1,1,1,1,P04
3,296,35,538,1,1,1,1,P04
3,297,57,565,1,3,1,1,P04
3,298,76,807,1,1,1,1,P04
3,299,75,777,1,1,1,1,P04
3,300,47,523,1,1,1,1,P04
3,301,58,687,1,2,1,1,P04
3,302,64,546,1,1,1,1,P04
3,303,74,762,1,1,1,1,P04
3,304,65,704,1,1,1,1,P04
3,305,74,508,1,1,1,1,P04
3,306,62,905,1,1,1,1,P04
3,307,53,610,1,1,1,1,P04
3,308,25,651,1,2,1,1,P04
3,309,66,884,1,1,1,1,P04
3,310,62,473,1,1,1,1,P04
3,311,73,846,1,3,1,1,P04
3,312,52,501,1,1,1,1,P04
3,313,105,888,1,1,1,1,P04
3,314,34,584,1,1,1,1,P04
3,315,91,847,1,2,1,1,P04
3,316,40,399,1,1,1,1,P04
3,317,92,617,1,3,1,1,P04
3,318,71,776,1,1,1,1,P04
3,319,100,565,1,1,1,1,P04
3,320,63,455,1,1,1,1,P04
3,321,29,509,1,1,1,1,P04
3,322,115,883,1,1,1,1,P04
3,323,39,959,1,1,1,1,P04
3,324,69,823,1,1,1,1,P04
3,325,94,597,1,3,1,1,P04
3,326,78,796,1,1,1,1,P04
3,327,108,678,1,1,1,1,P04
3,328,107,747,1,1,1,1,P04
3,329,72,924,1,1,1,1,P04
3,330,52,594,1,2,1,1,P04
3,331,70,621,1,1,1,1,P04
3,332,62,683,1,1,1,1,P04
3,333,24,470,1,1,1,1,P04
3,334,47,357,1,1,1,1,P04
3,335,71,561,1,1,1,1,P04
3,336,40,477,1,1,1,1,P04
3,337,48,590,1,1,1,1,P04
3,338,71,845,1,1,1,1,P04
3,339,22,384,1,1,1,1,P04
3,340,43,743,1,1,1,1,P04
3,341,40,478,1,1,1,1,P04
3,342,129,665,1,1,1,1,P04
3,343,86,758,1,2,1,1,P04
3,344,86,706,1,1,1,1,P04
3,345,83,610,1,2,1,1,P04
3,346,70,754,1,1,1,1,P04
3,347,178,785,1,1,1,1,P04
3,348,67,389,1,1,1,1,P04
3,349,68,736,1,1,1,1,P04
3,350,43,435,1,1,1,1,P04
3,351,42,710,1,1,1,1,P04
3,352,30,443,1,1,1,1,P04
3,353,46,733,1,1,1,1,P04
3,354,45,711,1,1,1,1,P04
3,355,113,761,1,2,1,1,P04
3,356,64,614,1,1,1,1,P04
3,357,76,842,1,1,1,1,P04
3,358,93,903,1,1,1,1,P04
3,359,78,501,1,1,1,1,P04
3,360,44,382,1,1,1,1,P04
3,361,64,441,1,4,1,1,P04
3,362,131,758,1,2,1,1,P04
3,363,60,565,1,1,1,1,P04
3,364,58,547,1,1,1,1,P04
3,365,91,795,1,2,1,1,P04
3,366,50,451,1,1,1,1,P04
3,367,28,606,1,1,1,1,P04
3,368,54,572,2,2,1,1,P04
3,369,116,847,1,1,1,1,P04
3,370,38,572,1,1,1,1,P04
3,371,34,455,1,1,1,1,P04
3,372,26,534,1,1,1,1,P04
3,373,68,738,1,2,1,1,P04
3,374,57,722,1,1,1,1,P04
3,375,57,444,1,2,1,1,P04
3,376,75,878,1,1,1,1,P04
3,377,105,650,1,1,1,1,P04
3,378,120,820,1,1,1,1,P04
3,379,59,610,1,1,1,1,P04
3,380,23,414,1,1,1,1,P04
3,381,135,652,1,1,1,1,P04
3,382,69,708,1,1,1,1,P04
3,383,66,737,1,1,1,1,P04
3,384,54,439,1,1,1,1,P04
3,385,86,742,1,1,1,1,P04
3,386,59,514,1,1,1,1,P04
3,387,29,497,1,1,1,1,P04
3,388,93,880,1,1,1,1,P04
3,389,52,583,1,1,1,1,P04
3,390,126,797,1,1,1,1,P04
3,391,71,778,1,1,1,1,P04
3,392,109,758,1,1,1,1,P04
3,393,100,713,1,1,1,1,P04
3,394,156,704,1,1,1,1,P04
3,395,63,614,1,1,1,1,P04
3,396,54,382,1,1,1,1,P04
3,397,64,516,1,2,1,1,P04
3,398,111,549,1,1,1,1,P04
3,399,72,451,1,1,1,1,P04
3,400,97,902,1,1,1,1,P04
3,401,140,822,1,1,1,1,P04
3,402,64,420,1,1,1,1,P04
3,403,71,480,1,1,1,1,P04
3,404,72,712,1,2,1,1,P04
3,405,62,525,1,1,1,1,P04
3,406,94,877,1,1,1,1,P04
3,407,41,831,1,1,1,1,P04
3,408,48,398,1,1,1,1,P04
3,409,82,600,1,1,1,1,P04
3,410,34,408,1,3,1,1,P04
3,411,119,858,1,2,1,1,P04
3,412,126,787,1,1,1,1,P04
3,413,81,341,1,1,1,1,P04
3,414,52,546,1,2,1,1,P04
3,415,48,924,1,1,1,1,P04
3,416,112,763,1,1,1,1,P04
3,417,129,625,1,1,1,1,P04
3,418,58,678,1,1,1,1,P04
3,419,51,522,1,1,1,1,P04
3,420,155,820,1,1,1,1,P04
3,421,69,475,1,1,1,1,P04
3,422,59,916,1,1,1,1,P04
3,423,36,384,1,1,1,1,P04
3,424,79,619,1,2,1,1,P04
3,425,71,898,1,1,1,1,P04
3,426,81,487,1,1,1,1,P04
3,427,44,717,1,1,1,1,P04
3,428,35,572,1,1,1,1,P04
3,429,84,690,1,1,1,1,P04
3,430,94,904,1,1,1,1,P04
3,431,76,432,1,1,1,1,P04
3,432,51,627,1,1,1,1,P04
3,433,52,396,1,1,1,1,P04
3,434,47,908,1,1,1,1,P04
3,435,65,656,1,3,1,1,P04
3,436,45,473,1,1,1,1,P04
3,437,50,531,1,1,1,1,P04
3,438,91,533,1,3,1,1,P04
3,439,59,883,1,1,1,1,P04
3,440,102,793,1,1,1,1,P04
3,441,41,389,1,1,1,1,P04
3,442,106,702,1,3,1,1,P04
3,443,84,761,1,1,1,1,P04
3,444,49,495,1,1,1,1,P04
3,445,46,680,1,2,1,1,P04
3,446,81,848,1,2,1,1,P04
3,447,44,813,1,1,1,1,P04
3,448,78,699,1,2,1,1,P04
3,449,58,463,1,1,1,1,P04
3,450,85,796,1,1,1,1,P04
3,451,41,415,1,2,1,1,P04
3,452,49,845,1,1,1,1,P04
3,453,104,754,1,1,1,1,P04
3,454,55,413,1,2,1,1,P04
3,455,22,514,1,1,1,1,P04
3,456,24,393,1,2,1,1,P04
3,457,47,519,1,1,1,1,P04
3,458,108,610,1,1,1,1,P04
3,459,75,710,2,3,1,1,P04
3,460,53,578,1,1,1,1,P04
3,461,57,524,1,1,1,1,P04
3,462,35,376,1,2,1,1,P04
3,463,53,356,1,2,1,1,P04
3,464,106,566,1,1,1,1,P04
3,465,77,446,1,1,1,1,P04
3,466,63,822,1,1,1,1,P04
3,467,101,819,1,1,1,1,P04
3,468,10,519,1,2,1,1,P04
3,469,66,689,1,1,1,1,P04
3,470,49,469,1,1,1,1,P04
3,471,104,677,1,1,1,1,P04
3,472,47,751,1,1,1,1,P04
3,473,38,591,1,4,1,1,P04
3,474,81,447,1,1,1,1,P04
3,475,148,795,1,1,1,1,P04
3,476,73,764,1,1,1,1,P04
3,477,64,445,1,1,1,1,P04
3,478,61,807,1,1,1,1,P04
3,479,54,820,1,1,1,1,P04
3,480,48,722,1,1,1,1,P04
3,481,36,505,1,1,1,1,P04
3,482,47,448,1,1,1,1,P04
3,483,47,668,1,1,1,1,P04
3,484,112,707,1,1,1,1,P04
3,485,100,576,1,2,1,1,P04
3,486,54,642,1,1,1,1,P04
3,487,50,459,1,1,1,1,P04
3,488,40,496,1,3,1,1,P04
3,489,108,732,1,1,1,1,P04
3,490,29,398,1,3,1,1,P04
3,491,24,519,1,1,1,1,P04
3,492,72,674,1,1,1,1,P04
3,493,123,798,1,1,1,1,P04
3,494,67,856,1,1,1,1,P04
3,495,66,429,1,1,1,1,P04
3,496,144,527,1,1,1,1,P04
3,497,48,480,1,2,1,1,P04
3,498,73,645,1,1,1,1,P04
3,499,84,831,1,1,1,1,P04
3,500,44,741,1,1,1,1,P04
3,501,77,575,1,1,1,1,P04
3,502,42,554,1,1,1,1,P04
3,503,75,782,1,1,1,1,P04
3,504,41,877,1,2,1,1,P04
3,505,21,747,1,4,1,1,P04
3,506,76,884,1,2,1,1,P04
3,507,57,477,1,1,1,1,P04
3,508,113,423,1,1,1,1,P04
3,509,66,826,1,5,1,1,P04
3,510,32,506,1,1,1,1,P04
3,511,50,782,1,2,1,1,P04
3,512,19,406,1,1,1,1,P04
3,513,28,518,1,2,1,1,P04
3,514,74,744,1,1,1,1,P04
3,515,12,408,1,1,1,1,P04
3,516,83,658,1,1,1,1,P04
3,517,92,721,1,1,1,1,P04
3,518,42,566,1,1,1,1,P04
3,519,52,486,1,1,1,1,P04
3,520,66,790,1,3,1,1,P04
3,521,71,909,1,1,1,1,P04
3,522,66,843,1,1,1,1,P04
3,523,31,449,1,1,1,1,P04
3,524,69,432,1,1,1,1,P04
3,525,60,433,1,1,1,1,P04
3,526,84,884,1,1,1,1,P04
3,527,95,753,1,2,1,1,P04
3,528,45,370,1,1,1,1,P04
3,529,58,363,1,1,1,1,P04
3,530,118,801,1,1,1,1,P04
3,531,98,570,1,2,1,1,P04
3,532,69,424,1,1,1,1,P04
3,533,37,363,1,1,1,1,P04
3,534,29,699,1,2,1,1,P04
3,535,99,746,1,1,1,1,P04
3,536,28,396,1,4,1,1,P04
3,537,46,571,1,1,1,1,P04
3,538,53,801,1,1,1,1,P04
3,539,46,886,1,1,1,1,P04
3,540,93,863,1,1,1,1,P04
3,541,45,691,1,3,1,1,P04
3,542,61,612,1,1,1,1,P04
3,543,61,743,1,1,1,1,P04
3,544,44,866,1,1,1,1,P04
3,545,57,439,1,2,1,1,P04
3,546,91,905,1,1,1,1,P04
3,547,100,788,1,1,1,1,P04
3,548,48,519,1,1,1,1,P04
3,549,61,742,1,3,1,1,P04
3,550,85,786,1,1,1,1,P04
3,551,83,638,1,1,1,1,P04
3,552,40,719,1,1,1,1,P04
3,553,65,754,1,3,1,1,P04
3,554,83,775,1,1,1,1,P04
3,555,64,855,1,1,1,1,P04
3,556,61,416,1,1,1,1,P04
3,557,67,467,1,2,1,1,P04
3,558,61,653,1,1,1,1,P04
3,559,44,680,1,2,1,1,P04
3,560,45,520,1,1,1,1,P04
3,561,129,782,1,2,1,1,P04
3,562,51,375,1,1,1,1,P04
3,563,98,739,1,1,1,1,P04
3,564,36,685,1,3,1,1,P04
3,565,57,675,1,1,1,1,P04
3,566,93,549,1,1,1,1,P04
3,567,60,707,1,1,1,1,P04
3,568,50,609,1,3,1,1,P04
3,569,61,903,1,2,1,1,P04
3,570,79,772,1,1,1,1,P04
3,571,37,494,1,1,1,1,P04
3,572,74,400,1,1,1,1,P04
3,573,49,918,1,1,1,1,P04
3,574,54,762,1,1,1,1,P04
3,575,82,671,1,1,1,1,P04
3,576,39,458,1,2,1,1,P04
3,577,70,830,1,4,1,1,P04
3,578,62,836,1,1,1,1,P04
3,579,96,749,1,1,1,1,P04
3,580,47,615,1,3,1,1,P04
3,581,52,425,1,1,1,1,P04
3,582,64,470,1,1,1,1,P04
3,583,55,650,1,1,1,1,P04
3,584,126,613,1,1,1,1,P04
3,585,115,557,1,1,1,1,P04
3,586,58,493,1,1,1,1,P04
3,587,124,432,1,1,1,1,P04
3,588,27,599,1,1,1,1,P04
3,589,36,422,1,1,1,1,P04
3,590,120,737,1,1,1,1,P04
3,591,65,477,1,1,1,1,P04
3,592,56,558,1,1,1,1,P04
3,593,66,557,1,2,1,1,P04
3,594,45,579,1,1,1,1,P04
3,595,58,787,1,1,1,1,P04
3,596,56,744,1,1,1,1,P04
3,597,73,557,1,1,1,1,P04
3,598,50,485,1,1,1,1,P04
3,599,130,726,1,1,1,1,P04
3,600,48,756,1,1,1,1,P04
3,601,56,664,1,1,1,1,P04
3,602,76,606,1,1,1,1,P04
3,603,92,608,1,1,1,1,P04
3,604,103,732,1,1,1,1,P04
3,605,59,527,1,1,1,1,P04
3,606,99,671,1,1,1,1,P04
3,607,157,763,1,1,1,1,P04
3,608,53,719,1,1,1,1,P04
3,609,139,772,1,2,1,1,P04
3,610,63,595,1,3,1,1,P04
3,611,78,426,1,1,1,1,P04
3,612,32,538,1,2,1,1,P04
3,613,38,395,1,1,1,1,P04
3,614,59,731,1,2,1,1,P04
3,615,36,414,1,1,1,1,P04
3,616,35,562,1,1,1,1,P04
3,617,69,648,1,1,1,1,P04
3,618,93,704,1,1,1,1,P04
3,619,97,683,1,1,1,1,P04
3,620,87,878,1,1,1,1,P04
3,621,119,863,1,1,1,1,P04
3,622,97,779,1,1,1,1,P04
3,623,89,739,1,1,1,1,P04
3,624,58,626,1,1,1,1,P04
3,625,137,640,1,2,1,1,P04
3,626,88,901,1,1,1,1,P04
3,627,120,689,1,1,1,1,P04
3,628,54,575,1,1,1,1,P04
3,629,41,558,1,1,1,1,P04
3,630,65,557,1,1,1,1,P04
3,631,49,458,1,1,1,1,P04
3,632,61,478,1,2,1,1,P04
3,633,30,472,1,1,1,1,P04
3,634,64,549,1,2,1,1,P04
3,635,130,588,1,1,1,1,P04
3,636,42,758,1,2,1,1,P04
3,637,63,594,1,1,1,1,P04
3,638,49,583,1,4,1,1,P04
3,639,43,557,1,1,1,1,P04
3,640,31,438,1,1,1,1,P04
3,641,49,512,1,1,1,1,P04
3,642,78,668,1,2,1,1,P04
3,643,101,695,1,2,1,1,P04
3,644,58,768,1,1,1,1,P04
3,645,72,453,1,1,1,1,P04
3,646,60,687,1,1,1,1,P04
3,647,81,720,1,1,1,1,P04
3,648,52,599,1,1,1,1,P04
3,649,116,475,1,1,1,1,P04
3,650,85,317,1,1,1,1,P04
3,651,67,907,1,1,1,1,P04
3,652,105,588,1,1,1,1,P04
3,653,42,440,1,1,1,1,P04
3,654,63,572,1,2,1,1,P04
3,655,44,589,1,1,1,1,P04
3,656,56,629,1,1,1,1,P04
3,657,41,458,1,1,1,1,P04
3,658,98,629,1,1,1,1,P04
3,659,97,423,1,1,1,1,P04
3,660,58,399,1,1,1,1,P04
3,661,44,682,1,1,1,1,P04
3,662,45,379,1,2,1,1,P04
3,663,51,827,1,1,1,1,P04
3,664,82,851,1,2,1,1,P04
3,665,42,592,1,1,1,1,P04
3,666,129,839,1,1,1,1,P04
3,667,92,647,1,1,1,1,P04
3,668,40,808,1,1,1,1,P04
3,669,77,761,1,1,1,1,P04
3,670,71,702,1,1,1,1,P04
3,671,23,540,1,1,1,1,P04
3,672,83,856,1,1,1,1,P04
3,673,39,518,1,2,1,1,P04
3,674,72,760,1,1,1,1,P04
3,675,115,797,1,1,1,1,P04
3,676,117,838,1,1,1,1,P04
3,677,56,438,1,1,1,1,P04
3,678,48,408,1,1,1,1,P04
3,679,66,891,1,1,1,1,P04
3,680,38,374,1,2,1,1,P04
3,681,77,701,1,1,1,1,P04
3,682,66,530,1,2,1,1,P04
3,683,20,464,1,1,1,1,P04
3,684,21,430,1,1,1,1,P04
3,685,39,733,1,2,1,1,P04
3,686,82,647,1,1,1,1,P04
3,687,28,586,1,1,1,1,P04
3,688,33,599,1,1,1,1,P04
3,689,20,625,1,2,1,1,P04
3,690,100,844,1,1,1,1,P04
3,691,135,788,1,1,1,1,P04
3,692,112,665,1,1,1,1,P04
3,693,118,821,1,1,1,1,P04
3,694,58,812,1,1,1,1,P04
3,695,62,810,1,1,1,1,P04
3,696,40,417,1,1,1,1,P04
3,697,83,710,1,1,1,1,P04
3,698,92,845,1,1,1,1,P04
3,699,90,541,1,1,1,1,P04
3,700,62,556,1,1,1,1,P04
3,701,29,534,1,1,1,1,P04
3,702,125,782,1,2,1,1,P04
3,703,42,657,1,1,1,1,P04
3,704,32,708,1,1,1,1,P04
3,705,46,448,1,1,1,1,P04
3,706,61,835,1,1,1,1,P04
3,707,102,799,1,1,1,1,P04
3,708,77,644,1,1,1,1,P04
3,709,40,678,1,1,1,1,P04
3,710,42,379,1,2,1,1,P04
3,711,44,384,1,2,1,1,P04
3,712,44,531,1,1,1,1,P04
3,713,56,706,1,1,1,1,P04
3,714,34,599,1,1,1,1,P04
3,715,107,688,1,1,1,1,P04
3,716,87,634,1,2,1,1,P04
3,717,100,789,1,1,1,1,P04
3,718,69,857,1,1,1,1,P04
3,719,43,542,1,1,1,1,P04
3,720,78,787,1,1,1,1,P04
3,721,58,779,1,1,1,1,P04
3,722,55,415,1,3,1,1,P04
3,723,80,696,1,3,1,1,P04
3,724,44,443,1,1,1,1,P04
3,725,70,382,1,1,1,1,P04
3,726,73,723,1,1,1,1,P04
3,727,63,734,1,2,1,1,P04
3,728,88,530,1,2,1,1,P04
3,729,34,551,1,1,1,1,P04
3,730,59,829,1,2,1,1,P04
3,731,140,846,1,2,1,1,P04
3,732,50,651,1,2,1,1,P04
3,733,48,552,1,1,1,1,P04
3,734,52,807,1,1,1,1,P04
3,735,66,547,1,1,1,1,P04
3,736,82,808,1,1,1,1,P04
3,737,44,419,1,1,1,1,P04
3,738,38,440,1,2,1,1,P04
3,739,76,786,1,1,1,1,P04
3,740,94,797,1,1,1,1,P04
3,741,110,874,1,2,1,1,P04
3,742,61,472,1,3,1,1,P04
3,743,39,369,1,2,1,1,P04
3,744,40,402,1,1,1,1,P04
3,745,73,836,1,1,1,1,P04
3,746,48,506,1,2,1,1,P04
3,747,68,599,1,1,1,1,P04
3,748,60,596,1,1,1,1,P04
3,749,58,723,1,1,1,1,P04
3,750,37,529,1,1,1,1,P04
3,751,52,446,1,1,1,1,P04
3,752,61,694,1,1,1,1,P04
3,753,32,506,1,1,1,1,P04
3,754,63,574,1,1,1,1,P04
3,755,57,468,1,1,1,1,P04
3,756,23,441,1,2,1,1,P04
3,757,33,674,1,1,1,1,P04
3,758,46,602,1,1,1,1,P04
3,759,27,476,1,1,1,1,P04
3,760,39,370,1,1,1,1,P04
3,761,40,554,1,1,1,1,P04
3,762,159,815,1,1,1,1,P04
3,763,100,831,1,1,1,1,P04
3,764,42,510,1,1,1,1,P04
3,765,59,443,1,1,1,1,P04
3,766,63,426,1,1,1,1,P04
3,767,79,791,1,1,1,1,P04
3,768,58,554,1,2,1,1,P04
3,769,61,553,1,2,1,1,P04
3,770,48,353,1,1,1,1,P04
3,771,43,509,1,1,1,1,P04
3,772,101,783,1,1,1,1,P04
3,773,93,889,1,1,1,1,P04
3,774,54,530,1,1,1,1,P04
3,775,43,725,1,1,1,1,P04
3,776,81,821,1,2,1,1,P04
3,777,28,532,1,1,1,1,P04
3,778,67,684,1,2,1,1,P04
3,779,82,873,1,1,1,1,P04
3,780,58,609,1,1,1,1,P04
3,781,63,527,1,1,1,1,P04
3,782,66,880,1,1,1,1,P04
3,783,92,838,1,1,1,1,P04
3,784,54,615,1,3,1,1,P04
3,785,73,549,1,2,1,1,P04
3,786,31,371,1,2,1,1,P04
3,787,48,723,1,1,1,1,P04
3,788,65,654,1,1,1,1,P04
3,789,85,898,1,1,1,1,P04
3,790,128,781,1,3,1,1,P04
3,791,55,475,1,1,1,1,P04
3,792,120,607,1,1,1,1,P04
3,793,69,531,1,2,1,1,P04
3,794,25,705,1,2,1,1,P04
3,795,48,573,1,1,1,1,P04
3,796,54,460,1,1,1,1,P04
3,797,64,862,1,1,1,1,P04
3,798,69,570,1,1,1,1,P04
3,799,40,418,1,1,1,1,P04
3,800,71,756,1,1,1,1,P04
3,801,62,530,1,1,1,1,P04
3,802,28,400,1,2,1,1,P04
3,803,93,750,1,1,1,1,P04
3,804,73,585,1,1,1,1,P04
3,805,72,831,1,1,1,1,P04
3,806,84,321,1,1,1,1,P04
3,807,34,551,1,1,1,1,P04
3,808,36,594,1,1,1,1,P04
3,809,56,591,1,1,1,1,P04
3,810,58,508,1,1,1,1,P04
3,811,84,803,1,1,1,1,P04
3,812,35,533,1,1,1,1,P04
3,813,90,726,1,2,1,1,P04
3,814,58,599,1,1,1,1,P04
3,815,72,859,1,1,1,1,P04
3,816,48,740,1,1,1,1,P04
3,817,56,456,1,1,1,1,P04
3,818,69,672,1,2,1,1,P04
3,819,84,733,1,1,1,1,P04
3,820,56,542,1,1,1,1,P04
3,821,68,393,1,1,1,1,P04
3,822,48,894,1,3,1,1,P04
3,823,110,672,1,1,1,1,P04
3,824,113,642,1,2,1,1,P04
3,825,192,623,1,1,1,1,P04
3,826,31,427,1,1,1,1,P04
3,827,66,843,1,1,1,1,P04
3,828,68,724,1,1,1,1,P04
3,829,53,599,1,2,1,1,P04
3,830,61,803,1,1,1,1,P04
3,831,220,637,1,1,1,1,P04
3,832,59,747,1,1,1,1,P04
3,833,117,836,1,1,1,1,P04
3,834,109,692,1,1,1,1,P04
3,835,116,731,1,1,1,1,P04
3,836,32,394,1,1,1,1,P04
3,837,81,658,1,1,1,1,P04
3,838,85,730,1,3,1,1,P04
3,839,53,666,1,1,1,1,P04
3,840,126,843,1,1,1,1,P04
3,841,89,521,1,2,1,1,P04
3,842,72,365,1,1,1,1,P04
3,843,81,677,1,1,1,1,P04
3,844,125,869,1,1,1,1,P04
3,845,49,365,1,1,1,1,P04
3,846,54,569,1,1,1,1,P04
3,847,62,592,1,2,1,1,P04
3,848,82,776,1,1,1,1,P04
3,849,38,543,1,1,1,1,P04
3,850,105,625,1,1,1,1,P04
3,851,22,428,1,1,1,1,P04
3,852,69,833,1,1,1,1,P04
3,853,63,758,1,1,1,1,P04
3,854,47,407,1,1,1,1,P04
3,855,42,498,1,2,1,1,P04
3,856,43,402,1,1,1,1,P04
3,857,116,773,1,2,1,1,P04
3,858,67,874,1,1,1,1,P04
3,859,77,890,1,2,1,1,P04
3,860,90,563,1,1,1,1,P04
3,861,90,642,1,3,1,1,P04
3,862,57,785,1,1,1,1,P04
3,863,36,366,1,1,1,1,P04
3,864,50,437,1,1,1,1,P04
3,865,73,671,1,1,1,1,P04
3,866,21,434,1,1,1,1,P04
3,867,76,507,1,1,1,1,P04
3,868,129,548,1,2,1,1,P04
3,869,73,612,1,1,1,1,P04
3,870,56,636,1,1,1,1,P04
3,871,37,441,1,2,1,1,P04
3,872,34,551,1,1,1,1,P04
3,873,52,537,1,1,1,1,P04
3,874,53,443,1,1,1,1,P04
3,875,63,717,1,1,1,1,P04
3,876,34,530,1,1,1,1,P04
3,877,35,388,1,3,1,1,P04
3,878,67,584,1,1,1,1,P04
3,879,41,489,1,1,1,1,P04
3,880,53,517,1,2,1,1,P04
3,881,46,464,1,1,1,1,P04
3,882,65,558,1,1,1,1,P04
3,883,24,531,1,1,1,1,P04
3,884,28,416,1,1,1,1,P04
3,885,58,415,1,2,1,1,P04
3,886,40,449,1,1,1,1,P04
3,887,50,584,1,1,1,1,P04
3,888,53,512,1,2,1,1,P04
3,889,46,477,1,3,1,1,P04
3,890,75,921,1,1,1,1,P04
3,891,65,854,1,1,1,1,P04
3,892,74,683,1,1,1,1,P04
3,893,84,799,1,1,1,1,P04
3,894,61,831,1,1,1,1,P04
3,895,68,852,1,2,1,1,P04
3,896,58,663,1,2,1,1,P04
3,897,42,758,1,1,1,1,P04
3,898,80,875,1,2,1,1,P04
3,899,42,455,1,1,1,1,P04
3,900,84,408,1,1,1,1,P04
3,901,93,550,1,2,1,1,P04
3,902,30,446,1,1,1,1,P04
3,903,92,604,1,2,1,1,P04
3,904,55,445,1,1,1,1,P04
3,905,62,499,1,1,1,1,P04
3,906,71,540,1,1,1,1,P04
3,907,38,517,1,1,1,1,P04
3,908,74,411,1,1,1,1,P04
3,909,51,382,1,2,1,1,P04
3,910,48,659,1,1,1,1,P04
3,911,58,388,1,1,1,1,P04
3,912,83,644,1,2,1,1,P04
3,913,83,565,1,1,1,1,P04
3,914,48,625,1,1,1,1,P04
3,915,90,705,1,1,1,1,P04
3,916,68,548,1,1,1,1,P04
3,917,52,421,1,1,1,1,P04
3,918,31,658,1,1,1,1,P04
3,919,51,398,1,1,1,1,P04
3,920,85,782,1,2,1,1,P04
3,921,66,911,1,1,1,1,P04
3,922,67,822,1,2,1,1,P04
3,923,74,540,1,1,1,1,P04
3,924,41,760,1,1,1,1,P04
3,925,87,666,1,2,1,1,P04
3,926,69,880,1,4,1,1,P04
3,927,81,582,1,1,1,1,P04
3,928,43,747,1,1,1,1,P04
3,929,100,873,1,1,1,1,P04
3,930,101,619,1,2,1,1,P04
3,931,52,428,1,2,1,1,P04
3,932,95,815,1,1,1,1,P04
3,933,46,588,1,2,1,1,P04
3,934,117,859,1,1,1,1,P04
3,935,104,831,1,1,1,1,P04
3,936,30,404,1,1,1,1,P04
3,937,48,617,1,1,1,1,P04
3,938,47,582,1,1,1,1,P04
3,939,65,828,1,1,1,1,P04
3,940,74,500,1,1,1,1,P04
3,941,86,821,1,2,1,1,P04
3,942,66,495,1,1,1,1,P04
3,943,46,477,1,2,1,1,P04
3,944,109,720,1,1,1,1,P04
3,945,91,816,1,1,1,1,P04
3,946,34,434,1,1,1,1,P04
3,947,48,642,1,1,1,1,P04
3,948,38,543,1,1,1,1,P04
3,949,18,441,1,3,1,1,P04
3,950,85,709,1,1,1,1,P04
3,951,91,585,1,1,1,1,P04
3,952,79,666,1,1,1,1,P04
3,953,63,544,1,1,1,1,P04
3,954,116,733,1,1,1,1,P04
3,955,53,475,1,1,1,1,P04
3,956,37,647,1,1,1,1,P04
3,957,60,541,1,2,1,1,P04
3,958,47,356,1,1,1,1,P04
3,959,64,781,1,1,1,1,P04
3,960,38,919,1,1,1,1,P04
3,961,60,633,1,2,1,1,P04
3,962,42,489,1,1,1,1,P04
3,963,67,845,1,1,1,1,P04
3,964,96,814,1,2,1,1,P04
3,965,66,748,1,1,1,1,P04
3,966,41,746,1,2,1,1,P04
3,967,60,696,1,1,1,1,P04
3,968,108,853,1,1,1,1,P04
3,969,108,756,1,1,1,1,P04
3,970,124,687,1,2,1,1,P04
3,971,29,568,1,1,1,1,P04
3,972,88,790,1,1,1,1,P04
3,973,58,716,1,1,1,1,P04
3,974,68,572,1,1,1,1,P04
3,975,128,866,1,3,1,1,P04
3,976,108,624,1,1,1,1,P04
3,977,62,549,1,1,1,1,P04
3,978,32,734,1,1,1,1,P04
3,979,48,933,1,1,1,1,P04
3,980,53,651,1,1,1,1,P04
3,981,87,800,1,1,1,1,P04
3,982,36,479,1,1,1,1,P04
3,983,100,558,1,1,1,1,P04
3,984,90,825,1,3,1,1,P04
3,985,42,627,1,1,1,1,P04
3,986,27,519,1,1,1,1,P04
3,987,43,492,1,1,1,1,P04
3,988,43,389,1,1,1,1,P04
3,989,108,834,1,1,1,1,P04
3,990,74,627,1,1,1,1,P04
3,991,66,767,1,1,1,1,P04
3,992,84,863,1,1,1,1,P04
3,993,140,686,1,2,1,1,P04
3,994,67,926,1,1,1,1,P04
3,995,40,476,1,1,1,1,P04
3,996,61,835,1,2,1,1,P04
3,997,109,607,1,1,1,1,P04
3,998,68,431,1,1,1,1,P04
3,999,46,566,1,1,1,1,P04
3,1000,38,424,1,1,1,1,P04
4,1,87,515,1,1,3,1,P04
4,2,104,802,1,2,3,1,P04
4,3,173,736,1,1,3,1,P04
4,4,117,691,1,1,3,1,P04
4,5,149,726,1,1,3,1,P04
4,6,128,849,1,1,3,1,P04
4,7,134,695,1,1,3,1,P04
4,8,96,448,1,1,3,1,P04
4,9,95,572,1,1,3,1,P04
4,10,141,740,1,2,3,1,P04
4,11,121,591,1,1,3,1,P04
4,12,77,449,1,1,3,1,P04
4,13,83,785,1,2,3,1,P04
4,14,68,588,1,1,3,1,P04
4,15,56,365,1,1,3,1,P04
4,16,62,384,1,4,3,1,P04
4,17,52,377,1,1,3,1,P04
4,18,69,354,1,1,3,1,P04
4,19,81,350,1,3,3,1,P04
4,20,108,635,1,1,3,1,P04
4,21,76,433,1,1,3,1,P04
4,22,55,445,1,1,3,1,P04
4,23,33,390,1,1,3,1,P04
4,24,136,588,1,1,3,1,P04
4,25,90,652,1,2,3,1,P04
4,26,120,631,1,1,3,1,P04
4,27,97,611,1,1,3,1,P04
4,28,209,770,2,1,3,1,P04
4,29,109,524,1,2,3,1,P04
4,30,134,649,1,1,3,1,P04
4,31,215,754,1,1,3,1,P04
4,32,102,700,1,1,3,1,P04
4,33,120,580,1,1,3,1,P04
4,34,173,673,1,1,3,1,P04
4,35,72,332,1,1,3,1,P04
4,36,85,502,1,1,3,1,P04
4,37,109,484,1,1,3,1,P04
4,38,69,492,1,1,3,1,P04
4,39,133,837,2,1,3,1,P04
4,40,81,479,1,1,3,1,P04
4,41,64,569,1,1,3,1,P04
4,42,79,577,1,1,3,1,P04
4,43,124,567,1,1,3,1,P04
4,44,84,437,1,2,3,1,P04
4,45,96,612,1,4,3,1,P04
4,46,134,650,1,1,3,1,P04
4,47,163,752,1,1,3,1,P04
4,48,58,366,1,1,3,1,P04
4,49,59,572,1,1,3,1,P04
4,50,83,534,1,1,3,1,P04
4,51,78,362,1,1,3,1,P04
4,52,103,539,1,2,3,1,P04
4,53,121,861,1,1,3,1,P04
4,54,106,709,1,2,3,1,P04
4,55,75,506,1,1,3,1,P04
4,56,106,414,1,1,3,1,P04
4,57,159,505,1,1,3,1,P04
4,58,56,354,1,1,3,1,P04
4,59,68,573,1,2,3,1,P04
4,60,96,454,1,1,3,1,P04
4,61,160,833,1,1,3,1,P04
4,62,197,702,1,1,3,1,P04
4,63,55,358,1,1,3,1,P04
4,64,93,421,1,1,3,1,P04
4,65,231,699,1,1,3,1,P04
4,66,82,830,1,1,3,1,P04
4,67,107,739,1,1,3,1,P04
4,68,118,707,1,1,3,1,P04
4,69,83,446,1,1,3,1,P04
4,70,87,718,1,2,3,1,P04
4,71,177,553,2,1,3,1,P04
4,72,60,370,1,1,3,1,P04
4,73,116,639,1,1,3,1,P04
4,74,82,401,1,1,3,1,P04
4,75,69,377,1,1,3,1,P04
4,76,94,502,1,2,3,1,P04
4,77,96,609,1,1,3,1,P04
4,78,86,589,1,2,3,1,P04
4,79,115,868,1,1,3,1,P04
4,80,70,629,1,1,3,1,P04
4,81,112,392,4,1,3,1,P04
4,82,146,465,2,1,3,1,P04
4,83,140,791,1,1,3,1,P04
4,84,69,390,1,1,3,1,P04
4,85,113,399,1,2,3,1,P04
4,86,127,743,1,3,3,1,P04
4,87,75,582,1,1,3,1,P04
4,88,119,586,1,1,3,1,P04
4,89,75,381,1,2,3,1,P04
4,90,79,502,1,1,3,1,P04
4,91,105,638,1,1,3,1,P04
4,92,133,593,1,1,3,1,P04
4,93,125,700,1,1,3,1,P04
4,94,90,458,1,1,3,1,P04
4,95,89,355,1,1,3,1,P04
4,96,116,451,1,2,3,1,P04
4,97,85,459,1,1,3,1,P04
4,98,67,415,1,1,3,1,P04
4,99,50,450,1,2,3,1,P04
4,100,89,514,1,2,3,1,P04
4,101,131,864,1,1,3,1,P04
4,102,151,670,2,1,3,1,P04
4,103,108,671,1,1,3,1,P04
4,104,83,879,1,1,3,1,P04
4,105,108,762,1,2,3,1,P04
4,106,97,409,1,1,3,1,P04
4,107,108,365,1,1,3,1,P04
4,108,135,538,2,2,3,1,P04
4,109,98,652,1,1,3,1,P04
4,110,51,505,1,1,3,1,P04
4,111,66,426,1,3,3,1,P04
4,112,99,863,1,2,3,1,P04
4,113,64,438,1,1,3,1,P04
4,114,152,684,2,2,3,1,P04
4,115,56,353,2,1,3,1,P04
4,116,84,613,1,1,3,1,P04
4,117,82,782,2,1,3,1,P04
4,118,104,842,1,1,3,1,P04
4,119,111,836,2,3,3,1,P04
4,120,95,668,1,1,3,1,P04
4,121,64,811,1,1,3,1,P04
4,122,84,459,1,1,3,1,P04
4,123,155,828,1,1,3,1,P04
4,124,128,490,1,2,3,1,P04
4,125,164,582,1,1,3,1,P04
4,126,113,515,1,1,3,1,P04
4,127,155,682,1,1,3,1,P04
4,128,169,512,1,1,3,1,P04
4,129,77,513,1,1,3,1,P04
4,130,111,475,2,1,3,1,P04
4,131,153,635,1,1,3,1,P04
4,132,106,784,1,1,3,1,P04
4,133,114,854,1,1,3,1,P04
4,134,41,751,1,1,3,1,P04
4,135,198,623,1,1,3,1,P04
4,136,128,803,3,1,3,1,P04
4,137,86,538,1,1,3,1,P04
4,138,66,598,1,5,3,1,P04
4,139,101,541,1,1,3,1,P04
4,140,71,480,1,1,3,1,P04
4,141,72,555,1,1,3,1,P04
4,142,156,691,1,1,3,1,P04
4,143,91,725,1,1,3,1,P04
4,144,124,726,2,1,3,1,P04
4,145,62,411,1,2,3,1,P04
4,146,55,381,1,1,3,1,P04
4,147,62,491,1,1,3,1,P04
4,148,64,473,1,1,3,1,P04
4,149,84,681,1,3,3,1,P04
4,150,154,491,1,2,3,1,P04
4,151,201,798,1,1,3,1,P04
4,152,84,465,1,1,3,1,P04
4,153,82,367,1,2,3,1,P04
4,154,61,419,1,1,3,1,P04
4,155,78,330,1,1,3,1,P04
4,156,113,426,1,1,3,1,P04
4,157,74,481,1,1,3,1,P04
4,158,84,572,1,1,3,1,P04
4,159,64,383,1,1,3,1,P04
4,160,85,379,1,1,3,1,P04
4,161,148,629,1,1,3,1,P04
4,162,67,386,1,1,3,1,P04
4,163,82,510,1,1,3,1,P04
4,164,56,424,2,1,3,1,P04
4,165,118,792,1,2,3,1,P04
4,166,128,678,1,3,3,1,P04
4,167,91,837,1,1,3,1,P04
4,168,139,816,1,1,3,1,P04
4,169,83,352,1,1,3,1,P04
4,170,83,511,1,1,3,1,P04
4,171,131,612,1,2,3,1,P04
4,172,113,826,1,1,3,1,P04
4,173,222,509,1,2,3,1,P04
4,174,183,597,1,1,3,1,P04
4,175,62,451,1,1,3,1,P04
4,176,79,525,1,1,3,1,P04
4,177,213,744,1,1,3,1,P04
4,178,75,616,1,1,3,1,P04
4,179,63,344,1,1,3,1,P04
4,180,75,533,1,1,3,1,P04
4,181,195,787,1,1,3,1,P04
4,182,105,731,2,1,3,1,P04
4,183,175,792,1,1,3,1,P04
4,184,60,469,1,1,3,1,P04
4,185,122,358,1,1,3,1,P04
4,186,151,735,1,1,3,1,P04
4,187,151,595,1,1,3,1,P04
4,188,50,391,1,1,3,1,P04
4,189,67,481,1,1,3,1,P04
4,190,71,543,1,1,3,1,P04
4,191,62,524,1,1,3,1,P04
4,192,72,521,1,2,3,1,P04
4,193,230,708,1,1,3,1,P04
4,194,88,424,1,1,3,1,P04
4,195,155,819,1,1,3,1,P04
4,196,124,771,1,1,3,1,P04
4,197,125,716,1,1,3,1,P04
4,198,144,734,1,1,3,1,P04
4,199,121,744,1,1,3,1,P04
4,200,42,464,1,2,3,1,P04
4,201,187,745,1,1,3,1,P04
4,202,59,354,1,1,3,1,P04
4,203,152,681,1,1,3,1,P04
4,204,75,430,1,1,3,1,P04
4,205,144,540,1,1,3,1,P04
4,206,87,719,1,1,3,1,P04
4,207,155,684,1,1,3,1,P04
4,208,55,418,1,1,3,1,P04
4,209,77,885,1,1,3,1,P04
4,210,124,443,1,1,3,1,P04
4,211,84,571,1,2,3,1,P04
4,212,136,810,1,1,3,1,P04
4,213,123,668,1,1,3,1,P04
4,214,234,710,2,1,3,1,P04
4,215,63,351,1,1,3,1,P04
4,216,125,774,1,1,3,1,P04
4,217,51,365,1,1,3,1,P04
4,218,111,522,2,1,3,1,P04
4,219,58,577,1,2,3,1,P04
4,220,87,634,1,1,3,1,P04
4,221,109,711,1,1,3,1,P04
4,222,235,591,2,1,3,1,P04
4,223,109,677,1,1,3,1,P04
4,224,153,634,1,1,3,1,P04
4,225,88,754,1,2,3,1,P04
4,226,143,674,2,2,3,1,P04
4,227,153,601,1,1,3,1,P04
4,228,79,369,1,1,3,1,P04
4,229,90,527,1,1,3,1,P04
4,230,69,513,3,2,3,1,P04
4,231,56,472,1,2,3,1,P04
4,232,44,411,1,1,3,1,P04
4,233,103,466,1,1,3,1,P04
4,234,106,788,1,1,3,1,P04
4,235,70,397,2,1,3,1,P04
4,236,67,356,1,1,3,1,P04
4,237,90,366,2,1,3,1,P04
4,238,127,792,1,1,3,1,P04
4,239,66,523,1,3,3,1,P04
4,240,36,376,1,1,3,1,P04
4,241,43,374,1,2,3,1,P04
4,242,73,657,1,1,3,1,P04
4,243,168,797,1,1,3,1,P04
4,244,137,799,1,1,3,1,P04
4,245,81,733,1,1,3,1,P04
4,246,71,468,1,1,3,1,P04
4,247,83,684,1,1,3,1,P04
4,248,124,629,1,1,3,1,P04
4,249,189,618,1,1,3,1,P04
4,250,86,315,1,1,3,1,P04
4,251,125,792,1,1,3,1,P04
4,252,117,470,1,1,3,1,P04
4,253,141,640,1,1,3,1,P04
4,254,168,516,1,2,3,1,P04
4,255,74,457,1,1,3,1,P04
4,256,170,587,1,1,3,1,P04
4,257,100,391,1,1,3,1,P04
4,258,141,847,1,1,3,1,P04
4,259,117,430,2,1,3,1,P04
4,260,77,510,1,1,3,1,P04
4,261,137,575,1,1,3,1,P04
4,262,186,792,1,1,3,1,P04
4,263,39,557,1,1,3,1,P04
4,264,91,629,1,2,3,1,P04
4,265,267,561,2,2,3,1,P04
4,266,105,766,1,1,3,1,P04
4,267,92,691,1,2,3,1,P04
4,268,90,544,1,3,3,1,P04
4,269,87,427,1,1,3,1,P04
4,270,86,813,1,1,3,1,P04
4,271,163,563,1,1,3,1,P04
4,272,90,404,1,2,3,1,P04
4,273,76,529,1,1,3,1,P04
4,274,155,745,1,2,3,1,P04
4,275,114,695,1,1,3,1,P04
4,276,120,294,1,3,3,1,P04
4,277,64,568,1,2,3,1,P04
4,278,78,628,1,1,3,1,P04
4,279,67,351,1,1,3,1,P04
4,280,53,424,1,1,3,1,P04
4,281,80,828,1,1,3,1,P04
4,282,92,344,1,1,3,1,P04
4,283,134,485,1,1,3,1,P04
4,284,75,378,2,1,3,1,P04
4,285,54,590,1,2,3,1,P04
4,286,159,822,1,2,3,1,P04
4,287,80,514,1,1,3,1,P04
4,288,102,673,2,2,3,1,P04
4,289,163,813,1,2,3,1,P04
4,290,159,620,1,1,3,1,P04
4,291,167,502,1,1,3,1,P04
4,292,111,411,1,1,3,1,P04
4,293,120,767,1,1,3,1,P04
4,294,65,424,1,1,3,1,P04
4,295,157,569,2,1,3,1,P04
4,296,144,696,1,1,3,1,P04
4,297,137,413,1,1,3,1,P04
4,298,92,497,1,1,3,1,P04
4,299,133,518,3,2,3,1,P04
4,300,54,632,1,1,3,1,P04
4,301,91,394,2,1,3,1,P04
4,302,71,411,2,1,3,1,P04
4,303,123,547,1,1,3,1,P04
4,304,82,889,1,1,3,1,P04
4,305,136,761,1,2,3,1,P04
4,306,98,646,1,4,3,1,P04
4,307,187,789,1,1,3,1,P04
4,308,116,725,1,1,3,1,P04
4,309,93,462,1,1,3,1,P04
4,310,114,673,1,1,3,1,P04
4,311,141,413,1,1,3,1,P04
4,312,72,375,1,1,3,1,P04
4,313,140,689,1,1,3,1,P04
4,314,111,383,1,1,3,1,P04
4,315,65,465,1,1,3,1,P04
4,316,75,512,1,1,3,1,P04
4,317,106,576,1,1,3,1,P04
4,318,95,488,1,1,3,1,P04
4,319,46,483,1,1,3,1,P04
4,320,170,503,1,1,3,1,P04
4,321,111,482,2,1,3,1,P04
4,322,98,382,1,2,3,1,P04
4,323,352,645,2,1,3,1,P04
4,324,58,488,1,1,3,1,P04
4,325,139,760,1,1,3,1,P04
4,326,105,448,1,1,3,1,P04
4,327,76,484,1,1,3,1,P04
4,328,130,564,1,1,3,1,P04
4,329,106,551,1,1,3,1,P04
4,330,123,839,1,1,3,1,P04
4,331,128,571,1,1,3,1,P04
4,332,80,694,1,1,3,1,P04
4,333,73,698,1,1,3,1,P04
4,334,170,737,1,1,3,1,P04
4,335,92,566,1,1,3,1,P04
4,336,118,856,1,1,3,1,P04
4,337,37,541,1,1,3,1,P04
4,338,101,643,1,1,3,1,P04
4,339,251,670,1,1,3,1,P04
4,340,61,376,1,1,3,1,P04
4,341,106,871,1,3,3,1,P04
4,342,152,825,1,1,3,1,P04
4,343,77,517,1,1,3,1,P04
4,344,197,723,1,1,3,1,P04
4,345,167,764,1,1,3,1,P04
4,346,93,566,1,1,3,1,P04
4,347,99,632,1,3,3,1,P04
4,348,64,380,1,1,3,1,P04
4,349,106,750,1,3,3,1,P04
4,350,104,504,1,2,3,1,P04
4,351,63,427,1,1,3,1,P04
4,352,101,549,1,2,3,1,P04
4,353,178,679,1,1,3,1,P04
4,354,186,596,2,1,3,1,P04
4,355,132,616,3,1,3,1,P04
4,356,86,426,1,1,3,1,P04
4,357,74,556,1,1,3,1,P04
4,358,124,805,2,1,3,1,P04
4,359,85,335,1,1,3,1,P04
4,360,112,489,1,1,3,1,P04
4,361,108,670,1,1,3,1,P04
4,362,68,352,1,1,3,1,P04
4,363,103,401,1,1,3,1,P04
4,364,67,526,2,1,3,1,P04
4,365,84,734,1,1,3,1,P04
4,366,126,598,1,1,3,1,P04
4,367,136,804,1,1,3,1,P04
4,368,119,849,1,3,3,1,P04
4,369,43,576,1,1,3,1,P04
4,370,140,539,1,2,3,1,P04
4,371,110,777,1,1,3,1,P04
4,372,76,745,1,1,3,1,P04
4,373,124,668,1,1,3,1,P04
4,374,102,717,1,1,3,1,P04
4,375,89,577,1,2,3,1,P04
4,376,74,545,1,1,3,1,P04
4,377,68,610,1,2,3,1,P04
4,378,97,530,1,1,3,1,P04
4,379,38,401,3,1,3,1,P04
4,380,197,741,1,1,3,1,P04
4,381,166,788,1,1,3,1,P04
4,382,58,401,1,1,3,1,P04
4,383,63,363,2,1,3,1,P04
4,384,29,489,1,1,3,1,P04
4,385,127,357,1,1,3,1,P04
4,386,210,655,1,2,3,1,P04
4,387,75,608,1,2,3,1,P04
4,388,109,567,2,1,3,1,P04
4,389,99,558,1,1,3,1,P04
4,390,174,515,2,1,3,1,P04
4,391,61,748,1,1,3,1,P04
4,392,194,733,1,1,3,1,P04
4,393,128,626,1,1,3,1,P04
4,394,89,557,1,1,3,1,P04
4,395,60,345,1,1,3,1,P04
4,396,127,827,1,1,3,1,P04
4,397,102,356,1,1,3,1,P04
4,398,133,697,1,1,3,1,P04
4,399,187,782,1,2,3,1,P04
4,400,87,511,1,1,3,1,P04
4,401,67,387,1,1,3,1,P04
4,402,98,375,1,1,3,1,P04
4,403,139,696,1,1,3,1,P04
4,404,159,708,1,1,3,1,P04
4,405,59,376,1,1,3,1,P04
4,406,82,348,4,2,3,1,P04
4,407,171,487,1,4,3,1,P04
4,408,74,649,1,1,3,1,P04
4,409,77,800,1,1,3,1,P04
4,410,131,674,1,1,3,1,P04
4,411,100,461,1,2,3,1,P04
4,412,117,868,1,1,3,1,P04
4,413,131,445,4,1,3,1,P04
4,414,127,541,1,1,3,1,P04
4,415,149,745,1,3,3,1,P04
4,416,219,736,1,3,3,1,P04
4,417,63,496,1,2,3,1,P04
4,418,72,658,1,1,3,1,P04
4,419,72,515,1,1,3,1,P04
4,420,126,788,1,1,3,1,P04
4,421,271,727,2,2,3,1,P04
4,422,95,551,1,1,3,1,P04
4,423,157,744,1,1,3,1,P04
4,424,107,617,1,1,3,1,P04
4,425,89,415,1,1,3,1,P04
4,426,127,570,1,1,3,1,P04
4,427,105,752,1,1,3,1,P04
4,428,100,593,1,3,3,1,P04
4,429,130,707,1,1,3,1,P04
4,430,60,342,1,1,3,1,P04
4,431,108,395,1,1,3,1,P04
4,432,106,478,1,1,3,1,P04
4,433,154,808,1,2,3,1,P04
4,434,116,792,1,2,3,1,P04
4,435,97,863,1,1,3,1,P04
4,436,108,799,1,1,3,1,P04
4,437,109,649,1,1,3,1,P04
4,438,129,771,1,1,3,1,P04
4,439,77,351,1,1,3,1,P04
4,440,147,572,3,1,3,1,P04
4,441,111,876,1,1,3,1,P04
4,442,86,573,1,1,3,1,P04
4,443,120,801,1,2,3,1,P04
4,444,78,550,1,1,3,1,P04
4,445,133,775,1,1,3,1,P04
4,446,84,686,1,2,3,1,P04
4,447,100,664,1,1,3,1,P04
4,448,76,674,1,1,3,1,P04
4,449,197,664,2,1,3,1,P04
4,450,177,542,1,1,3,1,P04
4,451,107,826,1,1,3,1,P04
4,452,116,754,1,1,3,1,P04
4,453,119,517,1,3,3,1,P04
4,454,81,554,1,1,3,1,P04
4,455,122,751,1,1,3,1,P04
4,456,82,536,1,2,3,1,P04
4,457,105,575,1,1,3,1,P04
4,458,140,651,1,3,3,1,P04
4,459,88,504,1,1,3,1,P04
4,460,135,342,2,2,3,1,P04
4,461,92,553,1,1,3,1,P04
4,462,254,588,1,1,3,1,P04
4,463,57,344,1,1,3,1,P04
4,464,83,688,1,1,3,1,P04
4,465,146,751,1,1,3,1,P04
4,466,108,335,1,1,3,1,P04
4,467,52,487,1,3,3,1,P04
4,468,111,420,1,1,3,1,P04
4,469,100,672,1,2,3,1,P04
4,470,143,662,1,1,3,1,P04
4,471,50,428,1,4,3,1,P04
4,472,162,693,2,1,3,1,P04
4,473,120,726,1,2,3,1,P04
4,474,48,378,1,1,3,1,P04
4,475,173,804,1,1,3,1,P04
4,476,108,604,1,1,3,1,P04
4,477,131,549,1,1,3,1,P04
4,478,99,423,1,1,3,1,P04
4,479,122,523,1,1,3,1,P04
4,480,62,447,1,1,3,1,P04
4,481,110,889,1,1,3,1,P04
4,482,140,535,2,2,3,1,P04
4,483,110,808,1,1,3,1,P04
4,484,71,447,1,1,3,1,P04
4,485,91,894,1,1,3,1,P04
4,486,119,497,2,1,3,1,P04
4,487,75,337,2,1,3,1,P04
4,488,97,523,1,1,3,1,P04
4,489,53,497,1,1,3,1,P04
4,490,131,837,1,2,3,1,P04
4,491,119,523,1,1,3,1,P04
4,492,79,398,1,3,3,1,P04
4,493,89,361,1,1,3,1,P04
4,494,99,698,1,1,3,1,P04
4,495,74,659,1,1,3,1,P04
4,496,148,713,1,1,3,1,P04
4,497,102,735,1,2,3,1,P04
4,498,161,761,1,3,3,1,P04
4,499,172,522,1,1,3,1,P04
4,500,111,495,2,1,3,1,P04
4,501,41,369,1,2,3,1,P04
4,502,122,581,1,1,3,1,P04
4,503,71,607,1,1,3,1,P04
4,504,111,298,1,1,3,1,P04
4,505,124,487,1,1,3,1,P04
4,506,85,557,1,1,3,1,P04
4,507,58,352,1,1,3,1,P04
4,508,50,381,1,2,3,1,P04
4,509,162,818,1,1,3,1,P04
4,510,147,704,1,1,3,1,P04
4,511,121,771,1,1,3,1,P04
4,512,81,400,1,1,3,1,P04
4,513,106,482,1,1,3,1,P04
4,514,104,606,1,1,3,1,P04
4,515,63,435,1,1,3,1,P04
4,516,97,663,1,1,3,1,P04
4,517,201,752,1,1,3,1,P04
4,518,155,475,1,1,3,1,P04
4,519,73,635,1,1,3,1,P04
4,520,160,821,1,1,3,1,P04
4,521,149,774,1,1,3,1,P04
4,522,82,834,1,2,3,1,P04
4,523,183,668,1,1,3,1,P04
4,524,39,375,1,3,3,1,P04
4,525,96,566,1,3,3,1,P04
4,526,83,441,1,1,3,1,P04
4,527,47,373,1,1,3,1,P04
4,528,124,676,1,1,3,1,P04
4,529,93,554,1,2,3,1,P04
4,530,65,592,1,1,3,1,P04
4,531,93,357,1,1,3,1,P04
4,532,252,628,1,1,3,1,P04
4,533,155,810,1,1,3,1,P04
4,534,109,619,1,1,3,1,P04
4,535,65,383,1,1,3,1,P04
4,536,101,674,1,1,3,1,P04
4,537,136,838,1,1,3,1,P04
4,538,43,498,1,3,3,1,P04
4,539,78,335,1,3,3,1,P04
4,540,136,446,1,2,3,1,P04
4,541,108,510,1,1,3,1,P04
4,542,109,872,1,1,3,1,P04
4,543,104,875,1,1,3,1,P04
4,544,212,662,1,1,3,1,P04
4,545,85,602,1,3,3,1,P04
4,546,34,485,1,1,3,1,P04
4,547,53,443,1,1,3,1,P04
4,548,84,514,1,1,3,1,P04
4,549,106,730,1,2,3,1,P04
4,550,127,870,1,1,3,1,P04
4,551,111,625,2,1,3,1,P04
4,552,87,604,1,1,3,1,P04
4,553,75,392,1,1,3,1,P04
4,554,106,416,1,1,3,1,P04
4,555,106,776,1,1,3,1,P04
4,556,66,511,1,1,3,1,P04
4,557,127,433,1,1,3,1,P04
4,558,63,592,1,1,3,1,P04
4,559,197,544,1,3,3,1,P04
4,560,52,501,1,1,3,1,P04
4,561,208,614,1,1,3,1,P04
4,562,122,596,1,1,3,1,P04
4,563,110,579,1,1,3,1,P04
4,564,170,605,1,1,3,1,P04
4,565,99,594,1,1,3,1,P04
4,566,65,430,1,1,3,1,P04
4,567,95,487,1,1,3,1,P04
4,568,89,400,1,1,3,1,P04
4,569,99,542,1,1,3,1,P04
4,570,213,657,2,1,3,1,P04
4,571,114,471,1,1,3,1,P04
4,572,123,832,1,2,3,1,P04
4,573,83,545,1,1,3,1,P04
4,574,132,778,1,1,3,1,P04
4,575,48,603,1,2,3,1,P04
4,576,108,617,1,1,3,1,P04
4,577,149,848,2,1,3,1,P04
4,578,125,687,1,1,3,1,P04
4,579,127,745,1,1,3,1,P04
4,580,90,771,1,2,3,1,P04
4,581,89,645,1,2,3,1,P04
4,582,170,794,1,1,3,1,P04
4,583,173,504,2,1,3,1,P04
4,584,65,477,1,1,3,1,P04
4,585,87,578,1,2,3,1,P04
4,586,177,789,1,1,3,1,P04
4,587,79,406,1,1,3,1,P04
4,588,95,471,1,1,3,1,P04
4,589,139,422,1,1,3,1,P04
4,590,160,557,1,1,3,1,P04
4,591,78,341,1,2,3,1,P04
4,592,107,465,1,1,3,1,P04
4,593,83,416,1,3,3,1,P04
4,594,50,408,1,4,3,1,P04
4,595,131,746,1,1,3,1,P04
4,596,143,586,1,1,3,1,P04
4,597,79,436,1,1,3,1,P04
4,598,48,403,1,1,3,1,P04
4,599,112,519,1,1,3,1,P04
4,600,121,684,1,2,3,1,P04
4,601,69,382,2,1,3,1,P04
4,602,136,468,1,1,3,1,P04
4,603,121,696,1,2,3,1,P04
4,604,75,894,1,1,3,1,P04
4,605,64,585,1,2,3,1,P04
4,606,140,736,1,1,3,1,P04
4,607,71,407,1,1,3,1,P04
4,608,126,350,1,1,3,1,P04
4,609,92,857,1,1,3,1,P04
4,610,67,595,1,2,3,1,P04
4,611,185,509,1,1,3,1,P04
4,612,74,489,1,1,3,1,P04
4,613,77,600,1,1,3,1,P04
4,614,213,739,1,1,3,1,P04
4,615,63,613,1,1,3,1,P04
4,616,57,515,1,3,3,1,P04
4,617,216,780,1,2,3,1,P04
4,618,130,723,2,1,3,1,P04
4,619,178,739,1,1,3,1,P04
4,620,95,624,1,1,3,1,P04
4,621,109,433,1,1,3,1,P04
4,622,35,526,1,3,3,1,P04
4,623,87,498,1,2,3,1,P04
4,624,110,636,1,1,3,1,P04
4,625,136,342,1,1,3,1,P04
4,626,198,680,1,1,3,1,P04
4,627,118,833,1,1,3,1,P04
4,628,96,741,1,1,3,1,P04
4,629,128,748,1,1,3,1,P04
4,630,109,565,1,1,3,1,P04
4,631,97,521,1,1,3,1,P04
4,632,41,373,1,1,3,1,P04
4,633,103,628,1,1,3,1,P04
4,634,79,616,1,2,3,1,P04
4,635,120,456,1,1,3,1,P04
4,636,124,741,1,1,3,1,P04
4,637,115,610,1,1,3,1,P04
4,638,53,461,1,1,3,1,P04
4,639,94,666,1,1,3,1,P04
4,640,61,464,1,1,3,1,P04
4,641,83,417,1,1,3,1,P04
4,642,163,472,1,1,3,1,P04
4,643,70,572,1,1,3,1,P04
4,644,153,779,1,1,3,1,P04
4,645,166,568,1,1,3,1,P04
4,646,77,804,1,1,3,1,P04
4,647,87,317,1,2,3,1,P04
4,648,71,645,1,2,3,1,P04
4,649,90,510,1,1,3,1,P04
4,650,52,620,1,1,3,1,P04
4,651,56,488,1,1,3,1,P04
4,652,117,881,1,1,3,1,P04
4,653,115,632,1,1,3,1,P04
4,654,147,610,1,1,3,1,P04
4,655,96,798,1,1,3,1,P04
4,656,226,587,1,1,3,1,P04
4,657,57,612,1,1,3,1,P04
4,658,168,827,1,1,3,1,P04
4,659,140,610,1,1,3,1,P04
4,660,71,369,1,1,3,1,P04
4,661,200,482,1,1,3,1,P04
4,662,59,349,1,1,3,1,P04
4,663,33,368,1,1,3,1,P04
4,664,90,617,1,1,3,1,P04
4,665,121,388,1,1,3,1,P04
4,666,77,788,1,1,3,1,P04
4,667,194,734,1,1,3,1,P04
4,668,62,459,1,1,3,1,P04
4,669,58,500,1,1,3,1,P04
4,670,117,729,1,1,3,1,P04
4,671,80,837,1,1,3,1,P04
4,672,90,567,3,1,3,1,P04
4,673,166,708,1,1,3,1,P04
4,674,88,422,1,1,3,1,P04
4,675,127,398,1,1,3,1,P04
4,676,84,514,1,1,3,1,P04
4,677,103,626,1,1,3,1,P04
4,678,89,350,1,1,3,1,P04
4,679,199,670,1,1,3,1,P04
4,680,79,409,2,1,3,1,P04
4,681,119,545,1,1,3,1,P04
4,682,119,404,1,1,3,1,P04
4,683,74,616,1,1,3,1,P04
4,684,131,800,1,1,3,1,P04
4,685,90,433,1,3,3,1,P04
4,686,173,767,1,1,3,1,P04
4,687,137,628,1,4,3,1,P04
4,688,88,727,1,1,3,1,P04
4,689,113,694,1,2,3,1,P04
4,690,75,608,1,1,3,1,P04
4,691,135,841,1,2,3,1,P04
4,692,41,664,1,2,3,1,P04
4,693,58,379,1,1,3,1,P04
4,694,66,768,1,1,3,1,P04
4,695,47,425,1,1,3,1,P04
4,696,134,786,1,1,3,1,P04
4,697,73,757,1,1,3,1,P04
4,698,91,448,1,1,3,1,P04
4,699,77,369,1,2,3,1,P04
4,700,97,453,1,2,3,1,P04
4,701,107,761,1,1,3,1,P04
4,702,120,465,1,1,3,1,P04
4,703,206,541,4,1,3,1,P04
4,704,88,514,1,1,3,1,P04
4,705,136,692,2,1,3,1,P04
4,706,173,786,1,1,3,1,P04
4,707,91,541,1,1,3,1,P04
4,708,84,340,1,3,3,1,P04
4,709,53,458,1,1,3,1,P04
4,710,120,832,1,1,3,1,P04
4,711,201,615,1,1,3,1,P04
4,712,71,337,1,1,3,1,P04
4,713,112,579,1,1,3,1,P04
4,714,168,616,1,1,3,1,P04
4,715,147,808,1,1,3,1,P04
4,716,118,616,1,1,3,1,P04
4,717,105,373,1,1,3,1,P04
4,718,97,379,2,1,3,1,P04
4,719,61,394,1,1,3,1,P04
4,720,118,524,1,2,3,1,P04
4,721,174,742,1,1,3,1,P04
4,722,127,853,1,1,3,1,P04
4,723,121,551,1,1,3,1,P04
4,724,80,740,1,1,3,1,P04
4,725,121,657,1,1,3,1,P04
4,726,209,770,1,1,3,1,P04
4,727,74,554,2,1,3,1,P04
4,728,127,518,1,1,3,1,P04
4,729,216,629,1,1,3,1,P04
4,730,222,744,1,3,3,1,P04
4,731,48,541,1,1,3,1,P04
4,732,62,355,1,2,3,1,P04
4,733,124,618,1,3,3,1,P04
4,734,158,754,1,1,3,1,P04
4,735,153,696,1,1,3,1,P04
4,736,75,620,1,1,3,1,P04
4,737,127,351,1,1,3,1,P04
4,738,140,826,1,1,3,1,P04
4,739,71,686,1,1,3,1,P04
4,740,118,689,1,1,3,1,P04
4,741,179,477,1,1,3,1,P04
4,742,76,435,1,1,3,1,P04
4,743,156,778,1,1,3,1,P04
4,744,165,789,1,1,3,1,P04
4,745,52,356,2,4,3,1,P04
4,746,114,519,2,1,3,1,P04
4,747,123,450,1,2,3,1,P04
4,748,129,505,1,1,3,1,P04
4,749,167,614,1,1,3,1,P04
4,750,96,683,1,1,3,1,P04
4,751,89,490,1,1,3,1,P04
4,752,100,550,1,1,3,1,P04
4,753,65,561,1,1,3,1,P04
4,754,63,434,1,1,3,1,P04
4,755,158,692,1,1,3,1,P04
4,756,79,410,1,1,3,1,P04
4,757,246,631,1,1,3,1,P04
4,758,167,510,1,1,3,1,P04
4,759,76,560,1,1,3,1,P04
4,760,116,626,1,1,3,1,P04
4,761,87,653,1,1,3,1,P04
4,762,192,758,1,1,3,1,P04
4,763,80,727,1,1,3,1,P04
4,764,153,646,1,1,3,1,P04
4,765,66,585,1,1,3,1,P04
4,766,50,394,1,1,3,1,P04
4,767,181,566,1,1,3,1,P04
4,768,126,827,1,1,3,1,P04
4,769,97,656,1,1,3,1,P04
4,770,143,821,1,1,3,1,P04
4,771,82,526,1,1,3,1,P04
4,772,87,539,1,1,3,1,P04
4,773,88,614,1,2,3,1,P04
4,774,115,713,1,1,3,1,P04
4,775,117,355,2,1,3,1,P04
4,776,76,353,1,1,3,1,P04
4,777,158,603,1,3,3,1,P04
4,778,72,460,1,1,3,1,P04
4,779,171,785,1,1,3,1,P04
4,780,100,481,1,2,3,1,P04
4,781,64,914,2,1,3,1,P04
4,782,116,329,1,1,3,1,P04
4,783,138,772,1,1,3,1,P04
4,784,100,350,1,1,3,1,P04
4,785,58,592,1,2,3,1,P04
4,786,76,636,1,1,3,1,P04
4,787,79,446,1,1,3,1,P04
4,788,76,339,1,1,3,1,P04
4,789,89,705,1,1,3,1,P04
4,790,65,465,1,3,3,1,P04
4,791,58,512,1,1,3,1,P04
4,792,89,439,4,1,3,1,P04
4,793,97,626,1,1,3,1,P04
4,794,93,400,1,1,3,1,P04
4,795,117,424,1,1,3,1,P04
4,796,143,609,1,1,3,1,P04
4,797,62,566,1,1,3,1,P04
4,798,104,465,1,1,3,1,P04
4,799,109,521,1,2,3,1,P04
4,800,66,570,1,1,3,1,P04
4,801,110,445,1,1,3,1,P04
4,802,45,395,2,1,3,1,P04
4,803,101,843,1,1,3,1,P04
4,804,69,514,1,1,3,1,P04
4,805,65,664,1,2,3,1,P04
4,806,115,338,1,2,3,1,P04
4,807,115,872,1,1,3,1,P04
4,808,120,572,1,1,3,1,P04
4,809,83,483,1,3,3,1,P04
4,810,116,520,2,1,3,1,P04
4,811,94,577,1,1,3,1,P04
4,812,142,518,1,2,3,1,P04
4,813,200,405,1,1,3,1,P04
4,814,186,786,1,1,3,1,P04
4,815,98,313,2,1,3,1,P04
4,816,96,419,1,1,3,1,P04
4,817,129,780,1,1,3,1,P04
4,818,82,461,1,1,3,1,P04
4,819,71,438,1,1,3,1,P04
4,820,106,414,1,1,3,1,P04
4,821,65,337,1,2,3,1,P04
4,822,111,725,1,1,3,1,P04
4,823,108,523,1,1,3,1,P04
4,824,161,837,1,1,3,1,P04
4,825,97,632,1,1,3,1,P04
4,826,81,530,1,1,3,1,P04
4,827,130,440,1,2,3,1,P04
4,828,150,812,1,1,3,1,P04
4,829,144,822,1,1,3,1,P04
4,830,151,841,2,1,3,1,P04
4,831,119,865,1,1,3,1,P04
4,832,105,578,1,1,3,1,P04
4,833,144,469,1,1,3,1,P04
4,834,138,638,1,1,3,1,P04
4,835,239,640,1,4,3,1,P04
4,836,129,616,1,1,3,1,P04
4,837,123,598,1,1,3,1,P04
4,838,90,786,1,1,3,1,P04
4,839,135,839,1,2,3,1,P04
4,840,131,553,1,1,3,1,P04
4,841,211,786,1,1,3,1,P04
4,842,74,463,1,1,3,1,P04
4,843,172,801,1,1,3,1,P04
4,844,136,754,1,1,3,1,P04
4,845,103,391,1,1,3,1,P04
4,846,81,511,1,1,3,1,P04
4,847,144,662,1,2,3,1,P04
4,848,221,561,1,1,3,1,P04
4,849,139,487,1,3,3,1,P04
4,850,130,599,1,1,3,1,P04
4,851,107,495,1,1,3,1,P04
4,852,63,544,1,1,3,1,P04
4,853,86,464,1,1,3,1,P04
4,854,134,415,1,1,3,1,P04
4,855,101,475,4,1,3,1,P04
4,856,111,771,2,1,3,1,P04
4,857,132,636,1,1,3,1,P04
4,858,86,445,1,2,3,1,P04
4,859,141,846,1,1,3,1,P04
4,860,71,550,1,1,3,1,P04
4,861,117,577,1,3,3,1,P04
4,862,72,701,1,2,3,1,P04
4,863,90,381,1,1,3,1,P04
4,864,197,768,1,1,3,1,P04
4,865,104,383,1,1,3,1,P04
4,866,87,494,1,1,3,1,P04
4,867,64,512,1,2,3,1,P04
4,868,39,513,1,1,3,1,P04
4,869,107,472,1,1,3,1,P04
4,870,117,812,1,1,3,1,P04
4,871,68,435,1,1,3,1,P04
4,872,85,902,1,1,3,1,P04
4,873,142,719,1,2,3,1,P04
4,874,63,486,1,1,3,1,P04
4,875,62,617,1,1,3,1,P04
4,876,89,630,1,2,3,1,P04
4,877,55,414,1,1,3,1,P04
4,878,147,772,1,2,3,1,P04
4,879,181,620,1,1,3,1,P04
4,880,49,511,1,1,3,1,P04
4,881,117,595,2,1,3,1,P04
4,882,63,393,1,1,3,1,P04
4,883,181,798,2,1,3,1,P04
4,884,71,478,1,2,3,1,P04
4,885,48,449,1,1,3,1,P04
4,886,114,616,1,1,3,1,P04
4,887,112,480,1,1,3,1,P04
4,888,116,735,2,1,3,1,P04
4,889,48,409,1,1,3,1,P04
4,890,77,580,1,1,3,1,P04
4,891,132,427,1,1,3,1,P04
4,892,101,770,1,1,3,1,P04
4,893,72,404,1,1,3,1,P04
4,894,134,613,3,1,3,1,P04
4,895,123,743,1,2,3,1,P04
4,896,116,880,1,1,3,1,P04
4,897,124,843,1,1,3,1,P04
4,898,49,386,1,2,3,1,P04
4,899,152,723,1,2,3,1,P04
4,900,79,438,1,1,3,1,P04
4,901,66,432,1,1,3,1,P04
4,902,103,859,1,2,3,1,P04
4,903,93,636,1,1,3,1,P04
4,904,117,612,1,2,3,1,P04
4,905,199,775,1,1,3,1,P04
4,906,136,550,1,1,3,1,P04
4,907,42,624,1,1,3,1,P04
4,908,50,364,1,1,3,1,P04
4,909,86,626,1,2,3,1,P04
4,910,209,713,2,1,3,1,P04
4,911,67,697,1,2,3,1,P04
4,912,176,684,1,3,3,1,P04
4,913,102,332,1,1,3,1,P04
4,914,197,690,1,2,3,1,P04
4,915,117,651,1,1,3,1,P04
4,916,72,359,1,1,3,1,P04
4,917,81,424,1,1,3,1,P04
4,918,84,402,1,1,3,1,P04
4,919,74,478,1,1,3,1,P04
4,920,142,619,1,1,3,1,P04
4,921,220,765,1,1,3,1,P04
4,922,78,340,1,2,3,1,P04
4,923,144,322,1,2,3,1,P04
4,924,98,523,1,1,3,1,P04
4,925,149,608,1,1,3,1,P04
4,926,78,608,1,1,3,1,P04
4,927,94,335,1,2,3,1,P04
4,928,127,868,1,1,3,1,P04
4,929,154,598,1,1,3,1,P04
4,930,117,334,1,1,3,1,P04
4,931,142,578,1,1,3,1,P04
4,932,80,482,1,1,3,1,P04
4,933,114,709,1,1,3,1,P04
4,934,68,360,1,1,3,1,P04
4,935,155,617,4,2,3,1,P04
4,936,99,582,1,1,3,1,P04
4,937,164,778,1,1,3,1,P04
4,938,56,423,1,1,3,1,P04
4,939,97,477,1,3,3,1,P04
4,940,103,368,1,1,3,1,P04
4,941,151,689,1,1,3,1,P04
4,942,86,627,1,2,3,1,P04
4,943,41,401,1,3,3,1,P04
4,944,92,647,1,2,3,1,P04
4,945,108,614,1,1,3,1,P04
4,946,75,560,1,1,3,1,P04
4,947,79,438,1,2,3,1,P04
4,948,162,813,1,1,3,1,P04
4,949,175,793,2,2,3,1,P04
4,950,58,783,1,1,3,1,P04
4,951,53,516,1,1,3,1,P04
4,952,81,554,1,1,3,1,P04
4,953,324,502,1,1,3,1,P04
4,954,91,400,1,1,3,1,P04
4,955,65,739,1,1,3,1,P04
4,956,89,725,1,1,3,1,P04
4,957,80,405,1,1,3,1,P04
4,958,100,416,1,1,3,1,P04
4,959,113,781,1,1,3,1,P04
4,960,140,641,3,1,3,1,P04
4,961,146,558,2,2,3,1,P04
4,962,117,344,1,1,3,1,P04
4,963,79,835,1,1,3,1,P04
4,964,155,710,1,2,3,1,P04
4,965,105,639,1,2,3,1,P04
4,966,60,477,1,1,3,1,P04
4,967,61,404,1,1,3,1,P04
4,968,32,421,1,1,3,1,P04
4,969,110,860,1,1,3,1,P04
4,970,89,778,2,1,3,1,P04
4,971,67,760,1,1,3,1,P04
4,972,89,675,1,1,3,1,P04
4,973,159,708,1,4,3,1,P04
4,974,80,638,1,1,3,1,P04
4,975,50,357,1,2,3,1,P04
4,976,78,406,1,1,3,1,P04
4,977,68,520,1,1,3,1,P04
4,978,180,681,1,1,3,1,P04
4,979,125,737,1,2,3,1,P04
4,980,116,693,1,1,3,1,P04
4,981,119,662,1,1,3,1,P04
4,982,116,488,1,1,3,1,P04
4,983,169,455,1,1,3,1,P04
4,984,96,455,2,2,3,1,P04
4,985,107,836,1,1,3,1,P04
4,986,106,854,2,1,3,1,P04
4,987,102,520,1,1,3,1,P04
4,988,107,846,1,1,3,1,P04
4,989,36,411,1,1,3,1,P04
4,990,60,452,1,1,3,1,P04
4,991,154,692,2,1,3,1,P04
4,992,94,787,1,1,3,1,P04
4,993,115,781,1,1,3,1,P04
4,994,68,502,1,1,3,1,P04
4,995,120,716,1,1,3,1,P04
4,996,129,566,1,1,3,1,P04
4,997,136,855,1,1,3,1,P04
4,998,133,716,1,1,3,1,P04
4,999,139,650,2,1,3,1,P04
4,1000,144,537,1,2,3,1,P04
5,1,129,579,2,1,9,1,P04
5,2,149,659,1,1,9,1,P04
5,3,108,437,4,2,9,1,P04
5,4,199,674,2,1,9,1,P04
5,5,240,342,3,1,9,1,P04
5,6,137,546,1,2,9,1,P04
5,7,87,598,1,1,9,1,P04
5,8,257,518,3,2,9,1,P04
5,9,129,535,1,1,9,1,P04
5,10,249,622,2,1,9,1,P04
5,11,127,293,2,1,9,1,P04
5,12,180,375,2,2,9,1,P04
5,13,159,763,3,1,9,1,P04
5,14,193,788,3,1,9,1,P04
5,15,147,634,1,1,9,1,P04
5,16,345,560,1,1,9,1,P04
5,17,200,454,3,1,9,1,P04
5,18,132,600,1,1,9,1,P04
5,19,104,394,1,3,9,1,P04
5,20,328,650,2,4,9,1,P04
5,21,85,448,1,1,9,1,P04
5,22,167,680,1,1,9,1,P04
5,23,215,572,3,2,9,1,P04
5,24,278,667,2,1,9,1,P04
5,25,177,414,2,1,9,1,P04
5,26,110,315,1,1,9,1,P04
5,27,205,725,1,2,9,1,P04
5,28,186,636,1,1,9,1,P04
5,29,270,599,5,1,9,1,P04
5,30,204,442,5,1,9,1,P04
5,31,301,515,3,3,9,1,P04
5,32,93,388,4,1,9,1,P04
5,33,128,776,3,1,9,1,P04
5,34,126,714,1,3,9,1,P04
5,35,184,336,4,1,9,1,P04
5,36,248,547,1,1,9,1,P04
5,37,210,685,1,1,9,1,P04
5,38,229,573,2,1,9,1,P04
5,39,197,449,6,1,9,1,P04
5,40,107,530,1,1,9,1,P04
5,41,109,409,1,1,9,1,P04
5,42,216,628,5,1,9,1,P04
5,43,138,473,1,2,9,1,P04
5,44,235,610,2,1,9,1,P04
5,45,97,463,1,1,9,1,P04
5,46,167,510,3,1,9,1,P04
5,47,157,777,1,2,9,1,P04
5,48,155,507,6,2,9,1,P04
5,49,97,321,2,1,9,1,P04
5,50,131,490,1,1,9,1,P04
5,51,137,478,3,1,9,1,P04
5,52,108,454,1,1,9,1,P04
5,53,210,439,4,2,9,1,P04
5,54,193,667,1,1,9,1,P04
5,55,204,408,3,1,9,1,P04
5,56,48,438,1,1,9,1,P04
5,57,92,334,4,1,9,1,P04
5,58,196,617,1,2,9,1,P04
5,59,164,765,2,3,9,1,P04
5,60,137,461,5,1,9,1,P04
5,61,209,449,1,1,9,1,P04
5,62,141,613,1,1,9,1,P04
5,63,215,342,2,1,9,1,P04
5,64,113,585,2,2,9,1,P04
5,65,185,334,3,1,9,1,P04
5,66,122,543,1,1,9,1,P04
5,67,104,397,2,1,9,1,P04
5,68,169,618,1,1,9,1,P04
5,69,191,783,1,1,9,1,P04
5,70,172,540,2,1,9,1,P04
5,71,114,351,1,1,9,1,P04
5,72,185,710,1,1,9,1,P04
5,73,206,600,1,1,9,1,P04
5,74,285,500,3,1,9,1,P04
5,75,192,602,1,1,9,1,P04
5,76,117,427,3,2,9,1,P04
5,77,220,481,3,1,9,1,P04
5,78,250,684,3,1,9,1,P04
5,79,187,670,2,1,9,1,P04
5,80,92,320,2,1,9,1,P04
5,81,130,703,1,2,9,1,P04
5,82,223,691,2,1,9,1,P04
5,83,205,404,6,1,9,1,P04
5,84,174,756,1,2,9,1,P04
5,85,110,391,1,1,9,1,P04
5,86,161,482,2,1,9,1,P04
5,87,239,504,6,1,9,1,P04
5,88,219,425,4,1,9,1,P04
5,89,115,289,1,1,9,1,P04
5,90,136,276,3,2,9,1,P04
5,91,384,588,6,1,9,1,P04
5,92,76,536,1,1,9,1,P04
5,93,135,556,1,1,9,1,P04
5,94,233,337,7,1,9,1,P04
5,95,165,611,4,1,9,1,P04
5,96,227,608,2,1,9,1,P04
5,97,128,532,2,1,9,1,P04
5,98,124,616,1,1,9,1,P04
5,99,174,519,4,1,9,1,P04
5,100,360,500,7,1,9,1,P04
5,101,78,372,1,2,9,1,P04
5,102,221,325,5,1,9,1,P04
5,103,162,530,1,1,9,1,P04
5,104,148,544,1,2,9,1,P04
5,105,149,376,2,1,9,1,P04
5,106,121,362,1,1,9,1,P04
5,107,287,642,2,1,9,1,P04
5,108,96,409,1,1,9,1,P04
5,109,309,688,5,1,9,1,P04
5,110,71,350,1,2,9,1,P04
5,111,242,752,3,3,9,1,P04
5,112,171,522,1,3,9,1,P04
5,113,159,397,4,1,9,1,P04
5,114,290,688,4,1,9,1,P04
5,115,196,742,1,1,9,1,P04
5,116,324,538,2,2,9,1,P04
5,117,155,437,1,1,9,1,P04
5,118,216,642,5,1,9,1,P04
5,119,173,681,1,1,9,1,P04
5,120,109,580,1,1,9,1,P04
5,121,131,630,1,1,9,1,P04
5,122,104,415,4,4,9,1,P04
5,123,113,522,2,1,9,1,P04
5,124,103,423,1,1,9,1,P04
5,125,217,476,1,1,9,1,P04
5,126,84,349,1,1,9,1,P04
5,127,194,603,1,2,9,1,P04
5,128,91,315,1,2,9,1,P04
5,129,166,447,1,3,9,1,P04
5,130,136,466,1,1,9,1,P04
5,131,79,440,1,1,9,1,P04
5,132,100,464,2,1,9,1,P04
5,133,270,385,5,1,9,1,P04
5,134,145,502,3,1,9,1,P04
5,135,106,344,1,2,9,1,P04
5,136,163,487,2,2,9,1,P04
5,137,105,358,4,1,9,1,P04
5,138,274,706,5,1,9,1,P04
5,139,94,425,1,2,9,1,P04
5,140,308,564,1,2,9,1,P04
5,141,270,588,3,1,9,1,P04
5,142,206,478,2,1,9,1,P04
5,143,105,561,1,2,9,1,P04
5,144,120,290,2,1,9,1,P04
5,145,136,451,1,2,9,1,P04
5,146,225,620,3,1,9,1,P04
5,147,159,300,1,1,9,1,P04
5,148,132,435,1,1,9,1,P04
5,149,332,567,1,1,9,1,P04
5,150,156,627,1,2,9,1,P04
5,151,119,419,2,1,9,1,P04
5,152,178,778,2,1,9,1,P04
5,153,200,794,2,1,9,1,P04
5,154,237,471,3,1,9,1,P04
5,155,101,304,1,1,9,1,P04
5,156,134,426,1,1,9,1,P04
5,157,274,716,2,1,9,1,P04
5,158,103,426,1,1,9,1,P04
5,159,51,470,1,1,9,1,P04
5,160,167,690,2,1,9,1,P04
5,161,102,488,1,1,9,1,P04
5,162,224,512,8,1,9,1,P04
5,163,274,670,3,1,9,1,P04
5,164,133,327,2,1,9,1,P04
5,165,145,741,1,1,9,1,P04
5,166,130,278,4,1,9,1,P04
5,167,195,426,1,1,9,1,P04
5,168,179,350,4,3,9,1,P04
5,169,172,667,1,1,9,1,P04
5,170,295,475,3,1,9,1,P04
5,171,133,447,1,1,9,1,P04
5,172,167,390,4,1,9,1,P04
5,173,176,520,3,1,9,1,P04
5,174,105,712,1,1,9,1,P04
5,175,124,433,4,1,9,1,P04
5,176,147,472,3,1,9,1,P04
5,177,224,711,1,1,9,1,P04
5,178,136,324,4,1,9,1,P04
5,179,129,479,3,1,9,1,P04
5,180,228,617,3,1,9,1,P04
5,181,254,694,2,1,9,1,P04
5,182,109,558,3,1,9,1,P04
5,183,295,701,4,1,9,1,P04
5,184,96,481,1,2,9,1,P04
5,185,225,489,3,2,9,1,P04
5,186,110,594,2,1,9,1,P04
5,187,151,558,1,1,9,1,P04
5,188,216,670,10,1,9,1,P04
5,189,219,708,1,1,9,1,P04
5,190,259,617,4,1,9,1,P04
5,191,100,461,1,1,9,1,P04
5,192,199,519,3,1,9,1,P04
5,193,104,612,1,1,9,1,P04
5,194,173,526,2,2,9,1,P04
5,195,84,356,2,1,9,1,P04
5,196,203,526,2,1,9,1,P04
5,197,132,391,3,1,9,1,P04
5,198,151,398,6,1,9,1,P04
5,199,94,308,3,1,9,1,P04
5,200,177,511,2,1,9,1,P04
5,201,229,572,1,1,9,1,P04
5,202,197,475,5,1,9,1,P04
5,203,114,453,1,2,9,1,P04
5,204,124,556,3,1,9,1,P04
5,205,107,588,1,1,9,1,P04
5,206,116,550,4,1,9,1,P04
5,207,115,297,3,1,9,1,P04
5,208,167,636,2,1,9,1,P04
5,209,272,725,2,1,9,1,P04
5,210,160,665,1,1,9,1,P04
5,211,244,743,2,1,9,1,P04
5,212,191,440,2,1,9,1,P04
5,213,230,646,3,1,9,1,P04
5,214,284,667,1,1,9,1,P04
5,215,213,729,3,1,9,1,P04
5,216,86,326,1,1,9,1,P04
5,217,141,457,4,1,9,1,P04
5,218,243,720,1,1,9,1,P04
5,219,123,428,2,1,9,1,P04
5,220,72,443,2,1,9,1,P04
5,221,126,382,3,1,9,1,P04
5,222,149,755,1,1,9,1,P04
5,223,174,621,1,1,9,1,P04
5,224,192,611,1,1,9,1,P04
5,225,250,605,3,3,9,1,P04
5,226,149,544,1,1,9,1,P04
5,227,159,452,1,1,9,1,P04
5,228,228,651,1,1,9,1,P04
5,229,239,577,2,2,9,1,P04
5,230,128,292,3,1,9,1,P04
5,231,215,705,2,1,9,1,P04
5,232,73,527,2,2,9,1,P04
5,233,84,326,1,2,9,1,P04
5,234,118,388,4,2,9,1,P04
5,235,153,563,1,1,9,1,P04
5,236,104,333,1,1,9,1,P04
5,237,233,543,4,1,9,1,P04
5,238,224,360,3,1,9,1,P04
5,239,218,696,1,1,9,1,P04
5,240,212,502,1,1,9,1,P04
5,241,141,401,3,2,9,1,P04
5,242,154,413,4,1,9,1,P04
5,243,273,373,2,2,9,1,P04
5,244,144,713,2,1,9,1,P04
5,245,130,425,1,2,9,1,P04
5,246,235,419,4,1,9,1,P04
5,247,185,645,1,1,9,1,P04
5,248,68,356,5,1,9,1,P04
5,249,153,343,1,1,9,1,P04
5,250,204,598,1,1,9,1,P04
5,251,263,662,4,1,9,1,P04
5,252,147,708,1,1,9,1,P04
5,253,80,449,3,1,9,1,P04
5,254,251,499,2,2,9,1,P04
5,255,233,602,2,1,9,1,P04
5,256,172,622,5,1,9,1,P04
5,257,173,700,1,1,9,1,P04
5,258,127,700,1,1,9,1,P04
5,259,132,314,1,1,9,1,P04
5,260,143,476,2,1,9,1,P04
5,261,239,464,4,1,9,1,P04
5,262,190,688,1,1,9,1,P04
5,263,255,718,1,1,9,1,P04
5,264,88,401,2,3,9,1,P04
5,265,177,521,1,1,9,1,P04
5,266,133,554,1,1,9,1,P04
5,267,161,742,2,2,9,1,P04
5,268,215,766,2,1,9,1,P04
5,269,75,344,1,2,9,1,P04
5,270,84,353,1,1,9,1,P04
5,271,107,487,2,1,9,1,P04
5,272,285,675,2,1,9,1,P04
5,273,225,696,2,2,9,1,P04
5,274,185,612,3,2,9,1,P04
5,275,137,392,5,1,9,1,P04
5,276,184,399,2,1,9,1,P04
5,277,80,327,1,1,9,1,P04
5,278,111,300,3,1,9,1,P04
5,279,140,716,1,3,9,1,P04
5,280,278,505,4,2,9,1,P04
5,281,203,478,2,1,9,1,P04
5,282,261,734,6,1,9,1,P04
5,283,94,380,4,1,9,1,P04
5,284,216,479,2,1,9,1,P04
5,285,219,445,3,1,9,1,P04
5,286,267,474,3,2,9,1,P04
5,287,150,365,1,1,9,1,P04
5,288,163,453,2,1,9,1,P04
5,289,180,428,3,1,9,1,P04
5,290,162,302,5,1,9,1,P04
5,291,153,476,1,2,9,1,P04
5,292,327,580,5,1,9,1,P04
5,293,221,572,5,1,9,1,P04
5,294,134,542,2,1,9,1,P04
5,295,143,271,8,1,9,1,P04
5,296,204,506,2,3,9,1,P04
5,297,142,408,1,1,9,1,P04
5,298,197,726,1,1,9,1,P04
5,299,114,426,1,1,9,1,P04
5,300,302,625,1,1,9,1,P04
5,301,72,384,1,1,9,1,P04
5,302,127,366,1,1,9,1,P04
5,303,212,687,1,1,9,1,P04
5,304,75,467,1,2,9,1,P04
5,305,217,561,1,2,9,1,P04
5,306,78,394,1,1,9,1,P04
5,307,154,590,1,1,9,1,P04
5,308,189,548,2,1,9,1,P04
5,309,84,415,1,1,9,1,P04
5,310,140,734,1,5,9,1,P04
5,311,190,554,4,4,9,1,P04
5,312,93,607,1,1,9,1,P04
5,313,128,592,1,1,9,1,P04
5,314,154,573,3,1,9,1,P04
5,315,168,601,1,1,9,1,P04
5,316,111,393,2,1,9,1,P04
5,317,150,604,1,2,9,1,P04
5,318,189,654,2,1,9,1,P04
5,319,165,662,1,1,9,1,P04
5,320,172,287,3,1,9,1,P04
5,321,77,364,5,1,9,1,P04
5,322,123,482,1,1,9,1,P04
5,323,79,509,1,1,9,1,P04
5,324,109,368,4,1,9,1,P04
5,325,168,555,2,1,9,1,P04
5,326,81,481,1,1,9,1,P04
5,327,191,662,1,1,9,1,P04
5,328,222,627,2,2,9,1,P04
5,329,114,386,2,1,9,1,P04
5,330,200,629,4,1,9,1,P04
5,331,154,675,2,1,9,1,P04
5,332,118,629,1,1,9,1,P04
5,333,153,478,4,1,9,1,P04
5,334,233,618,4,1,9,1,P04
5,335,168,515,5,1,9,1,P04
5,336,174,731,1,1,9,1,P04
5,337,121,548,2,3,9,1,P04
5,338,140,637,1,1,9,1,P04
5,339,104,395,2,1,9,1,P04
5,340,154,569,1,1,9,1,P04
5,341,261,653,4,1,9,1,P04
5,342,167,698,2,1,9,1,P04
5,343,167,629,2,2,9,1,P04
5,344,140,536,2,1,9,1,P04
5,345,136,755,2,1,9,1,P04
5,346,126,328,1,1,9,1,P04
5,347,55,369,1,1,9,1,P04
5,348,308,633,5,1,9,1,P04
5,349,158,331,3,2,9,1,P04
5,350,92,379,2,3,9,1,P04
5,351,320,452,4,1,9,1,P04
5,352,133,303,3,1,9,1,P04
5,353,109,778,1,1,9,1,P04
5,354,273,707,4,1,9,1,P04
5,355,86,553,1,2,9,1,P04
5,356,169,792,1,1,9,1,P04
5,357,102,628,1,1,9,1,P04
5,358,133,485,4,2,9,1,P04
5,359,125,490,3,1,9,1,P04
5,360,88,568,2,1,9,1,P04
5,361,207,626,1,1,9,1,P04
5,362,202,624,3,1,9,1,P04
5,363,115,359,3,2,9,1,P04
5,364,133,461,1,1,9,1,P04
5,365,208,596,2,1,9,1,P04
5,366,282,638,5,2,9,1,P04
5,367,150,564,2,1,9,1,P04
5,368,292,663,2,1,9,1,P04
5,369,139,586,1,1,9,1,P04
5,370,145,661,2,2,9,1,P04
5,371,168,401,5,1,9,1,P04
5,372,144,441,2,1,9,1,P04
5,373,249,746,3,1,9,1,P04
5,374,112,541,2,1,9,1,P04
5,375,192,616,2,1,9,1,P04
5,376,138,405,3,1,9,1,P04
5,377,177,455,2,1,9,1,P04
5,378,76,527,1,1,9,1,P04
5,379,206,644,3,1,9,1,P04
5,380,118,788,1,1,9,1,P04
5,381,260,734,1,1,9,1,P04
5,382,105,335,1,1,9,1,P04
5,383,164,513,4,1,9,1,P04
5,384,189,587,3,1,9,1,P04
5,385,166,629,1,1,9,1,P04
5,386,105,358,1,1,9,1,P04
5,387,253,530,1,1,9,1,P04
5,388,160,445,3,1,9,1,P04
5,389,224,600,1,1,9,1,P04
5,390,160,569,1,1,9,1,P04
5,391,141,591,1,1,9,1,P04
5,392,204,557,1,1,9,1,P04
5,393,192,770,2,1,9,1,P04
5,394,365,510,2,1,9,1,P04
5,395,291,349,6,1,9,1,P04
5,396,141,657,3,1,9,1,P04
5,397,123,458,1,1,9,1,P04
5,398,75,393,1,1,9,1,P04
5,399,170,733,3,2,9,1,P04
5,400,133,565,4,1,9,1,P04
5,401,256,615,4,2,9,1,P04
5,402,158,495,2,1,9,1,P04
5,403,209,557,2,3,9,1,P04
5,404,242,679,2,1,9,1,P04
5,405,118,359,1,1,9,1,P04
5,406,138,472,1,2,9,1,P04
5,407,171,797,1,1,9,1,P04
5,408,195,717,2,1,9,1,P04
5,409,182,602,4,1,9,1,P04
5,410,198,569,3,1,9,1,P04
5,411,155,388,2,1,9,1,P04
5,412,256,743,2,1,9,1,P04
5,413,166,556,6,3,9,1,P04
5,414,112,358,1,1,9,1,P04
5,415,306,624,1,1,9,1,P04
5,416,132,512,2,1,9,1,P04
5,417,237,431,5,1,9,1,P04
5,418,303,646,2,1,9,1,P04
5,419,228,515,2,1,9,1,P04
5,420,96,331,5,1,9,1,P04
5,421,138,497,1,1,9,1,P04
5,422,172,630,2,1,9,1,P04
5,423,211,570,2,1,9,1,P04
5,424,110,319,4,1,9,1,P04
5,425,299,660,3,1,9,1,P04
5,426,148,623,4,1,9,1,P04
5,427,176,565,1,2,9,1,P04
5,428,280,376,1,1,9,1,P04
5,429,164,342,2,1,9,1,P04
5,430,166,445,1,1,9,1,P04
5,431,201,622,1,1,9,1,P04
5,432,107,506,1,2,9,1,P04
5,433,204,501,1,1,9,1,P04
5,434,141,284,6,1,9,1,P04
5,435,185,713,3,1,9,1,P04
5,436,226,685,3,1,9,1,P04
5,437,201,338,1,1,9,1,P04
5,438,184,720,6,1,9,1,P04
5,439,245,545,1,1,9,1,P04
5,440,270,648,1,1,9,1,P04
5,441,96,335,3,1,9,1,P04
5,442,169,291,3,1,9,1,P04
5,443,150,576,1,1,9,1,P04
5,444,175,578,2,1,9,1,P04
5,445,126,615,1,1,9,1,P04
5,446,188,645,2,2,9,1,P04
5,447,125,568,1,2,9,1,P04
5,448,167,542,1,1,9,1,P04
5,449,154,457,1,1,9,1,P04
5,450,170,286,3,1,9,1,P04
5,451,157,455,2,1,9,1,P04
5,452,136,370,1,1,9,1,P04
5,453,155,465,3,1,9,1,P04
5,454,117,663,2,1,9,1,P04
5,455,212,501,6,1,9,1,P04
5,456,190,706,3,1,9,1,P04
5,457,245,521,4,1,9,1,P04
5,458,96,565,1,1,9,1,P04
5,459,198,641,2,1,9,1,P04
5,460,168,369,2,1,9,1,P04
5,461,97,338,1,1,9,1,P04
5,462,138,559,1,1,9,1,P04
5,463,186,807,1,2,9,1,P04
5,464,156,482,3,1,9,1,P04
5,465,183,573,2,2,9,1,P04
5,466,133,378,4,1,9,1,P04
5,467,74,379,1,1,9,1,P04
5,468,174,569,1,1,9,1,P04
5,469,221,606,3,1,9,1,P04
5,470,205,411,6,1,9,1,P04
5,471,155,647,1,2,9,1,P04
5,472,220,690,1,1,9,1,P04
5,473,265,637,4,1,9,1,P04
5,474,335,616,6,1,9,1,P04
5,475,186,567,1,1,9,1,P04
5,476,205,525,1,1,9,1,P04
5,477,88,347,3,1,9,1,P04
5,478,229,348,4,1,9,1,P04
5,479,239,452,2,1,9,1,P04
5,480,186,494,1,1,9,1,P04
5,481,205,656,2,2,9,1,P04
5,482,135,423,1,1,9,1,P04
5,483,81,319,3,3,9,1,P04
5,484,232,531,1,1,9,1,P04
5,485,232,757,3,1,9,1,P04
5,486,240,709,2,1,9,1,P04
5,487,158,464,1,1,9,1,P04
5,488,326,549,4,1,9,1,P04
5,489,141,340,4,1,9,1,P04
5,490,339,606,6,2,9,1,P04
5,491,98,357,2,2,9,1,P04
5,492,177,719,1,1,9,1,P04
5,493,115,415,1,1,9,1,P04
5,494,149,612,3,1,9,1,P04
5,495,240,662,3,1,9,1,P04
5,496,140,446,1,1,9,1,P04
5,497,183,398,1,1,9,1,P04
5,498,166,613,1,1,9,1,P04
5,499,263,404,1,1,9,1,P04
5,500,122,571,2,1,9,1,P04
5,501,319,679,3,1,9,1,P04
5,502,194,671,1,2,9,1,P04
5,503,193,715,2,1,9,1,P04
5,504,132,389,3,1,9,1,P04
5,505,246,588,7,1,9,1,P04
5,506,249,721,2,2,9,1,P04
5,507,294,682,4,1,9,1,P04
5,508,223,719,5,1,9,1,P04
5,509,176,515,1,1,9,1,P04
5,510,117,595,1,1,9,1,P04
5,511,102,407,1,1,9,1,P04
5,512,137,486,5,1,9,1,P04
5,513,94,359,1,1,9,1,P04
5,514,99,408,4,1,9,1,P04
5,515,246,729,5,1,9,1,P04
5,516,103,338,1,2,9,1,P04
5,517,156,634,1,2,9,1,P04
5,518,97,609,1,1,9,1,P04
5,519,134,355,3,2,9,1,P04
5,520,97,385,4,4,9,1,P04
5,521,174,626,3,1,9,1,P04
5,522,174,386,2,1,9,1,P04
5,523,345,378,2,1,9,1,P04
5,524,144,748,7,1,9,1,P04
5,525,109,360,4,1,9,1,P04
5,526,257,644,3,2,9,1,P04
5,527,144,664,1,1,9,1,P04
5,528,267,703,2,1,9,1,P04
5,529,202,643,3,1,9,1,P04
5,530,162,341,4,1,9,1,P04
5,531,169,788,1,1,9,1,P04
5,532,90,466,2,1,9,1,P04
5,533,182,297,4,1,9,1,P04
5,534,162,598,2,1,9,1,P04
5,535,190,662,8,1,9,1,P04
5,536,99,601,2,1,9,1,P04
5,537,111,507,1,1,9,1,P04
5,538,183,632,1,1,9,1,P04
5,539,193,321,3,1,9,1,P04
5,540,116,613,1,1,9,1,P04
5,541,144,527,2,1,9,1,P04
5,542,136,553,1,1,9,1,P04
5,543,143,692,1,2,9,1,P04
5,544,180,552,2,1,9,1,P04
5,545,161,655,1,1,9,1,P04
5,546,190,714,2,1,9,1,P04
5,547,175,543,1,1,9,1,P04
5,548,122,392,4,1,9,1,P04
5,549,104,479,5,1,9,1,P04
5,550,88,315,2,1,9,1,P04
5,551,166,276,5,1,9,1,P04
5,552,86,440,2,1,9,1,P04
5,553,107,425,2,1,9,1,P04
5,554,177,612,3,1,9,1,P04
5,555,293,604,4,1,9,1,P04
5,556,105,794,1,1,9,1,P04
5,557,144,281,4,1,9,1,P04
5,558,175,556,1,1,9,1,P04
5,559,153,514,2,1,9,1,P04
5,560,173,537,3,1,9,1,P04
5,561,106,392,1,1,9,1,P04
5,562,248,720,1,1,9,1,P04
5,563,230,542,3,1,9,1,P04
5,564,158,783,1,1,9,1,P04
5,565,239,697,2,1,9,1,P04
5,566,170,567,2,1,9,1,P04
5,567,196,733,1,1,9,1,P04
5,568,111,391,3,1,9,1,P04
5,569,117,426,3,1,9,1,P04
5,570,87,361,1,2,9,1,P04
5,571,203,545,3,1,9,1,P04
5,572,117,353,2,2,9,1,P04
5,573,198,623,4,1,9,1,P04
5,574,280,679,5,1,9,1,P04
5,575,179,569,1,1,9,1,P04
5,576,168,522,1,1,9,1,P04
5,577,140,529,1,1,9,1,P04
5,578,77,330,3,2,9,1,P04
5,579,218,435,2,1,9,1,P04
5,580,155,490,5,1,9,1,P04
5,581,136,522,2,1,9,1,P04
5,582,252,652,3,1,9,1,P04
5,583,155,634,1,1,9,1,P04
5,584,233,610,1,1,9,1,P04
5,585,140,460,4,1,9,1,P04
5,586,122,675,2,1,9,1,P04
5,587,186,521,6,1,9,1,P04
5,588,265,598,1,1,9,1,P04
5,589,137,546,2,1,9,1,P04
5,590,105,477,2,1,9,1,P04
5,591,75,379,2,3,9,1,P04
5,592,125,563,2,1,9,1,P04
5,593,141,694,2,1,9,1,P04
5,594,195,604,3,1,9,1,P04
5,595,178,592,2,1,9,1,P04
5,596,150,609,1,1,9,1,P04
5,597,106,295,2,1,9,1,P04
5,598,159,651,2,3,9,1,P04
5,599,195,407,2,1,9,1,P04
5,600,240,618,1,1,9,1,P04
5,601,85,619,1,1,9,1,P04
5,602,147,419,2,1,9,1,P04
5,603,303,567,3,1,9,1,P04
5,604,173,437,2,1,9,1,P04
5,605,322,601,2,1,9,1,P04
5,606,123,309,1,1,9,1,P04
5,607,167,808,3,1,9,1,P04
5,608,159,622,4,1,9,1,P04
5,609,185,415,4,1,9,1,P04
5,610,118,373,4,1,9,1,P04
5,611,167,529,2,2,9,1,P04
5,612,150,494,4,1,9,1,P04
5,613,117,397,1,1,9,1,P04
5,614,197,517,4,1,9,1,P04
5,615,270,712,2,1,9,1,P04
5,616,174,503,2,1,9,1,P04
5,617,103,312,1,2,9,1,P04
5,618,224,580,1,1,9,1,P04
5,619,306,642,5,3,9,1,P04
5,620,292,637,2,1,9,1,P04
5,621,148,600,1,1,9,1,P04
5,622,148,440,2,1,9,1,P04
5,623,251,628,1,1,9,1,P04
5,624,99,359,4,1,9,1,P04
5,625,256,604,3,1,9,1,P04
5,626,201,672,1,1,9,1,P04
5,627,293,628,2,1,9,1,P04
5,628,271,498,3,1,9,1,P04
5,629,68,529,1,1,9,1,P04
5,630,105,454,1,1,9,1,P04
5,631,140,415,2,1,9,1,P04
5,632,200,585,3,1,9,1,P04
5,633,100,749,1,1,9,1,P04
5,634,133,400,2,1,9,1,P04
5,635,337,632,2,1,9,1,P04
5,636,175,586,2,1,9,1,P04
5,637,105,330,3,2,9,1,P04
5,638,129,390,2,2,9,1,P04
5,639,418,569,4,1,9,1,P04
5,640,130,363,2,1,9,1,P04
5,641,152,511,1,1,9,1,P04
5,642,135,547,1,1,9,1,P04
5,643,154,500,3,2,9,1,P04
5,644,185,736,3,1,9,1,P04
5,645,187,639,1,1,9,1,P04
5,646,229,726,4,1,9,1,P04
5,647,286,407,1,1,9,1,P04
5,648,176,483,1,1,9,1,P04
5,649,98,424,2,1,9,1,P04
5,650,123,511,2,1,9,1,P04
5,651,277,545,1,2,9,1,P04
5,652,179,608,4,1,9,1,P04
5,653,227,617,1,2,9,1,P04
5,654,103,561,1,1,9,1,P04
5,655,199,529,1,1,9,1,P04
5,656,135,435,3,1,9,1,P04
5,657,147,565,1,4,9,1,P04
5,658,196,484,4,1,9,1,P04
5,659,274,693,4,1,9,1,P04
5,660,203,563,1,1,9,1,P04
5,661,174,383,3,1,9,1,P04
5,662,70,437,3,1,9,1,P04
5,663,149,496,2,1,9,1,P04
5,664,144,464,2,1,9,1,P04
5,665,83,565,3,2,9,1,P04
5,666,84,330,1,1,9,1,P04
5,667,178,601,2,1,9,1,P04
5,668,312,620,3,1,9,1,P04
5,669,119,602,1,2,9,1,P04
5,670,85,580,3,1,9,1,P04
5,671,201,614,1,1,9,1,P04
5,672,206,772,4,1,9,1,P04
5,673,124,595,1,1,9,1,P04
5,674,145,319,3,1,9,1,P04
5,675,255,691,1,1,9,1,P04
5,676,221,610,1,1,9,1,P04
5,677,218,706,2,1,9,1,P04
5,678,287,616,4,1,9,1,P04
5,679,225,579,2,1,9,1,P04
5,680,124,477,3,1,9,1,P04
5,681,163,757,1,1,9,1,P04
5,682,279,507,1,1,9,1,P04
5,683,199,768,1,1,9,1,P04
5,684,215,596,7,1,9,1,P04
5,685,237,752,1,3,9,1,P04
5,686,163,316,3,1,9,1,P04
5,687,204,590,1,1,9,1,P04
5,688,199,550,1,1,9,1,P04
5,689,296,582,4,1,9,1,P04
5,690,152,688,1,1,9,1,P04
5,691,123,590,2,1,9,1,P04
5,692,152,296,2,1,9,1,P04
5,693,97,390,4,1,9,1,P04
5,694,102,308,3,4,9,1,P04
5,695,216,416,4,1,9,1,P04
5,696,291,474,6,1,9,1,P04
5,697,223,663,4,1,9,1,P04
5,698,116,498,2,1,9,1,P04
5,699,87,389,1,1,9,1,P04
5,700,138,330,2,2,9,1,P04
5,701,66,453,1,1,9,1,P04
5,702,137,395,1,2,9,1,P04
5,703,107,300,2,1,9,1,P04
5,704,269,560,3,1,9,1,P04
5,705,363,599,5,1,9,1,P04
5,706,210,350,6,1,9,1,P04
5,707,155,559,3,1,9,1,P04
5,708,249,531,2,1,9,1,P04
5,709,130,305,6,1,9,1,P04
5,710,132,396,3,1,9,1,P04
5,711,159,452,2,1,9,1,P04
5,712,276,516,3,1,9,1,P04
5,713,204,599,3,1,9,1,P04
5,714,139,649,2,1,9,1,P04
5,715,162,771,1,1,9,1,P04
5,716,162,596,3,1,9,1,P04
5,717,111,307,2,1,9,1,P04
5,718,176,456,1,1,9,1,P04
5,719,170,704,2,1,9,1,P04
5,720,78,358,4,4,9,1,P04
5,721,83,650,1,1,9,1,P04
5,722,167,396,3,1,9,1,P04
5,723,97,385,2,1,9,1,P04
5,724,267,646,4,1,9,1,P04
5,725,257,558,4,1,9,1,P04
5,726,115,401,1,1,9,1,P04
5,727,67,414,1,1,9,1,P04
5,728,119,331,3,2,9,1,P04
5,729,208,368,5,2,9,1,P04
5,730,279,597,3,1,9,1,P04
5,731,252,684,4,1,9,1,P04
5,732,288,592,4,1,9,1,P04
5,733,204,321,5,1,9,1,P04
5,734,183,574,3,1,9,1,P04
5,735,115,423,1,1,9,1,P04
5,736,120,501,1,1,9,1,P04
5,737,321,562,2,1,9,1,P04
5,738,117,649,1,1,9,1,P04
5,739,88,420,1,1,9,1,P04
5,740,219,671,2,1,9,1,P04
5,741,145,418,3,2,9,1,P04
5,742,275,377,1,1,9,1,P04
5,743,188,621,4,2,9,1,P04
5,744,127,409,1,1,9,1,P04
5,745,59,500,1,1,9,1,P04
5,746,175,657,2,1,9,1,P04
5,747,229,482,2,1,9,1,P04
5,748,211,671,3,1,9,1,P04
5,749,212,767,3,2,9,1,P04
5,750,175,598,4,1,9,1,P04
5,751,195,509,1,2,9,1,P04
5,752,220,520,1,1,9,1,P04
5,753,119,395,1,1,9,1,P04
5,754,108,469,1,1,9,1,P04
5,755,237,460,7,1,9,1,P04
5,756,184,553,3,1,9,1,P04
5,757,172,601,3,1,9,1,P04
5,758,154,349,3,1,9,1,P04
5,759,260,620,2,1,9,1,P04
5,760,117,534,6,1,9,1,P04
5,761,187,534,1,1,9,1,P04
5,762,189,520,5,2,9,1,P04
5,763,164,262,4,1,9,1,P04
5,764,160,459,5,1,9,1,P04
5,765,365,632,1,1,9,1,P04
5,766,285,698,2,2,9,1,P04
5,767,139,594,1,1,9,1,P04
5,768,131,690,1,1,9,1,P04
5,769,106,434,1,1,9,1,P04
5,770,200,457,2,1,9,1,P04
5,771,136,693,2,1,9,1,P04
5,772,214,741,3,1,9,1,P04
5,773,275,595,5,1,9,1,P04
5,774,212,761,1,1,9,1,P04
5,775,216,551,6,1,9,1,P04
5,776,153,410,3,1,9,1,P04
5,777,161,672,6,2,9,1,P04
5,778,131,434,1,1,9,1,P04
5,779,156,506,4,3,9,1,P04
5,780,157,354,2,1,9,1,P04
5,781,107,464,1,1,9,1,P04
5,782,221,462,1,1,9,1,P04
5,783,137,355,1,1,9,1,P04
5,784,266,695,3,1,9,1,P04
5,785,188,371,1,1,9,1,P04
5,786,265,373,4,1,9,1,P04
5,787,101,870,1,1,9,1,P04
5,788,241,496,5,1,9,1,P04
5,789,207,642,2,1,9,1,P04
5,790,91,444,1,2,9,1,P04
5,791,175,621,2,1,9,1,P04
5,792,306,552,1,1,9,1,P04
5,793,278,586,3,1,9,1,P04
5,794,282,653,2,1,9,1,P04
5,795,195,571,2,1,9,1,P04
5,796,136,401,1,1,9,1,P04
5,797,145,713,2,1,9,1,P04
5,798,181,787,2,1,9,1,P04
5,799,122,483,2,1,9,1,P04
5,800,216,323,5,1,9,1,P04
5,801,291,526,4,1,9,1,P04
5,802,136,472,3,1,9,1,P04
5,803,174,351,1,2,9,1,P04
5,804,251,606,6,1,9,1,P04
5,805,61,373,1,1,9,1,P04
5,806,302,540,3,1,9,1,P04
5,807,182,814,5,1,9,1,P04
5,808,141,310,2,1,9,1,P04
5,809,153,431,4,2,9,1,P04
5,810,92,342,2,1,9,1,P04
5,811,175,666,4,2,9,1,P04
5,812,235,516,3,1,9,1,P04
5,813,72,411,1,1,9,1,P04
5,814,144,800,1,1,9,1,P04
5,815,220,665,3,3,9,1,P04
5,816,238,462,6,2,9,1,P04
5,817,268,700,1,1,9,1,P04
5,818,158,546,1,1,9,1,P04
5,819,290,537,2,1,9,1,P04
5,820,200,659,1,1,9,1,P04
5,821,181,680,2,1,9,1,P04
5,822,154,560,2,3,9,1,P04
5,823,334,655,4,1,9,1,P04
5,824,332,565,6,1,9,1,P04
5,825,290,700,3,2,9,1,P04
5,826,236,695,4,1,9,1,P04
5,827,188,545,4,3,9,1,P04
5,828,146,673,1,2,9,1,P04
5,829,80,559,1,1,9,1,P04
5,830,266,594,2,1,9,1,P04
5,831,346,611,1,1,9,1,P04
5,832,111,313,1,2,9,1,P04
5,833,277,508,2,1,9,1,P04
5,834,208,359,2,1,9,1,P04
5,835,228,646,1,1,9,1,P04
5,836,94,685,1,1,9,1,P04
5,837,104,480,4,1,9,1,P04
5,838,213,579,2,1,9,1,P04
5,839,144,280,2,1,9,1,P04
5,840,147,522,1,1,9,1,P04
5,841,208,464,4,2,9,1,P04
5,842,252,484,5,1,9,1,P04
5,843,121,323,4,1,9,1,P04
5,844,144,765,1,2,9,1,P04
5,845,205,660,3,1,9,1,P04
5,846,183,370,3,1,9,1,P04
5,847,286,640,2,2,9,1,P04
5,848,169,554,3,2,9,1,P04
5,849,154,581,2,1,9,1,P04
5,850,108,353,1,1,9,1,P04
5,851,140,314,5,2,9,1,P04
5,852,210,591,6,1,9,1,P04
5,853,213,566,1,1,9,1,P04
5,854,204,474,4,1,9,1,P04
5,855,211,628,1,1,9,1,P04
5,856,151,431,2,1,9,1,P04
5,857,226,675,5,2,9,1,P04
5,858,125,698,1,2,9,1,P04
5,859,167,573,3,1,9,1,P04
5,860,130,485,2,1,9,1,P04
5,861,201,643,2,1,9,1,P04
5,862,210,669,2,2,9,1,P04
5,863,115,632,2,1,9,1,P04
5,864,131,286,5,1,9,1,P04
5,865,142,717,2,1,9,1,P04
5,866,163,490,2,2,9,1,P04
5,867,105,296,4,1,9,1,P04
5,868,111,378,4,2,9,1,P04
5,869,142,550,1,1,9,1,P04
5,870,98,801,1,1,9,1,P04
5,871,209,303,1,1,9,1,P04
5,872,128,337,2,1,9,1,P04
5,873,118,500,1,1,9,1,P04
5,874,139,409,4,1,9,1,P04
5,875,201,398,2,3,9,1,P04
5,876,124,566,1,1,9,1,P04
5,877,270,712,1,1,9,1,P04
5,878,200,444,2,1,9,1,P04
5,879,167,466,1,1,9,1,P04
5,880,137,761,2,1,9,1,P04
5,881,184,724,4,2,9,1,P04
5,882,142,402,1,1,9,1,P04
5,883,165,478,1,1,9,1,P04
5,884,91,390,1,1,9,1,P04
5,885,86,612,1,1,9,1,P04
5,886,137,474,2,1,9,1,P04
5,887,87,397,1,1,9,1,P04
5,888,126,796,1,1,9,1,P04
5,889,94,612,1,2,9,1,P04
5,890,124,291,2,1,9,1,P04
5,891,208,509,6,1,9,1,P04
5,892,130,388,4,1,9,1,P04
5,893,140,458,4,1,9,1,P04
5,894,211,743,2,1,9,1,P04
5,895,142,579,1,1,9,1,P04
5,896,160,324,1,1,9,1,P04
5,897,332,618,4,1,9,1,P04
5,898,121,325,1,2,9,1,P04
5,899,382,588,1,1,9,1,P04
5,900,223,645,3,2,9,1,P04
5,901,124,278,4,1,9,1,P04
5,902,166,538,2,1,9,1,P04
5,903,151,560,1,1,9,1,P04
5,904,97,627,1,1,9,1,P04
5,905,117,426,1,2,9,1,P04
5,906,73,502,1,1,9,1,P04
5,907,130,525,2,1,9,1,P04
5,908,160,241,1,1,9,1,P04
5,909,141,450,2,3,9,1,P04
5,910,157,669,3,1,9,1,P04
5,911,199,675,3,1,9,1,P04
5,912,105,334,2,2,9,1,P04
5,913,210,690,2,1,9,1,P04
5,914,196,519,3,1,9,1,P04
5,915,191,748,1,1,9,1,P04
5,916,241,648,1,1,9,1,P04
5,917,117,284,5,1,9,1,P04
5,918,259,391,8,1,9,1,P04
5,919,152,528,2,1,9,1,P04
5,920,99,469,1,1,9,1,P04
5,921,293,682,3,1,9,1,P04
5,922,194,479,2,1,9,1,P04
5,923,160,517,2,1,9,1,P04
5,924,322,433,8,1,9,1,P04
5,925,206,235,3,1,9,1,P04
5,926,275,466,2,3,9,1,P04
5,927,155,513,1,1,9,1,P04
5,928,254,716,3,1,9,1,P04
5,929,140,436,3,2,9,1,P04
5,930,163,387,6,1,9,1,P04
5,931,177,497,1,1,9,1,P04
5,932,123,293,4,1,9,1,P04
5,933,112,288,4,1,9,1,P04
5,934,204,573,2,1,9,1,P04
5,935,182,765,3,1,9,1,P04
5,936,178,636,4,1,9,1,P04
5,937,220,562,2,1,9,1,P04
5,938,339,436,5,1,9,1,P04
5,939,127,331,4,1,9,1,P04
5,940,212,762,1,3,9,1,P04
5,941,171,761,3,1,9,1,P04
5,942,248,622,1,1,9,1,P04
5,943,163,254,5,1,9,1,P04
5,944,351,550,5,1,9,1,P04
5,945,125,766,1,1,9,1,P04
5,946,139,414,5,1,9,1,P04
5,947,181,763,2,1,9,1,P04
5,948,205,650,4,1,9,1,P04
5,949,239,706,1,1,9,1,P04
5,950,141,620,2,2,9,1,P04
5,951,216,612,1,1,9,1,P04
5,952,83,327,2,1,9,1,P04
5,953,147,323,3,1,9,1,P04
5,954,205,623,2,1,9,1,P04
5,955,95,344,2,1,9,1,P04
5,956,112,689,1,1,9,1,P04
5,957,93,413,1,1,9,1,P04
5,958,226,497,1,1,9,1,P04
5,959,131,491,2,1,9,1,P04
5,960,334,518,5,1,9,1,P04
5,961,128,392,6,2,9,1,P04
5,962,166,417,2,1,9,1,P04
5,963,308,678,1,1,9,1,P04
5,964,136,528,1,1,9,1,P04
5,965,182,539,3,1,9,1,P04
5,966,136,477,4,2,9,1,P04
5,967,132,462,1,1,9,1,P04
5,968,142,798,1,1,9,1,P04
5,969,195,667,3,1,9,1,P04
5,970,88,431,1,1,9,1,P04
5,971,181,663,1,1,9,1,P04
5,972,337,469,1,1,9,1,P04
5,973,267,476,2,1,9,1,P04
5,974,150,538,1,1,9,1,P04
5,975,127,387,1,1,9,1,P04
5,976,172,323,1,1,9,1,P04
5,977,176,708,3,1,9,1,P04
5,978,144,359,3,1,9,1,P04
5,979,149,741,2,1,9,1,P04
5,980,190,572,3,1,9,1,P04
5,981,114,314,5,1,9,1,P04
5,982,191,735,2,1,9,1,P04
5,983,151,629,1,1,9,1,P04
5,984,221,646,2,1,9,1,P04
5,985,157,446,1,1,9,1,P04
5,986,255,623,2,1,9,1,P04
5,987,93,346,2,2,9,1,P04
5,988,230,635,3,1,9,1,P04
5,989,273,516,2,1,9,1,P04
5,990,129,678,1,1,9,1,P04
5,991,128,407,6,2,9,1,P04
5,992,170,404,5,1,9,1,P04
5,993,193,317,4,1,9,1,P04
5,994,136,345,1,1,9,1,P04
5,995,160,551,1,2,9,1,P04
5,996,129,280,2,2,9,1,P04
5,997,155,589,2,1,9,1,P04
5,998,153,593,2,1,9,1,P04
5,999,188,707,2,1,9,1,P04
5,1000,150,783,1,1,9,1,P04
