condition,session,b1,b2,r1,r2,schedule_r1,schedule_r2,PID
1,1,56,415,1,6,1,9,P08
1,2,51,540,1,5,1,9,P08
1,3,33,871,1,8,1,9,P08
1,4,71,363,1,10,1,9,P08
1,5,26,426,1,4,1,9,P08
1,6,33,838,1,13,1,9,P08
1,7,75,542,1,8,1,9,P08
1,8,47,523,1,9,1,9,P08
1,9,50,574,1,7,1,9,P08
1,10,53,818,1,4,1,9,P08
1,11,58,471,1,10,1,9,P08
1,12,67,658,1,10,1,9,P08
1,13,37,708,1,17,1,9,P08
1,14,75,485,1,12,1,9,P08
1,15,163,689,1,9,1,9,P08
1,16,21,494,1,10,1,9,P08
1,17,132,660,1,13,1,9,P08
1,18,112,862,1,10,1,9,P08
1,19,56,689,1,8,1,9,P08
1,20,49,539,1,5,1,9,P08
1,21,80,537,1,4,1,9,P08
1,22,92,632,1,8,1,9,P08
1,23,34,783,1,10,1,9,P08
1,24,89,500,1,7,1,9,P08
1,25,82,881,1,8,1,9,P08
1,26,114,520,1,10,1,9,P08
1,27,51,515,1,3,1,9,P08
1,28,208,647,1,7,1,9,P08
1,29,62,566,1,9,1,9,P08
1,30,119,688,1,10,1,9,P08
1,31,72,337,1,6,1,9,P08
1,32,115,389,1,13,1,9,P08
1,33,78,416,1,8,1,9,P08
1,34,142,486,1,11,1,9,P08
1,35,34,911,1,12,1,9,P08
1,36,87,778,1,6,1,9,P08
1,37,47,408,1,8,1,9,P08
1,38,145,640,1,8,1,9,P08
1,39,51,579,1,11,1,9,P08
1,40,60,659,1,4,1,9,P08
1,41,39,603,1,9,1,9,P08
1,42,37,662,1,10,1,9,P08
1,43,111,301,1,1,1,9,P08
1,44,24,794,1,10,1,9,P08
1,45,35,529,1,11,1,9,P08
1,46,51,387,1,9,1,9,P08
1,47,125,433,1,5,1,9,P08
1,48,90,592,1,7,1,9,P08
1,49,128,377,1,4,1,9,P08
1,50,113,632,1,6,1,9,P08
1,51,33,441,1,7,1,9,P08
1,52,19,541,1,5,1,9,P08
1,53,63,897,1,12,1,9,P08
1,54,47,616,1,5,1,9,P08
1,55,59,668,1,9,1,9,P08
1,56,72,657,1,9,1,9,P08
1,57,19,433,1,8,1,9,P08
1,58,164,472,1,9,1,9,P08
1,59,95,903,1,12,1,9,P08
1,60,14,756,1,10,1,9,P08
1,61,108,798,1,6,1,9,P08
1,62,26,871,1,8,1,9,P08
1,63,106,778,1,8,1,9,P08
1,64,77,459,1,9,1,9,P08
1,65,77,686,1,2,1,9,P08
1,66,118,555,1,9,1,9,P08
1,67,35,796,1,11,1,9,P08
1,68,53,917,1,4,1,9,P08
1,69,64,434,1,10,1,9,P08
1,70,128,466,1,6,1,9,P08
1,71,33,480,1,16,1,9,P08
1,72,57,373,1,5,1,9,P08
1,73,89,543,1,9,1,9,P08
1,74,35,848,1,9,1,9,P08
1,75,204,733,1,10,1,9,P08
1,76,69,633,1,6,1,9,P08
1,77,38,853,1,10,1,9,P08
1,78,131,504,1,7,1,9,P08
1,79,33,532,1,6,1,9,P08
1,80,181,528,1,3,1,9,P08
1,81,59,506,1,5,1,9,P08
1,82,60,892,1,9,1,9,P08
1,83,42,645,2,4,1,9,P08
1,84,47,511,1,9,1,9,P08
1,85,29,922,1,8,1,9,P08
1,86,16,397,1,10,1,9,P08
1,87,71,585,1,11,1,9,P08
1,88,47,863,1,5,1,9,P08
1,89,50,475,1,6,1,9,P08
1,90,14,760,1,8,1,9,P08
1,91,127,860,1,11,1,9,P08
1,92,59,829,1,13,1,9,P08
1,93,214,476,1,7,1,9,P08
1,94,70,341,1,11,1,9,P08
1,95,45,824,1,11,1,9,P08
1,96,82,903,1,8,1,9,P08
1,97,340,580,1,10,1,9,P08
1,98,80,561,1,7,1,9,P08
1,99,50,612,1,8,1,9,P08
1,100,55,417,1,5,1,9,P08
1,101,54,403,1,8,1,9,P08
1,102,128,717,1,6,1,9,P08
1,103,112,573,1,6,1,9,P08
1,104,151,826,1,11,1,9,P08
1,105,186,429,1,3,1,9,P08
1,106,145,720,1,10,1,9,P08
1,107,146,833,1,5,1,9,P08
1,108,10,643,1,6,1,9,P08
1,109,74,426,1,7,1,9,P08
1,110,177,677,1,3,1,9,P08
1,111,28,613,1,4,1,9,P08
1,112,65,517,1,9,1,9,P08
1,113,51,580,1,6,1,9,P08
1,114,56,826,1,7,1,9,P08
1,115,98,439,1,9,1,9,P08
1,116,76,472,1,6,1,9,P08
1,117,25,498,1,9,1,9,P08
1,118,78,718,1,6,1,9,P08
1,119,52,810,1,7,1,9,P08
1,120,58,449,1,9,1,9,P08
1,121,52,740,1,6,1,9,P08
1,122,41,569,1,4,1,9,P08
1,123,59,855,1,8,1,9,P08
1,124,176,299,1,7,1,9,P08
1,125,199,599,1,5,1,9,P08
1,126,68,894,1,8,1,9,P08
1,127,15,566,1,3,1,9,P08
1,128,59,560,1,6,1,9,P08
1,129,127,671,1,8,1,9,P08
1,130,62,708,1,6,1,9,P08
1,131,42,534,1,9,1,9,P08
1,132,116,854,1,6,1,9,P08
1,133,33,392,1,7,1,9,P08
1,134,124,861,1,8,1,9,P08
1,135,17,422,1,9,1,9,P08
1,136,99,429,1,5,1,9,P08
1,137,106,520,1,10,1,9,P08
1,138,203,352,1,6,1,9,P08
1,139,61,610,1,6,1,9,P08
1,140,108,434,1,12,1,9,P08
1,141,107,834,1,10,1,9,P08
1,142,142,632,1,3,1,9,P08
1,143,61,541,1,10,1,9,P08
1,144,30,404,1,6,1,9,P08
1,145,83,904,1,8,1,9,P08
1,146,114,864,1,4,1,9,P08
1,147,46,495,1,2,1,9,P08
1,148,20,697,1,9,1,9,P08
1,149,60,340,1,7,1,9,P08
1,150,71,652,1,4,1,9,P08
1,151,80,521,1,9,1,9,P08
1,152,61,606,1,8,1,9,P08
1,153,25,562,1,6,1,9,P08
1,154,119,660,1,5,1,9,P08
1,155,157,721,1,8,1,9,P08
1,156,103,451,1,6,1,9,P08
1,157,52,716,1,8,1,9,P08
1,158,16,737,1,7,1,9,P08
1,159,239,595,1,8,1,9,P08
1,160,26,513,1,7,1,9,P08
1,161,62,439,1,9,1,9,P08
1,162,131,415,1,8,1,9,P08
1,163,130,555,1,11,1,9,P08
1,164,94,565,1,7,1,9,P08
1,165,115,472,1,6,1,9,P08
1,166,106,858,1,5,1,9,P08
1,167,64,791,1,8,1,9,P08
1,168,85,389,1,9,1,9,P08
1,169,91,760,1,7,1,9,P08
1,170,37,597,1,8,1,9,P08
1,171,17,395,1,9,1,9,P08
1,172,32,641,1,8,1,9,P08
1,173,66,435,1,5,1,9,P08
1,174,70,738,1,6,1,9,P08
1,175,82,451,1,13,1,9,P08
1,176,72,522,1,13,1,9,P08
1,177,100,711,1,7,1,9,P08
1,178,48,366,1,12,1,9,P08
1,179,239,740,1,12,1,9,P08
1,180,49,828,1,6,1,9,P08
1,181,68,502,1,6,1,9,P08
1,182,71,766,1,13,1,9,P08
1,183,44,460,1,9,1,9,P08
1,184,42,511,1,8,1,9,P08
1,185,18,664,1,8,1,9,P08
1,186,69,511,1,6,1,9,P08
1,187,135,570,1,8,1,9,P08
1,188,61,370,1,7,1,9,P08
1,189,256,632,1,3,1,9,P08
1,190,293,419,1,9,1,9,P08
1,191,119,732,1,7,1,9,P08
1,192,60,678,1,12,1,9,P08
1,193,62,516,1,8,1,9,P08
1,194,41,391,1,8,1,9,P08
1,195,69,668,1,9,1,9,P08
1,196,87,699,1,7,1,9,P08
1,197,89,793,1,11,1,9,P08
1,198,43,671,1,7,1,9,P08
1,199,51,524,1,11,1,9,P08
1,200,105,663,1,3,1,9,P08
1,201,35,525,1,12,1,9,P08
1,202,31,737,1,9,1,9,P08
1,203,83,828,1,7,1,9,P08
1,204,85,352,1,8,1,9,P08
1,205,20,698,1,10,1,9,P08
1,206,114,832,1,5,1,9,P08
1,207,16,755,1,4,1,9,P08
1,208,42,771,1,6,1,9,P08
1,209,41,476,1,12,1,9,P08
1,210,44,600,1,7,1,9,P08
1,211,272,507,1,6,1,9,P08
1,212,49,892,1,8,1,9,P08
1,213,62,558,1,8,1,9,P08
1,214,32,429,1,4,1,9,P08
1,215,134,579,1,7,1,9,P08
1,216,338,551,1,5,1,9,P08
1,217,67,727,1,11,1,9,P08
1,218,46,939,1,4,1,9,P08
1,219,32,487,1,15,1,9,P08
1,220,112,687,1,6,1,9,P08
1,221,97,509,1,6,1,9,P08
1,222,99,348,2,9,1,9,P08
1,223,162,419,1,7,1,9,P08
1,224,74,700,1,12,1,9,P08
1,225,60,483,1,11,1,9,P08
1,226,141,781,1,5,1,9,P08
1,227,42,450,1,6,1,9,P08
1,228,53,722,1,8,1,9,P08
1,229,74,764,1,15,1,9,P08
1,230,51,792,1,8,1,9,P08
1,231,255,695,1,8,1,9,P08
1,232,43,428,1,8,1,9,P08
1,233,262,543,1,3,1,9,P08
1,234,130,327,1,5,1,9,P08
1,235,136,549,1,4,1,9,P08
1,236,86,493,1,5,1,9,P08
1,237,31,849,1,10,1,9,P08
1,238,57,534,1,6,1,9,P08
1,239,60,889,1,8,1,9,P08
1,240,90,519,1,7,1,9,P08
1,241,30,521,1,2,1,9,P08
1,242,104,577,1,9,1,9,P08
1,243,78,623,1,3,1,9,P08
1,244,52,877,1,8,1,9,P08
1,245,44,940,1,8,1,9,P08
1,246,71,871,1,10,1,9,P08
1,247,48,847,1,9,1,9,P08
1,248,61,870,1,8,1,9,P08
1,249,38,793,1,10,1,9,P08
1,250,121,666,1,14,1,9,P08
1,251,110,742,1,8,1,9,P08
1,252,120,726,2,9,1,9,P08
1,253,197,732,1,6,1,9,P08
1,254,150,744,1,4,1,9,P08
1,255,58,395,1,9,1,9,P08
1,256,51,631,1,5,1,9,P08
1,257,13,457,1,9,1,9,P08
1,258,94,529,1,8,1,9,P08
1,259,28,706,1,11,1,9,P08
1,260,57,630,1,9,1,9,P08
1,261,21,486,1,7,1,9,P08
1,262,64,931,1,6,1,9,P08
1,263,117,565,1,2,1,9,P08
1,264,57,402,1,6,1,9,P08
1,265,144,569,1,9,1,9,P08
1,266,82,717,1,6,1,9,P08
1,267,41,564,1,7,1,9,P08
1,268,115,795,1,4,1,9,P08
1,269,196,735,1,7,1,9,P08
1,270,19,744,1,8,1,9,P08
1,271,108,491,1,2,1,9,P08
1,272,96,742,1,8,1,9,P08
1,273,38,720,1,5,1,9,P08
1,274,97,420,1,11,1,9,P08
1,275,58,841,1,10,1,9,P08
1,276,64,726,1,6,1,9,P08
1,277,63,627,1,10,1,9,P08
1,278,80,808,1,10,1,9,P08
1,279,110,831,1,6,1,9,P08
1,280,18,868,1,9,1,9,P08
1,281,78,704,1,7,1,9,P08
1,282,165,677,1,5,1,9,P08
1,283,53,413,1,7,1,9,P08
1,284,12,402,1,13,1,9,P08
1,285,160,769,1,6,1,9,P08
1,286,137,585,1,4,1,9,P08
1,287,55,932,1,12,1,9,P08
1,288,93,846,1,8,1,9,P08
1,289,108,449,1,5,1,9,P08
1,290,41,698,1,7,1,9,P08
1,291,51,846,1,5,1,9,P08
1,292,73,472,1,8,1,9,P08
1,293,56,782,1,8,1,9,P08
1,294,40,688,1,9,1,9,P08
1,295,29,487,1,9,1,9,P08
1,296,102,503,1,3,1,9,P08
1,297,59,715,1,12,1,9,P08
1,298,130,811,1,9,1,9,P08
1,299,63,462,1,9,1,9,P08
1,300,79,499,1,7,1,9,P08
1,301,45,526,1,14,1,9,P08
1,302,243,658,1,7,1,9,P08
1,303,98,847,1,8,1,9,P08
1,304,32,461,1,11,1,9,P08
1,305,77,810,1,12,1,9,P08
1,306,125,818,1,6,1,9,P08
1,307,152,542,1,11,1,9,P08
1,308,70,764,1,7,1,9,P08
1,309,66,792,1,7,1,9,P08
1,310,20,493,1,7,1,9,P08
1,311,113,457,1,13,1,9,P08
1,312,68,529,1,12,1,9,P08
1,313,13,465,1,20,1,9,P08
1,314,26,900,1,8,1,9,P08
1,315,98,402,1,8,1,9,P08
1,316,61,455,1,8,1,9,P08
1,317,110,848,1,12,1,9,P08
1,318,26,422,1,11,1,9,P08
1,319,35,698,1,13,1,9,P08
1,320,114,742,1,12,1,9,P08
1,321,34,845,1,6,1,9,P08
1,322,135,686,1,6,1,9,P08
1,323,270,526,1,3,1,9,P08
1,324,182,737,1,9,1,9,P08
1,325,73,736,1,6,1,9,P08
1,326,68,401,1,5,1,9,P08
1,327,98,326,1,5,1,9,P08
1,328,63,562,1,13,1,9,P08
1,329,55,890,1,8,1,9,P08
1,330,84,904,1,7,1,9,P08
1,331,111,654,1,7,1,9,P08
1,332,54,841,1,7,1,9,P08
1,333,32,888,1,12,1,9,P08
1,334,38,543,1,12,1,9,P08
1,335,229,758,1,6,1,9,P08
1,336,63,630,1,11,1,9,P08
1,337,178,673,1,6,1,9,P08
1,338,98,716,1,11,1,9,P08
1,339,87,354,1,8,1,9,P08
1,340,34,434,1,12,1,9,P08
1,341,98,539,1,7,1,9,P08
1,342,60,566,1,8,1,9,P08
1,343,69,613,1,11,1,9,P08
1,344,61,352,1,5,1,9,P08
1,345,91,673,1,5,1,9,P08
1,346,29,900,1,9,1,9,P08
1,347,81,476,1,6,1,9,P08
1,348,187,429,1,8,1,9,P08
1,349,181,721,1,9,1,9,P08
1,350,132,599,1,6,1,9,P08
1,351,36,879,1,5,1,9,P08
1,352,89,730,1,5,1,9,P08
1,353,56,739,1,8,1,9,P08
1,354,119,696,1,8,1,9,P08
1,355,31,417,1,7,1,9,P08
1,356,48,514,1,10,1,9,P08
1,357,88,490,1,7,1,9,P08
1,358,49,461,1,6,1,9,P08
1,359,39,775,1,9,1,9,P08
1,360,19,639,1,10,1,9,P08
1,361,58,612,1,6,1,9,P08
1,362,178,762,1,6,1,9,P08
1,363,25,441,1,8,1,9,P08
1,364,104,773,1,4,1,9,P08
1,365,46,596,1,10,1,9,P08
1,366,34,372,1,9,1,9,P08
1,367,72,919,1,6,1,9,P08
1,368,131,732,1,13,1,9,P08
1,369,46,493,1,10,1,9,P08
1,370,93,768,1,9,1,9,P08
1,371,132,837,1,8,1,9,P08
1,372,102,876,1,9,1,9,P08
1,373,84,667,1,7,1,9,P08
1,374,52,862,1,7,1,9,P08
1,375,49,605,1,8,1,9,P08
1,376,51,431,1,10,1,9,P08
1,377,66,450,1,11,1,9,P08
1,378,64,581,1,7,1,9,P08
1,379,44,406,1,10,1,9,P08
1,380,44,879,1,9,1,9,P08
1,381,32,533,1,8,1,9,P08
1,382,22,660,1,10,1,9,P08
1,383,48,525,1,6,1,9,P08
1,384,21,398,1,9,1,9,P08
1,385,59,545,1,9,1,9,P08
1,386,70,501,1,10,1,9,P08
1,387,87,853,1,15,1,9,P08
1,388,58,887,1,6,1,9,P08
1,389,145,275,1,5,1,9,P08
1,390,127,375,1,7,1,9,P08
1,391,81,814,1,6,1,9,P08
1,392,15,470,1,6,1,9,P08
1,393,50,890,1,10,1,9,P08
1,394,21,496,1,11,1,9,P08
1,395,103,667,1,5,1,9,P08
1,396,101,705,1,4,1,9,P08
1,397,53,636,1,3,1,9,P08
1,398,48,467,1,8,1,9,P08
1,399,81,508,1,5,1,9,P08
1,400,37,612,1,11,1,9,P08
1,401,40,898,1,11,1,9,P08
1,402,67,711,1,11,1,9,P08
1,403,132,565,1,9,1,9,P08
1,404,100,860,1,7,1,9,P08
1,405,48,756,1,9,1,9,P08
1,406,28,382,1,7,1,9,P08
1,407,77,344,1,3,1,9,P08
1,408,232,741,1,6,1,9,P08
1,409,21,841,1,9,1,9,P08
1,410,131,639,1,9,1,9,P08
1,411,32,875,1,9,1,9,P08
1,412,73,658,1,9,1,9,P08
1,413,37,448,1,10,1,9,P08
1,414,141,420,1,9,1,9,P08
1,415,35,758,1,14,1,9,P08
1,416,43,651,1,12,1,9,P08
1,417,42,798,1,7,1,9,P08
1,418,77,397,1,7,1,9,P08
1,419,41,721,1,7,1,9,P08
1,420,52,822,1,11,1,9,P08
1,421,23,422,1,10,1,9,P08
1,422,78,732,1,10,1,9,P08
1,423,20,742,1,7,1,9,P08
1,424,136,342,1,9,1,9,P08
1,425,92,732,1,12,1,9,P08
1,426,51,720,1,8,1,9,P08
1,427,62,741,1,6,1,9,P08
1,428,60,675,1,6,1,9,P08
1,429,134,819,1,12,1,9,P08
1,430,126,830,1,8,1,9,P08
1,431,48,543,1,9,1,9,P08
1,432,177,767,1,6,1,9,P08
1,433,79,902,1,8,1,9,P08
1,434,123,702,1,10,1,9,P08
1,435,58,854,1,7,1,9,P08
1,436,84,908,1,3,1,9,P08
1,437,71,715,1,10,1,9,P08
1,438,44,533,1,8,1,9,P08
1,439,22,452,1,10,1,9,P08
1,440,118,697,1,6,1,9,P08
1,441,122,827,1,9,1,9,P08
1,442,67,585,1,8,1,9,P08
1,443,34,412,1,11,1,9,P08
1,444,19,457,1,5,1,9,P08
1,445,45,512,1,8,1,9,P08
1,446,52,654,1,10,1,9,P08
1,447,37,450,1,7,1,9,P08
1,448,21,509,1,9,1,9,P08
1,449,78,479,1,6,1,9,P08
1,450,16,592,1,9,1,9,P08
1,451,203,598,1,3,1,9,P08
1,452,172,579,1,12,1,9,P08
1,453,55,743,1,6,1,9,P08
1,454,118,856,1,5,1,9,P08
1,455,37,591,1,5,1,9,P08
1,456,127,794,1,10,1,9,P08
1,457,118,499,1,10,1,9,P08
1,458,49,481,1,8,1,9,P08
1,459,89,700,1,8,1,9,P08
1,460,269,429,1,6,1,9,P08
1,461,95,713,1,9,1,9,P08
1,462,131,818,1,7,1,9,P08
1,463,63,539,1,11,1,9,P08
1,464,15,394,1,10,1,9,P08
1,465,62,402,1,5,1,9,P08
1,466,74,756,1,3,1,9,P08
1,467,127,511,1,12,1,9,P08
1,468,54,661,1,8,1,9,P08
1,469,55,483,1,8,1,9,P08
1,470,26,434,1,8,1,9,P08
1,471,98,593,1,7,1,9,P08
1,472,193,542,1,7,1,9,P08
1,473,72,706,1,6,1,9,P08
1,474,189,809,1,4,1,9,P08
1,475,92,771,1,6,1,9,P08
1,476,24,591,1,8,1,9,P08
1,477,58,847,1,8,1,9,P08
1,478,83,505,1,9,1,9,P08
1,479,39,502,1,6,1,9,P08
1,480,81,790,1,10,1,9,P08
1,481,28,683,1,12,1,9,P08
1,482,60,842,1,15,1,9,P08
1,483,82,733,1,12,1,9,P08
1,484,89,750,1,11,1,9,P08
1,485,91,853,1,6,1,9,P08
1,486,43,629,1,12,1,9,P08
1,487,103,841,1,10,1,9,P08
1,488,49,695,1,8,1,9,P08
1,489,67,355,2,8,1,9,P08
1,490,84,657,1,8,1,9,P08
1,491,95,511,1,12,1,9,P08
1,492,111,715,1,9,1,9,P08
1,493,35,851,1,6,1,9,P08
1,494,124,554,1,6,1,9,P08
1,495,64,770,1,2,1,9,P08
1,496,53,917,1,5,1,9,P08
1,497,178,697,1,4,1,9,P08
1,498,39,548,1,15,1,9,P08
1,499,32,578,1,10,1,9,P08
1,500,94,449,1,9,1,9,P08
1,501,23,729,1,12,1,9,P08
1,502,35,530,1,9,1,9,P08
1,503,30,665,1,7,1,9,P08
1,504,85,516,1,7,1,9,P08
1,505,47,378,1,7,1,9,P08
1,506,31,915,1,8,1,9,P08
1,507,49,814,1,1,1,9,P08
1,508,163,649,1,4,1,9,P08
1,509,162,705,1,8,1,9,P08
1,510,33,806,1,8,1,9,P08
1,511,81,802,1,3,1,9,P08
1,512,55,555,1,9,1,9,P08
1,513,46,673,1,8,1,9,P08
1,514,96,552,1,5,1,9,P08
1,515,78,449,1,10,1,9,P08
1,516,84,536,1,8,1,9,P08
1,517,233,761,1,9,1,9,P08
1,518,92,885,1,11,1,9,P08
1,519,73,790,1,7,1,9,P08
1,520,49,604,1,11,1,9,P08
1,521,14,552,1,8,1,9,P08
1,522,54,652,1,8,1,9,P08
1,523,141,449,1,7,1,9,P08
1,524,77,493,1,4,1,9,P08
1,525,52,910,1,2,1,9,P08
1,526,90,577,1,8,1,9,P08
1,527,21,396,1,17,1,9,P08
1,528,107,839,1,5,1,9,P08
1,529,37,421,1,2,1,9,P08
1,530,64,657,1,8,1,9,P08
1,531,40,487,1,7,1,9,P08
1,532,63,365,1,8,1,9,P08
1,533,59,432,1,7,1,9,P08
1,534,67,589,1,6,1,9,P08
1,535,132,837,1,9,1,9,P08
1,536,75,835,1,4,1,9,P08
1,537,143,842,1,5,1,9,P08
1,538,36,497,1,9,1,9,P08
1,539,60,361,1,14,1,9,P08
1,540,34,914,1,8,1,9,P08
1,541,94,759,1,5,1,9,P08
1,542,48,891,1,10,1,9,P08
1,543,91,691,1,12,1,9,P08
1,544,74,343,1,7,1,9,P08
1,545,70,814,1,8,1,9,P08
1,546,73,633,1,1,1,9,P08
1,547,104,632,1,10,1,9,P08
1,548,89,800,1,8,1,9,P08
1,549,87,798,1,7,1,9,P08
1,550,161,765,1,8,1,9,P08
1,551,40,873,1,6,1,9,P08
1,552,92,868,1,7,1,9,P08
1,553,41,773,1,11,1,9,P08
1,554,19,487,1,15,1,9,P08
1,555,20,392,1,12,1,9,P08
1,556,22,412,1,6,1,9,P08
1,557,211,323,1,9,1,9,P08
1,558,142,808,1,6,1,9,P08
1,559,76,425,1,10,1,9,P08
1,560,70,494,1,9,1,9,P08
1,561,72,629,1,4,1,9,P08
1,562,33,538,1,6,1,9,P08
1,563,99,705,1,6,1,9,P08
1,564,264,720,1,5,1,9,P08
1,565,76,584,1,5,1,9,P08
1,566,64,567,1,7,1,9,P08
1,567,87,732,1,10,1,9,P08
1,568,40,525,1,6,1,9,P08
1,569,50,470,1,13,1,9,P08
1,570,83,697,1,12,1,9,P08
1,571,63,656,1,3,1,9,P08
1,572,36,384,1,14,1,9,P08
1,573,71,341,1,6,1,9,P08
1,574,58,482,1,10,1,9,P08
1,575,108,816,1,4,1,9,P08
1,576,138,859,1,4,1,9,P08
1,577,91,458,1,7,1,9,P08
1,578,130,486,1,11,1,9,P08
1,579,58,801,1,6,1,9,P08
1,580,77,776,1,10,1,9,P08
1,581,142,574,1,7,1,9,P08
1,582,44,824,1,12,1,9,P08
1,583,51,638,1,15,1,9,P08
1,584,72,604,1,8,1,9,P08
1,585,62,605,1,18,1,9,P08
1,586,86,725,1,10,1,9,P08
1,587,19,448,1,14,1,9,P08
1,588,82,857,1,3,1,9,P08
1,589,52,665,1,11,1,9,P08
1,590,64,836,1,4,1,9,P08
1,591,113,577,1,10,1,9,P08
1,592,94,389,1,2,1,9,P08
1,593,196,545,1,3,1,9,P08
1,594,62,816,1,10,1,9,P08
1,595,118,807,1,13,1,9,P08
1,596,38,405,1,5,1,9,P08
1,597,49,598,1,8,1,9,P08
1,598,56,351,1,11,1,9,P08
1,599,64,405,1,10,1,9,P08
1,600,32,624,1,7,1,9,P08
1,601,41,454,1,4,1,9,P08
1,602,55,415,1,7,1,9,P08
1,603,63,512,1,2,1,9,P08
1,604,50,475,1,3,1,9,P08
1,605,62,340,1,3,1,9,P08
1,606,54,759,1,9,1,9,P08
1,607,34,371,1,8,1,9,P08
1,608,44,475,1,10,1,9,P08
1,609,234,668,1,5,1,9,P08
1,610,47,515,1,10,1,9,P08
1,611,295,670,1,4,1,9,P08
1,612,22,425,1,10,1,9,P08
1,613,56,345,1,7,1,9,P08
1,614,82,772,1,3,1,9,P08
1,615,168,657,1,6,1,9,P08
1,616,183,690,1,6,1,9,P08
1,617,74,922,1,7,1,9,P08
1,618,50,717,1,7,1,9,P08
1,619,42,726,1,13,1,9,P08
1,620,46,732,1,11,1,9,P08
1,621,115,505,1,9,1,9,P08
1,622,50,582,1,10,1,9,P08
1,623,41,695,1,5,1,9,P08
1,624,130,283,1,5,1,9,P08
1,625,155,330,1,4,1,9,P08
1,626,43,362,1,10,1,9,P08
1,627,78,596,1,1,1,9,P08
1,628,32,584,1,11,1,9,P08
1,629,121,671,1,10,1,9,P08
1,630,97,810,1,4,1,9,P08
1,631,103,853,1,9,1,9,P08
1,632,30,510,1,12,1,9,P08
1,633,86,748,1,6,1,9,P08
1,634,45,857,1,7,1,9,P08
1,635,123,323,1,8,1,9,P08
1,636,96,823,1,9,1,9,P08
1,637,118,873,1,13,1,9,P08
1,638,143,501,1,3,1,9,P08
1,639,102,831,1,6,1,9,P08
1,640,216,736,2,6,1,9,P08
1,641,35,398,1,9,1,9,P08
1,642,50,771,1,12,1,9,P08
1,643,206,567,1,6,1,9,P08
1,644,133,751,1,9,1,9,P08
1,645,71,723,1,6,1,9,P08
1,646,362,636,1,11,1,9,P08
1,647,119,582,1,11,1,9,P08
1,648,25,680,1,13,1,9,P08
1,649,36,387,1,9,1,9,P08
1,650,88,758,1,8,1,9,P08
1,651,27,390,1,5,1,9,P08
1,652,77,704,1,6,1,9,P08
1,653,100,818,1,9,1,9,P08
1,654,25,402,1,10,1,9,P08
1,655,13,843,1,11,1,9,P08
1,656,36,399,1,5,1,9,P08
1,657,138,633,1,13,1,9,P08
1,658,25,376,1,11,1,9,P08
1,659,44,903,1,12,1,9,P08
1,660,85,670,1,10,1,9,P08
1,661,87,717,1,6,1,9,P08
1,662,60,938,1,11,1,9,P08
1,663,105,645,1,5,1,9,P08
1,664,94,651,1,5,1,9,P08
1,665,42,671,1,11,1,9,P08
1,666,149,672,1,11,1,9,P08
1,667,85,528,1,11,1,9,P08
1,668,126,777,1,7,1,9,P08
1,669,51,888,1,10,1,9,P08
1,670,43,509,1,9,1,9,P08
1,671,146,839,1,6,1,9,P08
1,672,43,467,1,13,1,9,P08
1,673,62,541,1,2,1,9,P08
1,674,54,820,1,3,1,9,P08
1,675,34,694,1,10,1,9,P08
1,676,59,367,1,8,1,9,P08
1,677,49,849,1,7,1,9,P08
1,678,235,657,1,5,1,9,P08
1,679,18,732,1,14,1,9,P08
1,680,135,807,1,8,1,9,P08
1,681,40,802,1,9,1,9,P08
1,682,72,740,1,5,1,9,P08
1,683,59,603,1,12,1,9,P08
1,684,22,405,1,11,1,9,P08
1,685,132,789,1,6,1,9,P08
1,686,146,808,1,5,1,9,P08
1,687,71,854,1,3,1,9,P08
1,688,68,379,1,7,1,9,P08
1,689,63,529,1,8,1,9,P08
1,690,70,770,1,7,1,9,P08
1,691,46,555,1,9,1,9,P08
1,692,47,506,1,5,1,9,P08
1,693,46,448,1,11,1,9,P08
1,694,39,678,1,8,1,9,P08
1,695,135,545,1,8,1,9,P08
1,696,50,503,1,9,1,9,P08
1,697,124,516,1,8,1,9,P08
1,698,49,386,1,4,1,9,P08
1,699,68,637,1,8,1,9,P08
1,700,129,418,1,6,1,9,P08
1,701,41,870,1,9,1,9,P08
1,702,62,525,1,6,1,9,P08
1,703,62,872,1,8,1,9,P08
1,704,140,816,1,7,1,9,P08
1,705,67,560,1,6,1,9,P08
1,706,88,433,1,8,1,9,P08
1,707,115,549,1,11,1,9,P08
1,708,141,645,1,7,1,9,P08
1,709,30,422,1,14,1,9,P08
1,710,74,660,1,8,1,9,P08
1,711,40,630,1,7,1,9,P08
1,712,30,659,1,13,1,9,P08
1,713,65,834,1,6,1,9,P08
1,714,21,790,1,9,1,9,P08
1,715,57,875,1,10,1,9,P08
1,716,64,425,1,8,1,9,P08
1,717,46,654,1,7,1,9,P08
1,718,89,544,1,6,1,9,P08
1,719,27,458,1,9,1,9,P08
1,720,49,611,1,6,1,9,P08
1,721,161,461,1,5,1,9,P08
1,722,50,798,1,9,1,9,P08
1,723,28,417,1,8,1,9,P08
1,724,203,688,1,10,1,9,P08
1,725,80,613,1,7,1,9,P08
1,726,31,505,1,4,1,9,P08
1,727,118,880,1,10,1,9,P08
1,728,29,404,1,9,1,9,P08
1,729,167,592,1,8,1,9,P08
1,730,112,743,1,4,1,9,P08
1,731,66,494,1,5,1,9,P08
1,732,50,634,1,7,1,9,P08
1,733,23,526,1,13,1,9,P08
1,734,161,774,1,9,1,9,P08
1,735,166,557,1,8,1,9,P08
1,736,184,604,1,5,1,9,P08
1,737,53,578,1,9,1,9,P08
1,738,47,468,1,10,1,9,P08
1,739,28,544,1,11,1,9,P08
1,740,42,660,1,10,1,9,P08
1,741,203,700,1,9,1,9,P08
1,742,119,775,1,8,1,9,P08
1,743,36,715,1,5,1,9,P08
1,744,29,455,1,7,1,9,P08
1,745,161,589,1,9,1,9,P08
1,746,10,500,1,3,1,9,P08
1,747,67,732,1,7,1,9,P08
1,748,127,456,1,8,1,9,P08
1,749,54,581,1,7,1,9,P08
1,750,29,557,1,7,1,9,P08
1,751,48,761,1,8,1,9,P08
1,752,112,542,1,4,1,9,P08
1,753,236,540,1,7,1,9,P08
1,754,185,689,1,8,1,9,P08
1,755,42,525,1,11,1,9,P08
1,756,17,661,1,5,1,9,P08
1,757,68,798,1,12,1,9,P08
1,758,51,623,1,6,1,9,P08
1,759,100,783,1,9,1,9,P08
1,760,79,917,1,12,1,9,P08
1,761,41,933,1,13,1,9,P08
1,762,148,392,1,7,1,9,P08
1,763,32,495,1,1,1,9,P08
1,764,69,851,1,6,1,9,P08
1,765,71,819,1,9,1,9,P08
1,766,53,726,1,6,1,9,P08
1,767,37,537,1,6,1,9,P08
1,768,201,564,1,4,1,9,P08
1,769,54,811,1,7,1,9,P08
1,770,33,399,1,6,1,9,P08
1,771,25,458,1,3,1,9,P08
1,772,101,871,1,7,1,9,P08
1,773,73,860,1,14,1,9,P08
1,774,88,484,1,9,1,9,P08
1,775,166,782,1,7,1,9,P08
1,776,45,603,1,7,1,9,P08
1,777,38,811,1,11,1,9,P08
1,778,84,644,1,5,1,9,P08
1,779,30,603,1,12,1,9,P08
1,780,63,593,1,10,1,9,P08
1,781,21,461,1,6,1,9,P08
1,782,44,422,1,10,1,9,P08
1,783,25,421,1,11,1,9,P08
1,784,118,755,1,13,1,9,P08
1,785,61,419,1,10,1,9,P08
1,786,43,394,1,9,1,9,P08
1,787,54,647,1,3,1,9,P08
1,788,28,566,1,12,1,9,P08
1,789,68,787,1,8,1,9,P08
1,790,72,875,1,12,1,9,P08
1,791,32,746,1,10,1,9,P08
1,792,44,939,1,10,1,9,P08
1,793,30,624,1,9,1,9,P08
1,794,36,694,1,7,1,9,P08
1,795,31,558,1,4,1,9,P08
1,796,23,505,1,8,1,9,P08
1,797,98,848,1,5,1,9,P08
1,798,27,920,1,7,1,9,P08
1,799,113,767,1,3,1,9,P08
1,800,13,452,1,6,1,9,P08
1,801,133,455,1,12,1,9,P08
1,802,44,450,1,7,1,9,P08
1,803,58,919,1,7,1,9,P08
1,804,125,701,1,12,1,9,P08
1,805,95,621,1,2,1,9,P08
1,806,94,847,1,6,1,9,P08
1,807,88,593,1,13,1,9,P08
1,808,67,730,1,6,1,9,P08
1,809,18,560,1,12,1,9,P08
1,810,134,784,1,12,1,9,P08
1,811,27,618,1,7,1,9,P08
1,812,39,590,1,5,1,9,P08
1,813,82,513,1,7,1,9,P08
1,814,107,381,1,9,1,9,P08
1,815,64,882,1,10,1,9,P08
1,816,86,834,1,9,1,9,P08
1,817,45,561,1,5,1,9,P08
1,818,58,833,1,9,1,9,P08
1,819,75,587,1,6,1,9,P08
1,820,32,692,1,12,1,9,P08
1,821,20,755,1,7,1,9,P08
1,822,39,725,1,8,1,9,P08
1,823,56,372,1,4,1,9,P08
1,824,82,578,1,8,1,9,P08
1,825,35,520,1,7,1,9,P08
1,826,111,318,1,6,1,9,P08
1,827,107,844,1,8,1,9,P08
1,828,60,415,1,8,1,9,P08
1,829,81,730,1,4,1,9,P08
1,830,47,741,1,13,1,9,P08
1,831,144,831,1,9,1,9,P08
1,832,26,682,1,4,1,9,P08
1,833,43,796,1,11,1,9,P08
1,834,44,486,1,6,1,9,P08
1,835,110,535,1,6,1,9,P08
1,836,61,742,1,12,1,9,P08
1,837,52,454,1,7,1,9,P08
1,838,108,776,1,14,1,9,P08
1,839,28,663,1,7,1,9,P08
1,840,107,697,1,12,1,9,P08
1,841,95,638,1,5,1,9,P08
1,842,87,908,1,8,1,9,P08
1,843,74,467,1,3,1,9,P08
1,844,182,369,1,6,1,9,P08
1,845,69,812,1,3,1,9,P08
1,846,64,729,1,10,1,9,P08
1,847,199,709,1,5,1,9,P08
1,848,175,461,1,11,1,9,P08
1,849,272,402,1,5,1,9,P08
1,850,129,788,1,9,1,9,P08
1,851,110,459,1,5,1,9,P08
1,852,67,692,1,9,1,9,P08
1,853,57,542,1,12,1,9,P08
1,854,32,445,1,12,1,9,P08
1,855,73,842,1,5,1,9,P08
1,856,68,468,1,7,1,9,P08
1,857,79,621,1,8,1,9,P08
1,858,48,523,1,7,1,9,P08
1,859,56,883,1,13,1,9,P08
1,860,39,803,1,14,1,9,P08
1,861,248,488,1,2,1,9,P08
1,862,29,663,1,13,1,9,P08
1,863,36,473,1,12,1,9,P08
1,864,115,866,1,10,1,9,P08
1,865,11,453,1,6,1,9,P08
1,866,122,755,1,8,1,9,P08
1,867,114,469,1,10,1,9,P08
1,868,67,788,1,9,1,9,P08
1,869,45,396,1,9,1,9,P08
1,870,72,409,1,7,1,9,P08
1,871,218,744,1,6,1,9,P08
1,872,48,865,1,5,1,9,P08
1,873,12,519,1,11,1,9,P08
1,874,50,825,1,10,1,9,P08
1,875,191,410,1,4,1,9,P08
1,876,80,321,1,9,1,9,P08
1,877,41,682,1,5,1,9,P08
1,878,55,430,1,13,1,9,P08
1,879,50,831,1,9,1,9,P08
1,880,81,476,1,6,1,9,P08
1,881,150,550,2,7,1,9,P08
1,882,30,416,1,13,1,9,P08
1,883,174,714,1,7,1,9,P08
1,884,91,671,1,6,1,9,P08
1,885,96,544,1,12,1,9,P08
1,886,59,905,1,11,1,9,P08
1,887,58,568,1,11,1,9,P08
1,888,28,442,1,6,1,9,P08
1,889,60,560,1,10,1,9,P08
1,890,71,339,1,6,1,9,P08
1,891,101,667,1,7,1,9,P08
1,892,52,750,1,4,1,9,P08
1,893,27,665,1,12,1,9,P08
1,894,79,594,2,11,1,9,P08
1,895,72,418,1,7,1,9,P08
1,896,179,763,1,3,1,9,P08
1,897,55,845,1,9,1,9,P08
1,898,62,483,1,6,1,9,P08
1,899,33,645,1,8,1,9,P08
1,900,33,463,1,4,1,9,P08
1,901,18,414,1,11,1,9,P08
1,902,128,452,1,8,1,9,P08
1,903,86,893,1,10,1,9,P08
1,904,33,756,1,6,1,9,P08
1,905,55,638,1,8,1,9,P08
1,906,97,892,1,7,1,9,P08
1,907,366,460,1,9,1,9,P08
1,908,158,613,1,7,1,9,P08
1,909,150,776,1,9,1,9,P08
1,910,125,835,1,7,1,9,P08
1,911,110,800,1,5,1,9,P08
1,912,39,718,1,8,1,9,P08
1,913,52,512,2,8,1,9,P08
1,914,28,433,1,12,1,9,P08
1,915,34,489,1,10,1,9,P08
1,916,118,791,1,5,1,9,P08
1,917,96,736,1,13,1,9,P08
1,918,38,701,1,9,1,9,P08
1,919,65,419,1,9,1,9,P08
1,920,177,386,1,4,1,9,P08
1,921,137,767,1,6,1,9,P08
1,922,47,418,1,11,1,9,P08
1,923,61,746,1,6,1,9,P08
1,924,84,651,1,7,1,9,P08
1,925,41,532,1,6,1,9,P08
1,926,43,598,1,10,1,9,P08
1,927,113,883,1,9,1,9,P08
1,928,32,389,1,8,1,9,P08
1,929,61,448,1,10,1,9,P08
1,930,104,774,1,8,1,9,P08
1,931,10,554,1,13,1,9,P08
1,932,35,368,1,11,1,9,P08
1,933,145,718,1,6,1,9,P08
1,934,25,477,1,13,1,9,P08
1,935,82,888,1,6,1,9,P08
1,936,63,829,1,7,1,9,P08
1,937,43,953,1,15,1,9,P08
1,938,122,570,1,7,1,9,P08
1,939,73,866,1,6,1,9,P08
1,940,98,645,1,9,1,9,P08
1,941,127,374,1,10,1,9,P08
1,942,134,456,1,5,1,9,P08
1,943,46,489,1,15,1,9,P08
1,944,112,761,1,7,1,9,P08
1,945,30,415,1,14,1,9,P08
1,946,112,458,1,7,1,9,P08
1,947,25,390,1,7,1,9,P08
1,948,85,662,1,15,1,9,P08
1,949,92,323,1,10,1,9,P08
1,950,51,812,1,7,1,9,P08
1,951,63,433,1,9,1,9,P08
1,952,93,645,1,7,1,9,P08
1,953,96,803,1,10,1,9,P08
1,954,14,662,1,13,1,9,P08
1,955,139,853,1,7,1,9,P08
1,956,56,421,1,15,1,9,P08
1,957,33,387,1,8,1,9,P08
1,958,64,901,1,12,1,9,P08
1,959,131,836,1,8,1,9,P08
1,960,86,387,1,5,1,9,P08
1,961,75,751,1,7,1,9,P08
1,962,41,716,1,4,1,9,P08
1,963,113,725,1,10,1,9,P08
1,964,36,851,1,10,1,9,P08
1,965,40,779,1,8,1,9,P08
1,966,98,795,1,14,1,9,P08
1,967,42,369,1,9,1,9,P08
1,968,75,881,1,9,1,9,P08
1,969,54,433,1,6,1,9,P08
1,970,27,754,1,7,1,9,P08
1,971,54,509,1,5,1,9,P08
1,972,46,495,1,5,1,9,P08
1,973,74,741,1,8,1,9,P08
1,974,24,636,1,8,1,9,P08
1,975,63,341,1,5,1,9,P08
1,976,183,748,1,16,1,9,P08
1,977,121,853,1,11,1,9,P08
1,978,74,482,1,5,1,9,P08
1,979,275,654,1,7,1,9,P08
1,980,59,689,1,4,1,9,P08
1,981,18,574,1,13,1,9,P08
1,982,80,645,1,14,1,9,P08
1,983,85,490,1,11,1,9,P08
1,984,101,580,1,3,1,9,P08
1,985,30,375,1,11,1,9,P08
1,986,54,929,1,7,1,9,P08
1,987,15,578,1,10,1,9,P08
1,988,52,491,1,8,1,9,P08
1,989,32,473,1,12,1,9,P08
1,990,51,415,1,9,1,9,P08
1,991,44,405,1,10,1,9,P08
1,992,67,908,1,13,1,9,P08
1,993,76,367,1,8,1,9,P08
1,994,60,888,1,10,1,9,P08
1,995,57,835,1,7,1,9,P08
1,996,92,741,1,15,1,9,P08
1,997,35,634,1,10,1,9,P08
1,998,23,825,1,8,1,9,P08
1,999,94,385,1,11,1,9,P08
1,1000,38,687,1,10,1,9,P08
2,1,96,449,1,2,1,3,P08
2,2,211,785,1,3,1,3,P08
2,3,119,351,1,4,1,3,P08
2,4,115,626,1,2,1,3,P08
2,5,325,671,1,1,1,3,P08
2,6,309,482,1,1,1,3,P08
2,7,231,687,1,1,1,3,P08
2,8,52,693,1,2,1,3,P08
2,9,84,650,1,3,1,3,P08
2,10,147,375,1,3,1,3,P08
2,11,308,665,1,2,1,3,P08
2,12,210,690,1,4,1,3,P08
2,13,230,768,1,2,1,3,P08
2,14,189,540,1,3,1,3,P08
2,15,153,654,1,1,1,3,P08
2,16,60,525,1,1,1,3,P08
2,17,207,556,1,1,1,3,P08
2,18,99,414,1,4,1,3,P08
2,19,28,388,1,1,1,3,P08
2,20,105,397,1,1,1,3,P08
2,21,48,743,1,2,1,3,P08
2,22,125,324,1,3,1,3,P08
2,23,52,376,1,1,1,3,P08
2,24,94,821,1,1,1,3,P08
2,25,108,568,1,3,1,3,P08
2,26,232,500,1,1,1,3,P08
2,27,111,508,1,3,1,3,P08
2,28,313,466,1,2,1,3,P08
2,29,172,392,1,5,1,3,P08
2,30,80,404,1,1,1,3,P08
2,31,288,434,1,2,1,3,P08
2,32,265,729,1,7,1,3,P08
2,33,222,412,1,2,1,3,P08
2,34,135,568,1,2,1,3,P08
2,35,159,763,1,5,1,3,P08
2,36,240,553,1,5,1,3,P08
2,37,141,405,1,4,1,3,P08
2,38,76,845,1,2,1,3,P08
2,39,142,416,1,1,1,3,P08
2,40,100,402,1,1,1,3,P08
2,41,75,462,1,3,1,3,P08
2,42,295,569,1,1,1,3,P08
2,43,424,208,1,3,1,3,P08
2,44,213,537,1,2,1,3,P08
2,45,242,706,1,1,1,3,P08
2,46,152,609,1,3,1,3,P08
2,47,170,613,1,3,1,3,P08
2,48,193,791,1,4,1,3,P08
2,49,313,641,1,3,1,3,P08
2,50,84,458,1,2,1,3,P08
2,51,171,285,1,1,1,3,P08
2,52,52,523,1,1,1,3,P08
2,53,71,332,1,1,1,3,P08
2,54,143,410,1,3,1,3,P08
2,55,104,482,1,1,1,3,P08
2,56,278,673,1,4,1,3,P08
2,57,287,586,1,3,1,3,P08
2,58,43,623,1,3,1,3,P08
2,59,148,705,1,2,1,3,P08
2,60,197,757,1,1,1,3,P08
2,61,159,809,1,3,1,3,P08
2,62,147,662,1,3,1,3,P08
2,63,218,628,1,2,1,3,P08
2,64,197,782,1,2,1,3,P08
2,65,311,420,1,2,1,3,P08
2,66,61,451,1,4,1,3,P08
2,67,195,618,1,1,1,3,P08
2,68,167,722,1,1,1,3,P08
2,69,116,527,1,2,1,3,P08
2,70,153,306,1,1,1,3,P08
2,71,88,785,1,7,1,3,P08
2,72,78,352,1,5,1,3,P08
2,73,126,376,1,1,1,3,P08
2,74,250,238,1,1,1,3,P08
2,75,183,346,1,3,1,3,P08
2,76,157,814,1,4,1,3,P08
2,77,218,761,1,3,1,3,P08
2,78,79,346,1,1,1,3,P08
2,79,144,784,1,3,1,3,P08
2,80,47,356,1,1,1,3,P08
2,81,107,451,1,2,1,3,P08
2,82,303,663,1,3,1,3,P08
2,83,219,423,1,3,1,3,P08
2,84,106,335,1,1,1,3,P08
2,85,179,743,1,6,1,3,P08
2,86,119,341,1,1,1,3,P08
2,87,437,513,1,1,1,3,P08
2,88,121,385,1,4,1,3,P08
2,89,174,800,1,2,1,3,P08
2,90,160,698,1,2,1,3,P08
2,91,81,798,1,5,1,3,P08
2,92,154,795,1,2,1,3,P08
2,93,221,617,1,3,1,3,P08
2,94,31,423,1,3,1,3,P08
2,95,87,539,1,4,1,3,P08
2,96,249,301,1,4,1,3,P08
2,97,158,412,1,4,1,3,P08
2,98,149,746,1,1,1,3,P08
2,99,56,443,1,2,1,3,P08
2,100,84,675,1,4,1,3,P08
2,101,181,254,1,1,1,3,P08
2,102,127,780,1,1,1,3,P08
2,103,143,389,1,3,1,3,P08
2,104,63,582,1,2,1,3,P08
2,105,113,329,1,3,1,3,P08
2,106,230,442,1,3,1,3,P08
2,107,244,549,1,1,1,3,P08
2,108,90,489,1,2,1,3,P08
2,109,175,387,1,1,1,3,P08
2,110,83,858,1,1,1,3,P08
2,111,200,776,1,1,1,3,P08
2,112,322,647,1,1,1,3,P08
2,113,108,596,1,1,1,3,P08
2,114,111,592,1,2,1,3,P08
2,115,226,374,1,2,1,3,P08
2,116,103,365,1,2,1,3,P08
2,117,119,338,1,2,1,3,P08
2,118,200,760,1,1,1,3,P08
2,119,220,629,1,1,1,3,P08
2,120,44,546,1,1,1,3,P08
2,121,236,697,1,3,1,3,P08
2,122,409,385,2,1,1,3,P08
2,123,199,643,1,3,1,3,P08
2,124,233,765,1,1,1,3,P08
2,125,159,441,1,2,1,3,P08
2,126,289,528,1,2,1,3,P08
2,127,227,769,1,1,1,3,P08
2,128,141,646,1,3,1,3,P08
2,129,158,460,1,2,1,3,P08
2,130,219,726,1,1,1,3,P08
2,131,169,717,1,3,1,3,P08
2,132,111,850,1,1,1,3,P08
2,133,153,512,1,1,1,3,P08
2,134,423,446,1,1,1,3,P08
2,135,207,389,1,2,1,3,P08
2,136,171,502,1,1,1,3,P08
2,137,104,808,1,1,1,3,P08
2,138,229,646,1,3,1,3,P08
2,139,295,664,1,2,1,3,P08
2,140,72,667,1,4,1,3,P08
2,141,58,402,1,1,1,3,P08
2,142,94,397,1,4,1,3,P08
2,143,131,840,1,1,1,3,P08
2,144,63,546,1,1,1,3,P08
2,145,46,487,1,2,1,3,P08
2,146,241,754,1,7,1,3,P08
2,147,49,369,1,4,1,3,P08
2,148,117,612,1,4,1,3,P08
2,149,260,350,1,1,1,3,P08
2,150,70,639,1,1,1,3,P08
2,151,113,527,1,1,1,3,P08
2,152,49,567,1,5,1,3,P08
2,153,136,766,1,1,1,3,P08
2,154,209,732,1,3,1,3,P08
2,155,168,248,1,2,1,3,P08
2,156,307,533,1,3,1,3,P08
2,157,85,538,1,4,1,3,P08
2,158,77,325,1,4,1,3,P08
2,159,139,768,1,3,1,3,P08
2,160,62,600,1,7,1,3,P08
2,161,133,742,1,1,1,3,P08
2,162,162,594,1,5,1,3,P08
2,163,152,709,1,4,1,3,P08
2,164,89,316,1,1,1,3,P08
2,165,268,641,1,2,1,3,P08
2,166,193,305,1,2,1,3,P08
2,167,46,434,1,1,1,3,P08
2,168,163,602,1,1,1,3,P08
2,169,117,880,1,3,1,3,P08
2,170,94,570,1,1,1,3,P08
2,171,86,401,1,3,1,3,P08
2,172,87,660,1,3,1,3,P08
2,173,68,491,1,1,1,3,P08
2,174,61,859,1,4,1,3,P08
2,175,165,360,1,3,1,3,P08
2,176,264,605,1,3,1,3,P08
2,177,116,495,1,3,1,3,P08
2,178,450,461,1,1,1,3,P08
2,179,212,536,1,2,1,3,P08
2,180,162,782,1,3,1,3,P08
2,181,199,591,1,1,1,3,P08
2,182,123,492,1,6,1,3,P08
2,183,39,431,1,5,1,3,P08
2,184,378,517,2,1,1,3,P08
2,185,184,612,1,1,1,3,P08
2,186,95,736,1,3,1,3,P08
2,187,223,745,1,4,1,3,P08
2,188,162,656,1,4,1,3,P08
2,189,192,581,1,2,1,3,P08
2,190,211,576,1,2,1,3,P08
2,191,229,739,1,3,1,3,P08
2,192,107,547,1,2,1,3,P08
2,193,110,300,1,4,1,3,P08
2,194,186,650,1,1,1,3,P08
2,195,115,746,1,1,1,3,P08
2,196,245,565,1,2,1,3,P08
2,197,23,697,1,3,1,3,P08
2,198,136,692,1,3,1,3,P08
2,199,187,793,2,2,1,3,P08
2,200,132,296,1,1,1,3,P08
2,201,139,716,1,1,1,3,P08
2,202,66,422,1,3,1,3,P08
2,203,96,492,1,2,1,3,P08
2,204,251,418,1,4,1,3,P08
2,205,133,838,1,2,1,3,P08
2,206,283,598,1,3,1,3,P08
2,207,143,657,1,1,1,3,P08
2,208,114,832,1,1,1,3,P08
2,209,79,583,1,1,1,3,P08
2,210,78,572,2,3,1,3,P08
2,211,122,779,1,2,1,3,P08
2,212,315,656,1,3,1,3,P08
2,213,137,599,1,2,1,3,P08
2,214,178,557,1,1,1,3,P08
2,215,87,323,1,5,1,3,P08
2,216,164,547,1,2,1,3,P08
2,217,125,805,1,2,1,3,P08
2,218,82,455,1,1,1,3,P08
2,219,34,603,1,3,1,3,P08
2,220,101,449,1,3,1,3,P08
2,221,44,705,1,2,1,3,P08
2,222,240,742,1,2,1,3,P08
2,223,157,449,1,2,1,3,P08
2,224,157,545,1,1,1,3,P08
2,225,166,609,1,1,1,3,P08
2,226,75,337,1,1,1,3,P08
2,227,227,451,1,1,1,3,P08
2,228,96,416,1,2,1,3,P08
2,229,243,748,1,3,1,3,P08
2,230,137,799,1,1,1,3,P08
2,231,68,442,1,4,1,3,P08
2,232,69,342,1,3,1,3,P08
2,233,122,493,1,2,1,3,P08
2,234,188,397,1,5,1,3,P08
2,235,226,557,1,4,1,3,P08
2,236,109,650,1,3,1,3,P08
2,237,204,617,1,1,1,3,P08
2,238,103,336,1,5,1,3,P08
2,239,253,662,1,2,1,3,P08
2,240,131,392,1,1,1,3,P08
2,241,95,672,1,2,1,3,P08
2,242,170,596,1,2,1,3,P08
2,243,196,690,1,1,1,3,P08
2,244,283,635,1,4,1,3,P08
2,245,89,412,1,3,1,3,P08
2,246,293,687,1,2,1,3,P08
2,247,235,505,1,1,1,3,P08
2,248,131,816,1,1,1,3,P08
2,249,86,424,1,2,1,3,P08
2,250,107,645,1,8,1,3,P08
2,251,180,446,1,1,1,3,P08
2,252,57,670,1,1,1,3,P08
2,253,207,627,1,3,1,3,P08
2,254,73,374,1,1,1,3,P08
2,255,68,362,1,1,1,3,P08
2,256,78,525,1,1,1,3,P08
2,257,96,463,1,1,1,3,P08
2,258,220,248,1,1,1,3,P08
2,259,102,799,1,1,1,3,P08
2,260,143,458,1,1,1,3,P08
2,261,290,600,1,3,1,3,P08
2,262,183,713,1,2,1,3,P08
2,263,58,351,1,2,1,3,P08
2,264,253,538,1,3,1,3,P08
2,265,101,795,1,4,1,3,P08
2,266,120,854,1,2,1,3,P08
2,267,132,707,1,1,1,3,P08
2,268,197,397,1,3,1,3,P08
2,269,137,340,2,2,1,3,P08
2,270,153,668,1,2,1,3,P08
2,271,166,382,1,2,1,3,P08
2,272,213,540,1,2,1,3,P08
2,273,100,429,2,4,1,3,P08
2,274,184,439,1,2,1,3,P08
2,275,294,674,1,2,1,3,P08
2,276,165,377,1,1,1,3,P08
2,277,309,367,1,1,1,3,P08
2,278,242,613,2,1,1,3,P08
2,279,134,473,1,4,1,3,P08
2,280,235,576,1,2,1,3,P08
2,281,491,489,1,2,1,3,P08
2,282,159,545,1,3,1,3,P08
2,283,248,376,1,5,1,3,P08
2,284,90,607,1,2,1,3,P08
2,285,142,659,1,4,1,3,P08
2,286,117,292,1,1,1,3,P08
2,287,318,452,1,4,1,3,P08
2,288,309,690,1,1,1,3,P08
2,289,114,554,1,2,1,3,P08
2,290,406,481,1,1,1,3,P08
2,291,112,610,1,2,1,3,P08
2,292,54,584,1,5,1,3,P08
2,293,90,537,1,5,1,3,P08
2,294,51,636,1,4,1,3,P08
2,295,386,428,1,1,1,3,P08
2,296,226,494,1,2,1,3,P08
2,297,165,714,1,1,1,3,P08
2,298,183,585,1,3,1,3,P08
2,299,244,742,1,1,1,3,P08
2,300,117,509,1,3,1,3,P08
2,301,220,724,1,2,1,3,P08
2,302,399,481,1,6,1,3,P08
2,303,207,782,1,2,1,3,P08
2,304,84,472,1,1,1,3,P08
2,305,213,747,1,3,1,3,P08
2,306,223,580,1,4,1,3,P08
2,307,53,375,1,4,1,3,P08
2,308,157,557,1,2,1,3,P08
2,309,141,705,1,1,1,3,P08
2,310,184,343,1,1,1,3,P08
2,311,94,707,1,1,1,3,P08
2,312,102,353,1,1,1,3,P08
2,313,214,765,1,1,1,3,P08
2,314,120,664,1,7,1,3,P08
2,315,87,313,1,2,1,3,P08
2,316,307,631,1,3,1,3,P08
2,317,99,337,1,3,1,3,P08
2,318,75,520,1,1,1,3,P08
2,319,191,387,1,1,1,3,P08
2,320,80,582,1,5,1,3,P08
2,321,111,663,1,5,1,3,P08
2,322,56,792,1,3,1,3,P08
2,323,176,281,1,1,1,3,P08
2,324,128,280,1,2,1,3,P08
2,325,67,540,1,5,1,3,P08
2,326,292,417,1,2,1,3,P08
2,327,158,688,1,1,1,3,P08
2,328,82,908,1,2,1,3,P08
2,329,157,734,1,5,1,3,P08
2,330,155,646,1,1,1,3,P08
2,331,333,356,1,1,1,3,P08
2,332,96,606,1,1,1,3,P08
2,333,123,603,1,4,1,3,P08
2,334,212,723,1,2,1,3,P08
2,335,155,717,1,3,1,3,P08
2,336,85,479,1,2,1,3,P08
2,337,124,681,1,2,1,3,P08
2,338,75,363,1,1,1,3,P08
2,339,254,727,1,2,1,3,P08
2,340,66,399,1,5,1,3,P08
2,341,172,800,1,1,1,3,P08
2,342,207,729,1,2,1,3,P08
2,343,252,647,1,1,1,3,P08
2,344,143,487,1,2,1,3,P08
2,345,116,411,2,4,1,3,P08
2,346,109,775,1,2,1,3,P08
2,347,167,393,1,4,1,3,P08
2,348,166,680,1,1,1,3,P08
2,349,85,387,1,2,1,3,P08
2,350,86,618,1,1,1,3,P08
2,351,129,790,1,4,1,3,P08
2,352,181,674,1,4,1,3,P08
2,353,103,407,1,1,1,3,P08
2,354,207,615,1,1,1,3,P08
2,355,292,532,1,1,1,3,P08
2,356,119,546,1,6,1,3,P08
2,357,222,482,1,3,1,3,P08
2,358,157,777,1,3,1,3,P08
2,359,189,363,1,1,1,3,P08
2,360,207,420,1,2,1,3,P08
2,361,77,883,1,6,1,3,P08
2,362,70,851,1,3,1,3,P08
2,363,132,614,1,1,1,3,P08
2,364,138,523,1,2,1,3,P08
2,365,103,761,1,6,1,3,P08
2,366,94,377,1,3,1,3,P08
2,367,304,557,1,2,1,3,P08
2,368,108,510,1,4,1,3,P08
2,369,158,407,1,4,1,3,P08
2,370,288,415,1,2,1,3,P08
2,371,126,367,1,2,1,3,P08
2,372,65,537,1,6,1,3,P08
2,373,232,747,1,3,1,3,P08
2,374,139,641,1,1,1,3,P08
2,375,97,418,1,3,1,3,P08
2,376,94,797,1,4,1,3,P08
2,377,104,332,1,2,1,3,P08
2,378,236,650,1,3,1,3,P08
2,379,77,431,1,4,1,3,P08
2,380,105,661,1,1,1,3,P08
2,381,38,426,1,1,1,3,P08
2,382,308,444,1,3,1,3,P08
2,383,347,641,1,2,1,3,P08
2,384,57,405,1,2,1,3,P08
2,385,163,615,1,1,1,3,P08
2,386,205,581,1,3,1,3,P08
2,387,77,499,1,4,1,3,P08
2,388,243,481,1,2,1,3,P08
2,389,158,777,1,1,1,3,P08
2,390,173,776,1,1,1,3,P08
2,391,93,416,1,4,1,3,P08
2,392,85,453,1,1,1,3,P08
2,393,353,570,1,2,1,3,P08
2,394,64,363,1,3,1,3,P08
2,395,87,401,1,2,1,3,P08
2,396,136,287,1,1,1,3,P08
2,397,238,751,1,1,1,3,P08
2,398,209,433,1,3,1,3,P08
2,399,55,598,1,2,1,3,P08
2,400,220,593,1,1,1,3,P08
2,401,14,425,1,1,1,3,P08
2,402,162,588,1,3,1,3,P08
2,403,60,780,1,2,1,3,P08
2,404,75,424,1,1,1,3,P08
2,405,201,662,1,1,1,3,P08
2,406,52,454,1,3,1,3,P08
2,407,41,371,1,7,1,3,P08
2,408,217,612,1,2,1,3,P08
2,409,274,524,1,1,1,3,P08
2,410,65,597,1,5,1,3,P08
2,411,53,361,1,5,1,3,P08
2,412,175,646,1,2,1,3,P08
2,413,226,177,1,1,1,3,P08
2,414,72,396,1,2,1,3,P08
2,415,96,551,1,5,1,3,P08
2,416,218,642,1,3,1,3,P08
2,417,111,727,1,1,1,3,P08
2,418,51,457,1,3,1,3,P08
2,419,125,302,1,3,1,3,P08
2,420,246,521,1,1,1,3,P08
2,421,127,802,1,2,1,3,P08
2,422,167,757,1,3,1,3,P08
2,423,37,493,1,3,1,3,P08
2,424,155,652,1,1,1,3,P08
2,425,73,327,1,5,1,3,P08
2,426,156,761,1,1,1,3,P08
2,427,129,466,1,2,1,3,P08
2,428,76,552,1,1,1,3,P08
2,429,57,475,1,3,1,3,P08
2,430,167,533,1,3,1,3,P08
2,431,346,624,1,2,1,3,P08
2,432,241,495,1,1,1,3,P08
2,433,90,620,1,3,1,3,P08
2,434,192,482,1,3,1,3,P08
2,435,172,549,1,1,1,3,P08
2,436,164,678,1,2,1,3,P08
2,437,239,688,1,3,1,3,P08
2,438,280,480,1,1,1,3,P08
2,439,182,470,1,1,1,3,P08
2,440,194,283,1,2,1,3,P08
2,441,120,540,1,2,1,3,P08
2,442,96,656,1,2,1,3,P08
2,443,99,560,1,1,1,3,P08
2,444,46,528,1,1,1,3,P08
2,445,195,526,1,1,1,3,P08
2,446,194,321,1,1,1,3,P08
2,447,331,540,1,1,1,3,P08
2,448,110,873,1,2,1,3,P08
2,449,139,619,1,5,1,3,P08
2,450,174,692,1,2,1,3,P08
2,451,201,792,1,3,1,3,P08
2,452,78,748,1,2,1,3,P08
2,453,411,572,1,3,1,3,P08
2,454,287,410,1,1,1,3,P08
2,455,192,241,2,2,1,3,P08
2,456,263,512,1,1,1,3,P08
2,457,94,552,1,1,1,3,P08
2,458,59,598,1,3,1,3,P08
2,459,91,715,1,5,1,3,P08
2,460,62,359,1,1,1,3,P08
2,461,90,468,1,5,1,3,P08
2,462,118,404,1,3,1,3,P08
2,463,119,749,1,3,1,3,P08
2,464,59,400,1,4,1,3,P08
2,465,195,698,1,1,1,3,P08
2,466,182,252,1,2,1,3,P08
2,467,70,601,1,3,1,3,P08
2,468,65,442,1,3,1,3,P08
2,469,324,630,1,1,1,3,P08
2,470,240,662,1,1,1,3,P08
2,471,36,436,1,2,1,3,P08
2,472,160,445,1,2,1,3,P08
2,473,209,226,1,2,1,3,P08
2,474,47,519,1,2,1,3,P08
2,475,60,355,1,4,1,3,P08
2,476,157,731,1,4,1,3,P08
2,477,179,814,1,1,1,3,P08
2,478,129,282,1,2,1,3,P08
2,479,46,675,1,2,1,3,P08
2,480,134,685,1,4,1,3,P08
2,481,63,914,1,1,1,3,P08
2,482,322,659,1,3,1,3,P08
2,483,227,444,1,2,1,3,P08
2,484,92,479,1,2,1,3,P08
2,485,289,634,1,3,1,3,P08
2,486,117,547,1,4,1,3,P08
2,487,104,645,2,2,1,3,P08
2,488,218,689,1,1,1,3,P08
2,489,204,506,1,1,1,3,P08
2,490,194,302,1,2,1,3,P08
2,491,70,359,1,3,1,3,P08
2,492,189,653,1,4,1,3,P08
2,493,41,474,1,4,1,3,P08
2,494,37,373,1,5,1,3,P08
2,495,193,323,1,3,1,3,P08
2,496,141,835,1,2,1,3,P08
2,497,68,568,2,4,1,3,P08
2,498,78,461,1,1,1,3,P08
2,499,244,408,1,4,1,3,P08
2,500,127,642,1,2,1,3,P08
2,501,148,703,1,2,1,3,P08
2,502,139,286,1,2,1,3,P08
2,503,179,535,1,5,1,3,P08
2,504,161,492,1,5,1,3,P08
2,505,201,451,1,2,1,3,P08
2,506,130,503,1,3,1,3,P08
2,507,146,455,1,3,1,3,P08
2,508,99,465,1,1,1,3,P08
2,509,140,324,2,1,1,3,P08
2,510,119,455,1,1,1,3,P08
2,511,109,723,1,2,1,3,P08
2,512,120,425,1,2,1,3,P08
2,513,130,371,1,2,1,3,P08
2,514,263,428,1,1,1,3,P08
2,515,106,669,1,5,1,3,P08
2,516,165,714,1,1,1,3,P08
2,517,87,858,1,5,1,3,P08
2,518,97,687,1,3,1,3,P08
2,519,92,421,1,3,1,3,P08
2,520,214,496,1,1,1,3,P08
2,521,67,412,1,2,1,3,P08
2,522,235,291,1,1,1,3,P08
2,523,66,424,1,1,1,3,P08
2,524,164,613,1,2,1,3,P08
2,525,76,522,1,1,1,3,P08
2,526,167,572,1,1,1,3,P08
2,527,140,313,2,4,1,3,P08
2,528,88,828,1,1,1,3,P08
2,529,94,818,1,1,1,3,P08
2,530,168,406,1,3,1,3,P08
2,531,247,734,1,3,1,3,P08
2,532,141,671,1,3,1,3,P08
2,533,244,242,1,3,1,3,P08
2,534,225,232,1,1,1,3,P08
2,535,160,765,1,5,1,3,P08
2,536,149,477,1,5,1,3,P08
2,537,104,637,1,3,1,3,P08
2,538,248,734,1,2,1,3,P08
2,539,284,505,1,1,1,3,P08
2,540,122,418,1,3,1,3,P08
2,541,146,326,1,4,1,3,P08
2,542,157,399,1,1,1,3,P08
2,543,303,635,1,4,1,3,P08
2,544,147,536,1,1,1,3,P08
2,545,70,389,1,2,1,3,P08
2,546,149,516,1,1,1,3,P08
2,547,63,539,1,2,1,3,P08
2,548,88,714,1,3,1,3,P08
2,549,186,744,1,1,1,3,P08
2,550,124,658,1,1,1,3,P08
2,551,313,670,1,2,1,3,P08
2,552,61,399,1,4,1,3,P08
2,553,184,646,1,2,1,3,P08
2,554,157,550,1,1,1,3,P08
2,555,126,836,1,4,1,3,P08
2,556,30,372,1,3,1,3,P08
2,557,98,822,1,4,1,3,P08
2,558,102,375,1,5,1,3,P08
2,559,56,621,1,4,1,3,P08
2,560,91,430,1,2,1,3,P08
2,561,217,425,1,2,1,3,P08
2,562,202,434,1,4,1,3,P08
2,563,104,436,1,2,1,3,P08
2,564,91,420,1,1,1,3,P08
2,565,220,430,1,1,1,3,P08
2,566,106,387,1,7,1,3,P08
2,567,83,578,1,2,1,3,P08
2,568,78,591,1,5,1,3,P08
2,569,235,640,1,1,1,3,P08
2,570,153,526,1,2,1,3,P08
2,571,268,684,1,3,1,3,P08
2,572,217,477,1,3,1,3,P08
2,573,140,501,1,1,1,3,P08
2,574,156,732,1,6,1,3,P08
2,575,147,642,1,2,1,3,P08
2,576,261,607,1,1,1,3,P08
2,577,139,326,1,3,1,3,P08
2,578,140,604,1,2,1,3,P08
2,579,64,734,1,5,1,3,P08
2,580,134,457,1,4,1,3,P08
2,581,182,611,1,4,1,3,P08
2,582,91,399,1,5,1,3,P08
2,583,118,817,1,2,1,3,P08
2,584,52,404,1,2,1,3,P08
2,585,232,621,1,1,1,3,P08
2,586,352,340,1,3,1,3,P08
2,587,134,304,1,1,1,3,P08
2,588,203,607,1,3,1,3,P08
2,589,94,432,1,1,1,3,P08
2,590,80,436,1,2,1,3,P08
2,591,204,617,1,2,1,3,P08
2,592,46,531,1,3,1,3,P08
2,593,262,450,1,3,1,3,P08
2,594,154,679,1,3,1,3,P08
2,595,92,322,1,3,1,3,P08
2,596,136,575,1,4,1,3,P08
2,597,81,340,1,1,1,3,P08
2,598,151,535,1,1,1,3,P08
2,599,75,533,1,3,1,3,P08
2,600,244,611,1,2,1,3,P08
2,601,204,684,1,2,1,3,P08
2,602,89,695,1,1,1,3,P08
2,603,114,714,1,1,1,3,P08
2,604,249,667,1,2,1,3,P08
2,605,163,773,1,2,1,3,P08
2,606,435,495,1,2,1,3,P08
2,607,83,587,1,1,1,3,P08
2,608,71,801,1,3,1,3,P08
2,609,209,739,1,4,1,3,P08
2,610,120,428,1,3,1,3,P08
2,611,45,635,1,2,1,3,P08
2,612,124,711,1,2,1,3,P08
2,613,199,504,1,3,1,3,P08
2,614,267,706,1,3,1,3,P08
2,615,128,693,1,4,1,3,P08
2,616,43,449,1,2,1,3,P08
2,617,275,636,1,1,1,3,P08
2,618,107,572,1,3,1,3,P08
2,619,81,428,1,4,1,3,P08
2,620,87,429,1,1,1,3,P08
2,621,176,710,1,1,1,3,P08
2,622,74,566,1,1,1,3,P08
2,623,83,398,1,1,1,3,P08
2,624,218,287,1,1,1,3,P08
2,625,143,463,1,3,1,3,P08
2,626,110,446,1,3,1,3,P08
2,627,370,478,1,4,1,3,P08
2,628,109,776,1,5,1,3,P08
2,629,97,457,1,5,1,3,P08
2,630,78,580,1,4,1,3,P08
2,631,251,723,1,2,1,3,P08
2,632,203,676,1,4,1,3,P08
2,633,58,414,1,7,1,3,P08
2,634,370,560,1,1,1,3,P08
2,635,117,725,1,2,1,3,P08
2,636,253,616,1,2,1,3,P08
2,637,148,745,1,1,1,3,P08
2,638,235,754,1,1,1,3,P08
2,639,95,773,1,5,1,3,P08
2,640,93,463,1,4,1,3,P08
2,641,250,621,2,1,1,3,P08
2,642,212,297,1,1,1,3,P08
2,643,86,464,1,3,1,3,P08
2,644,98,781,1,2,1,3,P08
2,645,64,679,1,1,1,3,P08
2,646,116,418,1,1,1,3,P08
2,647,38,374,1,3,1,3,P08
2,648,122,815,1,3,1,3,P08
2,649,126,425,1,1,1,3,P08
2,650,159,540,1,1,1,3,P08
2,651,67,460,1,4,1,3,P08
2,652,159,594,1,2,1,3,P08
2,653,159,671,1,2,1,3,P08
2,654,258,606,1,5,1,3,P08
2,655,26,378,1,3,1,3,P08
2,656,68,361,1,6,1,3,P08
2,657,205,355,1,3,1,3,P08
2,658,50,880,1,3,1,3,P08
2,659,145,836,1,4,1,3,P08
2,660,216,460,1,2,1,3,P08
2,661,94,628,1,1,1,3,P08
2,662,107,499,1,2,1,3,P08
2,663,85,405,1,2,1,3,P08
2,664,226,765,1,1,1,3,P08
2,665,83,646,1,1,1,3,P08
2,666,30,614,1,4,1,3,P08
2,667,73,472,1,1,1,3,P08
2,668,65,382,1,1,1,3,P08
2,669,174,708,1,1,1,3,P08
2,670,216,779,1,1,1,3,P08
2,671,125,509,1,2,1,3,P08
2,672,190,493,1,1,1,3,P08
2,673,322,492,1,1,1,3,P08
2,674,342,504,2,1,1,3,P08
2,675,144,802,1,1,1,3,P08
2,676,38,434,1,1,1,3,P08
2,677,60,576,1,6,1,3,P08
2,678,213,431,1,6,1,3,P08
2,679,196,522,1,1,1,3,P08
2,680,178,541,1,3,1,3,P08
2,681,63,424,1,2,1,3,P08
2,682,135,776,1,4,1,3,P08
2,683,250,642,2,4,1,3,P08
2,684,166,742,1,2,1,3,P08
2,685,184,660,1,2,1,3,P08
2,686,289,420,1,1,1,3,P08
2,687,61,590,1,5,1,3,P08
2,688,91,433,1,4,1,3,P08
2,689,63,362,1,1,1,3,P08
2,690,136,579,1,2,1,3,P08
2,691,462,397,4,2,1,3,P08
2,692,92,356,1,3,1,3,P08
2,693,194,590,1,1,1,3,P08
2,694,132,512,1,1,1,3,P08
2,695,170,263,1,3,1,3,P08
2,696,128,468,1,3,1,3,P08
2,697,102,660,1,1,1,3,P08
2,698,34,381,1,2,1,3,P08
2,699,342,500,1,2,1,3,P08
2,700,79,719,1,1,1,3,P08
2,701,159,770,1,1,1,3,P08
2,702,140,814,1,1,1,3,P08
2,703,90,703,1,1,1,3,P08
2,704,147,513,3,2,1,3,P08
2,705,139,768,1,5,1,3,P08
2,706,239,245,1,2,1,3,P08
2,707,174,731,1,1,1,3,P08
2,708,259,668,1,3,1,3,P08
2,709,223,568,1,4,1,3,P08
2,710,63,440,1,2,1,3,P08
2,711,32,580,1,1,1,3,P08
2,712,32,494,1,2,1,3,P08
2,713,80,844,1,2,1,3,P08
2,714,241,590,1,3,1,3,P08
2,715,127,346,1,2,1,3,P08
2,716,46,554,1,5,1,3,P08
2,717,128,656,1,2,1,3,P08
2,718,52,364,1,1,1,3,P08
2,719,150,503,1,1,1,3,P08
2,720,163,333,1,2,1,3,P08
2,721,56,477,1,2,1,3,P08
2,722,58,500,1,2,1,3,P08
2,723,326,656,1,1,1,3,P08
2,724,186,589,1,2,1,3,P08
2,725,68,506,1,2,1,3,P08
2,726,134,742,1,3,1,3,P08
2,727,120,592,1,6,1,3,P08
2,728,290,692,1,2,1,3,P08
2,729,368,603,1,1,1,3,P08
2,730,144,633,1,2,1,3,P08
2,731,189,523,1,2,1,3,P08
2,732,138,624,1,4,1,3,P08
2,733,139,703,1,2,1,3,P08
2,734,127,679,1,1,1,3,P08
2,735,174,290,1,1,1,3,P08
2,736,190,731,1,2,1,3,P08
2,737,165,727,1,2,1,3,P08
2,738,107,493,1,2,1,3,P08
2,739,291,674,1,2,1,3,P08
2,740,69,633,1,3,1,3,P08
2,741,62,617,1,4,1,3,P08
2,742,100,308,1,1,1,3,P08
2,743,139,768,1,3,1,3,P08
2,744,81,507,1,4,1,3,P08
2,745,201,669,1,3,1,3,P08
2,746,144,624,1,1,1,3,P08
2,747,175,663,1,3,1,3,P08
2,748,185,534,1,5,1,3,P08
2,749,54,545,1,2,1,3,P08
2,750,112,489,1,1,1,3,P08
2,751,97,348,1,2,1,3,P08
2,752,80,689,1,3,1,3,P08
2,753,101,324,1,1,1,3,P08
2,754,54,453,1,4,1,3,P08
2,755,83,325,1,2,1,3,P08
2,756,111,357,1,2,1,3,P08
2,757,60,555,1,2,1,3,P08
2,758,167,761,1,3,1,3,P08
2,759,323,388,1,3,1,3,P08
2,760,186,635,1,3,1,3,P08
2,761,106,397,1,2,1,3,P08
2,762,106,776,1,1,1,3,P08
2,763,168,449,1,4,1,3,P08
2,764,188,559,1,1,1,3,P08
2,765,41,647,1,2,1,3,P08
2,766,132,685,1,2,1,3,P08
2,767,122,404,2,1,1,3,P08
2,768,153,692,3,3,1,3,P08
2,769,140,429,1,6,1,3,P08
2,770,142,435,1,4,1,3,P08
2,771,53,578,1,3,1,3,P08
2,772,131,586,1,8,1,3,P08
2,773,81,529,1,3,1,3,P08
2,774,110,304,1,1,1,3,P08
2,775,87,559,1,4,1,3,P08
2,776,225,367,1,3,1,3,P08
2,777,113,623,1,7,1,3,P08
2,778,50,654,1,2,1,3,P08
2,779,159,664,1,3,1,3,P08
2,780,52,698,1,4,1,3,P08
2,781,176,334,1,4,1,3,P08
2,782,110,861,1,3,1,3,P08
2,783,187,501,1,2,1,3,P08
2,784,57,460,1,4,1,3,P08
2,785,78,521,1,5,1,3,P08
2,786,113,468,1,2,1,3,P08
2,787,195,640,1,1,1,3,P08
2,788,181,817,1,3,1,3,P08
2,789,210,683,1,5,1,3,P08
2,790,104,562,1,8,1,3,P08
2,791,149,380,1,3,1,3,P08
2,792,144,502,1,1,1,3,P08
2,793,266,564,1,3,1,3,P08
2,794,154,573,1,3,1,3,P08
2,795,138,535,1,2,1,3,P08
2,796,406,563,1,2,1,3,P08
2,797,165,751,1,3,1,3,P08
2,798,84,879,1,4,1,3,P08
2,799,56,459,1,6,1,3,P08
2,800,21,409,1,5,1,3,P08
2,801,171,614,1,2,1,3,P08
2,802,213,268,1,1,1,3,P08
2,803,102,383,1,2,1,3,P08
2,804,66,352,1,1,1,3,P08
2,805,102,876,1,6,1,3,P08
2,806,205,774,1,1,1,3,P08
2,807,99,523,1,3,1,3,P08
2,808,68,608,1,3,1,3,P08
2,809,50,392,1,4,1,3,P08
2,810,42,388,1,3,1,3,P08
2,811,162,796,1,1,1,3,P08
2,812,165,693,1,1,1,3,P08
2,813,161,332,1,3,1,3,P08
2,814,185,525,1,1,1,3,P08
2,815,54,459,1,3,1,3,P08
2,816,117,798,1,1,1,3,P08
2,817,50,394,1,1,1,3,P08
2,818,153,460,1,1,1,3,P08
2,819,150,787,1,3,1,3,P08
2,820,93,387,1,4,1,3,P08
2,821,44,530,1,3,1,3,P08
2,822,51,438,1,4,1,3,P08
2,823,231,393,1,1,1,3,P08
2,824,109,647,1,3,1,3,P08
2,825,154,305,1,2,1,3,P08
2,826,230,519,1,2,1,3,P08
2,827,159,834,1,2,1,3,P08
2,828,100,800,1,3,1,3,P08
2,829,206,580,1,1,1,3,P08
2,830,149,700,1,1,1,3,P08
2,831,50,357,1,4,1,3,P08
2,832,160,660,1,1,1,3,P08
2,833,102,594,1,2,1,3,P08
2,834,208,646,1,2,1,3,P08
2,835,176,680,1,1,1,3,P08
2,836,198,292,1,1,1,3,P08
2,837,84,836,1,3,1,3,P08
2,838,161,704,1,2,1,3,P08
2,839,142,723,1,1,1,3,P08
2,840,88,678,1,1,1,3,P08
2,841,108,470,1,4,1,3,P08
2,842,125,300,1,1,1,3,P08
2,843,113,412,1,1,1,3,P08
2,844,228,668,1,4,1,3,P08
2,845,92,611,1,1,1,3,P08
2,846,52,876,1,2,1,3,P08
2,847,175,275,2,6,1,3,P08
2,848,122,308,1,1,1,3,P08
2,849,244,630,1,2,1,3,P08
2,850,150,829,1,3,1,3,P08
2,851,109,436,1,3,1,3,P08
2,852,284,671,2,1,1,3,P08
2,853,163,409,1,1,1,3,P08
2,854,149,389,1,1,1,3,P08
2,855,199,242,1,1,1,3,P08
2,856,297,517,1,2,1,3,P08
2,857,287,261,1,1,1,3,P08
2,858,92,468,1,4,1,3,P08
2,859,141,391,1,1,1,3,P08
2,860,202,508,1,1,1,3,P08
2,861,209,545,1,4,1,3,P08
2,862,152,777,1,5,1,3,P08
2,863,100,560,1,1,1,3,P08
2,864,49,388,1,1,1,3,P08
2,865,250,745,1,2,1,3,P08
2,866,136,491,1,1,1,3,P08
2,867,123,302,1,3,1,3,P08
2,868,129,734,1,6,1,3,P08
2,869,69,453,1,6,1,3,P08
2,870,129,716,1,1,1,3,P08
2,871,285,708,1,1,1,3,P08
2,872,224,447,1,3,1,3,P08
2,873,106,792,1,1,1,3,P08
2,874,207,533,1,2,1,3,P08
2,875,127,336,1,1,1,3,P08
2,876,285,693,1,1,1,3,P08
2,877,215,760,1,5,1,3,P08
2,878,284,465,1,1,1,3,P08
2,879,325,548,1,2,1,3,P08
2,880,122,540,1,3,1,3,P08
2,881,147,484,1,2,1,3,P08
2,882,234,751,1,2,1,3,P08
2,883,105,668,1,1,1,3,P08
2,884,80,860,1,4,1,3,P08
2,885,258,642,1,1,1,3,P08
2,886,264,724,1,1,1,3,P08
2,887,70,626,1,1,1,3,P08
2,888,108,668,1,6,1,3,P08
2,889,134,726,1,2,1,3,P08
2,890,129,480,1,4,1,3,P08
2,891,246,563,1,5,1,3,P08
2,892,52,564,1,4,1,3,P08
2,893,141,528,1,5,1,3,P08
2,894,134,281,1,4,1,3,P08
2,895,189,616,1,4,1,3,P08
2,896,109,563,1,1,1,3,P08
2,897,86,604,1,3,1,3,P08
2,898,118,421,1,4,1,3,P08
2,899,80,413,1,3,1,3,P08
2,900,132,621,1,3,1,3,P08
2,901,259,664,1,1,1,3,P08
2,902,17,441,1,5,1,3,P08
2,903,69,553,1,2,1,3,P08
2,904,211,538,1,1,1,3,P08
2,905,304,646,1,1,1,3,P08
2,906,309,661,1,3,1,3,P08
2,907,38,698,1,1,1,3,P08
2,908,91,569,1,2,1,3,P08
2,909,159,618,1,2,1,3,P08
2,910,121,630,1,4,1,3,P08
2,911,40,383,1,3,1,3,P08
2,912,124,717,1,1,1,3,P08
2,913,133,409,1,1,1,3,P08
2,914,130,461,1,1,1,3,P08
2,915,49,561,1,2,1,3,P08
2,916,231,648,1,4,1,3,P08
2,917,266,678,1,3,1,3,P08
2,918,89,694,1,3,1,3,P08
2,919,150,530,1,4,1,3,P08
2,920,39,455,1,5,1,3,P08
2,921,215,343,2,2,1,3,P08
2,922,58,383,1,2,1,3,P08
2,923,106,413,1,2,1,3,P08
2,924,140,592,1,1,1,3,P08
2,925,193,616,1,4,1,3,P08
2,926,56,432,1,2,1,3,P08
2,927,110,841,1,2,1,3,P08
2,928,460,423,1,1,1,3,P08
2,929,127,770,1,3,1,3,P08
2,930,249,666,1,3,1,3,P08
2,931,196,664,1,3,1,3,P08
2,932,31,446,1,3,1,3,P08
2,933,335,647,1,2,1,3,P08
2,934,99,859,1,3,1,3,P08
2,935,119,600,1,2,1,3,P08
2,936,99,389,1,2,1,3,P08
2,937,238,510,1,4,1,3,P08
2,938,146,824,1,2,1,3,P08
2,939,172,380,1,2,1,3,P08
2,940,150,551,1,1,1,3,P08
2,941,209,288,3,1,1,3,P08
2,942,88,604,1,2,1,3,P08
2,943,85,382,1,4,1,3,P08
2,944,93,363,1,3,1,3,P08
2,945,199,729,1,1,1,3,P08
2,946,79,553,1,1,1,3,P08
2,947,112,507,1,6,1,3,P08
2,948,58,940,1,5,1,3,P08
2,949,218,671,1,1,1,3,P08
2,950,220,581,1,1,1,3,P08
2,951,186,513,1,2,1,3,P08
2,952,110,464,1,2,1,3,P08
2,953,85,448,1,3,1,3,P08
2,954,260,256,1,1,1,3,P08
2,955,123,350,1,2,1,3,P08
2,956,77,357,1,2,1,3,P08
2,957,175,503,1,2,1,3,P08
2,958,123,425,1,1,1,3,P08
2,959,146,468,1,3,1,3,P08
2,960,86,590,1,1,1,3,P08
2,961,229,545,1,3,1,3,P08
2,962,153,462,1,3,1,3,P08
2,963,93,514,1,2,1,3,P08
2,964,218,432,1,2,1,3,P08
2,965,206,438,1,5,1,3,P08
2,966,265,614,1,1,1,3,P08
2,967,78,596,1,3,1,3,P08
2,968,115,674,1,4,1,3,P08
2,969,343,565,1,1,1,3,P08
2,970,214,538,1,4,1,3,P08
2,971,124,779,2,2,1,3,P08
2,972,155,786,1,1,1,3,P08
2,973,61,450,1,2,1,3,P08
2,974,225,578,1,3,1,3,P08
2,975,143,793,1,1,1,3,P08
2,976,141,534,1,1,1,3,P08
2,977,45,606,1,2,1,3,P08
2,978,103,644,1,1,1,3,P08
2,979,230,394,1,3,1,3,P08
2,980,321,609,1,2,1,3,P08
2,981,79,578,1,3,1,3,P08
2,982,56,370,1,1,1,3,P08
2,983,80,646,1,2,1,3,P08
2,984,111,738,1,4,1,3,P08
2,985,123,522,1,4,1,3,P08
2,986,107,464,1,2,1,3,P08
2,987,197,747,1,1,1,3,P08
2,988,167,639,1,4,1,3,P08
2,989,60,483,1,6,1,3,P08
2,990,124,664,1,4,1,3,P08
2,991,146,487,1,1,1,3,P08
2,992,171,362,1,2,1,3,P08
2,993,150,365,1,1,1,3,P08
2,994,153,665,1,4,1,3,P08
2,995,302,400,2,1,1,3,P08
2,996,157,609,1,4,1,3,P08
2,997,174,429,1,1,1,3,P08
2,998,159,300,1,3,1,3,P08
2,999,176,690,1,3,1,3,P08
2,1000,73,570,1,2,1,3,P08
3,1,539,448,1,1,1,1,P08
3,2,444,401,1,1,1,1,P08
3,3,318,647,1,1,1,1,P08
3,4,232,349,1,1,1,1,P08
3,5,133,482,1,1,1,1,P08
3,6,281,698,1,1,1,1,P08
3,7,223,526,1,1,1,1,P08
3,8,314,410,1,1,1,1,P08
3,9,271,342,1,1,1,1,P08
3,10,218,278,1,2,1,1,P08
3,11,409,467,1,4,1,1,P08
3,12,268,423,1,1,1,1,P08
3,13,197,380,1,2,1,1,P08
3,14,133,423,1,2,1,1,P08
3,15,79,864,1,1,1,1,P08
3,16,110,485,1,1,1,1,P08
3,17,268,407,1,1,1,1,P08
3,18,182,218,1,1,1,1,P08
3,19,218,452,1,1,1,1,P08
3,20,151,460,2,2,1,1,P08
3,21,481,518,1,1,1,1,P08
3,22,187,329,1,1,1,1,P08
3,23,307,591,1,4,1,1,P08
3,24,370,524,1,1,1,1,P08
3,25,154,580,1,2,1,1,P08
3,26,80,332,1,1,1,1,P08
3,27,266,448,1,1,1,1,P08
3,28,410,456,3,1,1,1,P08
3,29,226,465,1,1,1,1,P08
3,30,416,318,1,1,1,1,P08
3,31,361,410,1,1,1,1,P08
3,32,332,251,4,1,1,1,P08
3,33,159,578,2,1,1,1,P08
3,34,114,362,1,1,1,1,P08
3,35,290,607,1,1,1,1,P08
3,36,278,537,1,1,1,1,P08
3,37,425,494,1,1,1,1,P08
3,38,357,504,2,1,1,1,P08
3,39,197,359,1,1,1,1,P08
3,40,336,604,1,1,1,1,P08
3,41,154,412,1,1,1,1,P08
3,42,268,560,1,1,1,1,P08
3,43,161,701,1,3,1,1,P08
3,44,331,207,1,1,1,1,P08
3,45,215,558,1,1,1,1,P08
3,46,166,544,1,1,1,1,P08
3,47,130,299,1,1,1,1,P08
3,48,213,217,1,1,1,1,P08
3,49,201,334,1,1,1,1,P08
3,50,215,598,1,2,1,1,P08
3,51,412,306,1,1,1,1,P08
3,52,139,471,1,3,1,1,P08
3,53,285,565,3,2,1,1,P08
3,54,259,535,1,2,1,1,P08
3,55,228,375,1,1,1,1,P08
3,56,104,465,1,1,1,1,P08
3,57,206,560,1,1,1,1,P08
3,58,189,218,1,1,1,1,P08
3,59,191,371,2,1,1,1,P08
3,60,187,258,1,1,1,1,P08
3,61,318,636,1,1,1,1,P08
3,62,152,270,1,1,1,1,P08
3,63,306,210,1,1,1,1,P08
3,64,198,299,2,1,1,1,P08
3,65,280,497,1,1,1,1,P08
3,66,459,513,1,1,1,1,P08
3,67,158,454,1,1,1,1,P08
3,68,200,629,1,1,1,1,P08
3,69,192,523,1,1,1,1,P08
3,70,167,239,1,2,1,1,P08
3,71,272,312,1,1,1,1,P08
3,72,235,738,1,2,1,1,P08
3,73,155,457,1,1,1,1,P08
3,74,158,370,1,1,1,1,P08
3,75,204,302,2,1,1,1,P08
3,76,64,662,1,1,1,1,P08
3,77,275,699,1,1,1,1,P08
3,78,421,573,1,1,1,1,P08
3,79,293,493,1,1,1,1,P08
3,80,156,402,1,1,1,1,P08
3,81,178,319,1,1,1,1,P08
3,82,76,706,1,1,1,1,P08
3,83,217,532,1,1,1,1,P08
3,84,363,347,1,1,1,1,P08
3,85,514,392,2,1,1,1,P08
3,86,428,501,1,1,1,1,P08
3,87,128,495,1,1,1,1,P08
3,88,314,269,1,1,1,1,P08
3,89,237,686,1,1,1,1,P08
3,90,465,429,2,1,1,1,P08
3,91,191,222,1,2,1,1,P08
3,92,80,429,1,1,1,1,P08
3,93,260,372,1,2,1,1,P08
3,94,321,166,3,1,1,1,P08
3,95,290,286,1,1,1,1,P08
3,96,560,370,1,1,1,1,P08
3,97,477,432,1,1,1,1,P08
3,98,245,754,1,1,1,1,P08
3,99,396,392,1,1,1,1,P08
3,100,242,359,1,1,1,1,P08
3,101,152,269,1,1,1,1,P08
3,102,84,437,1,1,1,1,P08
3,103,298,163,1,1,1,1,P08
3,104,466,425,1,1,1,1,P08
3,105,113,380,1,1,1,1,P08
3,106,418,503,1,2,1,1,P08
3,107,98,317,1,1,1,1,P08
3,108,258,270,1,1,1,1,P08
3,109,336,135,1,1,1,1,P08
3,110,324,504,1,1,1,1,P08
3,111,275,257,1,1,1,1,P08
3,112,255,252,1,1,1,1,P08
3,113,41,394,1,2,1,1,P08
3,114,280,677,1,1,1,1,P08
3,115,119,462,1,1,1,1,P08
3,116,351,391,2,1,1,1,P08
3,117,232,189,1,1,1,1,P08
3,118,255,609,1,1,1,1,P08
3,119,474,319,1,1,1,1,P08
3,120,173,261,1,1,1,1,P08
3,121,181,316,1,1,1,1,P08
3,122,230,681,1,1,1,1,P08
3,123,130,311,1,2,1,1,P08
3,124,385,564,1,1,1,1,P08
3,125,299,596,1,1,1,1,P08
3,126,355,339,1,1,1,1,P08
3,127,287,581,1,1,1,1,P08
3,128,165,794,1,1,1,1,P08
3,129,454,540,1,1,1,1,P08
3,130,219,542,1,1,1,1,P08
3,131,411,287,1,1,1,1,P08
3,132,84,411,1,1,1,1,P08
3,133,574,415,1,1,1,1,P08
3,134,204,721,1,1,1,1,P08
3,135,399,288,1,1,1,1,P08
3,136,318,405,1,1,1,1,P08
3,137,525,392,1,1,1,1,P08
3,138,256,237,1,1,1,1,P08
3,139,243,648,1,1,1,1,P08
3,140,292,126,2,1,1,1,P08
3,141,242,392,1,1,1,1,P08
3,142,125,686,1,2,1,1,P08
3,143,213,398,1,1,1,1,P08
3,144,231,336,1,1,1,1,P08
3,145,420,532,1,1,1,1,P08
3,146,151,338,1,1,1,1,P08
3,147,508,183,1,1,1,1,P08
3,148,337,443,1,1,1,1,P08
3,149,153,271,1,1,1,1,P08
3,150,231,506,1,2,1,1,P08
3,151,384,482,1,1,1,1,P08
3,152,105,788,1,2,1,1,P08
3,153,199,481,2,3,1,1,P08
3,154,474,381,1,1,1,1,P08
3,155,121,414,1,1,1,1,P08
3,156,291,595,1,2,1,1,P08
3,157,184,605,1,1,1,1,P08
3,158,220,736,1,1,1,1,P08
3,159,205,413,1,1,1,1,P08
3,160,136,416,1,1,1,1,P08
3,161,542,284,1,1,1,1,P08
3,162,96,390,1,2,1,1,P08
3,163,279,422,2,1,1,1,P08
3,164,250,327,3,1,1,1,P08
3,165,224,705,1,1,1,1,P08
3,166,168,319,1,2,1,1,P08
3,167,61,380,1,3,1,1,P08
3,168,158,389,1,1,1,1,P08
3,169,315,425,1,3,1,1,P08
3,170,532,449,1,1,1,1,P08
3,171,220,288,1,1,1,1,P08
3,172,223,654,1,1,1,1,P08
3,173,272,569,1,1,1,1,P08
3,174,330,555,1,1,1,1,P08
3,175,132,468,1,1,1,1,P08
3,176,397,367,1,1,1,1,P08
3,177,188,272,1,1,1,1,P08
3,178,133,821,1,1,1,1,P08
3,179,457,425,1,1,1,1,P08
3,180,281,142,1,1,1,1,P08
3,181,175,384,1,1,1,1,P08
3,182,155,491,1,1,1,1,P08
3,183,128,418,1,1,1,1,P08
3,184,316,653,1,1,1,1,P08
3,185,253,413,1,1,1,1,P08
3,186,218,483,1,1,1,1,P08
3,187,190,396,1,1,1,1,P08
3,188,89,602,1,1,1,1,P08
3,189,287,466,1,1,1,1,P08
3,190,185,249,1,1,1,1,P08
3,191,230,585,1,1,1,1,P08
3,192,199,445,2,1,1,1,P08
3,193,220,629,1,1,1,1,P08
3,194,124,455,1,2,1,1,P08
3,195,276,439,1,1,1,1,P08
3,196,301,371,1,1,1,1,P08
3,197,206,296,1,3,1,1,P08
3,198,229,364,1,1,1,1,P08
3,199,158,269,1,1,1,1,P08
3,200,207,200,1,1,1,1,P08
3,201,460,326,1,1,1,1,P08
3,202,213,332,1,1,1,1,P08
3,203,316,269,1,2,1,1,P08
3,204,328,430,3,1,1,1,P08
3,205,213,513,1,1,1,1,P08
3,206,344,388,1,1,1,1,P08
3,207,445,427,1,1,1,1,P08
3,208,273,539,1,1,1,1,P08
3,209,511,405,1,1,1,1,P08
3,210,414,470,1,1,1,1,P08
3,211,167,638,1,1,1,1,P08
3,212,191,585,1,1,1,1,P08
3,213,248,632,1,1,1,1,P08
3,214,325,360,3,1,1,1,P08
3,215,148,256,1,1,1,1,P08
3,216,206,350,1,1,1,1,P08
3,217,232,397,1,1,1,1,P08
3,218,213,204,1,1,1,1,P08
3,219,388,288,1,1,1,1,P08
3,220,299,417,1,1,1,1,P08
3,221,272,477,1,1,1,1,P08
3,222,350,551,1,1,1,1,P08
3,223,256,195,1,1,1,1,P08
3,224,153,345,1,1,1,1,P08
3,225,362,213,1,1,1,1,P08
3,226,328,390,1,1,1,1,P08
3,227,249,691,1,1,1,1,P08
3,228,409,533,1,1,1,1,P08
3,229,338,623,1,1,1,1,P08
3,230,231,251,1,1,1,1,P08
3,231,195,350,1,1,1,1,P08
3,232,121,345,1,1,1,1,P08
3,233,451,488,1,1,1,1,P08
3,234,98,371,1,1,1,1,P08
3,235,140,554,1,1,1,1,P08
3,236,296,619,1,2,1,1,P08
3,237,161,559,1,1,1,1,P08
3,238,215,778,1,1,1,1,P08
3,239,282,347,1,1,1,1,P08
3,240,343,199,1,1,1,1,P08
3,241,169,356,1,1,1,1,P08
3,242,429,340,1,1,1,1,P08
3,243,63,361,1,1,1,1,P08
3,244,437,231,1,1,1,1,P08
3,245,173,744,1,1,1,1,P08
3,246,157,321,1,2,1,1,P08
3,247,251,429,1,2,1,1,P08
3,248,298,648,1,1,1,1,P08
3,249,591,217,2,1,1,1,P08
3,250,181,324,1,1,1,1,P08
3,251,207,466,1,2,1,1,P08
3,252,198,559,1,1,1,1,P08
3,253,205,264,1,1,1,1,P08
3,254,405,512,2,1,1,1,P08
3,255,268,314,1,3,1,1,P08
3,256,135,355,3,1,1,1,P08
3,257,258,589,1,2,1,1,P08
3,258,172,399,1,1,1,1,P08
3,259,291,663,1,1,1,1,P08
3,260,317,620,1,1,1,1,P08
3,261,262,513,1,1,1,1,P08
3,262,273,494,1,1,1,1,P08
3,263,510,331,1,1,1,1,P08
3,264,247,335,1,2,1,1,P08
3,265,113,324,1,3,1,1,P08
3,266,280,276,1,1,1,1,P08
3,267,344,365,3,1,1,1,P08
3,268,372,618,1,1,1,1,P08
3,269,152,808,1,1,1,1,P08
3,270,93,316,1,1,1,1,P08
3,271,363,254,1,1,1,1,P08
3,272,278,275,1,1,1,1,P08
3,273,559,439,1,1,1,1,P08
3,274,91,801,1,1,1,1,P08
3,275,339,352,1,2,1,1,P08
3,276,312,562,1,1,1,1,P08
3,277,393,393,1,1,1,1,P08
3,278,478,376,1,1,1,1,P08
3,279,288,708,1,1,1,1,P08
3,280,174,472,2,1,1,1,P08
3,281,186,423,1,1,1,1,P08
3,282,143,380,1,1,1,1,P08
3,283,322,405,1,1,1,1,P08
3,284,237,479,1,1,1,1,P08
3,285,398,189,1,2,1,1,P08
3,286,238,170,1,1,1,1,P08
3,287,435,524,1,1,1,1,P08
3,288,172,675,1,3,1,1,P08
3,289,89,317,1,2,1,1,P08
3,290,176,711,1,1,1,1,P08
3,291,381,557,1,1,1,1,P08
3,292,157,398,2,1,1,1,P08
3,293,468,461,1,2,1,1,P08
3,294,421,549,1,1,1,1,P08
3,295,157,408,1,1,1,1,P08
3,296,225,327,2,1,1,1,P08
3,297,335,606,1,1,1,1,P08
3,298,188,799,1,1,1,1,P08
3,299,441,474,1,1,1,1,P08
3,300,157,595,1,1,1,1,P08
3,301,172,407,2,1,1,1,P08
3,302,385,263,1,1,1,1,P08
3,303,178,423,1,1,1,1,P08
3,304,156,557,1,1,1,1,P08
3,305,394,271,1,1,1,1,P08
3,306,274,340,1,1,1,1,P08
3,307,153,843,1,1,1,1,P08
3,308,466,433,1,1,1,1,P08
3,309,363,276,1,1,1,1,P08
3,310,168,543,1,1,1,1,P08
3,311,253,222,1,1,1,1,P08
3,312,381,243,1,1,1,1,P08
3,313,192,261,1,1,1,1,P08
3,314,103,433,1,1,1,1,P08
3,315,129,695,1,2,1,1,P08
3,316,88,377,1,1,1,1,P08
3,317,137,271,1,1,1,1,P08
3,318,104,676,1,2,1,1,P08
3,319,330,572,1,4,1,1,P08
3,320,129,326,1,3,1,1,P08
3,321,161,680,1,1,1,1,P08
3,322,199,325,1,1,1,1,P08
3,323,294,689,1,1,1,1,P08
3,324,74,458,1,1,1,1,P08
3,325,95,711,1,1,1,1,P08
3,326,79,326,1,1,1,1,P08
3,327,419,450,1,1,1,1,P08
3,328,75,337,1,2,1,1,P08
3,329,267,160,1,1,1,1,P08
3,330,257,408,1,1,1,1,P08
3,331,121,430,1,1,1,1,P08
3,332,222,649,1,2,1,1,P08
3,333,346,628,1,1,1,1,P08
3,334,172,401,1,1,1,1,P08
3,335,77,449,1,1,1,1,P08
3,336,193,272,1,1,1,1,P08
3,337,583,340,1,1,1,1,P08
3,338,205,272,1,2,1,1,P08
3,339,105,448,1,1,1,1,P08
3,340,388,550,2,1,1,1,P08
3,341,245,184,1,1,1,1,P08
3,342,119,323,1,1,1,1,P08
3,343,208,447,1,1,1,1,P08
3,344,568,220,1,1,1,1,P08
3,345,425,444,1,1,1,1,P08
3,346,158,479,1,1,1,1,P08
3,347,337,252,1,1,1,1,P08
3,348,156,312,1,1,1,1,P08
3,349,293,258,1,1,1,1,P08
3,350,215,333,1,1,1,1,P08
3,351,419,221,1,1,1,1,P08
3,352,535,181,1,1,1,1,P08
3,353,135,292,1,1,1,1,P08
3,354,314,530,1,1,1,1,P08
3,355,117,340,1,1,1,1,P08
3,356,168,514,1,1,1,1,P08
3,357,358,194,1,1,1,1,P08
3,358,352,568,1,1,1,1,P08
3,359,160,751,1,1,1,1,P08
3,360,217,598,1,2,1,1,P08
3,361,228,422,1,2,1,1,P08
3,362,373,572,1,1,1,1,P08
3,363,102,480,1,1,1,1,P08
3,364,446,526,1,2,1,1,P08
3,365,134,284,1,1,1,1,P08
3,366,192,480,1,2,1,1,P08
3,367,89,648,1,2,1,1,P08
3,368,312,528,1,1,1,1,P08
3,369,230,703,1,2,1,1,P08
3,370,239,326,1,1,1,1,P08
3,371,154,252,1,1,1,1,P08
3,372,192,338,1,1,1,1,P08
3,373,103,465,1,1,1,1,P08
3,374,240,255,1,1,1,1,P08
3,375,168,340,1,1,1,1,P08
3,376,215,509,1,1,1,1,P08
3,377,416,358,1,1,1,1,P08
3,378,348,650,1,1,1,1,P08
3,379,311,197,1,1,1,1,P08
3,380,168,396,1,1,1,1,P08
3,381,197,251,1,1,1,1,P08
3,382,140,815,1,1,1,1,P08
3,383,248,473,1,2,1,1,P08
3,384,258,496,1,1,1,1,P08
3,385,630,367,1,1,1,1,P08
3,386,110,433,1,1,1,1,P08
3,387,104,538,1,1,1,1,P08
3,388,363,416,1,1,1,1,P08
3,389,294,365,1,1,1,1,P08
3,390,257,364,1,1,1,1,P08
3,391,210,329,1,3,1,1,P08
3,392,259,700,1,1,1,1,P08
3,393,471,400,1,1,1,1,P08
3,394,479,371,1,1,1,1,P08
3,395,246,602,1,1,1,1,P08
3,396,368,291,1,1,1,1,P08
3,397,290,393,1,1,1,1,P08
3,398,249,253,1,1,1,1,P08
3,399,343,369,1,1,1,1,P08
3,400,106,775,1,1,1,1,P08
3,401,119,337,1,1,1,1,P08
3,402,145,472,1,1,1,1,P08
3,403,132,268,1,1,1,1,P08
3,404,122,433,1,3,1,1,P08
3,405,73,463,1,1,1,1,P08
3,406,125,292,1,1,1,1,P08
3,407,236,566,1,1,1,1,P08
3,408,260,458,1,1,1,1,P08
3,409,341,444,4,1,1,1,P08
3,410,213,418,1,1,1,1,P08
3,411,217,364,1,1,1,1,P08
3,412,172,239,1,1,1,1,P08
3,413,204,205,1,2,1,1,P08
3,414,410,262,1,1,1,1,P08
3,415,214,437,1,1,1,1,P08
3,416,359,582,1,1,1,1,P08
3,417,402,518,1,1,1,1,P08
3,418,74,455,1,3,1,1,P08
3,419,268,487,1,1,1,1,P08
3,420,179,339,1,1,1,1,P08
3,421,450,331,1,1,1,1,P08
3,422,172,626,1,1,1,1,P08
3,423,128,337,2,1,1,1,P08
3,424,391,463,2,1,1,1,P08
3,425,301,281,1,1,1,1,P08
3,426,335,502,1,1,1,1,P08
3,427,248,261,1,1,1,1,P08
3,428,275,593,1,1,1,1,P08
3,429,169,351,1,1,1,1,P08
3,430,212,641,1,2,1,1,P08
3,431,346,572,1,2,1,1,P08
3,432,152,343,1,1,1,1,P08
3,433,170,545,3,1,1,1,P08
3,434,473,320,1,1,1,1,P08
3,435,212,327,1,1,1,1,P08
3,436,279,200,1,2,1,1,P08
3,437,246,421,2,1,1,1,P08
3,438,293,432,1,1,1,1,P08
3,439,147,519,1,2,1,1,P08
3,440,179,630,2,1,1,1,P08
3,441,352,447,1,1,1,1,P08
3,442,140,750,1,1,1,1,P08
3,443,422,200,1,1,1,1,P08
3,444,437,149,2,1,1,1,P08
3,445,178,597,1,1,1,1,P08
3,446,180,775,1,1,1,1,P08
3,447,271,423,1,1,1,1,P08
3,448,372,380,1,1,1,1,P08
3,449,432,353,1,1,1,1,P08
3,450,223,381,1,1,1,1,P08
3,451,347,418,1,1,1,1,P08
3,452,390,467,1,1,1,1,P08
3,453,203,715,1,1,1,1,P08
3,454,249,497,1,1,1,1,P08
3,455,183,253,1,1,1,1,P08
3,456,336,624,1,2,1,1,P08
3,457,336,654,1,1,1,1,P08
3,458,273,353,1,1,1,1,P08
3,459,399,560,1,1,1,1,P08
3,460,98,825,1,2,1,1,P08
3,461,432,460,1,1,1,1,P08
3,462,222,709,1,1,1,1,P08
3,463,206,519,1,2,1,1,P08
3,464,98,327,1,1,1,1,P08
3,465,313,604,1,1,1,1,P08
3,466,314,279,1,1,1,1,P08
3,467,336,269,1,2,1,1,P08
3,468,300,371,1,1,1,1,P08
3,469,251,702,1,1,1,1,P08
3,470,314,294,1,1,1,1,P08
3,471,196,337,1,2,1,1,P08
3,472,189,378,1,1,1,1,P08
3,473,161,519,1,1,1,1,P08
3,474,220,589,1,2,1,1,P08
3,475,290,248,1,1,1,1,P08
3,476,424,413,1,2,1,1,P08
3,477,164,412,1,1,1,1,P08
3,478,238,328,1,1,1,1,P08
3,479,294,331,1,1,1,1,P08
3,480,218,559,1,1,1,1,P08
3,481,282,337,2,1,1,1,P08
3,482,385,192,1,1,1,1,P08
3,483,378,290,1,1,1,1,P08
3,484,416,341,1,1,1,1,P08
3,485,149,271,1,1,1,1,P08
3,486,124,292,1,1,1,1,P08
3,487,213,398,1,3,1,1,P08
3,488,115,309,1,3,1,1,P08
3,489,163,454,1,1,1,1,P08
3,490,276,578,1,1,1,1,P08
3,491,144,788,1,1,1,1,P08
3,492,226,336,1,1,1,1,P08
3,493,267,469,1,3,1,1,P08
3,494,191,482,1,1,1,1,P08
3,495,209,595,1,2,1,1,P08
3,496,165,657,1,1,1,1,P08
3,497,201,467,1,1,1,1,P08
3,498,237,552,1,2,1,1,P08
3,499,216,578,1,1,1,1,P08
3,500,396,377,1,1,1,1,P08
3,501,139,690,1,1,1,1,P08
3,502,252,262,1,2,1,1,P08
3,503,269,524,1,1,1,1,P08
3,504,125,508,1,1,1,1,P08
3,505,169,241,1,1,1,1,P08
3,506,59,759,1,1,1,1,P08
3,507,250,587,1,1,1,1,P08
3,508,104,482,1,2,1,1,P08
3,509,558,354,1,1,1,1,P08
3,510,401,285,1,2,1,1,P08
3,511,312,187,1,1,1,1,P08
3,512,364,332,1,1,1,1,P08
3,513,263,481,1,1,1,1,P08
3,514,408,536,1,1,1,1,P08
3,515,245,748,1,1,1,1,P08
3,516,302,363,1,1,1,1,P08
3,517,404,328,1,1,1,1,P08
3,518,76,355,1,2,1,1,P08
3,519,443,527,1,1,1,1,P08
3,520,190,479,1,1,1,1,P08
3,521,258,541,1,1,1,1,P08
3,522,281,418,1,2,1,1,P08
3,523,160,553,1,1,1,1,P08
3,524,396,569,1,1,1,1,P08
3,525,208,249,1,1,1,1,P08
3,526,108,436,1,1,1,1,P08
3,527,666,242,1,1,1,1,P08
3,528,298,253,1,1,1,1,P08
3,529,238,546,1,1,1,1,P08
3,530,210,387,1,2,1,1,P08
3,531,171,426,1,1,1,1,P08
3,532,230,668,1,1,1,1,P08
3,533,201,644,1,1,1,1,P08
3,534,197,465,1,2,1,1,P08
3,535,416,221,2,1,1,1,P08
3,536,335,540,1,1,1,1,P08
3,537,213,227,1,1,1,1,P08
3,538,316,93,1,1,1,1,P08
3,539,214,306,1,1,1,1,P08
3,540,482,281,2,1,1,1,P08
3,541,449,212,2,1,1,1,P08
3,542,285,391,1,1,1,1,P08
3,543,209,648,1,1,1,1,P08
3,544,155,387,1,1,1,1,P08
3,545,171,739,1,1,1,1,P08
3,546,386,382,1,3,1,1,P08
3,547,163,311,1,1,1,1,P08
3,548,297,242,1,1,1,1,P08
3,549,322,238,1,2,1,1,P08
3,550,307,450,1,1,1,1,P08
3,551,221,314,1,1,1,1,P08
3,552,480,519,1,1,1,1,P08
3,553,295,500,1,1,1,1,P08
3,554,409,272,1,1,1,1,P08
3,555,311,647,1,1,1,1,P08
3,556,125,331,1,1,1,1,P08
3,557,451,384,1,1,1,1,P08
3,558,160,267,1,1,1,1,P08
3,559,332,363,1,1,1,1,P08
3,560,293,212,1,1,1,1,P08
3,561,210,262,1,1,1,1,P08
3,562,89,342,1,3,1,1,P08
3,563,184,320,1,1,1,1,P08
3,564,229,341,1,1,1,1,P08
3,565,116,333,1,1,1,1,P08
3,566,312,173,1,1,1,1,P08
3,567,337,595,1,1,1,1,P08
3,568,423,572,2,1,1,1,P08
3,569,284,249,1,1,1,1,P08
3,570,256,341,1,1,1,1,P08
3,571,425,514,1,1,1,1,P08
3,572,337,370,1,1,1,1,P08
3,573,109,403,1,1,1,1,P08
3,574,161,344,1,1,1,1,P08
3,575,78,344,1,1,1,1,P08
3,576,179,596,1,1,1,1,P08
3,577,379,598,1,1,1,1,P08
3,578,416,573,1,1,1,1,P08
3,579,517,292,1,1,1,1,P08
3,580,224,405,1,1,1,1,P08
3,581,282,368,1,1,1,1,P08
3,582,360,480,1,1,1,1,P08
3,583,191,215,1,1,1,1,P08
3,584,245,163,1,1,1,1,P08
3,585,282,289,1,1,1,1,P08
3,586,212,284,1,1,1,1,P08
3,587,192,417,1,1,1,1,P08
3,588,295,318,1,2,1,1,P08
3,589,512,206,1,1,1,1,P08
3,590,145,655,1,1,1,1,P08
3,591,453,360,1,1,1,1,P08
3,592,286,371,1,1,1,1,P08
3,593,376,573,2,1,1,1,P08
3,594,235,673,1,1,1,1,P08
3,595,102,367,1,1,1,1,P08
3,596,153,363,2,1,1,1,P08
3,597,192,554,1,1,1,1,P08
3,598,306,303,1,1,1,1,P08
3,599,169,350,1,2,1,1,P08
3,600,250,329,1,1,1,1,P08
3,601,192,353,1,2,1,1,P08
3,602,269,532,1,1,1,1,P08
3,603,205,232,1,1,1,1,P08
3,604,196,307,2,1,1,1,P08
3,605,118,416,1,1,1,1,P08
3,606,252,606,1,2,1,1,P08
3,607,322,398,1,4,1,1,P08
3,608,144,317,1,1,1,1,P08
3,609,235,247,1,1,1,1,P08
3,610,325,310,1,1,1,1,P08
3,611,320,303,1,1,1,1,P08
3,612,434,379,1,1,1,1,P08
3,613,294,504,1,2,1,1,P08
3,614,237,340,1,1,1,1,P08
3,615,153,510,1,1,1,1,P08
3,616,268,411,1,1,1,1,P08
3,617,145,423,1,1,1,1,P08
3,618,173,675,1,1,1,1,P08
3,619,253,705,1,1,1,1,P08
3,620,129,340,2,1,1,1,P08
3,621,204,523,2,1,1,1,P08
3,622,442,247,1,1,1,1,P08
3,623,429,321,1,1,1,1,P08
3,624,231,279,1,1,1,1,P08
3,625,335,452,1,1,1,1,P08
3,626,412,310,1,1,1,1,P08
3,627,162,347,1,1,1,1,P08
3,628,358,530,1,1,1,1,P08
3,629,117,640,1,3,1,1,P08
3,630,399,513,1,1,1,1,P08
3,631,285,272,1,2,1,1,P08
3,632,436,501,1,1,1,1,P08
3,633,111,298,1,1,1,1,P08
3,634,671,322,1,1,1,1,P08
3,635,246,625,1,1,1,1,P08
3,636,113,475,1,1,1,1,P08
3,637,479,478,2,1,1,1,P08
3,638,332,491,1,1,1,1,P08
3,639,135,753,1,2,1,1,P08
3,640,427,501,1,1,1,1,P08
3,641,278,705,1,1,1,1,P08
3,642,169,342,1,1,1,1,P08
3,643,257,150,1,1,1,1,P08
3,644,333,396,2,1,1,1,P08
3,645,146,676,1,1,1,1,P08
3,646,178,454,1,1,1,1,P08
3,647,111,534,1,1,1,1,P08
3,648,462,519,1,1,1,1,P08
3,649,239,466,1,1,1,1,P08
3,650,527,396,1,1,1,1,P08
3,651,176,464,1,1,1,1,P08
3,652,579,333,1,2,1,1,P08
3,653,323,654,1,1,1,1,P08
3,654,300,157,1,1,1,1,P08
3,655,412,381,1,1,1,1,P08
3,656,235,310,1,1,1,1,P08
3,657,281,624,1,1,1,1,P08
3,658,224,394,1,1,1,1,P08
3,659,116,447,1,1,1,1,P08
3,660,540,367,1,1,1,1,P08
3,661,232,467,1,1,1,1,P08
3,662,396,344,1,1,1,1,P08
3,663,79,397,1,1,1,1,P08
3,664,175,504,1,1,1,1,P08
3,665,182,401,1,1,1,1,P08
3,666,189,532,1,1,1,1,P08
3,667,143,575,1,1,1,1,P08
3,668,181,240,1,1,1,1,P08
3,669,177,251,1,1,1,1,P08
3,670,137,438,1,1,1,1,P08
3,671,275,487,1,2,1,1,P08
3,672,145,488,1,1,1,1,P08
3,673,455,340,1,1,1,1,P08
3,674,355,328,2,1,1,1,P08
3,675,249,490,1,1,1,1,P08
3,676,457,469,2,1,1,1,P08
3,677,292,636,1,1,1,1,P08
3,678,259,326,1,1,1,1,P08
3,679,201,226,1,1,1,1,P08
3,680,277,694,1,1,1,1,P08
3,681,374,317,2,1,1,1,P08
3,682,347,554,1,1,1,1,P08
3,683,200,519,1,1,1,1,P08
3,684,246,253,1,2,1,1,P08
3,685,271,550,1,1,1,1,P08
3,686,419,535,1,1,1,1,P08
3,687,394,403,1,1,1,1,P08
3,688,219,509,1,1,1,1,P08
3,689,214,700,1,2,1,1,P08
3,690,203,477,1,1,1,1,P08
3,691,594,361,1,1,1,1,P08
3,692,139,364,1,2,1,1,P08
3,693,112,384,1,1,1,1,P08
3,694,275,693,1,1,1,1,P08
3,695,203,764,2,1,1,1,P08
3,696,167,433,2,1,1,1,P08
3,697,424,382,1,1,1,1,P08
3,698,209,478,1,1,1,1,P08
3,699,174,716,1,1,1,1,P08
3,700,181,337,1,1,1,1,P08
3,701,93,773,1,1,1,1,P08
3,702,253,322,1,1,1,1,P08
3,703,317,254,2,1,1,1,P08
3,704,330,361,1,1,1,1,P08
3,705,278,551,1,1,1,1,P08
3,706,184,357,1,1,1,1,P08
3,707,469,399,1,1,1,1,P08
3,708,427,483,1,1,1,1,P08
3,709,156,379,1,1,1,1,P08
3,710,198,259,1,1,1,1,P08
3,711,556,422,1,1,1,1,P08
3,712,254,364,1,1,1,1,P08
3,713,90,319,1,2,1,1,P08
3,714,343,139,1,1,1,1,P08
3,715,211,583,1,1,1,1,P08
3,716,221,534,1,1,1,1,P08
3,717,120,418,1,1,1,1,P08
3,718,278,359,1,1,1,1,P08
3,719,262,263,1,1,1,1,P08
3,720,209,767,1,1,1,1,P08
3,721,169,537,1,1,1,1,P08
3,722,126,716,1,1,1,1,P08
3,723,181,311,1,1,1,1,P08
3,724,478,445,1,2,1,1,P08
3,725,133,412,1,1,1,1,P08
3,726,179,496,1,1,1,1,P08
3,727,195,451,1,1,1,1,P08
3,728,139,506,1,5,1,1,P08
3,729,94,325,1,2,1,1,P08
3,730,315,281,1,1,1,1,P08
3,731,118,496,1,2,1,1,P08
3,732,112,289,1,1,1,1,P08
3,733,188,364,1,1,1,1,P08
3,734,302,376,1,1,1,1,P08
3,735,247,735,1,1,1,1,P08
3,736,259,325,1,1,1,1,P08
3,737,152,353,2,2,1,1,P08
3,738,168,465,1,1,1,1,P08
3,739,70,490,1,1,1,1,P08
3,740,190,502,1,1,1,1,P08
3,741,114,357,1,1,1,1,P08
3,742,380,599,1,3,1,1,P08
3,743,476,338,1,1,1,1,P08
3,744,330,299,1,1,1,1,P08
3,745,285,615,1,1,1,1,P08
3,746,290,491,2,1,1,1,P08
3,747,164,296,1,1,1,1,P08
3,748,200,414,1,1,1,1,P08
3,749,164,239,1,1,1,1,P08
3,750,302,518,3,1,1,1,P08
3,751,192,338,1,1,1,1,P08
3,752,483,244,1,1,1,1,P08
3,753,351,386,2,1,1,1,P08
3,754,241,507,1,1,1,1,P08
3,755,323,192,1,1,1,1,P08
3,756,265,236,1,1,1,1,P08
3,757,236,744,1,1,1,1,P08
3,758,127,419,1,3,1,1,P08
3,759,411,587,1,1,1,1,P08
3,760,295,615,1,1,1,1,P08
3,761,314,229,1,1,1,1,P08
3,762,197,662,1,1,1,1,P08
3,763,169,448,2,1,1,1,P08
3,764,431,329,1,1,1,1,P08
3,765,130,640,1,1,1,1,P08
3,766,262,638,1,2,1,1,P08
3,767,98,875,1,3,1,1,P08
3,768,221,692,1,1,1,1,P08
3,769,196,242,1,1,1,1,P08
3,770,147,376,1,1,1,1,P08
3,771,411,253,1,1,1,1,P08
3,772,265,622,1,1,1,1,P08
3,773,418,502,1,1,1,1,P08
3,774,176,482,1,1,1,1,P08
3,775,356,294,1,1,1,1,P08
3,776,108,355,1,1,1,1,P08
3,777,400,300,1,1,1,1,P08
3,778,177,322,1,1,1,1,P08
3,779,78,441,1,2,1,1,P08
3,780,133,323,1,1,1,1,P08
3,781,88,401,1,1,1,1,P08
3,782,117,571,1,1,1,1,P08
3,783,350,333,2,1,1,1,P08
3,784,432,350,1,1,1,1,P08
3,785,273,493,1,1,1,1,P08
3,786,315,557,1,1,1,1,P08
3,787,182,332,1,1,1,1,P08
3,788,271,638,1,1,1,1,P08
3,789,414,377,1,2,1,1,P08
3,790,272,722,1,1,1,1,P08
3,791,232,630,1,1,1,1,P08
3,792,268,483,1,1,1,1,P08
3,793,314,201,1,1,1,1,P08
3,794,112,527,1,1,1,1,P08
3,795,144,450,1,1,1,1,P08
3,796,178,428,1,1,1,1,P08
3,797,269,424,1,1,1,1,P08
3,798,253,718,1,1,1,1,P08
3,799,267,410,1,1,1,1,P08
3,800,394,421,1,2,1,1,P08
3,801,150,569,1,1,1,1,P08
3,802,476,409,1,1,1,1,P08
3,803,263,646,1,1,1,1,P08
3,804,431,367,1,1,1,1,P08
3,805,196,665,1,1,1,1,P08
3,806,85,417,1,1,1,1,P08
3,807,499,488,1,1,1,1,P08
3,808,182,480,1,1,1,1,P08
3,809,112,424,1,1,1,1,P08
3,810,152,381,1,1,1,1,P08
3,811,183,298,1,1,1,1,P08
3,812,223,472,1,1,1,1,P08
3,813,186,395,1,1,1,1,P08
3,814,446,284,1,1,1,1,P08
3,815,238,289,1,1,1,1,P08
3,816,318,625,1,1,1,1,P08
3,817,215,686,1,1,1,1,P08
3,818,78,327,1,1,1,1,P08
3,819,236,343,1,1,1,1,P08
3,820,373,367,3,1,1,1,P08
3,821,222,310,1,1,1,1,P08
3,822,142,661,1,1,1,1,P08
3,823,156,377,1,2,1,1,P08
3,824,146,348,1,2,1,1,P08
3,825,163,295,1,1,1,1,P08
3,826,292,314,2,1,1,1,P08
3,827,177,225,1,1,1,1,P08
3,828,442,491,1,1,1,1,P08
3,829,149,338,1,1,1,1,P08
3,830,301,437,1,2,1,1,P08
3,831,134,330,1,1,1,1,P08
3,832,293,388,1,1,1,1,P08
3,833,75,409,1,2,1,1,P08
3,834,303,343,1,1,1,1,P08
3,835,265,427,1,1,1,1,P08
3,836,196,420,1,1,1,1,P08
3,837,310,321,1,2,1,1,P08
3,838,311,525,1,1,1,1,P08
3,839,284,528,1,1,1,1,P08
3,840,167,537,1,2,1,1,P08
3,841,430,482,1,1,1,1,P08
3,842,202,362,1,1,1,1,P08
3,843,440,258,1,1,1,1,P08
3,844,76,409,1,1,1,1,P08
3,845,341,632,1,1,1,1,P08
3,846,96,474,1,2,1,1,P08
3,847,153,357,1,1,1,1,P08
3,848,254,369,1,1,1,1,P08
3,849,209,243,1,1,1,1,P08
3,850,180,341,1,1,1,1,P08
3,851,447,425,1,1,1,1,P08
3,852,131,358,1,1,1,1,P08
3,853,182,452,1,1,1,1,P08
3,854,159,279,1,1,1,1,P08
3,855,250,563,1,1,1,1,P08
3,856,134,491,1,1,1,1,P08
3,857,256,663,1,1,1,1,P08
3,858,259,356,1,4,1,1,P08
3,859,174,229,1,1,1,1,P08
3,860,130,654,1,2,1,1,P08
3,861,205,246,1,1,1,1,P08
3,862,155,567,1,2,1,1,P08
3,863,83,485,1,2,1,1,P08
3,864,481,337,1,1,1,1,P08
3,865,170,335,1,1,1,1,P08
3,866,237,604,1,1,1,1,P08
3,867,261,660,1,1,1,1,P08
3,868,239,514,1,2,1,1,P08
3,869,272,185,2,1,1,1,P08
3,870,353,208,2,1,1,1,P08
3,871,254,259,2,1,1,1,P08
3,872,240,514,1,1,1,1,P08
3,873,261,457,1,1,1,1,P08
3,874,143,729,1,1,1,1,P08
3,875,172,430,1,1,1,1,P08
3,876,313,242,1,1,1,1,P08
3,877,217,189,1,1,1,1,P08
3,878,273,160,2,1,1,1,P08
3,879,296,699,1,1,1,1,P08
3,880,131,309,1,1,1,1,P08
3,881,156,396,1,1,1,1,P08
3,882,137,408,1,1,1,1,P08
3,883,340,573,1,1,1,1,P08
3,884,189,679,1,3,1,1,P08
3,885,222,251,1,1,1,1,P08
3,886,172,716,1,1,1,1,P08
3,887,276,509,1,1,1,1,P08
3,888,225,280,1,1,1,1,P08
3,889,187,330,1,1,1,1,P08
3,890,503,484,1,1,1,1,P08
3,891,233,603,1,1,1,1,P08
3,892,447,511,1,1,1,1,P08
3,893,256,412,1,1,1,1,P08
3,894,324,593,1,1,1,1,P08
3,895,480,120,1,1,1,1,P08
3,896,142,429,1,1,1,1,P08
3,897,223,743,1,1,1,1,P08
3,898,313,542,1,1,1,1,P08
3,899,295,398,1,1,1,1,P08
3,900,275,653,1,2,1,1,P08
3,901,138,389,1,1,1,1,P08
3,902,324,673,1,1,1,1,P08
3,903,199,260,1,1,1,1,P08
3,904,190,575,1,1,1,1,P08
3,905,156,278,1,1,1,1,P08
3,906,245,624,1,1,1,1,P08
3,907,241,668,1,1,1,1,P08
3,908,226,667,1,1,1,1,P08
3,909,484,429,1,1,1,1,P08
3,910,226,275,1,1,1,1,P08
3,911,261,429,1,1,1,1,P08
3,912,155,287,1,2,1,1,P08
3,913,299,299,1,1,1,1,P08
3,914,115,436,1,2,1,1,P08
3,915,137,325,1,1,1,1,P08
3,916,181,287,1,1,1,1,P08
3,917,189,501,1,1,1,1,P08
3,918,143,438,1,1,1,1,P08
3,919,99,360,1,2,1,1,P08
3,920,243,244,1,1,1,1,P08
3,921,222,395,1,1,1,1,P08
3,922,183,293,1,1,1,1,P08
3,923,168,681,1,1,1,1,P08
3,924,133,338,1,2,1,1,P08
3,925,264,153,2,1,1,1,P08
3,926,339,127,1,1,1,1,P08
3,927,112,293,1,1,1,1,P08
3,928,332,426,1,1,1,1,P08
3,929,497,348,1,1,1,1,P08
3,930,316,641,1,1,1,1,P08
3,931,240,453,1,1,1,1,P08
3,932,285,481,1,1,1,1,P08
3,933,533,396,1,1,1,1,P08
3,934,177,809,1,2,1,1,P08
3,935,184,280,1,1,1,1,P08
3,936,193,305,1,1,1,1,P08
3,937,608,377,3,1,1,1,P08
3,938,166,258,1,2,1,1,P08
3,939,136,757,1,1,1,1,P08
3,940,303,508,1,1,1,1,P08
3,941,112,485,1,1,1,1,P08
3,942,355,523,1,1,1,1,P08
3,943,316,458,1,1,1,1,P08
3,944,317,294,1,1,1,1,P08
3,945,522,472,2,1,1,1,P08
3,946,430,302,1,1,1,1,P08
3,947,323,231,1,1,1,1,P08
3,948,282,654,1,1,1,1,P08
3,949,120,634,1,1,1,1,P08
3,950,239,501,1,1,1,1,P08
3,951,374,513,1,1,1,1,P08
3,952,260,587,1,2,1,1,P08
3,953,207,322,1,1,1,1,P08
3,954,191,597,1,2,1,1,P08
3,955,261,285,1,1,1,1,P08
3,956,393,597,1,3,1,1,P08
3,957,61,443,1,3,1,1,P08
3,958,410,518,1,3,1,1,P08
3,959,478,491,1,1,1,1,P08
3,960,288,429,1,1,1,1,P08
3,961,377,306,1,1,1,1,P08
3,962,114,385,1,1,1,1,P08
3,963,157,251,1,1,1,1,P08
3,964,398,598,1,1,1,1,P08
3,965,158,358,1,1,1,1,P08
3,966,260,636,1,2,1,1,P08
3,967,522,194,1,1,1,1,P08
3,968,599,370,1,1,1,1,P08
3,969,400,527,1,1,1,1,P08
3,970,133,616,1,1,1,1,P08
3,971,211,216,1,1,1,1,P08
3,972,198,212,1,1,1,1,P08
3,973,359,547,1,1,1,1,P08
3,974,196,417,1,1,1,1,P08
3,975,224,196,1,1,1,1,P08
3,976,368,197,1,1,1,1,P08
3,977,140,367,1,1,1,1,P08
3,978,314,491,1,1,1,1,P08
3,979,218,274,1,1,1,1,P08
3,980,287,215,2,1,1,1,P08
3,981,308,464,1,1,1,1,P08
3,982,316,576,1,1,1,1,P08
3,983,331,398,1,1,1,1,P08
3,984,161,725,1,1,1,1,P08
3,985,167,701,1,2,1,1,P08
3,986,150,506,1,1,1,1,P08
3,987,122,299,1,1,1,1,P08
3,988,141,305,1,2,1,1,P08
3,989,165,264,1,1,1,1,P08
3,990,127,296,1,1,1,1,P08
3,991,191,240,1,2,1,1,P08
3,992,327,481,1,1,1,1,P08
3,993,164,500,1,2,1,1,P08
3,994,254,345,1,1,1,1,P08
3,995,217,507,1,1,1,1,P08
3,996,354,486,1,1,1,1,P08
3,997,432,446,1,1,1,1,P08
3,998,322,302,1,3,1,1,P08
3,999,437,512,1,1,1,1,P08
3,1000,228,511,1,1,1,1,P08
4,1,436,197,4,1,3,1,P08
4,2,308,618,1,1,3,1,P08
4,3,265,528,2,1,3,1,P08
4,4,248,168,3,1,3,1,P08
4,5,584,262,2,1,3,1,P08
4,6,526,378,2,1,3,1,P08
4,7,443,369,2,1,3,1,P08
4,8,346,141,3,1,3,1,P08
4,9,258,176,1,1,3,1,P08
4,10,156,349,1,1,3,1,P08
4,11,609,128,4,1,3,1,P08
4,12,354,293,2,1,3,1,P08
4,13,494,493,1,1,3,1,P08
4,14,388,133,3,1,3,1,P08
4,15,629,239,1,1,3,1,P08
4,16,320,149,4,1,3,1,P08
4,17,459,450,1,1,3,1,P08
4,18,299,219,2,1,3,1,P08
4,19,198,489,1,1,3,1,P08
4,20,127,313,1,1,3,1,P08
4,21,275,367,1,2,3,1,P08
4,22,387,321,1,1,3,1,P08
4,23,442,373,1,1,3,1,P08
4,24,387,291,3,1,3,1,P08
4,25,122,685,1,1,3,1,P08
4,26,304,276,1,1,3,1,P08
4,27,240,164,1,1,3,1,P08
4,28,365,553,2,1,3,1,P08
4,29,500,327,2,1,3,1,P08
4,30,680,265,2,1,3,1,P08
4,31,134,657,1,1,3,1,P08
4,32,394,556,1,2,3,1,P08
4,33,147,261,1,1,3,1,P08
4,34,647,265,2,1,3,1,P08
4,35,262,244,1,2,3,1,P08
4,36,426,357,1,1,3,1,P08
4,37,220,298,1,1,3,1,P08
4,38,341,464,1,2,3,1,P08
4,39,551,401,2,1,3,1,P08
4,40,400,168,1,2,3,1,P08
4,41,691,206,6,1,3,1,P08
4,42,246,206,1,1,3,1,P08
4,43,543,209,1,1,3,1,P08
4,44,380,141,3,1,3,1,P08
4,45,417,179,3,1,3,1,P08
4,46,251,383,3,1,3,1,P08
4,47,473,414,1,1,3,1,P08
4,48,482,428,1,1,3,1,P08
4,49,191,359,1,3,3,1,P08
4,50,751,143,4,1,3,1,P08
4,51,547,181,1,1,3,1,P08
4,52,296,163,1,1,3,1,P08
4,53,446,236,2,1,3,1,P08
4,54,530,340,5,1,3,1,P08
4,55,665,296,5,1,3,1,P08
4,56,375,264,2,1,3,1,P08
4,57,287,163,2,2,3,1,P08
4,58,278,141,4,1,3,1,P08
4,59,550,275,1,1,3,1,P08
4,60,638,353,4,1,3,1,P08
4,61,451,228,2,1,3,1,P08
4,62,407,225,1,1,3,1,P08
4,63,388,377,1,1,3,1,P08
4,64,596,336,1,1,3,1,P08
4,65,95,587,1,1,3,1,P08
4,66,540,133,4,1,3,1,P08
4,67,489,298,2,1,3,1,P08
4,68,572,305,4,1,3,1,P08
4,69,673,168,4,1,3,1,P08
4,70,509,439,3,1,3,1,P08
4,71,559,335,2,1,3,1,P08
4,72,219,259,2,1,3,1,P08
4,73,343,130,1,1,3,1,P08
4,74,442,231,4,1,3,1,P08
4,75,403,347,1,1,3,1,P08
4,76,206,392,1,1,3,1,P08
4,77,478,99,2,1,3,1,P08
4,78,614,364,4,1,3,1,P08
4,79,295,557,2,1,3,1,P08
4,80,416,489,1,2,3,1,P08
4,81,361,258,1,2,3,1,P08
4,82,718,161,3,1,3,1,P08
4,83,451,362,2,1,3,1,P08
4,84,217,217,1,1,3,1,P08
4,85,380,410,4,1,3,1,P08
4,86,233,262,2,1,3,1,P08
4,87,218,545,2,1,3,1,P08
4,88,573,403,3,2,3,1,P08
4,89,261,228,2,1,3,1,P08
4,90,344,215,1,1,3,1,P08
4,91,311,182,1,1,3,1,P08
4,92,471,199,4,1,3,1,P08
4,93,331,297,1,1,3,1,P08
4,94,666,171,3,1,3,1,P08
4,95,530,233,9,1,3,1,P08
4,96,422,447,2,1,3,1,P08
4,97,273,328,1,1,3,1,P08
4,98,479,211,1,1,3,1,P08
4,99,400,170,2,1,3,1,P08
4,100,590,299,1,1,3,1,P08
4,101,769,162,3,1,3,1,P08
4,102,222,671,1,1,3,1,P08
4,103,416,169,1,1,3,1,P08
4,104,682,306,1,1,3,1,P08
4,105,295,458,1,2,3,1,P08
4,106,335,307,1,1,3,1,P08
4,107,322,638,1,1,3,1,P08
4,108,327,300,1,1,3,1,P08
4,109,338,611,1,1,3,1,P08
4,110,519,422,4,1,3,1,P08
4,111,426,338,1,1,3,1,P08
4,112,165,278,1,2,3,1,P08
4,113,246,307,2,1,3,1,P08
4,114,585,362,1,2,3,1,P08
4,115,669,199,1,1,3,1,P08
4,116,377,206,1,1,3,1,P08
4,117,263,311,1,1,3,1,P08
4,118,309,154,3,1,3,1,P08
4,119,392,240,2,1,3,1,P08
4,120,336,144,1,1,3,1,P08
4,121,338,70,1,1,3,1,P08
4,122,743,249,1,1,3,1,P08
4,123,518,369,3,1,3,1,P08
4,124,137,488,1,3,3,1,P08
4,125,411,264,2,1,3,1,P08
4,126,547,287,1,1,3,1,P08
4,127,389,267,1,1,3,1,P08
4,128,439,433,2,1,3,1,P08
4,129,409,159,3,1,3,1,P08
4,130,565,368,1,1,3,1,P08
4,131,493,417,4,1,3,1,P08
4,132,431,326,2,1,3,1,P08
4,133,365,563,1,1,3,1,P08
4,134,435,520,4,1,3,1,P08
4,135,440,423,2,1,3,1,P08
4,136,385,209,2,1,3,1,P08
4,137,441,302,3,1,3,1,P08
4,138,435,504,1,1,3,1,P08
4,139,314,174,4,1,3,1,P08
4,140,362,418,1,1,3,1,P08
4,141,650,195,2,1,3,1,P08
4,142,452,223,2,1,3,1,P08
4,143,425,368,1,1,3,1,P08
4,144,299,253,3,1,3,1,P08
4,145,612,252,1,1,3,1,P08
4,146,327,281,1,1,3,1,P08
4,147,652,330,1,1,3,1,P08
4,148,399,437,4,1,3,1,P08
4,149,230,254,4,1,3,1,P08
4,150,441,118,2,1,3,1,P08
4,151,255,159,3,1,3,1,P08
4,152,639,274,1,1,3,1,P08
4,153,547,390,4,1,3,1,P08
4,154,489,465,3,1,3,1,P08
4,155,375,231,3,2,3,1,P08
4,156,314,272,2,1,3,1,P08
4,157,434,115,1,1,3,1,P08
4,158,301,440,2,2,3,1,P08
4,159,487,361,1,1,3,1,P08
4,160,403,492,1,1,3,1,P08
4,161,272,386,3,1,3,1,P08
4,162,712,259,2,1,3,1,P08
4,163,360,303,2,1,3,1,P08
4,164,337,143,3,1,3,1,P08
4,165,235,316,2,1,3,1,P08
4,166,231,242,1,1,3,1,P08
4,167,324,432,1,1,3,1,P08
4,168,298,146,3,1,3,1,P08
4,169,692,275,2,1,3,1,P08
4,170,317,156,2,1,3,1,P08
4,171,372,126,3,1,3,1,P08
4,172,568,122,5,1,3,1,P08
4,173,474,298,2,1,3,1,P08
4,174,276,229,2,1,3,1,P08
4,175,533,199,4,1,3,1,P08
4,176,344,175,4,1,3,1,P08
4,177,272,131,2,1,3,1,P08
4,178,297,119,1,1,3,1,P08
4,179,161,413,1,1,3,1,P08
4,180,590,132,2,1,3,1,P08
4,181,209,456,3,1,3,1,P08
4,182,268,318,1,1,3,1,P08
4,183,472,262,4,1,3,1,P08
4,184,294,492,1,1,3,1,P08
4,185,349,121,2,1,3,1,P08
4,186,532,196,3,1,3,1,P08
4,187,507,293,3,1,3,1,P08
4,188,608,385,1,1,3,1,P08
4,189,255,222,3,1,3,1,P08
4,190,330,174,1,1,3,1,P08
4,191,314,303,1,1,3,1,P08
4,192,366,514,1,1,3,1,P08
4,193,613,349,2,1,3,1,P08
4,194,377,294,1,1,3,1,P08
4,195,456,322,1,1,3,1,P08
4,196,347,391,1,1,3,1,P08
4,197,384,572,1,1,3,1,P08
4,198,674,297,4,1,3,1,P08
4,199,783,209,2,1,3,1,P08
4,200,265,396,1,1,3,1,P08
4,201,532,393,3,1,3,1,P08
4,202,706,181,3,1,3,1,P08
4,203,399,261,1,1,3,1,P08
4,204,716,270,3,1,3,1,P08
4,205,292,164,2,1,3,1,P08
4,206,548,105,4,1,3,1,P08
4,207,563,370,4,1,3,1,P08
4,208,225,384,2,1,3,1,P08
4,209,436,178,1,1,3,1,P08
4,210,274,158,2,1,3,1,P08
4,211,346,341,1,1,3,1,P08
4,212,209,192,2,1,3,1,P08
4,213,512,321,3,1,3,1,P08
4,214,709,72,1,1,3,1,P08
4,215,471,202,4,1,3,1,P08
4,216,383,279,1,1,3,1,P08
4,217,358,207,2,1,3,1,P08
4,218,375,586,2,1,3,1,P08
4,219,363,373,3,1,3,1,P08
4,220,392,195,6,1,3,1,P08
4,221,800,178,2,1,3,1,P08
4,222,194,402,1,1,3,1,P08
4,223,389,288,3,1,3,1,P08
4,224,327,396,1,1,3,1,P08
4,225,516,433,1,1,3,1,P08
4,226,395,291,5,1,3,1,P08
4,227,302,321,3,1,3,1,P08
4,228,425,424,1,2,3,1,P08
4,229,327,151,2,1,3,1,P08
4,230,319,175,1,1,3,1,P08
4,231,441,517,2,1,3,1,P08
4,232,638,262,4,1,3,1,P08
4,233,265,289,1,1,3,1,P08
4,234,564,317,4,1,3,1,P08
4,235,598,389,1,1,3,1,P08
4,236,412,401,2,1,3,1,P08
4,237,361,549,1,1,3,1,P08
4,238,444,185,1,1,3,1,P08
4,239,500,404,1,1,3,1,P08
4,240,287,250,1,1,3,1,P08
4,241,450,169,1,1,3,1,P08
4,242,525,297,1,1,3,1,P08
4,243,238,555,1,1,3,1,P08
4,244,502,339,1,1,3,1,P08
4,245,675,206,2,1,3,1,P08
4,246,294,389,1,2,3,1,P08
4,247,606,288,4,1,3,1,P08
4,248,623,167,3,1,3,1,P08
4,249,466,357,3,1,3,1,P08
4,250,171,351,1,1,3,1,P08
4,251,450,437,1,1,3,1,P08
4,252,240,167,2,1,3,1,P08
4,253,444,391,2,1,3,1,P08
4,254,384,485,2,1,3,1,P08
4,255,338,215,2,1,3,1,P08
4,256,540,360,2,1,3,1,P08
4,257,302,581,4,1,3,1,P08
4,258,374,350,3,1,3,1,P08
4,259,235,169,3,1,3,1,P08
4,260,270,656,1,2,3,1,P08
4,261,498,371,2,1,3,1,P08
4,262,536,361,1,1,3,1,P08
4,263,442,192,1,1,3,1,P08
4,264,389,488,1,1,3,1,P08
4,265,323,195,1,1,3,1,P08
4,266,513,314,2,1,3,1,P08
4,267,458,168,3,1,3,1,P08
4,268,260,187,2,1,3,1,P08
4,269,325,132,1,1,3,1,P08
4,270,413,416,2,1,3,1,P08
4,271,323,480,1,1,3,1,P08
4,272,541,136,6,1,3,1,P08
4,273,261,584,2,1,3,1,P08
4,274,422,336,1,1,3,1,P08
4,275,364,313,1,1,3,1,P08
4,276,335,338,2,1,3,1,P08
4,277,480,319,3,1,3,1,P08
4,278,367,246,3,1,3,1,P08
4,279,511,324,3,1,3,1,P08
4,280,327,251,1,1,3,1,P08
4,281,438,254,3,1,3,1,P08
4,282,244,286,4,1,3,1,P08
4,283,599,95,3,1,3,1,P08
4,284,428,267,3,1,3,1,P08
4,285,315,209,1,1,3,1,P08
4,286,331,368,1,1,3,1,P08
4,287,547,121,1,1,3,1,P08
4,288,198,573,2,1,3,1,P08
4,289,454,174,7,1,3,1,P08
4,290,735,261,2,1,3,1,P08
4,291,236,302,1,1,3,1,P08
4,292,561,429,1,1,3,1,P08
4,293,333,136,3,1,3,1,P08
4,294,188,249,2,1,3,1,P08
4,295,447,530,2,2,3,1,P08
4,296,234,192,1,1,3,1,P08
4,297,438,261,2,1,3,1,P08
4,298,618,137,3,1,3,1,P08
4,299,630,301,2,1,3,1,P08
4,300,312,262,1,1,3,1,P08
4,301,423,308,4,1,3,1,P08
4,302,512,433,3,1,3,1,P08
4,303,501,292,1,1,3,1,P08
4,304,361,232,2,1,3,1,P08
4,305,325,199,3,1,3,1,P08
4,306,456,194,3,1,3,1,P08
4,307,500,301,1,1,3,1,P08
4,308,472,73,5,1,3,1,P08
4,309,361,109,5,1,3,1,P08
4,310,406,283,1,2,3,1,P08
4,311,533,274,1,1,3,1,P08
4,312,558,196,1,1,3,1,P08
4,313,473,203,1,1,3,1,P08
4,314,324,432,1,1,3,1,P08
4,315,487,381,2,1,3,1,P08
4,316,283,201,2,1,3,1,P08
4,317,390,428,1,1,3,1,P08
4,318,527,229,1,1,3,1,P08
4,319,403,437,1,3,3,1,P08
4,320,439,376,1,1,3,1,P08
4,321,493,186,3,1,3,1,P08
4,322,201,276,2,1,3,1,P08
4,323,549,256,1,1,3,1,P08
4,324,456,482,1,1,3,1,P08
4,325,481,208,1,1,3,1,P08
4,326,625,139,2,1,3,1,P08
4,327,450,169,3,1,3,1,P08
4,328,319,331,2,1,3,1,P08
4,329,303,446,1,1,3,1,P08
4,330,570,426,3,2,3,1,P08
4,331,527,172,6,1,3,1,P08
4,332,271,519,1,1,3,1,P08
4,333,268,250,2,1,3,1,P08
4,334,528,232,4,1,3,1,P08
4,335,512,260,1,1,3,1,P08
4,336,589,378,2,1,3,1,P08
4,337,273,319,1,1,3,1,P08
4,338,349,260,2,1,3,1,P08
4,339,214,595,1,1,3,1,P08
4,340,643,284,4,1,3,1,P08
4,341,182,433,1,1,3,1,P08
4,342,425,357,1,1,3,1,P08
4,343,410,208,3,1,3,1,P08
4,344,361,466,2,1,3,1,P08
4,345,307,232,2,1,3,1,P08
4,346,607,264,3,1,3,1,P08
4,347,705,255,2,1,3,1,P08
4,348,315,127,1,1,3,1,P08
4,349,292,562,1,1,3,1,P08
4,350,485,289,1,1,3,1,P08
4,351,363,268,3,1,3,1,P08
4,352,334,320,1,1,3,1,P08
4,353,247,412,3,1,3,1,P08
4,354,197,326,2,1,3,1,P08
4,355,238,466,1,1,3,1,P08
4,356,403,402,3,1,3,1,P08
4,357,590,373,2,1,3,1,P08
4,358,836,149,2,1,3,1,P08
4,359,389,573,1,1,3,1,P08
4,360,550,200,3,1,3,1,P08
4,361,463,431,5,1,3,1,P08
4,362,495,430,3,1,3,1,P08
4,363,503,168,4,1,3,1,P08
4,364,449,442,1,1,3,1,P08
4,365,487,120,1,1,3,1,P08
4,366,402,254,1,1,3,1,P08
4,367,655,224,6,1,3,1,P08
4,368,407,107,5,1,3,1,P08
4,369,321,429,1,1,3,1,P08
4,370,207,297,3,1,3,1,P08
4,371,456,237,2,1,3,1,P08
4,372,358,121,1,1,3,1,P08
4,373,704,238,3,1,3,1,P08
4,374,569,245,3,2,3,1,P08
4,375,337,226,3,1,3,1,P08
4,376,398,345,1,1,3,1,P08
4,377,188,790,1,2,3,1,P08
4,378,434,474,3,1,3,1,P08
4,379,664,239,3,1,3,1,P08
4,380,433,270,1,1,3,1,P08
4,381,259,641,1,1,3,1,P08
4,382,478,441,1,1,3,1,P08
4,383,240,429,1,1,3,1,P08
4,384,393,485,1,1,3,1,P08
4,385,320,346,1,1,3,1,P08
4,386,305,540,1,1,3,1,P08
4,387,586,387,4,1,3,1,P08
4,388,549,379,1,1,3,1,P08
4,389,562,90,2,1,3,1,P08
4,390,330,216,2,1,3,1,P08
4,391,620,320,2,1,3,1,P08
4,392,621,240,3,1,3,1,P08
4,393,454,230,1,1,3,1,P08
4,394,610,156,1,1,3,1,P08
4,395,508,332,1,1,3,1,P08
4,396,424,515,2,2,3,1,P08
4,397,365,619,4,1,3,1,P08
4,398,691,182,3,1,3,1,P08
4,399,289,205,2,2,3,1,P08
4,400,224,288,1,1,3,1,P08
4,401,240,222,2,1,3,1,P08
4,402,280,271,2,1,3,1,P08
4,403,673,215,1,1,3,1,P08
4,404,243,204,3,1,3,1,P08
4,405,470,332,1,1,3,1,P08
4,406,594,306,1,1,3,1,P08
4,407,300,125,1,1,3,1,P08
4,408,343,86,2,1,3,1,P08
4,409,538,320,1,1,3,1,P08
4,410,369,83,2,1,3,1,P08
4,411,820,147,2,1,3,1,P08
4,412,441,525,1,1,3,1,P08
4,413,374,302,2,1,3,1,P08
4,414,497,230,2,1,3,1,P08
4,415,460,477,1,1,3,1,P08
4,416,578,249,1,1,3,1,P08
4,417,397,408,2,2,3,1,P08
4,418,330,96,5,1,3,1,P08
4,419,580,223,4,1,3,1,P08
4,420,292,164,1,1,3,1,P08
4,421,400,245,3,1,3,1,P08
4,422,469,396,1,1,3,1,P08
4,423,289,205,1,1,3,1,P08
4,424,646,266,2,1,3,1,P08
4,425,393,235,2,1,3,1,P08
4,426,214,274,2,1,3,1,P08
4,427,612,375,3,1,3,1,P08
4,428,377,265,2,1,3,1,P08
4,429,275,485,1,1,3,1,P08
4,430,481,143,3,1,3,1,P08
4,431,220,193,1,1,3,1,P08
4,432,373,220,1,1,3,1,P08
4,433,449,531,5,1,3,1,P08
4,434,330,275,4,2,3,1,P08
4,435,375,523,3,1,3,1,P08
4,436,529,196,1,1,3,1,P08
4,437,360,180,1,1,3,1,P08
4,438,584,253,3,1,3,1,P08
4,439,451,529,2,3,3,1,P08
4,440,460,411,2,1,3,1,P08
4,441,637,266,1,1,3,1,P08
4,442,216,188,2,1,3,1,P08
4,443,490,392,2,1,3,1,P08
4,444,284,144,1,1,3,1,P08
4,445,415,196,2,1,3,1,P08
4,446,453,370,1,1,3,1,P08
4,447,323,355,2,1,3,1,P08
4,448,261,183,3,1,3,1,P08
4,449,600,380,1,1,3,1,P08
4,450,611,240,2,1,3,1,P08
4,451,692,129,4,1,3,1,P08
4,452,415,317,2,1,3,1,P08
4,453,410,547,1,1,3,1,P08
4,454,440,100,3,1,3,1,P08
4,455,270,662,1,1,3,1,P08
4,456,643,310,1,1,3,1,P08
4,457,401,136,3,1,3,1,P08
4,458,340,401,1,1,3,1,P08
4,459,343,451,1,1,3,1,P08
4,460,293,237,3,1,3,1,P08
4,461,328,215,1,1,3,1,P08
4,462,337,226,1,1,3,1,P08
4,463,508,393,2,1,3,1,P08
4,464,412,267,1,1,3,1,P08
4,465,210,210,1,1,3,1,P08
4,466,435,365,1,1,3,1,P08
4,467,338,309,1,2,3,1,P08
4,468,264,393,1,1,3,1,P08
4,469,290,160,1,1,3,1,P08
4,470,706,118,1,1,3,1,P08
4,471,527,438,1,1,3,1,P08
4,472,419,309,1,1,3,1,P08
4,473,273,175,1,1,3,1,P08
4,474,373,402,1,1,3,1,P08
4,475,490,154,2,1,3,1,P08
4,476,366,258,1,1,3,1,P08
4,477,218,262,4,1,3,1,P08
4,478,420,180,3,1,3,1,P08
4,479,482,228,3,1,3,1,P08
4,480,264,289,2,1,3,1,P08
4,481,403,576,1,1,3,1,P08
4,482,284,352,1,1,3,1,P08
4,483,451,348,2,1,3,1,P08
4,484,339,221,2,1,3,1,P08
4,485,645,187,1,1,3,1,P08
4,486,502,241,4,1,3,1,P08
4,487,279,140,3,1,3,1,P08
4,488,217,750,1,3,3,1,P08
4,489,706,166,1,1,3,1,P08
4,490,412,565,1,1,3,1,P08
4,491,177,739,1,1,3,1,P08
4,492,356,319,2,1,3,1,P08
4,493,413,316,2,1,3,1,P08
4,494,598,188,3,1,3,1,P08
4,495,742,186,2,1,3,1,P08
4,496,172,572,1,1,3,1,P08
4,497,479,106,1,1,3,1,P08
4,498,317,229,1,1,3,1,P08
4,499,396,160,1,1,3,1,P08
4,500,251,166,3,2,3,1,P08
4,501,524,135,1,1,3,1,P08
4,502,449,278,3,1,3,1,P08
4,503,345,144,2,1,3,1,P08
4,504,257,384,1,2,3,1,P08
4,505,317,133,3,1,3,1,P08
4,506,612,343,3,1,3,1,P08
4,507,594,316,3,2,3,1,P08
4,508,448,324,2,1,3,1,P08
4,509,527,198,3,1,3,1,P08
4,510,252,251,3,1,3,1,P08
4,511,479,157,2,1,3,1,P08
4,512,361,457,2,2,3,1,P08
4,513,467,321,2,1,3,1,P08
4,514,616,348,1,1,3,1,P08
4,515,339,161,1,1,3,1,P08
4,516,418,282,2,1,3,1,P08
4,517,237,197,1,1,3,1,P08
4,518,481,453,1,2,3,1,P08
4,519,296,148,3,1,3,1,P08
4,520,262,725,1,1,3,1,P08
4,521,342,129,3,1,3,1,P08
4,522,444,536,1,1,3,1,P08
4,523,261,293,6,1,3,1,P08
4,524,631,132,1,1,3,1,P08
4,525,619,312,2,1,3,1,P08
4,526,398,290,1,1,3,1,P08
4,527,325,177,2,1,3,1,P08
4,528,475,483,2,1,3,1,P08
4,529,620,298,1,1,3,1,P08
4,530,493,353,1,1,3,1,P08
4,531,311,302,1,1,3,1,P08
4,532,622,280,1,1,3,1,P08
4,533,603,261,2,1,3,1,P08
4,534,387,567,1,1,3,1,P08
4,535,444,148,5,1,3,1,P08
4,536,581,317,2,1,3,1,P08
4,537,294,311,1,1,3,1,P08
4,538,436,213,3,1,3,1,P08
4,539,309,407,2,1,3,1,P08
4,540,712,200,3,1,3,1,P08
4,541,234,472,1,2,3,1,P08
4,542,454,150,2,1,3,1,P08
4,543,503,213,1,1,3,1,P08
4,544,364,199,3,1,3,1,P08
4,545,255,168,1,1,3,1,P08
4,546,352,370,1,1,3,1,P08
4,547,233,443,1,1,3,1,P08
4,548,191,277,4,3,3,1,P08
4,549,278,128,3,1,3,1,P08
4,550,336,442,2,1,3,1,P08
4,551,507,356,2,1,3,1,P08
4,552,317,326,1,1,3,1,P08
4,553,258,315,3,2,3,1,P08
4,554,661,154,2,1,3,1,P08
4,555,390,192,2,1,3,1,P08
4,556,784,214,1,1,3,1,P08
4,557,443,99,2,1,3,1,P08
4,558,312,171,1,1,3,1,P08
4,559,495,393,4,1,3,1,P08
4,560,509,454,2,1,3,1,P08
4,561,205,212,1,1,3,1,P08
4,562,373,245,4,1,3,1,P08
4,563,233,220,1,1,3,1,P08
4,564,467,249,2,1,3,1,P08
4,565,269,154,2,1,3,1,P08
4,566,703,219,2,1,3,1,P08
4,567,374,141,6,1,3,1,P08
4,568,574,104,2,1,3,1,P08
4,569,259,175,3,1,3,1,P08
4,570,419,241,1,1,3,1,P08
4,571,209,291,1,1,3,1,P08
4,572,352,628,2,1,3,1,P08
4,573,754,178,3,1,3,1,P08
4,574,393,325,1,1,3,1,P08
4,575,435,240,7,1,3,1,P08
4,576,472,393,4,1,3,1,P08
4,577,245,207,2,1,3,1,P08
4,578,488,112,2,1,3,1,P08
4,579,521,330,1,1,3,1,P08
4,580,170,285,1,1,3,1,P08
4,581,407,480,1,1,3,1,P08
4,582,458,289,3,2,3,1,P08
4,583,270,259,2,1,3,1,P08
4,584,590,348,5,1,3,1,P08
4,585,499,268,3,1,3,1,P08
4,586,320,126,3,1,3,1,P08
4,587,372,227,1,1,3,1,P08
4,588,216,354,1,1,3,1,P08
4,589,434,491,2,1,3,1,P08
4,590,363,68,2,1,3,1,P08
4,591,192,690,2,1,3,1,P08
4,592,374,425,2,2,3,1,P08
4,593,402,551,1,1,3,1,P08
4,594,583,321,1,1,3,1,P08
4,595,353,168,2,1,3,1,P08
4,596,354,602,3,1,3,1,P08
4,597,464,497,4,2,3,1,P08
4,598,465,413,3,1,3,1,P08
4,599,538,256,4,1,3,1,P08
4,600,491,458,1,1,3,1,P08
4,601,325,93,1,2,3,1,P08
4,602,434,145,4,1,3,1,P08
4,603,300,105,2,1,3,1,P08
4,604,596,398,1,2,3,1,P08
4,605,373,460,1,2,3,1,P08
4,606,354,301,1,1,3,1,P08
4,607,381,209,3,1,3,1,P08
4,608,398,302,2,1,3,1,P08
4,609,407,265,4,1,3,1,P08
4,610,212,390,2,1,3,1,P08
4,611,382,99,1,1,3,1,P08
4,612,290,475,1,4,3,1,P08
4,613,577,150,1,1,3,1,P08
4,614,366,203,1,1,3,1,P08
4,615,364,177,1,1,3,1,P08
4,616,126,458,1,1,3,1,P08
4,617,236,179,2,1,3,1,P08
4,618,330,329,1,1,3,1,P08
4,619,548,154,2,1,3,1,P08
4,620,200,265,1,2,3,1,P08
4,621,471,349,1,1,3,1,P08
4,622,129,742,1,1,3,1,P08
4,623,245,218,4,1,3,1,P08
4,624,603,392,3,1,3,1,P08
4,625,420,246,2,1,3,1,P08
4,626,481,226,2,1,3,1,P08
4,627,447,436,3,1,3,1,P08
4,628,420,392,1,1,3,1,P08
4,629,361,479,1,1,3,1,P08
4,630,425,226,1,1,3,1,P08
4,631,285,130,2,1,3,1,P08
4,632,410,548,4,1,3,1,P08
4,633,371,203,1,1,3,1,P08
4,634,347,238,2,1,3,1,P08
4,635,612,258,4,1,3,1,P08
4,636,439,366,2,1,3,1,P08
4,637,311,171,2,1,3,1,P08
4,638,184,594,1,2,3,1,P08
4,639,608,320,2,1,3,1,P08
4,640,402,127,3,1,3,1,P08
4,641,299,177,3,3,3,1,P08
4,642,183,272,2,1,3,1,P08
4,643,447,206,1,1,3,1,P08
4,644,419,124,1,1,3,1,P08
4,645,456,524,1,1,3,1,P08
4,646,277,145,3,1,3,1,P08
4,647,370,308,2,1,3,1,P08
4,648,191,243,1,1,3,1,P08
4,649,317,120,3,1,3,1,P08
4,650,481,468,1,1,3,1,P08
4,651,416,416,3,1,3,1,P08
4,652,309,112,2,1,3,1,P08
4,653,204,243,1,1,3,1,P08
4,654,255,296,2,1,3,1,P08
4,655,371,514,1,2,3,1,P08
4,656,481,212,3,1,3,1,P08
4,657,139,312,1,1,3,1,P08
4,658,393,207,3,1,3,1,P08
4,659,175,331,3,1,3,1,P08
4,660,681,285,5,1,3,1,P08
4,661,475,199,3,1,3,1,P08
4,662,226,259,1,1,3,1,P08
4,663,380,253,1,1,3,1,P08
4,664,272,239,2,1,3,1,P08
4,665,231,638,1,1,3,1,P08
4,666,448,242,1,1,3,1,P08
4,667,324,94,5,1,3,1,P08
4,668,433,335,1,1,3,1,P08
4,669,359,236,4,1,3,1,P08
4,670,354,414,1,1,3,1,P08
4,671,607,172,3,1,3,1,P08
4,672,338,348,3,1,3,1,P08
4,673,232,246,2,1,3,1,P08
4,674,679,117,3,1,3,1,P08
4,675,476,265,2,1,3,1,P08
4,676,235,279,1,1,3,1,P08
4,677,633,283,3,1,3,1,P08
4,678,593,200,1,2,3,1,P08
4,679,279,248,3,2,3,1,P08
4,680,420,448,3,1,3,1,P08
4,681,266,426,3,1,3,1,P08
4,682,465,298,1,1,3,1,P08
4,683,614,201,2,1,3,1,P08
4,684,279,347,3,1,3,1,P08
4,685,304,245,1,1,3,1,P08
4,686,288,498,1,1,3,1,P08
4,687,430,212,1,1,3,1,P08
4,688,450,339,1,1,3,1,P08
4,689,413,397,1,1,3,1,P08
4,690,475,265,2,1,3,1,P08
4,691,348,446,1,1,3,1,P08
4,692,244,163,1,1,3,1,P08
4,693,177,292,1,2,3,1,P08
4,694,496,315,4,1,3,1,P08
4,695,102,327,1,1,3,1,P08
4,696,444,283,3,1,3,1,P08
4,697,662,317,1,1,3,1,P08
4,698,713,243,3,1,3,1,P08
4,699,233,454,2,4,3,1,P08
4,700,166,279,1,1,3,1,P08
4,701,563,408,1,1,3,1,P08
4,702,562,356,1,1,3,1,P08
4,703,368,263,2,1,3,1,P08
4,704,604,194,1,1,3,1,P08
4,705,453,285,1,1,3,1,P08
4,706,283,159,2,1,3,1,P08
4,707,536,298,1,1,3,1,P08
4,708,401,275,2,1,3,1,P08
4,709,499,394,3,1,3,1,P08
4,710,516,230,2,1,3,1,P08
4,711,506,249,1,1,3,1,P08
4,712,256,454,1,1,3,1,P08
4,713,608,285,2,1,3,1,P08
4,714,287,254,1,1,3,1,P08
4,715,678,276,1,1,3,1,P08
4,716,607,331,2,1,3,1,P08
4,717,301,424,3,2,3,1,P08
4,718,306,131,2,1,3,1,P08
4,719,668,278,5,1,3,1,P08
4,720,269,385,3,1,3,1,P08
4,721,302,281,1,1,3,1,P08
4,722,470,493,2,1,3,1,P08
4,723,304,140,1,1,3,1,P08
4,724,305,220,1,1,3,1,P08
4,725,359,242,3,1,3,1,P08
4,726,320,202,1,1,3,1,P08
4,727,412,213,2,1,3,1,P08
4,728,279,222,1,1,3,1,P08
4,729,400,182,1,2,3,1,P08
4,730,264,396,3,1,3,1,P08
4,731,499,106,2,1,3,1,P08
4,732,734,238,3,1,3,1,P08
4,733,480,153,4,1,3,1,P08
4,734,490,361,1,1,3,1,P08
4,735,280,263,1,1,3,1,P08
4,736,224,490,1,1,3,1,P08
4,737,327,193,1,1,3,1,P08
4,738,172,294,1,1,3,1,P08
4,739,507,329,1,1,3,1,P08
4,740,185,362,1,1,3,1,P08
4,741,450,548,1,1,3,1,P08
4,742,673,270,1,1,3,1,P08
4,743,461,301,1,1,3,1,P08
4,744,471,177,1,1,3,1,P08
4,745,336,176,3,1,3,1,P08
4,746,267,147,3,1,3,1,P08
4,747,377,443,1,1,3,1,P08
4,748,233,172,1,1,3,1,P08
4,749,566,153,4,1,3,1,P08
4,750,242,181,3,2,3,1,P08
4,751,370,115,4,1,3,1,P08
4,752,430,557,2,1,3,1,P08
4,753,309,412,5,1,3,1,P08
4,754,420,197,1,1,3,1,P08
4,755,396,144,3,1,3,1,P08
4,756,571,113,3,1,3,1,P08
4,757,192,273,1,1,3,1,P08
4,758,345,212,1,1,3,1,P08
4,759,418,183,2,1,3,1,P08
4,760,447,283,3,1,3,1,P08
4,761,279,143,3,1,3,1,P08
4,762,326,514,1,1,3,1,P08
4,763,263,603,1,1,3,1,P08
4,764,519,263,1,1,3,1,P08
4,765,510,116,3,1,3,1,P08
4,766,422,307,2,1,3,1,P08
4,767,183,246,1,2,3,1,P08
4,768,614,374,1,1,3,1,P08
4,769,590,314,2,1,3,1,P08
4,770,287,439,3,1,3,1,P08
4,771,420,464,3,1,3,1,P08
4,772,737,145,4,1,3,1,P08
4,773,592,316,1,1,3,1,P08
4,774,247,231,1,1,3,1,P08
4,775,737,169,1,1,3,1,P08
4,776,349,223,1,1,3,1,P08
4,777,374,619,2,1,3,1,P08
4,778,262,161,5,1,3,1,P08
4,779,263,176,3,1,3,1,P08
4,780,620,328,2,1,3,1,P08
4,781,462,167,4,1,3,1,P08
4,782,148,308,3,1,3,1,P08
4,783,340,239,3,1,3,1,P08
4,784,216,344,2,1,3,1,P08
4,785,270,233,1,1,3,1,P08
4,786,313,674,2,1,3,1,P08
4,787,286,575,1,2,3,1,P08
4,788,323,226,4,1,3,1,P08
4,789,254,225,1,1,3,1,P08
4,790,178,327,1,1,3,1,P08
4,791,183,359,1,1,3,1,P08
4,792,561,360,3,1,3,1,P08
4,793,403,510,1,1,3,1,P08
4,794,331,174,1,2,3,1,P08
4,795,481,326,1,3,3,1,P08
4,796,285,234,1,2,3,1,P08
4,797,380,193,1,1,3,1,P08
4,798,370,127,1,1,3,1,P08
4,799,406,203,1,1,3,1,P08
4,800,446,209,1,1,3,1,P08
4,801,301,158,1,1,3,1,P08
4,802,475,311,1,1,3,1,P08
4,803,703,248,1,1,3,1,P08
4,804,203,408,1,1,3,1,P08
4,805,538,242,2,1,3,1,P08
4,806,270,157,1,1,3,1,P08
4,807,484,334,2,1,3,1,P08
4,808,399,324,1,1,3,1,P08
4,809,676,249,1,1,3,1,P08
4,810,160,275,2,4,3,1,P08
4,811,321,125,3,1,3,1,P08
4,812,431,232,2,1,3,1,P08
4,813,204,495,1,1,3,1,P08
4,814,498,306,1,1,3,1,P08
4,815,377,345,1,1,3,1,P08
4,816,472,305,1,1,3,1,P08
4,817,569,227,1,1,3,1,P08
4,818,458,413,1,1,3,1,P08
4,819,147,311,2,1,3,1,P08
4,820,213,201,1,1,3,1,P08
4,821,385,327,2,1,3,1,P08
4,822,544,175,4,1,3,1,P08
4,823,487,232,1,1,3,1,P08
4,824,729,175,1,1,3,1,P08
4,825,649,266,2,1,3,1,P08
4,826,355,446,1,1,3,1,P08
4,827,246,493,1,1,3,1,P08
4,828,133,287,1,1,3,1,P08
4,829,378,524,1,1,3,1,P08
4,830,649,239,2,1,3,1,P08
4,831,362,130,1,1,3,1,P08
4,832,250,236,2,1,3,1,P08
4,833,235,526,1,1,3,1,P08
4,834,519,217,4,1,3,1,P08
4,835,487,379,1,1,3,1,P08
4,836,212,254,1,1,3,1,P08
4,837,589,186,2,1,3,1,P08
4,838,221,574,1,1,3,1,P08
4,839,420,446,1,1,3,1,P08
4,840,253,254,4,1,3,1,P08
4,841,360,197,1,1,3,1,P08
4,842,431,218,1,1,3,1,P08
4,843,247,291,1,1,3,1,P08
4,844,328,202,2,1,3,1,P08
4,845,525,425,4,1,3,1,P08
4,846,329,659,1,1,3,1,P08
4,847,260,198,3,1,3,1,P08
4,848,344,262,2,1,3,1,P08
4,849,245,174,1,1,3,1,P08
4,850,250,263,1,1,3,1,P08
4,851,262,160,4,1,3,1,P08
4,852,542,208,3,1,3,1,P08
4,853,520,378,1,1,3,1,P08
4,854,351,359,1,1,3,1,P08
4,855,495,336,2,1,3,1,P08
4,856,185,319,1,1,3,1,P08
4,857,266,379,1,1,3,1,P08
4,858,270,618,1,1,3,1,P08
4,859,559,382,3,1,3,1,P08
4,860,246,178,2,1,3,1,P08
4,861,751,239,1,1,3,1,P08
4,862,418,241,1,1,3,1,P08
4,863,642,357,2,1,3,1,P08
4,864,369,166,1,1,3,1,P08
4,865,208,425,1,1,3,1,P08
4,866,432,90,1,1,3,1,P08
4,867,774,52,2,1,3,1,P08
4,868,527,251,3,1,3,1,P08
4,869,544,168,3,1,3,1,P08
4,870,197,319,1,1,3,1,P08
4,871,428,466,1,1,3,1,P08
4,872,564,217,5,1,3,1,P08
4,873,425,419,2,1,3,1,P08
4,874,466,349,1,1,3,1,P08
4,875,312,167,5,1,3,1,P08
4,876,637,269,1,1,3,1,P08
4,877,182,549,1,1,3,1,P08
4,878,263,235,1,1,3,1,P08
4,879,350,115,2,1,3,1,P08
4,880,208,245,2,1,3,1,P08
4,881,479,491,1,1,3,1,P08
4,882,326,541,2,1,3,1,P08
4,883,256,571,1,1,3,1,P08
4,884,305,459,1,1,3,1,P08
4,885,557,310,5,1,3,1,P08
4,886,251,280,3,1,3,1,P08
4,887,372,283,1,1,3,1,P08
4,888,422,195,2,1,3,1,P08
4,889,566,295,1,1,3,1,P08
4,890,597,265,3,1,3,1,P08
4,891,650,347,2,1,3,1,P08
4,892,408,194,4,1,3,1,P08
4,893,423,201,2,1,3,1,P08
4,894,286,169,1,1,3,1,P08
4,895,315,415,2,1,3,1,P08
4,896,559,238,1,1,3,1,P08
4,897,303,259,1,1,3,1,P08
4,898,289,115,5,1,3,1,P08
4,899,433,304,1,1,3,1,P08
4,900,220,227,2,1,3,1,P08
4,901,213,197,1,1,3,1,P08
4,902,710,203,4,1,3,1,P08
4,903,412,534,2,1,3,1,P08
4,904,349,221,2,1,3,1,P08
4,905,189,676,1,1,3,1,P08
4,906,404,301,1,2,3,1,P08
4,907,493,147,2,1,3,1,P08
4,908,373,139,3,1,3,1,P08
4,909,414,408,1,1,3,1,P08
4,910,249,561,1,2,3,1,P08
4,911,333,375,1,1,3,1,P08
4,912,423,510,3,1,3,1,P08
4,913,582,327,4,1,3,1,P08
4,914,263,394,1,1,3,1,P08
4,915,207,489,2,1,3,1,P08
4,916,261,587,1,2,3,1,P08
4,917,756,218,1,1,3,1,P08
4,918,343,262,1,1,3,1,P08
4,919,110,290,2,2,3,1,P08
4,920,581,387,1,1,3,1,P08
4,921,596,335,1,1,3,1,P08
4,922,742,141,1,1,3,1,P08
4,923,504,140,1,1,3,1,P08
4,924,219,388,1,1,3,1,P08
4,925,451,264,1,1,3,1,P08
4,926,276,133,2,1,3,1,P08
4,927,454,327,1,1,3,1,P08
4,928,360,545,1,1,3,1,P08
4,929,490,164,2,1,3,1,P08
4,930,276,502,1,1,3,1,P08
4,931,294,619,1,1,3,1,P08
4,932,583,199,5,1,3,1,P08
4,933,390,257,1,1,3,1,P08
4,934,476,163,1,1,3,1,P08
4,935,449,338,2,1,3,1,P08
4,936,540,260,2,1,3,1,P08
4,937,232,485,3,1,3,1,P08
4,938,475,491,3,1,3,1,P08
4,939,342,426,1,1,3,1,P08
4,940,253,220,2,1,3,1,P08
4,941,488,339,1,1,3,1,P08
4,942,280,240,1,1,3,1,P08
4,943,410,236,4,1,3,1,P08
4,944,382,103,1,1,3,1,P08
4,945,331,487,1,1,3,1,P08
4,946,601,278,1,1,3,1,P08
4,947,176,244,3,1,3,1,P08
4,948,253,587,1,1,3,1,P08
4,949,672,199,3,1,3,1,P08
4,950,509,309,2,1,3,1,P08
4,951,431,464,1,1,3,1,P08
4,952,501,301,1,1,3,1,P08
4,953,116,337,1,1,3,1,P08
4,954,300,337,1,1,3,1,P08
4,955,242,276,1,1,3,1,P08
4,956,538,306,4,1,3,1,P08
4,957,623,161,2,1,3,1,P08
4,958,284,177,1,1,3,1,P08
4,959,245,161,2,1,3,1,P08
4,960,516,159,3,1,3,1,P08
4,961,669,315,3,1,3,1,P08
4,962,523,363,3,1,3,1,P08
4,963,296,292,2,1,3,1,P08
4,964,649,232,1,1,3,1,P08
4,965,327,333,1,1,3,1,P08
4,966,195,526,1,2,3,1,P08
4,967,588,350,1,1,3,1,P08
4,968,445,311,1,1,3,1,P08
4,969,286,281,1,1,3,1,P08
4,970,254,150,2,1,3,1,P08
4,971,201,267,1,1,3,1,P08
4,972,467,332,2,1,3,1,P08
4,973,499,496,2,2,3,1,P08
4,974,624,333,1,1,3,1,P08
4,975,353,143,5,1,3,1,P08
4,976,520,108,1,1,3,1,P08
4,977,236,355,1,1,3,1,P08
4,978,589,218,2,1,3,1,P08
4,979,367,133,4,1,3,1,P08
4,980,615,341,4,1,3,1,P08
4,981,603,277,1,1,3,1,P08
4,982,282,541,1,1,3,1,P08
4,983,461,378,1,1,3,1,P08
4,984,297,415,1,1,3,1,P08
4,985,306,249,2,1,3,1,P08
4,986,398,224,2,1,3,1,P08
4,987,317,413,3,1,3,1,P08
4,988,414,499,2,1,3,1,P08
4,989,304,202,1,1,3,1,P08
4,990,381,506,1,1,3,1,P08
4,991,398,146,3,2,3,1,P08
4,992,448,530,1,1,3,1,P08
4,993,477,427,1,1,3,1,P08
4,994,278,428,2,1,3,1,P08
4,995,632,157,4,1,3,1,P08
4,996,680,271,2,1,3,1,P08
4,997,604,270,3,1,3,1,P08
4,998,286,322,1,1,3,1,P08
4,999,434,175,2,1,3,1,P08
4,1000,425,505,1,2,3,1,P08
5,1,354,147,8,1,9,1,P08
5,2,401,120,10,1,9,1,P08
5,3,725,243,8,1,9,1,P08
5,4,248,156,4,1,9,1,P08
5,5,546,312,8,2,9,1,P08
5,6,443,139,6,1,9,1,P08
5,7,413,157,9,1,9,1,P08
5,8,618,158,10,1,9,1,P08
5,9,296,216,3,1,9,1,P08
5,10,691,240,7,1,9,1,P08
5,11,592,103,5,1,9,1,P08
5,12,686,153,13,1,9,1,P08
5,13,278,260,2,1,9,1,P08
5,14,574,336,4,1,9,1,P08
5,15,393,74,7,1,9,1,P08
5,16,354,128,7,1,9,1,P08
5,17,486,72,13,1,9,1,P08
5,18,764,108,7,1,9,1,P08
5,19,720,139,9,2,9,1,P08
5,20,349,78,4,1,9,1,P08
5,21,420,54,8,1,9,1,P08
5,22,342,62,10,1,9,1,P08
5,23,394,468,2,2,9,1,P08
5,24,495,92,10,1,9,1,P08
5,25,318,190,4,1,9,1,P08
5,26,609,80,5,1,9,1,P08
5,27,431,350,7,1,9,1,P08
5,28,338,538,2,1,9,1,P08
5,29,478,48,7,1,9,1,P08
5,30,587,87,6,1,9,1,P08
5,31,552,190,8,1,9,1,P08
5,32,333,214,1,1,9,1,P08
5,33,478,124,2,1,9,1,P08
5,34,836,108,11,1,9,1,P08
5,35,449,139,6,1,9,1,P08
5,36,508,225,9,1,9,1,P08
5,37,484,209,1,1,9,1,P08
5,38,585,147,4,1,9,1,P08
5,39,865,96,12,1,9,1,P08
5,40,444,428,4,1,9,1,P08
5,41,549,111,7,1,9,1,P08
5,42,748,105,6,1,9,1,P08
5,43,424,314,2,1,9,1,P08
5,44,612,120,9,1,9,1,P08
5,45,789,182,7,1,9,1,P08
5,46,489,78,8,1,9,1,P08
5,47,655,222,8,1,9,1,P08
5,48,526,194,5,1,9,1,P08
5,49,472,101,4,1,9,1,P08
5,50,622,192,3,1,9,1,P08
5,51,496,274,7,1,9,1,P08
5,52,397,163,5,1,9,1,P08
5,53,452,110,8,1,9,1,P08
5,54,450,71,3,1,9,1,P08
5,55,392,54,4,1,9,1,P08
5,56,824,109,8,1,9,1,P08
5,57,738,197,9,1,9,1,P08
5,58,376,288,8,1,9,1,P08
5,59,478,408,1,1,9,1,P08
5,60,622,111,6,1,9,1,P08
5,61,447,154,7,1,9,1,P08
5,62,684,151,7,1,9,1,P08
5,63,462,105,3,1,9,1,P08
5,64,464,104,11,1,9,1,P08
5,65,565,131,10,1,9,1,P08
5,66,466,392,5,1,9,1,P08
5,67,557,140,9,1,9,1,P08
5,68,454,136,14,1,9,1,P08
5,69,613,192,7,1,9,1,P08
5,70,508,265,7,1,9,1,P08
5,71,698,174,4,1,9,1,P08
5,72,486,92,4,1,9,1,P08
5,73,369,217,10,1,9,1,P08
5,74,411,351,3,1,9,1,P08
5,75,307,198,5,1,9,1,P08
5,76,373,107,7,1,9,1,P08
5,77,532,61,10,1,9,1,P08
5,78,521,239,2,1,9,1,P08
5,79,506,85,6,1,9,1,P08
5,80,764,198,6,1,9,1,P08
5,81,688,245,5,1,9,1,P08
5,82,553,146,8,1,9,1,P08
5,83,299,122,6,1,9,1,P08
5,84,441,177,7,1,9,1,P08
5,85,226,323,10,1,9,1,P08
5,86,364,108,10,1,9,1,P08
5,87,401,123,5,1,9,1,P08
5,88,572,289,6,1,9,1,P08
5,89,357,182,6,1,9,1,P08
5,90,830,88,8,1,9,1,P08
5,91,566,96,11,1,9,1,P08
5,92,404,32,6,1,9,1,P08
5,93,459,120,7,1,9,1,P08
5,94,590,221,4,2,9,1,P08
5,95,685,258,5,1,9,1,P08
5,96,684,267,6,1,9,1,P08
5,97,283,202,5,1,9,1,P08
5,98,760,161,6,2,9,1,P08
5,99,371,114,5,1,9,1,P08
5,100,418,306,4,1,9,1,P08
5,101,697,301,12,1,9,1,P08
5,102,318,593,2,1,9,1,P08
5,103,585,210,4,1,9,1,P08
5,104,325,104,8,1,9,1,P08
5,105,558,249,6,1,9,1,P08
5,106,724,211,14,1,9,1,P08
5,107,396,42,9,1,9,1,P08
5,108,740,192,9,1,9,1,P08
5,109,786,170,12,1,9,1,P08
5,110,358,230,7,1,9,1,P08
5,111,449,327,6,1,9,1,P08
5,112,415,210,7,1,9,1,P08
5,113,572,267,9,1,9,1,P08
5,114,568,110,7,1,9,1,P08
5,115,415,231,7,1,9,1,P08
5,116,546,33,12,1,9,1,P08
5,117,396,156,8,1,9,1,P08
5,118,348,76,10,1,9,1,P08
5,119,719,169,4,1,9,1,P08
5,120,681,244,9,1,9,1,P08
5,121,612,149,5,1,9,1,P08
5,122,427,323,6,1,9,1,P08
5,123,321,101,6,1,9,1,P08
5,124,379,165,4,1,9,1,P08
5,125,430,121,4,1,9,1,P08
5,126,467,268,8,1,9,1,P08
5,127,624,197,6,1,9,1,P08
5,128,707,181,7,1,9,1,P08
5,129,383,318,7,1,9,1,P08
5,130,490,146,12,1,9,1,P08
5,131,398,234,4,1,9,1,P08
5,132,361,58,8,1,9,1,P08
5,133,287,161,5,1,9,1,P08
5,134,572,189,5,1,9,1,P08
5,135,542,279,4,1,9,1,P08
5,136,654,106,10,1,9,1,P08
5,137,417,68,6,1,9,1,P08
5,138,433,88,9,1,9,1,P08
5,139,361,104,13,1,9,1,P08
5,140,413,119,9,1,9,1,P08
5,141,427,125,8,1,9,1,P08
5,142,740,85,10,1,9,1,P08
5,143,440,101,6,1,9,1,P08
5,144,587,93,6,1,9,1,P08
5,145,357,53,9,1,9,1,P08
5,146,441,193,2,1,9,1,P08
5,147,463,318,5,1,9,1,P08
5,148,677,80,9,1,9,1,P08
5,149,409,99,11,1,9,1,P08
5,150,321,198,5,1,9,1,P08
5,151,407,162,5,1,9,1,P08
5,152,421,141,5,2,9,1,P08
5,153,393,149,1,1,9,1,P08
5,154,582,363,7,1,9,1,P08
5,155,708,191,6,1,9,1,P08
5,156,272,218,6,1,9,1,P08
5,157,380,187,9,1,9,1,P08
5,158,457,400,2,1,9,1,P08
5,159,330,169,2,1,9,1,P08
5,160,523,343,3,2,9,1,P08
5,161,745,252,11,1,9,1,P08
5,162,475,77,6,1,9,1,P08
5,163,665,62,7,1,9,1,P08
5,164,657,165,6,1,9,1,P08
5,165,811,131,9,1,9,1,P08
5,166,413,155,4,1,9,1,P08
5,167,162,268,3,1,9,1,P08
5,168,356,220,6,1,9,1,P08
5,169,556,59,8,1,9,1,P08
5,170,633,141,5,2,9,1,P08
5,171,518,170,9,1,9,1,P08
5,172,471,150,2,1,9,1,P08
5,173,727,106,7,1,9,1,P08
5,174,366,134,6,1,9,1,P08
5,175,847,143,11,1,9,1,P08
5,176,513,118,6,1,9,1,P08
5,177,462,53,8,1,9,1,P08
5,178,424,104,9,1,9,1,P08
5,179,470,132,6,1,9,1,P08
5,180,715,76,4,1,9,1,P08
5,181,657,120,5,1,9,1,P08
5,182,582,245,8,1,9,1,P08
5,183,775,139,10,1,9,1,P08
5,184,448,160,6,1,9,1,P08
5,185,448,214,8,1,9,1,P08
5,186,356,142,5,1,9,1,P08
5,187,457,321,5,2,9,1,P08
5,188,737,164,14,1,9,1,P08
5,189,360,111,12,1,9,1,P08
5,190,608,309,5,2,9,1,P08
5,191,512,436,5,1,9,1,P08
5,192,552,435,3,1,9,1,P08
5,193,399,299,4,1,9,1,P08
5,194,323,180,8,1,9,1,P08
5,195,634,226,11,1,9,1,P08
5,196,395,219,8,1,9,1,P08
5,197,526,191,6,1,9,1,P08
5,198,336,581,4,1,9,1,P08
5,199,616,212,7,1,9,1,P08
5,200,761,219,7,1,9,1,P08
5,201,553,176,6,1,9,1,P08
5,202,671,210,7,1,9,1,P08
5,203,702,136,7,1,9,1,P08
5,204,394,114,7,1,9,1,P08
5,205,454,225,9,1,9,1,P08
5,206,787,51,8,1,9,1,P08
5,207,248,201,5,1,9,1,P08
5,208,488,186,8,1,9,1,P08
5,209,678,185,5,1,9,1,P08
5,210,846,147,3,1,9,1,P08
5,211,506,172,4,1,9,1,P08
5,212,761,196,8,1,9,1,P08
5,213,496,181,5,1,9,1,P08
5,214,570,201,12,1,9,1,P08
5,215,313,174,9,1,9,1,P08
5,216,684,261,5,1,9,1,P08
5,217,774,178,6,1,9,1,P08
5,218,453,87,8,1,9,1,P08
5,219,697,265,6,1,9,1,P08
5,220,532,35,10,1,9,1,P08
5,221,778,135,6,1,9,1,P08
5,222,544,156,4,1,9,1,P08
5,223,510,105,7,1,9,1,P08
5,224,567,303,4,1,9,1,P08
5,225,629,114,12,1,9,1,P08
5,226,765,163,10,1,9,1,P08
5,227,345,66,10,1,9,1,P08
5,228,469,141,6,1,9,1,P08
5,229,646,76,8,1,9,1,P08
5,230,365,201,6,1,9,1,P08
5,231,366,95,2,1,9,1,P08
5,232,253,269,3,1,9,1,P08
5,233,335,72,6,1,9,1,P08
5,234,303,98,3,1,9,1,P08
5,235,558,217,5,1,9,1,P08
5,236,467,103,7,1,9,1,P08
5,237,635,298,5,1,9,1,P08
5,238,491,235,6,1,9,1,P08
5,239,355,201,8,1,9,1,P08
5,240,634,188,11,1,9,1,P08
5,241,329,143,8,1,9,1,P08
5,242,437,111,4,1,9,1,P08
5,243,253,183,5,1,9,1,P08
5,244,707,107,6,1,9,1,P08
5,245,585,148,8,1,9,1,P08
5,246,617,72,10,1,9,1,P08
5,247,371,164,3,1,9,1,P08
5,248,375,121,7,1,9,1,P08
5,249,504,122,11,1,9,1,P08
5,250,382,53,12,1,9,1,P08
5,251,752,166,2,1,9,1,P08
5,252,720,269,5,1,9,1,P08
5,253,389,71,7,2,9,1,P08
5,254,621,172,6,1,9,1,P08
5,255,375,366,5,1,9,1,P08
5,256,673,160,6,1,9,1,P08
5,257,571,250,10,1,9,1,P08
5,258,499,178,1,1,9,1,P08
5,259,361,388,2,1,9,1,P08
5,260,585,192,6,1,9,1,P08
5,261,427,79,5,1,9,1,P08
5,262,882,109,7,1,9,1,P08
5,263,604,109,10,1,9,1,P08
5,264,281,139,5,1,9,1,P08
5,265,409,252,4,1,9,1,P08
5,266,440,159,7,1,9,1,P08
5,267,510,242,5,1,9,1,P08
5,268,446,129,4,1,9,1,P08
5,269,481,157,12,1,9,1,P08
5,270,301,125,8,1,9,1,P08
5,271,441,54,6,1,9,1,P08
5,272,389,115,10,1,9,1,P08
5,273,489,313,3,1,9,1,P08
5,274,537,154,4,1,9,1,P08
5,275,477,86,8,1,9,1,P08
5,276,487,131,7,1,9,1,P08
5,277,652,101,3,1,9,1,P08
5,278,818,159,11,1,9,1,P08
5,279,315,262,5,1,9,1,P08
5,280,556,135,2,1,9,1,P08
5,281,526,439,5,1,9,1,P08
5,282,447,111,15,1,9,1,P08
5,283,577,62,8,1,9,1,P08
5,284,160,328,6,2,9,1,P08
5,285,348,315,6,1,9,1,P08
5,286,558,64,5,1,9,1,P08
5,287,422,53,12,1,9,1,P08
5,288,448,131,7,1,9,1,P08
5,289,816,163,10,1,9,1,P08
5,290,415,194,7,1,9,1,P08
5,291,555,54,10,1,9,1,P08
5,292,381,57,8,1,9,1,P08
5,293,575,328,7,1,9,1,P08
5,294,569,124,8,1,9,1,P08
5,295,533,231,7,1,9,1,P08
5,296,400,72,6,1,9,1,P08
5,297,513,127,6,1,9,1,P08
5,298,340,126,5,1,9,1,P08
5,299,527,243,12,1,9,1,P08
5,300,674,232,5,1,9,1,P08
5,301,253,156,6,1,9,1,P08
5,302,362,137,4,1,9,1,P08
5,303,293,216,7,1,9,1,P08
5,304,752,208,10,1,9,1,P08
5,305,485,372,6,1,9,1,P08
5,306,605,221,5,1,9,1,P08
5,307,489,249,7,1,9,1,P08
5,308,500,207,5,1,9,1,P08
5,309,439,356,5,1,9,1,P08
5,310,514,194,8,1,9,1,P08
5,311,658,153,10,1,9,1,P08
5,312,451,106,4,1,9,1,P08
5,313,338,190,2,1,9,1,P08
5,314,528,198,1,1,9,1,P08
5,315,389,80,10,1,9,1,P08
5,316,650,219,5,1,9,1,P08
5,317,562,92,7,1,9,1,P08
5,318,208,211,5,1,9,1,P08
5,319,740,136,7,1,9,1,P08
5,320,385,171,9,1,9,1,P08
5,321,526,234,7,1,9,1,P08
5,322,746,151,10,1,9,1,P08
5,323,590,76,6,1,9,1,P08
5,324,583,232,7,1,9,1,P08
5,325,553,176,5,1,9,1,P08
5,326,496,175,5,1,9,1,P08
5,327,392,423,8,1,9,1,P08
5,328,684,146,6,1,9,1,P08
5,329,325,264,5,2,9,1,P08
5,330,439,108,14,1,9,1,P08
5,331,445,146,7,1,9,1,P08
5,332,352,109,9,1,9,1,P08
5,333,493,107,7,1,9,1,P08
5,334,561,70,9,1,9,1,P08
5,335,481,99,6,1,9,1,P08
5,336,243,158,4,1,9,1,P08
5,337,668,127,8,1,9,1,P08
5,338,516,285,9,1,9,1,P08
5,339,491,214,7,1,9,1,P08
5,340,743,171,6,1,9,1,P08
5,341,425,231,3,1,9,1,P08
5,342,368,215,2,1,9,1,P08
5,343,657,270,9,1,9,1,P08
5,344,641,111,9,1,9,1,P08
5,345,491,163,8,1,9,1,P08
5,346,685,158,8,1,9,1,P08
5,347,228,178,9,1,9,1,P08
5,348,679,69,10,1,9,1,P08
5,349,644,75,12,1,9,1,P08
5,350,589,79,9,1,9,1,P08
5,351,675,149,9,1,9,1,P08
5,352,635,286,7,1,9,1,P08
5,353,731,197,4,1,9,1,P08
5,354,554,204,9,1,9,1,P08
5,355,390,78,8,1,9,1,P08
5,356,324,91,4,1,9,1,P08
5,357,431,119,6,1,9,1,P08
5,358,388,325,4,1,9,1,P08
5,359,433,115,7,1,9,1,P08
5,360,223,490,4,1,9,1,P08
5,361,414,65,6,1,9,1,P08
5,362,431,198,5,1,9,1,P08
5,363,320,161,4,1,9,1,P08
5,364,585,404,5,1,9,1,P08
5,365,851,141,5,1,9,1,P08
5,366,434,296,1,1,9,1,P08
5,367,625,79,5,1,9,1,P08
5,368,516,403,8,1,9,1,P08
5,369,457,321,3,1,9,1,P08
5,370,513,358,4,1,9,1,P08
5,371,579,256,4,1,9,1,P08
5,372,664,311,5,1,9,1,P08
5,373,778,133,6,1,9,1,P08
5,374,720,112,3,1,9,1,P08
5,375,510,254,6,1,9,1,P08
5,376,554,90,13,1,9,1,P08
5,377,542,122,11,1,9,1,P08
5,378,500,231,8,1,9,1,P08
5,379,302,111,6,1,9,1,P08
5,380,727,161,13,1,9,1,P08
5,381,633,180,5,1,9,1,P08
5,382,428,160,8,1,9,1,P08
5,383,348,110,5,1,9,1,P08
5,384,492,269,6,1,9,1,P08
5,385,780,122,7,1,9,1,P08
5,386,591,178,6,1,9,1,P08
5,387,398,48,11,1,9,1,P08
5,388,555,116,4,1,9,1,P08
5,389,468,181,8,1,9,1,P08
5,390,618,96,8,1,9,1,P08
5,391,379,176,5,1,9,1,P08
5,392,672,49,9,1,9,1,P08
5,393,409,110,8,1,9,1,P08
5,394,313,251,8,1,9,1,P08
5,395,583,133,7,1,9,1,P08
5,396,721,211,6,1,9,1,P08
5,397,753,166,10,1,9,1,P08
5,398,404,335,3,2,9,1,P08
5,399,692,171,5,1,9,1,P08
5,400,484,175,3,1,9,1,P08
5,401,602,73,5,1,9,1,P08
5,402,272,400,6,1,9,1,P08
5,403,717,144,7,1,9,1,P08
5,404,379,401,6,1,9,1,P08
5,405,455,213,8,1,9,1,P08
5,406,317,167,12,1,9,1,P08
5,407,480,283,6,1,9,1,P08
5,408,454,46,10,1,9,1,P08
5,409,558,250,7,1,9,1,P08
5,410,462,287,9,1,9,1,P08
5,411,397,109,3,1,9,1,P08
5,412,268,417,5,1,9,1,P08
5,413,300,447,3,1,9,1,P08
5,414,287,126,5,1,9,1,P08
5,415,519,256,8,1,9,1,P08
5,416,776,193,6,1,9,1,P08
5,417,418,44,12,1,9,1,P08
5,418,634,158,9,1,9,1,P08
5,419,361,59,6,1,9,1,P08
5,420,637,98,3,1,9,1,P08
5,421,560,57,7,1,9,1,P08
5,422,779,164,8,1,9,1,P08
5,423,544,36,6,1,9,1,P08
5,424,668,122,8,1,9,1,P08
5,425,811,99,10,1,9,1,P08
5,426,693,210,7,1,9,1,P08
5,427,641,108,2,1,9,1,P08
5,428,196,264,2,1,9,1,P08
5,429,506,206,7,1,9,1,P08
5,430,522,183,8,1,9,1,P08
5,431,517,67,10,1,9,1,P08
5,432,749,151,8,1,9,1,P08
5,433,360,152,11,1,9,1,P08
5,434,824,112,1,1,9,1,P08
5,435,703,117,8,1,9,1,P08
5,436,397,52,7,1,9,1,P08
5,437,358,109,7,1,9,1,P08
5,438,324,145,5,1,9,1,P08
5,439,575,312,7,1,9,1,P08
5,440,518,72,9,1,9,1,P08
5,441,466,356,7,1,9,1,P08
5,442,397,92,9,1,9,1,P08
5,443,722,82,13,1,9,1,P08
5,444,537,137,6,1,9,1,P08
5,445,508,103,6,2,9,1,P08
5,446,626,86,9,1,9,1,P08
5,447,738,184,5,1,9,1,P08
5,448,594,164,8,1,9,1,P08
5,449,502,278,3,1,9,1,P08
5,450,484,163,8,1,9,1,P08
5,451,363,73,14,1,9,1,P08
5,452,291,112,8,1,9,1,P08
5,453,347,106,6,1,9,1,P08
5,454,301,131,4,1,9,1,P08
5,455,756,123,4,1,9,1,P08
5,456,491,304,5,1,9,1,P08
5,457,375,109,7,1,9,1,P08
5,458,461,135,8,1,9,1,P08
5,459,350,334,4,1,9,1,P08
5,460,657,223,9,1,9,1,P08
5,461,592,151,9,1,9,1,P08
5,462,478,76,5,1,9,1,P08
5,463,634,188,11,1,9,1,P08
5,464,692,232,5,1,9,1,P08
5,465,437,93,4,1,9,1,P08
5,466,299,258,3,1,9,1,P08
5,467,545,107,5,1,9,1,P08
5,468,587,281,7,1,9,1,P08
5,469,453,144,4,2,9,1,P08
5,470,661,171,9,1,9,1,P08
5,471,404,396,6,1,9,1,P08
5,472,546,315,4,1,9,1,P08
5,473,521,61,6,1,9,1,P08
5,474,594,84,8,1,9,1,P08
5,475,356,127,3,1,9,1,P08
5,476,781,83,12,1,9,1,P08
5,477,436,63,10,1,9,1,P08
5,478,818,61,6,1,9,1,P08
5,479,321,364,5,2,9,1,P08
5,480,493,213,5,1,9,1,P08
5,481,655,126,3,1,9,1,P08
5,482,491,113,10,1,9,1,P08
5,483,567,369,5,1,9,1,P08
5,484,522,97,13,1,9,1,P08
5,485,545,194,4,1,9,1,P08
5,486,438,241,11,1,9,1,P08
5,487,402,146,5,1,9,1,P08
5,488,800,163,6,1,9,1,P08
5,489,729,94,8,1,9,1,P08
5,490,319,94,9,1,9,1,P08
5,491,365,78,5,1,9,1,P08
5,492,708,192,4,1,9,1,P08
5,493,578,61,13,1,9,1,P08
5,494,344,102,7,1,9,1,P08
5,495,578,109,8,1,9,1,P08
5,496,481,304,3,1,9,1,P08
5,497,470,143,7,1,9,1,P08
5,498,642,177,9,1,9,1,P08
5,499,475,163,8,1,9,1,P08
5,500,526,155,9,1,9,1,P08
5,501,522,108,4,1,9,1,P08
5,502,762,217,10,1,9,1,P08
5,503,578,274,4,1,9,1,P08
5,504,558,331,8,1,9,1,P08
5,505,379,37,9,1,9,1,P08
5,506,591,284,6,1,9,1,P08
5,507,892,96,7,1,9,1,P08
5,508,639,324,9,1,9,1,P08
5,509,505,96,9,1,9,1,P08
5,510,724,194,7,1,9,1,P08
5,511,341,64,6,1,9,1,P08
5,512,468,331,3,1,9,1,P08
5,513,601,91,7,1,9,1,P08
5,514,446,250,8,1,9,1,P08
5,515,638,210,4,1,9,1,P08
5,516,425,123,4,1,9,1,P08
5,517,407,271,7,1,9,1,P08
5,518,395,501,5,2,9,1,P08
5,519,707,162,8,1,9,1,P08
5,520,482,46,10,1,9,1,P08
5,521,775,52,13,1,9,1,P08
5,522,676,91,4,1,9,1,P08
5,523,715,144,4,1,9,1,P08
5,524,541,320,6,1,9,1,P08
5,525,499,88,9,1,9,1,P08
5,526,260,216,7,1,9,1,P08
5,527,533,269,2,1,9,1,P08
5,528,591,137,6,1,9,1,P08
5,529,781,171,8,1,9,1,P08
5,530,500,68,8,1,9,1,P08
5,531,593,147,8,1,9,1,P08
5,532,378,46,6,1,9,1,P08
5,533,569,103,4,1,9,1,P08
5,534,457,76,9,1,9,1,P08
5,535,646,212,8,1,9,1,P08
5,536,510,181,6,1,9,1,P08
5,537,570,171,7,1,9,1,P08
5,538,425,247,11,1,9,1,P08
5,539,353,100,7,1,9,1,P08
5,540,526,158,4,1,9,1,P08
5,541,389,162,6,2,9,1,P08
5,542,528,125,7,1,9,1,P08
5,543,392,114,12,1,9,1,P08
5,544,724,137,9,1,9,1,P08
5,545,561,191,8,2,9,1,P08
5,546,608,291,4,1,9,1,P08
5,547,620,196,7,1,9,1,P08
5,548,369,162,5,1,9,1,P08
5,549,511,108,6,1,9,1,P08
5,550,322,146,4,1,9,1,P08
5,551,423,306,7,1,9,1,P08
5,552,249,166,10,1,9,1,P08
5,553,692,241,7,2,9,1,P08
5,554,525,222,4,1,9,1,P08
5,555,282,168,2,1,9,1,P08
5,556,726,266,6,1,9,1,P08
5,557,241,283,8,1,9,1,P08
5,558,656,94,11,1,9,1,P08
5,559,508,184,4,1,9,1,P08
5,560,403,109,2,2,9,1,P08
5,561,385,71,13,1,9,1,P08
5,562,412,136,7,1,9,1,P08
5,563,690,231,7,1,9,1,P08
5,564,883,69,7,1,9,1,P08
5,565,553,182,5,1,9,1,P08
5,566,661,246,7,1,9,1,P08
5,567,604,137,8,1,9,1,P08
5,568,281,161,4,2,9,1,P08
5,569,545,340,5,1,9,1,P08
5,570,445,62,6,1,9,1,P08
5,571,464,430,5,1,9,1,P08
5,572,585,343,6,1,9,1,P08
5,573,634,126,10,1,9,1,P08
5,574,557,83,13,1,9,1,P08
5,575,537,56,4,1,9,1,P08
5,576,337,397,3,1,9,1,P08
5,577,387,334,4,1,9,1,P08
5,578,348,54,11,1,9,1,P08
5,579,325,121,6,1,9,1,P08
5,580,359,98,8,1,9,1,P08
5,581,497,382,3,1,9,1,P08
5,582,532,179,8,1,9,1,P08
5,583,505,103,10,1,9,1,P08
5,584,491,186,6,1,9,1,P08
5,585,551,153,6,1,9,1,P08
5,586,328,154,5,1,9,1,P08
5,587,369,46,6,1,9,1,P08
5,588,554,320,5,1,9,1,P08
5,589,368,88,13,1,9,1,P08
5,590,198,250,3,1,9,1,P08
5,591,389,107,7,1,9,1,P08
5,592,288,175,6,1,9,1,P08
5,593,487,88,7,1,9,1,P08
5,594,458,215,6,1,9,1,P08
5,595,602,153,4,1,9,1,P08
5,596,619,69,14,1,9,1,P08
5,597,764,205,6,1,9,1,P08
5,598,347,80,8,1,9,1,P08
5,599,436,125,13,1,9,1,P08
5,600,613,357,5,1,9,1,P08
5,601,670,251,8,1,9,1,P08
5,602,311,261,4,1,9,1,P08
5,603,887,95,11,1,9,1,P08
5,604,456,95,4,1,9,1,P08
5,605,660,117,5,1,9,1,P08
5,606,411,536,6,1,9,1,P08
5,607,324,183,6,1,9,1,P08
5,608,463,62,5,1,9,1,P08
5,609,603,240,8,1,9,1,P08
5,610,656,311,5,1,9,1,P08
5,611,545,79,8,1,9,1,P08
5,612,728,157,9,1,9,1,P08
5,613,871,89,6,1,9,1,P08
5,614,646,113,10,1,9,1,P08
5,615,762,206,4,1,9,1,P08
5,616,728,127,10,1,9,1,P08
5,617,336,105,2,1,9,1,P08
5,618,620,243,3,1,9,1,P08
5,619,430,48,7,1,9,1,P08
5,620,276,173,4,1,9,1,P08
5,621,350,54,5,1,9,1,P08
5,622,807,148,11,1,9,1,P08
5,623,442,80,2,1,9,1,P08
5,624,397,111,5,1,9,1,P08
5,625,452,333,8,1,9,1,P08
5,626,618,180,5,1,9,1,P08
5,627,605,252,6,1,9,1,P08
5,628,335,386,7,1,9,1,P08
5,629,327,88,10,1,9,1,P08
5,630,203,273,1,1,9,1,P08
5,631,737,259,7,1,9,1,P08
5,632,448,207,6,1,9,1,P08
5,633,466,38,8,1,9,1,P08
5,634,399,289,4,1,9,1,P08
5,635,359,258,7,1,9,1,P08
5,636,647,165,10,1,9,1,P08
5,637,452,140,7,1,9,1,P08
5,638,432,85,7,1,9,1,P08
5,639,344,84,11,1,9,1,P08
5,640,435,206,4,1,9,1,P08
5,641,381,114,11,1,9,1,P08
5,642,353,95,6,1,9,1,P08
5,643,757,112,10,1,9,1,P08
5,644,429,259,8,1,9,1,P08
5,645,360,327,3,1,9,1,P08
5,646,690,123,6,1,9,1,P08
5,647,844,102,8,1,9,1,P08
5,648,602,96,4,1,9,1,P08
5,649,590,284,7,1,9,1,P08
5,650,383,64,9,1,9,1,P08
5,651,289,190,4,1,9,1,P08
5,652,432,141,7,1,9,1,P08
5,653,255,432,1,1,9,1,P08
5,654,615,310,4,1,9,1,P08
5,655,670,225,6,1,9,1,P08
5,656,517,77,5,1,9,1,P08
5,657,631,46,6,1,9,1,P08
5,658,740,245,7,1,9,1,P08
5,659,724,125,6,1,9,1,P08
5,660,623,163,6,1,9,1,P08
5,661,538,89,15,1,9,1,P08
5,662,610,108,2,1,9,1,P08
5,663,717,205,10,1,9,1,P08
5,664,275,157,7,1,9,1,P08
5,665,422,117,8,1,9,1,P08
5,666,518,62,15,1,9,1,P08
5,667,643,99,7,1,9,1,P08
5,668,692,291,8,1,9,1,P08
5,669,627,297,7,1,9,1,P08
5,670,353,99,5,1,9,1,P08
5,671,619,108,6,1,9,1,P08
5,672,574,128,7,1,9,1,P08
5,673,575,229,6,1,9,1,P08
5,674,710,141,6,1,9,1,P08
5,675,310,162,4,1,9,1,P08
5,676,497,273,3,1,9,1,P08
5,677,394,131,6,1,9,1,P08
5,678,429,107,6,1,9,1,P08
5,679,520,284,7,1,9,1,P08
5,680,389,486,7,1,9,1,P08
5,681,783,43,12,1,9,1,P08
5,682,692,84,12,1,9,1,P08
5,683,333,95,9,1,9,1,P08
5,684,460,213,6,1,9,1,P08
5,685,327,80,9,1,9,1,P08
5,686,700,153,9,1,9,1,P08
5,687,618,198,6,1,9,1,P08
5,688,719,129,7,1,9,1,P08
5,689,706,155,3,1,9,1,P08
5,690,799,113,5,1,9,1,P08
5,691,444,81,7,1,9,1,P08
5,692,787,109,6,1,9,1,P08
5,693,729,148,9,1,9,1,P08
5,694,577,187,3,1,9,1,P08
5,695,903,77,4,1,9,1,P08
5,696,273,263,2,1,9,1,P08
5,697,325,78,10,1,9,1,P08
5,698,720,148,7,1,9,1,P08
5,699,234,206,9,1,9,1,P08
5,700,545,254,10,1,9,1,P08
5,701,441,42,12,1,9,1,P08
5,702,240,231,3,1,9,1,P08
5,703,253,160,7,1,9,1,P08
5,704,374,170,7,1,9,1,P08
5,705,787,199,4,1,9,1,P08
5,706,680,248,5,1,9,1,P08
5,707,516,195,4,1,9,1,P08
5,708,649,190,5,1,9,1,P08
5,709,274,180,5,1,9,1,P08
5,710,452,291,4,1,9,1,P08
5,711,404,45,4,1,9,1,P08
5,712,574,308,7,1,9,1,P08
5,713,446,167,3,1,9,1,P08
5,714,258,227,3,1,9,1,P08
5,715,635,50,9,1,9,1,P08
5,716,484,453,2,1,9,1,P08
5,717,600,135,3,1,9,1,P08
5,718,454,120,11,1,9,1,P08
5,719,352,93,9,1,9,1,P08
5,720,830,145,6,1,9,1,P08
5,721,715,176,6,2,9,1,P08
5,722,617,280,6,1,9,1,P08
5,723,480,118,9,1,9,1,P08
5,724,853,88,9,1,9,1,P08
5,725,523,111,10,1,9,1,P08
5,726,496,78,16,1,9,1,P08
5,727,692,103,13,1,9,1,P08
5,728,592,337,4,1,9,1,P08
5,729,609,104,10,1,9,1,P08
5,730,332,160,4,1,9,1,P08
5,731,395,223,4,1,9,1,P08
5,732,698,230,6,1,9,1,P08
5,733,490,197,6,1,9,1,P08
5,734,602,64,10,1,9,1,P08
5,735,700,229,10,1,9,1,P08
5,736,583,59,9,1,9,1,P08
5,737,407,67,9,1,9,1,P08
5,738,357,48,3,2,9,1,P08
5,739,374,168,7,1,9,1,P08
5,740,721,150,6,1,9,1,P08
5,741,558,376,2,1,9,1,P08
5,742,204,292,6,1,9,1,P08
5,743,470,90,10,1,9,1,P08
5,744,448,33,10,1,9,1,P08
5,745,803,172,7,1,9,1,P08
5,746,428,311,4,1,9,1,P08
5,747,675,293,4,1,9,1,P08
5,748,368,532,4,1,9,1,P08
5,749,524,100,13,1,9,1,P08
5,750,317,214,5,1,9,1,P08
5,751,768,202,12,1,9,1,P08
5,752,254,296,5,2,9,1,P08
5,753,309,198,11,1,9,1,P08
5,754,758,190,5,1,9,1,P08
5,755,571,224,4,1,9,1,P08
5,756,335,171,10,2,9,1,P08
5,757,498,388,5,1,9,1,P08
5,758,381,118,2,1,9,1,P08
5,759,378,163,4,1,9,1,P08
5,760,492,176,9,1,9,1,P08
5,761,356,90,8,1,9,1,P08
5,762,783,191,6,1,9,1,P08
5,763,679,216,11,1,9,1,P08
5,764,774,80,7,1,9,1,P08
5,765,596,248,9,1,9,1,P08
5,766,434,75,5,1,9,1,P08
5,767,562,390,6,1,9,1,P08
5,768,692,187,10,1,9,1,P08
5,769,462,224,1,1,9,1,P08
5,770,453,188,5,1,9,1,P08
5,771,355,79,6,1,9,1,P08
5,772,761,103,9,1,9,1,P08
5,773,187,242,1,2,9,1,P08
5,774,458,112,7,1,9,1,P08
5,775,393,128,5,1,9,1,P08
5,776,478,67,8,1,9,1,P08
5,777,763,232,5,1,9,1,P08
5,778,352,242,8,1,9,1,P08
5,779,257,288,3,1,9,1,P08
5,780,238,385,8,1,9,1,P08
5,781,243,272,2,2,9,1,P08
5,782,479,355,6,1,9,1,P08
5,783,259,701,4,1,9,1,P08
5,784,713,254,3,1,9,1,P08
5,785,611,182,12,1,9,1,P08
5,786,441,162,8,1,9,1,P08
5,787,765,172,6,1,9,1,P08
5,788,442,141,6,1,9,1,P08
5,789,598,130,9,1,9,1,P08
5,790,702,280,11,1,9,1,P08
5,791,341,60,10,1,9,1,P08
5,792,472,88,5,1,9,1,P08
5,793,550,194,6,1,9,1,P08
5,794,488,147,3,1,9,1,P08
5,795,582,128,13,1,9,1,P08
5,796,577,117,11,1,9,1,P08
5,797,541,73,7,1,9,1,P08
5,798,378,182,5,1,9,1,P08
5,799,760,117,11,1,9,1,P08
5,800,356,66,14,1,9,1,P08
5,801,510,178,5,1,9,1,P08
5,802,484,218,5,1,9,1,P08
5,803,423,229,10,1,9,1,P08
5,804,649,80,14,1,9,1,P08
5,805,654,275,6,1,9,1,P08
5,806,216,207,3,1,9,1,P08
5,807,241,179,7,1,9,1,P08
5,808,542,216,5,1,9,1,P08
5,809,524,252,8,1,9,1,P08
5,810,423,117,5,1,9,1,P08
5,811,719,176,6,1,9,1,P08
5,812,723,101,8,1,9,1,P08
5,813,410,163,10,1,9,1,P08
5,814,703,182,5,1,9,1,P08
5,815,359,62,2,1,9,1,P08
5,816,312,111,11,1,9,1,P08
5,817,543,60,8,1,9,1,P08
5,818,332,133,7,1,9,1,P08
5,819,331,243,4,1,9,1,P08
5,820,461,204,3,1,9,1,P08
5,821,297,188,3,1,9,1,P08
5,822,400,437,4,1,9,1,P08
5,823,483,141,5,1,9,1,P08
5,824,682,204,6,1,9,1,P08
5,825,493,142,4,1,9,1,P08
5,826,365,97,7,1,9,1,P08
5,827,568,77,8,1,9,1,P08
5,828,463,58,8,1,9,1,P08
5,829,618,107,9,1,9,1,P08
5,830,359,168,8,1,9,1,P08
5,831,295,135,7,1,9,1,P08
5,832,316,86,5,1,9,1,P08
5,833,434,169,7,1,9,1,P08
5,834,417,187,9,1,9,1,P08
5,835,782,131,8,1,9,1,P08
5,836,772,193,10,1,9,1,P08
5,837,493,106,9,1,9,1,P08
5,838,322,123,4,1,9,1,P08
5,839,649,157,3,1,9,1,P08
5,840,403,101,9,1,9,1,P08
5,841,587,71,10,1,9,1,P08
5,842,359,167,6,1,9,1,P08
5,843,530,173,5,1,9,1,P08
5,844,673,69,4,1,9,1,P08
5,845,610,186,13,1,9,1,P08
5,846,524,331,3,1,9,1,P08
5,847,586,105,5,1,9,1,P08
5,848,415,72,3,1,9,1,P08
5,849,449,50,2,1,9,1,P08
5,850,483,227,10,1,9,1,P08
5,851,488,135,9,1,9,1,P08
5,852,709,49,7,1,9,1,P08
5,853,582,308,3,2,9,1,P08
5,854,695,172,10,1,9,1,P08
5,855,351,200,3,1,9,1,P08
5,856,673,64,14,1,9,1,P08
5,857,848,146,12,1,9,1,P08
5,858,329,244,7,2,9,1,P08
5,859,609,252,11,1,9,1,P08
5,860,373,152,3,1,9,1,P08
5,861,313,224,3,1,9,1,P08
5,862,689,207,7,1,9,1,P08
5,863,562,213,4,1,9,1,P08
5,864,589,213,11,1,9,1,P08
5,865,585,267,8,1,9,1,P08
5,866,383,395,3,1,9,1,P08
5,867,521,241,4,1,9,1,P08
5,868,540,208,2,1,9,1,P08
5,869,352,150,8,1,9,1,P08
5,870,832,147,6,1,9,1,P08
5,871,528,324,3,1,9,1,P08
5,872,438,366,3,1,9,1,P08
5,873,467,218,10,1,9,1,P08
5,874,729,220,7,1,9,1,P08
5,875,380,122,7,1,9,1,P08
5,876,580,177,3,1,9,1,P08
5,877,548,207,8,1,9,1,P08
5,878,456,61,4,1,9,1,P08
5,879,452,80,8,1,9,1,P08
5,880,590,114,6,1,9,1,P08
5,881,351,96,9,1,9,1,P08
5,882,532,338,4,1,9,1,P08
5,883,654,310,12,1,9,1,P08
5,884,636,118,5,1,9,1,P08
5,885,835,158,5,1,9,1,P08
5,886,243,161,3,2,9,1,P08
5,887,371,91,7,1,9,1,P08
5,888,345,158,11,1,9,1,P08
5,889,832,106,9,1,9,1,P08
5,890,527,219,6,2,9,1,P08
5,891,573,125,8,1,9,1,P08
5,892,630,222,7,1,9,1,P08
5,893,516,357,2,1,9,1,P08
5,894,692,222,12,1,9,1,P08
5,895,629,283,4,1,9,1,P08
5,896,271,150,7,1,9,1,P08
5,897,500,108,7,1,9,1,P08
5,898,459,187,8,1,9,1,P08
5,899,342,195,2,1,9,1,P08
5,900,509,383,2,1,9,1,P08
5,901,490,129,8,2,9,1,P08
5,902,687,208,6,2,9,1,P08
5,903,461,117,7,1,9,1,P08
5,904,495,120,6,1,9,1,P08
5,905,444,273,7,1,9,1,P08
5,906,599,173,7,1,9,1,P08
5,907,501,41,9,1,9,1,P08
5,908,691,102,11,1,9,1,P08
5,909,671,318,5,1,9,1,P08
5,910,598,97,8,1,9,1,P08
5,911,601,262,8,1,9,1,P08
5,912,763,73,9,1,9,1,P08
5,913,416,119,1,1,9,1,P08
5,914,248,166,6,1,9,1,P08
5,915,536,296,7,1,9,1,P08
5,916,431,283,9,1,9,1,P08
5,917,480,161,7,1,9,1,P08
5,918,333,68,11,1,9,1,P08
5,919,384,216,4,1,9,1,P08
5,920,176,234,3,2,9,1,P08
5,921,474,229,3,1,9,1,P08
5,922,596,324,5,1,9,1,P08
5,923,689,94,6,1,9,1,P08
5,924,563,223,6,1,9,1,P08
5,925,544,178,3,1,9,1,P08
5,926,734,126,12,1,9,1,P08
5,927,636,206,10,1,9,1,P08
5,928,532,317,3,1,9,1,P08
5,929,788,197,13,1,9,1,P08
5,930,654,113,7,1,9,1,P08
5,931,681,104,9,1,9,1,P08
5,932,333,98,7,1,9,1,P08
5,933,387,432,7,1,9,1,P08
5,934,303,104,11,1,9,1,P08
5,935,549,182,6,1,9,1,P08
5,936,269,132,4,1,9,1,P08
5,937,493,260,5,1,9,1,P08
5,938,388,137,8,1,9,1,P08
5,939,329,135,6,1,9,1,P08
5,940,315,94,8,1,9,1,P08
5,941,494,220,5,2,9,1,P08
5,942,366,101,4,1,9,1,P08
5,943,430,152,11,1,9,1,P08
5,944,366,198,8,1,9,1,P08
5,945,706,48,8,1,9,1,P08
5,946,347,169,2,1,9,1,P08
5,947,587,127,9,1,9,1,P08
5,948,440,96,11,1,9,1,P08
5,949,635,264,11,1,9,1,P08
5,950,612,169,7,1,9,1,P08
5,951,758,82,11,1,9,1,P08
5,952,679,111,6,1,9,1,P08
5,953,633,250,8,1,9,1,P08
5,954,308,417,3,1,9,1,P08
5,955,761,188,3,1,9,1,P08
5,956,514,117,6,1,9,1,P08
5,957,792,121,10,1,9,1,P08
5,958,415,139,3,1,9,1,P08
5,959,500,53,8,1,9,1,P08
5,960,670,153,9,1,9,1,P08
5,961,868,102,6,1,9,1,P08
5,962,319,83,8,1,9,1,P08
5,963,544,175,7,1,9,1,P08
5,964,770,78,8,1,9,1,P08
5,965,629,356,5,1,9,1,P08
5,966,773,225,12,1,9,1,P08
5,967,491,295,9,1,9,1,P08
5,968,523,249,7,1,9,1,P08
5,969,563,110,11,1,9,1,P08
5,970,899,95,6,1,9,1,P08
5,971,588,149,12,1,9,1,P08
5,972,362,83,10,1,9,1,P08
5,973,237,177,4,1,9,1,P08
5,974,718,281,4,2,9,1,P08
5,975,602,311,2,1,9,1,P08
5,976,487,254,7,1,9,1,P08
5,977,531,187,8,1,9,1,P08
5,978,540,370,5,2,9,1,P08
5,979,679,268,4,1,9,1,P08
5,980,475,121,5,1,9,1,P08
5,981,303,118,9,1,9,1,P08
5,982,358,195,7,1,9,1,P08
5,983,611,264,6,1,9,1,P08
5,984,586,402,12,1,9,1,P08
5,985,602,352,4,1,9,1,P08
5,986,208,215,4,1,9,1,P08
5,987,661,152,6,1,9,1,P08
5,988,721,275,7,1,9,1,P08
5,989,524,206,9,1,9,1,P08
5,990,495,75,8,1,9,1,P08
5,991,281,278,6,1,9,1,P08
5,992,565,343,4,1,9,1,P08
5,993,621,359,3,1,9,1,P08
5,994,621,174,5,1,9,1,P08
5,995,376,103,4,1,9,1,P08
5,996,506,127,6,1,9,1,P08
5,997,456,106,8,1,9,1,P08
5,998,517,136,5,1,9,1,P08
5,999,508,151,8,1,9,1,P08
5,1000,526,165,8,1,9,1,P08
