condition,session,b1,b2,r1,r2,schedule_r1,schedule_r2,PID
1,1,90,381,1,4,1,9,P06
1,2,135,756,1,5,1,9,P06
1,3,85,819,1,8,1,9,P06
1,4,107,327,1,10,1,9,P06
1,5,53,399,1,4,1,9,P06
1,6,50,488,1,12,1,9,P06
1,7,129,488,1,8,1,9,P06
1,8,92,478,1,7,1,9,P06
1,9,147,725,1,5,1,9,P06
1,10,142,491,1,9,1,9,P06
1,11,125,499,1,7,1,9,P06
1,12,227,316,1,3,1,9,P06
1,13,103,847,1,10,1,9,P06
1,14,113,494,1,2,1,9,P06
1,15,334,645,1,6,1,9,P06
1,16,132,497,1,7,1,9,P06
1,17,80,477,1,9,1,9,P06
1,18,84,333,1,16,1,9,P06
1,19,114,639,1,5,1,9,P06
1,20,194,649,1,7,1,9,P06
1,21,113,632,1,8,1,9,P06
1,22,80,508,1,4,1,9,P06
1,23,152,721,1,7,1,9,P06
1,24,311,604,2,9,1,9,P06
1,25,78,574,1,5,1,9,P06
1,26,120,772,1,9,1,9,P06
1,27,133,328,1,4,1,9,P06
1,28,245,718,1,8,1,9,P06
1,29,39,595,1,9,1,9,P06
1,30,217,399,1,5,1,9,P06
1,31,244,611,1,7,1,9,P06
1,32,38,510,1,5,1,9,P06
1,33,219,510,1,4,1,9,P06
1,34,122,779,1,6,1,9,P06
1,35,99,419,1,7,1,9,P06
1,36,204,580,1,9,1,9,P06
1,37,103,784,1,10,1,9,P06
1,38,93,535,1,12,1,9,P06
1,39,85,383,1,3,1,9,P06
1,40,211,708,1,8,1,9,P06
1,41,259,486,1,5,1,9,P06
1,42,357,615,1,8,1,9,P06
1,43,217,690,1,3,1,9,P06
1,44,129,501,1,10,1,9,P06
1,45,188,654,1,3,1,9,P06
1,46,123,626,1,9,1,9,P06
1,47,116,724,1,10,1,9,P06
1,48,54,355,1,3,1,9,P06
1,49,138,680,1,7,1,9,P06
1,50,80,548,1,12,1,9,P06
1,51,93,410,1,8,1,9,P06
1,52,106,582,1,8,1,9,P06
1,53,207,603,1,8,1,9,P06
1,54,79,676,1,5,1,9,P06
1,55,118,701,1,5,1,9,P06
1,56,99,544,1,6,1,9,P06
1,57,43,533,1,9,1,9,P06
1,58,138,696,1,4,1,9,P06
1,59,156,745,1,8,1,9,P06
1,60,190,387,1,13,1,9,P06
1,61,68,661,1,9,1,9,P06
1,62,72,583,1,8,1,9,P06
1,63,144,536,2,3,1,9,P06
1,64,57,698,1,7,1,9,P06
1,65,145,730,1,9,1,9,P06
1,66,190,278,1,7,1,9,P06
1,67,65,376,1,2,1,9,P06
1,68,59,615,1,13,1,9,P06
1,69,125,675,1,11,1,9,P06
1,70,109,388,1,12,1,9,P06
1,71,72,356,1,9,1,9,P06
1,72,69,476,1,11,1,9,P06
1,73,113,857,1,4,1,9,P06
1,74,122,536,1,10,1,9,P06
1,75,54,540,1,8,1,9,P06
1,76,114,878,1,10,1,9,P06
1,77,79,676,1,5,1,9,P06
1,78,101,556,1,10,1,9,P06
1,79,126,608,1,4,1,9,P06
1,80,155,514,1,3,1,9,P06
1,81,164,805,1,9,1,9,P06
1,82,67,772,1,8,1,9,P06
1,83,98,793,1,11,1,9,P06
1,84,242,612,1,4,1,9,P06
1,85,114,559,1,8,1,9,P06
1,86,125,360,1,5,1,9,P06
1,87,118,387,1,4,1,9,P06
1,88,100,563,1,8,1,9,P06
1,89,143,343,1,6,1,9,P06
1,90,123,628,1,7,1,9,P06
1,91,163,618,1,10,1,9,P06
1,92,103,396,1,9,1,9,P06
1,93,86,379,1,8,1,9,P06
1,94,81,575,1,11,1,9,P06
1,95,53,405,1,7,1,9,P06
1,96,191,635,1,4,1,9,P06
1,97,120,774,1,10,1,9,P06
1,98,219,484,1,9,1,9,P06
1,99,239,642,1,2,1,9,P06
1,100,70,472,1,8,1,9,P06
1,101,60,351,1,11,1,9,P06
1,102,125,598,1,8,1,9,P06
1,103,85,422,1,7,1,9,P06
1,104,168,790,1,10,1,9,P06
1,105,121,859,1,3,1,9,P06
1,106,184,375,1,2,1,9,P06
1,107,247,526,1,9,1,9,P06
1,108,128,341,1,7,1,9,P06
1,109,169,439,1,7,1,9,P06
1,110,114,800,2,9,1,9,P06
1,111,80,680,1,11,1,9,P06
1,112,104,724,1,7,1,9,P06
1,113,125,527,1,5,1,9,P06
1,114,111,367,1,6,1,9,P06
1,115,111,755,1,7,1,9,P06
1,116,92,387,1,9,1,9,P06
1,117,104,805,1,9,1,9,P06
1,118,146,718,1,7,1,9,P06
1,119,130,823,1,9,1,9,P06
1,120,38,534,1,4,1,9,P06
1,121,103,695,1,6,1,9,P06
1,122,85,537,1,3,1,9,P06
1,123,95,453,1,6,1,9,P06
1,124,126,456,1,6,1,9,P06
1,125,240,689,1,5,1,9,P06
1,126,140,800,1,7,1,9,P06
1,127,112,415,1,12,1,9,P06
1,128,119,780,1,9,1,9,P06
1,129,184,442,1,2,1,9,P06
1,130,56,400,1,5,1,9,P06
1,131,246,341,1,5,1,9,P06
1,132,123,626,1,11,1,9,P06
1,133,247,657,1,8,1,9,P06
1,134,69,679,1,7,1,9,P06
1,135,150,797,1,6,1,9,P06
1,136,115,866,1,7,1,9,P06
1,137,145,680,1,7,1,9,P06
1,138,139,587,1,7,1,9,P06
1,139,226,517,1,5,1,9,P06
1,140,65,413,1,5,1,9,P06
1,141,164,671,1,4,1,9,P06
1,142,143,420,1,7,1,9,P06
1,143,282,377,1,8,1,9,P06
1,144,107,423,1,10,1,9,P06
1,145,195,481,1,10,1,9,P06
1,146,119,552,1,5,1,9,P06
1,147,133,457,1,8,1,9,P06
1,148,125,628,1,5,1,9,P06
1,149,161,664,1,6,1,9,P06
1,150,135,550,1,5,1,9,P06
1,151,74,580,1,7,1,9,P06
1,152,81,763,1,6,1,9,P06
1,153,98,533,1,8,1,9,P06
1,154,134,849,1,4,1,9,P06
1,155,93,738,1,1,1,9,P06
1,156,93,442,1,8,1,9,P06
1,157,182,768,1,11,1,9,P06
1,158,48,694,1,12,1,9,P06
1,159,174,788,1,3,1,9,P06
1,160,164,470,1,9,1,9,P06
1,161,206,557,1,7,1,9,P06
1,162,103,489,1,4,1,9,P06
1,163,185,418,1,5,1,9,P06
1,164,154,608,1,11,1,9,P06
1,165,132,545,1,7,1,9,P06
1,166,227,705,1,10,1,9,P06
1,167,146,770,1,12,1,9,P06
1,168,70,633,1,13,1,9,P06
1,169,129,599,1,4,1,9,P06
1,170,196,490,1,12,1,9,P06
1,171,143,397,1,4,1,9,P06
1,172,71,618,1,8,1,9,P06
1,173,179,787,1,9,1,9,P06
1,174,254,629,1,8,1,9,P06
1,175,44,430,1,12,1,9,P06
1,176,150,677,1,6,1,9,P06
1,177,85,337,1,8,1,9,P06
1,178,171,532,1,3,1,9,P06
1,179,93,406,1,9,1,9,P06
1,180,182,757,1,4,1,9,P06
1,181,46,491,1,8,1,9,P06
1,182,52,451,1,5,1,9,P06
1,183,110,301,1,8,1,9,P06
1,184,132,756,1,13,1,9,P06
1,185,218,672,1,6,1,9,P06
1,186,74,340,1,11,1,9,P06
1,187,63,918,1,8,1,9,P06
1,188,147,512,1,15,1,9,P06
1,189,210,511,1,3,1,9,P06
1,190,160,677,1,11,1,9,P06
1,191,52,501,1,7,1,9,P06
1,192,228,759,1,10,1,9,P06
1,193,123,751,1,11,1,9,P06
1,194,147,506,1,4,1,9,P06
1,195,128,613,1,12,1,9,P06
1,196,161,809,1,8,1,9,P06
1,197,279,683,1,10,1,9,P06
1,198,140,504,1,4,1,9,P06
1,199,52,515,1,8,1,9,P06
1,200,151,762,1,5,1,9,P06
1,201,61,621,1,7,1,9,P06
1,202,204,647,1,8,1,9,P06
1,203,191,726,1,5,1,9,P06
1,204,138,606,1,7,1,9,P06
1,205,260,422,1,8,1,9,P06
1,206,93,331,1,11,1,9,P06
1,207,94,378,1,8,1,9,P06
1,208,83,385,1,9,1,9,P06
1,209,145,744,1,11,1,9,P06
1,210,194,540,1,4,1,9,P06
1,211,117,411,1,6,1,9,P06
1,212,100,428,1,11,1,9,P06
1,213,107,331,1,9,1,9,P06
1,214,63,737,1,8,1,9,P06
1,215,80,466,1,11,1,9,P06
1,216,104,500,1,14,1,9,P06
1,217,254,650,1,6,1,9,P06
1,218,116,340,1,5,1,9,P06
1,219,119,603,1,6,1,9,P06
1,220,120,341,1,5,1,9,P06
1,221,229,655,1,6,1,9,P06
1,222,214,670,1,11,1,9,P06
1,223,127,641,1,8,1,9,P06
1,224,77,529,1,4,1,9,P06
1,225,92,427,1,13,1,9,P06
1,226,186,613,1,6,1,9,P06
1,227,155,451,1,6,1,9,P06
1,228,106,341,1,9,1,9,P06
1,229,55,419,1,9,1,9,P06
1,230,257,572,1,9,1,9,P06
1,231,77,330,1,10,1,9,P06
1,232,207,657,1,5,1,9,P06
1,233,126,637,1,6,1,9,P06
1,234,63,392,1,5,1,9,P06
1,235,139,643,1,6,1,9,P06
1,236,143,599,1,9,1,9,P06
1,237,229,563,1,7,1,9,P06
1,238,156,731,1,8,1,9,P06
1,239,98,713,1,12,1,9,P06
1,240,204,791,1,7,1,9,P06
1,241,172,506,1,10,1,9,P06
1,242,138,599,1,7,1,9,P06
1,243,23,377,1,9,1,9,P06
1,244,278,602,1,3,1,9,P06
1,245,126,500,1,5,1,9,P06
1,246,243,706,1,3,1,9,P06
1,247,228,665,1,9,1,9,P06
1,248,269,667,1,5,1,9,P06
1,249,168,787,1,7,1,9,P06
1,250,251,617,1,5,1,9,P06
1,251,186,577,1,5,1,9,P06
1,252,121,481,1,5,1,9,P06
1,253,176,661,1,4,1,9,P06
1,254,238,439,1,8,1,9,P06
1,255,80,685,1,6,1,9,P06
1,256,41,575,1,8,1,9,P06
1,257,211,620,1,9,1,9,P06
1,258,240,547,1,11,1,9,P06
1,259,336,635,1,2,1,9,P06
1,260,79,413,1,6,1,9,P06
1,261,156,747,1,7,1,9,P06
1,262,112,412,1,6,1,9,P06
1,263,96,637,1,7,1,9,P06
1,264,135,595,1,7,1,9,P06
1,265,68,403,1,8,1,9,P06
1,266,70,405,1,11,1,9,P06
1,267,73,472,1,9,1,9,P06
1,268,215,519,1,6,1,9,P06
1,269,136,452,1,4,1,9,P06
1,270,108,295,1,7,1,9,P06
1,271,187,586,1,7,1,9,P06
1,272,119,481,1,9,1,9,P06
1,273,179,534,1,9,1,9,P06
1,274,60,739,1,7,1,9,P06
1,275,138,633,1,4,1,9,P06
1,276,151,499,1,6,1,9,P06
1,277,130,801,1,9,1,9,P06
1,278,76,425,1,8,1,9,P06
1,279,52,367,1,9,1,9,P06
1,280,78,584,1,4,1,9,P06
1,281,156,503,1,7,1,9,P06
1,282,150,413,1,6,1,9,P06
1,283,200,443,1,4,1,9,P06
1,284,219,561,1,5,1,9,P06
1,285,119,571,1,9,1,9,P06
1,286,112,591,1,8,1,9,P06
1,287,134,284,1,5,1,9,P06
1,288,50,510,1,3,1,9,P06
1,289,222,541,1,11,1,9,P06
1,290,96,568,1,6,1,9,P06
1,291,87,347,1,5,1,9,P06
1,292,60,475,1,4,1,9,P06
1,293,66,345,1,6,1,9,P06
1,294,137,441,1,4,1,9,P06
1,295,173,713,1,7,1,9,P06
1,296,119,427,1,10,1,9,P06
1,297,66,501,1,10,1,9,P06
1,298,165,577,1,8,1,9,P06
1,299,200,546,1,8,1,9,P06
1,300,59,398,1,6,1,9,P06
1,301,123,311,1,11,1,9,P06
1,302,291,510,1,3,1,9,P06
1,303,183,816,1,7,1,9,P06
1,304,90,834,1,4,1,9,P06
1,305,49,423,1,13,1,9,P06
1,306,104,670,1,11,1,9,P06
1,307,49,461,1,11,1,9,P06
1,308,97,633,1,11,1,9,P06
1,309,127,307,1,7,1,9,P06
1,310,145,419,1,10,1,9,P06
1,311,141,337,1,6,1,9,P06
1,312,65,335,1,3,1,9,P06
1,313,137,654,1,10,1,9,P06
1,314,118,878,1,2,1,9,P06
1,315,203,538,1,7,1,9,P06
1,316,93,412,1,2,1,9,P06
1,317,163,465,1,5,1,9,P06
1,318,133,760,1,5,1,9,P06
1,319,179,794,1,4,1,9,P06
1,320,89,604,1,5,1,9,P06
1,321,114,464,1,6,1,9,P06
1,322,227,563,1,5,1,9,P06
1,323,126,613,1,10,1,9,P06
1,324,51,478,1,10,1,9,P06
1,325,57,445,1,11,1,9,P06
1,326,89,754,1,4,1,9,P06
1,327,89,440,1,7,1,9,P06
1,328,81,592,1,4,1,9,P06
1,329,161,769,1,8,1,9,P06
1,330,88,878,1,4,1,9,P06
1,331,99,457,1,5,1,9,P06
1,332,130,705,1,9,1,9,P06
1,333,143,593,1,10,1,9,P06
1,334,110,469,1,8,1,9,P06
1,335,83,325,1,9,1,9,P06
1,336,113,832,1,12,1,9,P06
1,337,255,664,1,9,1,9,P06
1,338,195,420,1,5,1,9,P06
1,339,92,573,1,8,1,9,P06
1,340,211,732,1,7,1,9,P06
1,341,255,546,1,9,1,9,P06
1,342,75,603,1,5,1,9,P06
1,343,82,572,1,9,1,9,P06
1,344,138,720,1,9,1,9,P06
1,345,138,757,1,7,1,9,P06
1,346,140,515,1,11,1,9,P06
1,347,251,734,1,5,1,9,P06
1,348,144,470,1,8,1,9,P06
1,349,65,403,1,6,1,9,P06
1,350,121,410,1,3,1,9,P06
1,351,151,628,1,10,1,9,P06
1,352,150,664,1,11,1,9,P06
1,353,129,312,1,8,1,9,P06
1,354,70,398,1,10,1,9,P06
1,355,174,758,1,11,1,9,P06
1,356,109,399,1,11,1,9,P06
1,357,306,622,1,3,1,9,P06
1,358,107,488,1,9,1,9,P06
1,359,105,505,1,5,1,9,P06
1,360,287,642,1,7,1,9,P06
1,361,160,628,1,5,1,9,P06
1,362,68,399,1,3,1,9,P06
1,363,190,795,1,3,1,9,P06
1,364,285,612,1,5,1,9,P06
1,365,112,556,1,6,1,9,P06
1,366,79,472,1,8,1,9,P06
1,367,95,484,1,7,1,9,P06
1,368,122,545,1,2,1,9,P06
1,369,115,468,1,4,1,9,P06
1,370,73,767,1,9,1,9,P06
1,371,190,448,1,7,1,9,P06
1,372,108,454,1,8,1,9,P06
1,373,233,716,1,11,1,9,P06
1,374,187,763,1,8,1,9,P06
1,375,258,650,1,7,1,9,P06
1,376,101,516,1,6,1,9,P06
1,377,149,424,1,5,1,9,P06
1,378,149,499,1,8,1,9,P06
1,379,118,506,2,11,1,9,P06
1,380,97,427,1,10,1,9,P06
1,381,81,649,1,5,1,9,P06
1,382,135,507,1,8,1,9,P06
1,383,39,367,1,7,1,9,P06
1,384,161,610,1,4,1,9,P06
1,385,99,543,1,11,1,9,P06
1,386,79,657,1,5,1,9,P06
1,387,96,460,1,7,1,9,P06
1,388,103,757,1,7,1,9,P06
1,389,216,569,1,5,1,9,P06
1,390,66,364,1,7,1,9,P06
1,391,126,757,1,2,1,9,P06
1,392,242,648,1,7,1,9,P06
1,393,151,661,1,9,1,9,P06
1,394,122,689,1,12,1,9,P06
1,395,90,379,1,9,1,9,P06
1,396,57,568,1,8,1,9,P06
1,397,209,523,1,7,1,9,P06
1,398,173,418,1,7,1,9,P06
1,399,140,408,1,11,1,9,P06
1,400,93,375,1,4,1,9,P06
1,401,210,722,1,9,1,9,P06
1,402,161,609,1,9,1,9,P06
1,403,143,754,2,7,1,9,P06
1,404,188,739,1,6,1,9,P06
1,405,346,493,2,6,1,9,P06
1,406,179,564,1,5,1,9,P06
1,407,94,439,1,6,1,9,P06
1,408,178,684,1,6,1,9,P06
1,409,85,423,1,7,1,9,P06
1,410,139,693,1,5,1,9,P06
1,411,237,666,1,3,1,9,P06
1,412,146,648,1,2,1,9,P06
1,413,247,712,1,6,1,9,P06
1,414,243,668,1,7,1,9,P06
1,415,87,541,1,6,1,9,P06
1,416,107,408,1,4,1,9,P06
1,417,206,547,1,5,1,9,P06
1,418,55,397,1,12,1,9,P06
1,419,181,333,1,3,1,9,P06
1,420,131,459,1,7,1,9,P06
1,421,116,662,1,11,1,9,P06
1,422,236,732,1,8,1,9,P06
1,423,104,716,1,10,1,9,P06
1,424,119,401,1,9,1,9,P06
1,425,187,392,1,4,1,9,P06
1,426,81,549,1,6,1,9,P06
1,427,89,450,1,7,1,9,P06
1,428,86,684,1,10,1,9,P06
1,429,101,679,1,8,1,9,P06
1,430,76,719,1,8,1,9,P06
1,431,135,846,1,3,1,9,P06
1,432,189,544,1,7,1,9,P06
1,433,90,727,1,13,1,9,P06
1,434,326,667,1,5,1,9,P06
1,435,66,626,1,9,1,9,P06
1,436,137,491,1,7,1,9,P06
1,437,140,852,1,7,1,9,P06
1,438,159,566,1,7,1,9,P06
1,439,177,623,1,6,1,9,P06
1,440,235,632,1,10,1,9,P06
1,441,237,573,1,7,1,9,P06
1,442,77,379,1,8,1,9,P06
1,443,117,407,1,9,1,9,P06
1,444,339,624,1,6,1,9,P06
1,445,71,466,1,7,1,9,P06
1,446,171,623,1,8,1,9,P06
1,447,320,617,1,3,1,9,P06
1,448,212,472,1,11,1,9,P06
1,449,218,521,1,7,1,9,P06
1,450,118,652,1,7,1,9,P06
1,451,155,833,1,9,1,9,P06
1,452,228,724,1,6,1,9,P06
1,453,79,334,1,5,1,9,P06
1,454,105,400,1,9,1,9,P06
1,455,200,734,1,3,1,9,P06
1,456,109,610,1,3,1,9,P06
1,457,90,665,1,9,1,9,P06
1,458,98,448,1,6,1,9,P06
1,459,78,647,1,7,1,9,P06
1,460,81,849,1,8,1,9,P06
1,461,87,408,1,2,1,9,P06
1,462,38,499,1,10,1,9,P06
1,463,43,375,1,7,1,9,P06
1,464,183,263,1,7,1,9,P06
1,465,161,680,1,3,1,9,P06
1,466,101,650,1,10,1,9,P06
1,467,153,535,1,7,1,9,P06
1,468,51,594,1,9,1,9,P06
1,469,69,461,1,8,1,9,P06
1,470,203,467,1,5,1,9,P06
1,471,113,495,1,6,1,9,P06
1,472,167,597,1,10,1,9,P06
1,473,168,714,1,5,1,9,P06
1,474,95,768,1,4,1,9,P06
1,475,286,486,1,8,1,9,P06
1,476,50,360,1,5,1,9,P06
1,477,53,481,1,10,1,9,P06
1,478,112,396,1,5,1,9,P06
1,479,221,466,1,8,1,9,P06
1,480,142,767,1,10,1,9,P06
1,481,225,483,1,6,1,9,P06
1,482,162,475,1,9,1,9,P06
1,483,88,500,1,9,1,9,P06
1,484,389,492,1,8,1,9,P06
1,485,115,357,1,6,1,9,P06
1,486,99,517,1,7,1,9,P06
1,487,86,387,3,6,1,9,P06
1,488,153,571,1,3,1,9,P06
1,489,168,802,1,12,1,9,P06
1,490,80,321,1,5,1,9,P06
1,491,182,464,1,6,1,9,P06
1,492,93,520,1,7,1,9,P06
1,493,179,512,1,7,1,9,P06
1,494,81,654,1,7,1,9,P06
1,495,135,643,1,5,1,9,P06
1,496,280,718,1,4,1,9,P06
1,497,164,699,1,6,1,9,P06
1,498,66,549,1,7,1,9,P06
1,499,108,797,1,7,1,9,P06
1,500,214,677,1,9,1,9,P06
1,501,71,369,1,8,1,9,P06
1,502,119,424,1,4,1,9,P06
1,503,259,612,1,6,1,9,P06
1,504,117,402,1,5,1,9,P06
1,505,136,460,1,8,1,9,P06
1,506,148,293,1,9,1,9,P06
1,507,158,689,1,5,1,9,P06
1,508,106,779,1,10,1,9,P06
1,509,66,714,1,6,1,9,P06
1,510,216,658,1,10,1,9,P06
1,511,142,644,1,14,1,9,P06
1,512,90,453,1,7,1,9,P06
1,513,76,340,2,8,1,9,P06
1,514,103,638,1,8,1,9,P06
1,515,147,459,1,10,1,9,P06
1,516,211,730,1,12,1,9,P06
1,517,121,287,1,7,1,9,P06
1,518,120,536,1,6,1,9,P06
1,519,172,630,1,7,1,9,P06
1,520,127,521,1,6,1,9,P06
1,521,217,711,1,11,1,9,P06
1,522,117,563,1,10,1,9,P06
1,523,122,421,1,8,1,9,P06
1,524,161,463,1,10,1,9,P06
1,525,40,519,1,10,1,9,P06
1,526,95,611,1,10,1,9,P06
1,527,107,494,1,7,1,9,P06
1,528,106,537,1,10,1,9,P06
1,529,140,640,1,7,1,9,P06
1,530,216,418,1,7,1,9,P06
1,531,94,786,1,7,1,9,P06
1,532,74,591,1,14,1,9,P06
1,533,182,640,1,6,1,9,P06
1,534,232,466,1,4,1,9,P06
1,535,66,727,1,12,1,9,P06
1,536,82,590,1,7,1,9,P06
1,537,236,665,1,9,1,9,P06
1,538,157,485,1,6,1,9,P06
1,539,96,532,1,7,1,9,P06
1,540,306,569,1,3,1,9,P06
1,541,163,590,1,12,1,9,P06
1,542,93,632,1,11,1,9,P06
1,543,79,565,1,10,1,9,P06
1,544,168,660,1,9,1,9,P06
1,545,109,597,1,6,1,9,P06
1,546,189,586,1,7,1,9,P06
1,547,148,694,1,6,1,9,P06
1,548,92,390,1,3,1,9,P06
1,549,169,694,1,13,1,9,P06
1,550,96,601,1,5,1,9,P06
1,551,128,580,1,5,1,9,P06
1,552,71,775,1,6,1,9,P06
1,553,120,850,1,6,1,9,P06
1,554,57,435,1,8,1,9,P06
1,555,160,771,1,9,1,9,P06
1,556,89,553,1,5,1,9,P06
1,557,220,754,1,4,1,9,P06
1,558,100,339,1,11,1,9,P06
1,559,228,443,1,4,1,9,P06
1,560,145,727,1,10,1,9,P06
1,561,104,718,1,9,1,9,P06
1,562,124,870,1,5,1,9,P06
1,563,137,647,1,12,1,9,P06
1,564,102,886,1,6,1,9,P06
1,565,106,850,1,10,1,9,P06
1,566,188,299,2,6,1,9,P06
1,567,101,702,1,4,1,9,P06
1,568,126,794,1,4,1,9,P06
1,569,133,648,1,6,1,9,P06
1,570,137,635,1,5,1,9,P06
1,571,79,499,1,8,1,9,P06
1,572,78,746,1,12,1,9,P06
1,573,65,348,1,9,1,9,P06
1,574,170,782,1,5,1,9,P06
1,575,148,507,1,8,1,9,P06
1,576,74,490,1,4,1,9,P06
1,577,279,450,2,1,1,9,P06
1,578,75,384,1,6,1,9,P06
1,579,78,715,1,13,1,9,P06
1,580,63,468,1,8,1,9,P06
1,581,97,328,1,5,1,9,P06
1,582,105,563,1,5,1,9,P06
1,583,194,361,1,7,1,9,P06
1,584,57,428,1,12,1,9,P06
1,585,135,452,1,6,1,9,P06
1,586,175,526,1,3,1,9,P06
1,587,155,578,1,7,1,9,P06
1,588,113,691,1,6,1,9,P06
1,589,69,382,1,3,1,9,P06
1,590,206,454,1,3,1,9,P06
1,591,78,553,1,7,1,9,P06
1,592,78,399,1,8,1,9,P06
1,593,58,557,1,7,1,9,P06
1,594,76,679,1,7,1,9,P06
1,595,140,651,1,7,1,9,P06
1,596,136,291,1,3,1,9,P06
1,597,67,445,1,2,1,9,P06
1,598,95,624,1,3,1,9,P06
1,599,204,629,1,9,1,9,P06
1,600,108,532,1,6,1,9,P06
1,601,106,519,1,7,1,9,P06
1,602,60,379,1,8,1,9,P06
1,603,105,821,1,8,1,9,P06
1,604,152,536,1,6,1,9,P06
1,605,88,584,1,7,1,9,P06
1,606,247,612,1,7,1,9,P06
1,607,108,767,1,9,1,9,P06
1,608,164,481,1,5,1,9,P06
1,609,176,789,1,8,1,9,P06
1,610,136,404,1,5,1,9,P06
1,611,143,626,1,9,1,9,P06
1,612,104,394,1,8,1,9,P06
1,613,187,615,1,13,1,9,P06
1,614,180,316,1,2,1,9,P06
1,615,78,550,1,7,1,9,P06
1,616,186,414,1,5,1,9,P06
1,617,146,793,1,3,1,9,P06
1,618,63,654,1,10,1,9,P06
1,619,74,904,1,10,1,9,P06
1,620,132,523,1,5,1,9,P06
1,621,113,522,1,7,1,9,P06
1,622,127,751,1,8,1,9,P06
1,623,176,543,1,9,1,9,P06
1,624,151,566,1,13,1,9,P06
1,625,174,809,1,12,1,9,P06
1,626,59,612,1,13,1,9,P06
1,627,187,349,2,6,1,9,P06
1,628,73,351,1,9,1,9,P06
1,629,149,460,1,8,1,9,P06
1,630,89,558,1,6,1,9,P06
1,631,100,608,1,5,1,9,P06
1,632,60,472,1,6,1,9,P06
1,633,125,642,1,2,1,9,P06
1,634,194,587,1,5,1,9,P06
1,635,53,377,1,10,1,9,P06
1,636,191,654,1,6,1,9,P06
1,637,357,623,1,4,1,9,P06
1,638,178,787,1,5,1,9,P06
1,639,111,733,1,9,1,9,P06
1,640,181,787,1,4,1,9,P06
1,641,150,437,1,9,1,9,P06
1,642,107,726,1,8,1,9,P06
1,643,95,450,1,4,1,9,P06
1,644,143,828,1,8,1,9,P06
1,645,92,503,1,10,1,9,P06
1,646,53,408,1,12,1,9,P06
1,647,90,568,1,6,1,9,P06
1,648,171,597,1,11,1,9,P06
1,649,152,714,1,6,1,9,P06
1,650,93,643,1,5,1,9,P06
1,651,146,559,1,5,1,9,P06
1,652,79,406,1,6,1,9,P06
1,653,118,581,1,6,1,9,P06
1,654,88,314,1,12,1,9,P06
1,655,94,756,1,12,1,9,P06
1,656,147,359,1,4,1,9,P06
1,657,85,364,1,4,1,9,P06
1,658,104,560,1,12,1,9,P06
1,659,60,445,1,12,1,9,P06
1,660,108,394,1,9,1,9,P06
1,661,96,349,1,8,1,9,P06
1,662,225,694,1,6,1,9,P06
1,663,212,652,1,6,1,9,P06
1,664,194,489,1,12,1,9,P06
1,665,99,378,1,9,1,9,P06
1,666,83,477,1,7,1,9,P06
1,667,59,408,1,9,1,9,P06
1,668,83,654,1,6,1,9,P06
1,669,81,353,1,9,1,9,P06
1,670,74,446,1,10,1,9,P06
1,671,175,784,1,9,1,9,P06
1,672,166,594,1,12,1,9,P06
1,673,184,517,1,11,1,9,P06
1,674,76,629,1,12,1,9,P06
1,675,92,331,1,6,1,9,P06
1,676,119,460,1,8,1,9,P06
1,677,71,921,1,10,1,9,P06
1,678,148,633,1,6,1,9,P06
1,679,178,740,1,9,1,9,P06
1,680,64,363,1,10,1,9,P06
1,681,247,613,1,11,1,9,P06
1,682,48,712,1,11,1,9,P06
1,683,273,562,1,8,1,9,P06
1,684,161,471,1,7,1,9,P06
1,685,93,854,1,11,1,9,P06
1,686,65,350,1,8,1,9,P06
1,687,249,652,1,5,1,9,P06
1,688,231,767,1,9,1,9,P06
1,689,182,568,1,7,1,9,P06
1,690,90,358,1,7,1,9,P06
1,691,74,339,1,11,1,9,P06
1,692,155,653,1,7,1,9,P06
1,693,194,499,1,4,1,9,P06
1,694,109,686,1,4,1,9,P06
1,695,150,480,1,6,1,9,P06
1,696,84,819,1,7,1,9,P06
1,697,115,824,1,8,1,9,P06
1,698,70,397,1,11,1,9,P06
1,699,116,820,1,6,1,9,P06
1,700,166,375,1,4,1,9,P06
1,701,196,388,1,4,1,9,P06
1,702,116,802,1,6,1,9,P06
1,703,125,749,1,2,1,9,P06
1,704,135,753,1,7,1,9,P06
1,705,126,509,1,8,1,9,P06
1,706,272,421,1,2,1,9,P06
1,707,117,448,1,8,1,9,P06
1,708,124,494,1,4,1,9,P06
1,709,97,381,1,6,1,9,P06
1,710,86,361,1,4,1,9,P06
1,711,75,586,1,8,1,9,P06
1,712,98,635,1,10,1,9,P06
1,713,141,521,1,9,1,9,P06
1,714,89,531,1,11,1,9,P06
1,715,72,673,1,5,1,9,P06
1,716,191,763,1,5,1,9,P06
1,717,71,584,1,4,1,9,P06
1,718,129,744,1,5,1,9,P06
1,719,62,567,1,10,1,9,P06
1,720,152,440,1,8,1,9,P06
1,721,123,380,1,8,1,9,P06
1,722,115,714,1,10,1,9,P06
1,723,228,597,1,9,1,9,P06
1,724,71,434,1,7,1,9,P06
1,725,84,509,1,8,1,9,P06
1,726,89,842,1,6,1,9,P06
1,727,125,539,1,10,1,9,P06
1,728,57,531,1,8,1,9,P06
1,729,112,786,1,12,1,9,P06
1,730,104,443,1,6,1,9,P06
1,731,97,814,1,9,1,9,P06
1,732,112,475,1,7,1,9,P06
1,733,129,805,1,7,1,9,P06
1,734,231,725,1,5,1,9,P06
1,735,118,612,1,10,1,9,P06
1,736,168,561,1,2,1,9,P06
1,737,199,526,1,5,1,9,P06
1,738,77,587,1,14,1,9,P06
1,739,153,493,1,5,1,9,P06
1,740,158,832,1,2,1,9,P06
1,741,213,584,1,7,1,9,P06
1,742,133,426,1,9,1,9,P06
1,743,188,738,1,6,1,9,P06
1,744,149,540,1,13,1,9,P06
1,745,163,736,1,5,1,9,P06
1,746,53,733,1,12,1,9,P06
1,747,291,698,1,10,1,9,P06
1,748,212,492,1,4,1,9,P06
1,749,111,464,1,6,1,9,P06
1,750,154,739,1,7,1,9,P06
1,751,73,630,1,9,1,9,P06
1,752,182,566,1,7,1,9,P06
1,753,114,663,1,8,1,9,P06
1,754,116,497,1,7,1,9,P06
1,755,107,537,1,7,1,9,P06
1,756,193,517,1,8,1,9,P06
1,757,115,398,1,10,1,9,P06
1,758,68,468,1,4,1,9,P06
1,759,205,793,1,10,1,9,P06
1,760,58,375,1,8,1,9,P06
1,761,234,525,1,7,1,9,P06
1,762,189,666,1,4,1,9,P06
1,763,140,420,1,4,1,9,P06
1,764,55,393,1,6,1,9,P06
1,765,223,687,1,10,1,9,P06
1,766,41,395,1,9,1,9,P06
1,767,208,442,1,11,1,9,P06
1,768,92,516,1,4,1,9,P06
1,769,122,469,1,5,1,9,P06
1,770,154,767,1,10,1,9,P06
1,771,197,334,1,8,1,9,P06
1,772,232,569,1,8,1,9,P06
1,773,88,421,1,5,1,9,P06
1,774,115,730,1,10,1,9,P06
1,775,106,501,1,9,1,9,P06
1,776,196,424,1,1,1,9,P06
1,777,119,489,1,9,1,9,P06
1,778,135,647,1,9,1,9,P06
1,779,100,678,1,5,1,9,P06
1,780,154,331,1,4,1,9,P06
1,781,86,841,1,12,1,9,P06
1,782,130,689,1,7,1,9,P06
1,783,121,658,1,4,1,9,P06
1,784,116,297,1,5,1,9,P06
1,785,69,355,1,5,1,9,P06
1,786,94,453,1,8,1,9,P06
1,787,290,486,1,6,1,9,P06
1,788,263,611,1,8,1,9,P06
1,789,85,482,1,7,1,9,P06
1,790,38,488,1,13,1,9,P06
1,791,141,668,1,12,1,9,P06
1,792,108,397,1,11,1,9,P06
1,793,71,428,1,7,1,9,P06
1,794,156,645,1,4,1,9,P06
1,795,156,539,3,15,1,9,P06
1,796,177,764,1,3,1,9,P06
1,797,93,492,1,9,1,9,P06
1,798,137,450,1,10,1,9,P06
1,799,209,570,1,6,1,9,P06
1,800,150,760,1,5,1,9,P06
1,801,161,603,1,8,1,9,P06
1,802,106,597,1,13,1,9,P06
1,803,203,643,1,5,1,9,P06
1,804,86,589,1,2,1,9,P06
1,805,141,498,1,6,1,9,P06
1,806,180,581,2,7,1,9,P06
1,807,182,420,1,5,1,9,P06
1,808,46,508,1,6,1,9,P06
1,809,248,647,1,8,1,9,P06
1,810,205,647,1,6,1,9,P06
1,811,70,597,1,6,1,9,P06
1,812,124,733,1,8,1,9,P06
1,813,137,706,1,14,1,9,P06
1,814,61,437,1,8,1,9,P06
1,815,228,765,1,7,1,9,P06
1,816,133,313,1,9,1,9,P06
1,817,173,793,1,9,1,9,P06
1,818,137,503,1,15,1,9,P06
1,819,91,430,1,3,1,9,P06
1,820,122,294,1,6,1,9,P06
1,821,103,370,1,5,1,9,P06
1,822,109,355,1,10,1,9,P06
1,823,209,788,1,10,1,9,P06
1,824,166,435,1,10,1,9,P06
1,825,90,688,1,8,1,9,P06
1,826,121,857,1,4,1,9,P06
1,827,198,795,1,5,1,9,P06
1,828,71,751,1,6,1,9,P06
1,829,93,348,1,7,1,9,P06
1,830,133,492,1,7,1,9,P06
1,831,91,347,1,8,1,9,P06
1,832,283,576,1,2,1,9,P06
1,833,340,636,1,4,1,9,P06
1,834,370,577,1,1,1,9,P06
1,835,107,401,1,6,1,9,P06
1,836,157,484,1,6,1,9,P06
1,837,83,738,1,6,1,9,P06
1,838,60,681,1,9,1,9,P06
1,839,120,678,1,2,1,9,P06
1,840,168,809,1,4,1,9,P06
1,841,268,618,1,5,1,9,P06
1,842,132,516,1,11,1,9,P06
1,843,131,821,1,8,1,9,P06
1,844,73,608,1,13,1,9,P06
1,845,154,531,1,5,1,9,P06
1,846,138,592,1,7,1,9,P06
1,847,131,427,1,5,1,9,P06
1,848,194,691,1,6,1,9,P06
1,849,170,475,1,5,1,9,P06
1,850,260,652,1,4,1,9,P06
1,851,156,474,1,3,1,9,P06
1,852,94,625,1,5,1,9,P06
1,853,260,590,1,6,1,9,P06
1,854,131,562,1,5,1,9,P06
1,855,246,618,1,11,1,9,P06
1,856,85,389,1,8,1,9,P06
1,857,53,371,1,4,1,9,P06
1,858,139,604,1,9,1,9,P06
1,859,99,517,1,8,1,9,P06
1,860,81,442,1,8,1,9,P06
1,861,169,476,1,6,1,9,P06
1,862,266,651,1,5,1,9,P06
1,863,93,335,1,4,1,9,P06
1,864,139,521,1,8,1,9,P06
1,865,67,488,1,7,1,9,P06
1,866,167,329,1,8,1,9,P06
1,867,53,377,1,10,1,9,P06
1,868,146,455,1,8,1,9,P06
1,869,98,644,1,11,1,9,P06
1,870,82,538,1,13,1,9,P06
1,871,94,765,1,8,1,9,P06
1,872,56,478,1,7,1,9,P06
1,873,110,679,1,6,1,9,P06
1,874,144,449,1,6,1,9,P06
1,875,106,430,1,10,1,9,P06
1,876,118,367,1,4,1,9,P06
1,877,86,442,1,9,1,9,P06
1,878,107,739,1,8,1,9,P06
1,879,170,690,1,15,1,9,P06
1,880,79,666,1,5,1,9,P06
1,881,62,510,1,9,1,9,P06
1,882,73,403,1,8,1,9,P06
1,883,129,501,1,7,1,9,P06
1,884,87,419,1,8,1,9,P06
1,885,72,546,1,5,1,9,P06
1,886,76,429,1,7,1,9,P06
1,887,105,515,1,7,1,9,P06
1,888,102,523,1,6,1,9,P06
1,889,223,715,1,10,1,9,P06
1,890,115,468,1,3,1,9,P06
1,891,144,400,1,7,1,9,P06
1,892,153,574,1,3,1,9,P06
1,893,89,649,1,10,1,9,P06
1,894,57,420,1,11,1,9,P06
1,895,131,443,1,3,1,9,P06
1,896,93,391,1,9,1,9,P06
1,897,75,780,1,9,1,9,P06
1,898,86,485,1,7,1,9,P06
1,899,130,809,1,4,1,9,P06
1,900,118,642,1,6,1,9,P06
1,901,178,671,1,5,1,9,P06
1,902,85,649,1,11,1,9,P06
1,903,138,762,1,9,1,9,P06
1,904,196,313,1,8,1,9,P06
1,905,66,361,1,6,1,9,P06
1,906,161,572,1,6,1,9,P06
1,907,100,455,1,2,1,9,P06
1,908,61,816,1,7,1,9,P06
1,909,86,637,1,7,1,9,P06
1,910,114,383,1,9,1,9,P06
1,911,86,361,1,7,1,9,P06
1,912,202,659,1,6,1,9,P06
1,913,105,545,1,9,1,9,P06
1,914,173,544,1,5,1,9,P06
1,915,174,612,1,9,1,9,P06
1,916,185,814,1,9,1,9,P06
1,917,176,283,1,4,1,9,P06
1,918,163,821,1,5,1,9,P06
1,919,139,667,1,10,1,9,P06
1,920,76,592,1,8,1,9,P06
1,921,131,603,1,7,1,9,P06
1,922,183,737,1,6,1,9,P06
1,923,85,531,1,7,1,9,P06
1,924,91,577,1,7,1,9,P06
1,925,153,631,1,7,1,9,P06
1,926,102,822,1,5,1,9,P06
1,927,108,723,1,9,1,9,P06
1,928,104,745,1,10,1,9,P06
1,929,72,345,1,6,1,9,P06
1,930,134,519,1,5,1,9,P06
1,931,120,476,1,7,1,9,P06
1,932,114,506,1,10,1,9,P06
1,933,72,883,1,7,1,9,P06
1,934,193,765,1,9,1,9,P06
1,935,162,450,1,8,1,9,P06
1,936,69,355,1,7,1,9,P06
1,937,143,839,2,11,1,9,P06
1,938,92,467,1,8,1,9,P06
1,939,185,757,1,3,1,9,P06
1,940,82,417,1,7,1,9,P06
1,941,148,677,1,9,1,9,P06
1,942,116,444,1,6,1,9,P06
1,943,65,772,1,4,1,9,P06
1,944,46,386,1,10,1,9,P06
1,945,50,479,1,9,1,9,P06
1,946,157,822,1,10,1,9,P06
1,947,133,609,1,6,1,9,P06
1,948,131,457,1,6,1,9,P06
1,949,127,550,1,6,1,9,P06
1,950,88,736,1,6,1,9,P06
1,951,152,518,1,6,1,9,P06
1,952,104,351,1,7,1,9,P06
1,953,138,399,1,7,1,9,P06
1,954,88,515,1,11,1,9,P06
1,955,117,520,1,14,1,9,P06
1,956,162,424,1,4,1,9,P06
1,957,109,517,1,8,1,9,P06
1,958,280,680,1,6,1,9,P06
1,959,84,614,1,8,1,9,P06
1,960,98,644,1,4,1,9,P06
1,961,90,578,1,8,1,9,P06
1,962,94,379,1,8,1,9,P06
1,963,137,812,1,5,1,9,P06
1,964,96,620,1,11,1,9,P06
1,965,129,493,1,10,1,9,P06
1,966,74,501,1,4,1,9,P06
1,967,119,392,1,6,1,9,P06
1,968,135,600,1,5,1,9,P06
1,969,210,716,1,6,1,9,P06
1,970,301,469,1,7,1,9,P06
1,971,76,388,1,8,1,9,P06
1,972,137,765,1,6,1,9,P06
1,973,123,313,1,6,1,9,P06
1,974,143,659,1,4,1,9,P06
1,975,118,417,1,4,1,9,P06
1,976,159,752,1,9,1,9,P06
1,977,280,568,1,5,1,9,P06
1,978,84,361,1,12,1,9,P06
1,979,91,704,1,8,1,9,P06
1,980,114,559,1,10,1,9,P06
1,981,194,526,1,7,1,9,P06
1,982,134,633,1,11,1,9,P06
1,983,52,643,1,7,1,9,P06
1,984,92,419,1,6,1,9,P06
1,985,42,678,1,9,1,9,P06
1,986,232,347,1,2,1,9,P06
1,987,117,688,1,6,1,9,P06
1,988,164,563,1,5,1,9,P06
1,989,65,671,1,11,1,9,P06
1,990,129,406,1,14,1,9,P06
1,991,147,726,1,7,1,9,P06
1,992,84,367,1,8,1,9,P06
1,993,243,730,1,8,1,9,P06
1,994,236,659,1,5,1,9,P06
1,995,219,742,1,1,1,9,P06
1,996,93,470,1,14,1,9,P06
1,997,81,628,1,9,1,9,P06
1,998,92,786,1,7,1,9,P06
1,999,72,744,1,5,1,9,P06
1,1000,191,712,1,6,1,9,P06
2,1,179,578,1,2,1,3,P06
2,2,160,656,1,3,1,3,P06
2,3,178,622,1,5,1,3,P06
2,4,177,436,1,5,1,3,P06
2,5,343,572,1,1,1,3,P06
2,6,267,421,1,2,1,3,P06
2,7,199,590,1,1,1,3,P06
2,8,288,373,1,3,1,3,P06
2,9,201,211,1,3,1,3,P06
2,10,331,293,1,1,1,3,P06
2,11,254,603,1,3,1,3,P06
2,12,159,318,1,4,1,3,P06
2,13,164,276,1,1,1,3,P06
2,14,350,601,1,2,1,3,P06
2,15,270,354,1,3,1,3,P06
2,16,276,440,1,3,1,3,P06
2,17,299,530,1,2,1,3,P06
2,18,221,179,1,3,1,3,P06
2,19,121,587,1,1,1,3,P06
2,20,70,345,1,3,1,3,P06
2,21,207,680,1,2,1,3,P06
2,22,158,273,1,2,1,3,P06
2,23,211,638,1,1,1,3,P06
2,24,262,422,1,2,1,3,P06
2,25,439,329,1,2,1,3,P06
2,26,264,527,1,1,1,3,P06
2,27,117,448,1,4,1,3,P06
2,28,174,278,1,2,1,3,P06
2,29,224,418,1,3,1,3,P06
2,30,124,499,1,1,1,3,P06
2,31,126,419,1,1,1,3,P06
2,32,267,290,1,1,1,3,P06
2,33,148,612,1,1,1,3,P06
2,34,144,397,1,1,1,3,P06
2,35,239,576,1,2,1,3,P06
2,36,116,325,2,4,1,3,P06
2,37,147,561,1,4,1,3,P06
2,38,119,285,1,2,1,3,P06
2,39,136,621,1,3,1,3,P06
2,40,220,407,3,6,1,3,P06
2,41,340,634,1,3,1,3,P06
2,42,363,489,1,2,1,3,P06
2,43,165,309,1,2,1,3,P06
2,44,125,376,1,1,1,3,P06
2,45,199,394,1,1,1,3,P06
2,46,162,275,1,1,1,3,P06
2,47,98,339,1,3,1,3,P06
2,48,377,357,1,1,1,3,P06
2,49,274,666,1,3,1,3,P06
2,50,254,378,1,2,1,3,P06
2,51,216,452,1,1,1,3,P06
2,52,206,780,1,2,1,3,P06
2,53,125,282,1,1,1,3,P06
2,54,142,403,1,1,1,3,P06
2,55,127,404,1,4,1,3,P06
2,56,210,440,1,2,1,3,P06
2,57,151,597,1,2,1,3,P06
2,58,429,315,1,2,1,3,P06
2,59,282,383,1,1,1,3,P06
2,60,174,701,1,4,1,3,P06
2,61,402,476,1,2,1,3,P06
2,62,165,729,1,2,1,3,P06
2,63,248,390,1,1,1,3,P06
2,64,205,625,1,4,1,3,P06
2,65,211,312,1,1,1,3,P06
2,66,362,485,1,2,1,3,P06
2,67,337,512,1,4,1,3,P06
2,68,252,330,1,1,1,3,P06
2,69,200,394,1,3,1,3,P06
2,70,293,450,1,4,1,3,P06
2,71,180,573,1,4,1,3,P06
2,72,298,614,1,1,1,3,P06
2,73,286,286,1,2,1,3,P06
2,74,259,487,1,2,1,3,P06
2,75,300,457,1,3,1,3,P06
2,76,259,568,1,2,1,3,P06
2,77,349,615,1,2,1,3,P06
2,78,337,578,1,3,1,3,P06
2,79,296,674,1,4,1,3,P06
2,80,141,524,1,1,1,3,P06
2,81,386,538,1,1,1,3,P06
2,82,332,539,1,4,1,3,P06
2,83,163,412,1,1,1,3,P06
2,84,140,456,1,1,1,3,P06
2,85,190,731,1,4,1,3,P06
2,86,284,509,1,2,1,3,P06
2,87,146,780,1,1,1,3,P06
2,88,179,811,1,4,1,3,P06
2,89,147,435,1,1,1,3,P06
2,90,125,285,1,3,1,3,P06
2,91,258,445,1,3,1,3,P06
2,92,71,409,1,4,1,3,P06
2,93,140,544,1,3,1,3,P06
2,94,335,565,1,3,1,3,P06
2,95,334,664,1,2,1,3,P06
2,96,266,463,1,3,1,3,P06
2,97,240,567,1,1,1,3,P06
2,98,92,493,1,2,1,3,P06
2,99,184,515,1,2,1,3,P06
2,100,140,367,1,1,1,3,P06
2,101,352,571,1,1,1,3,P06
2,102,468,380,1,1,1,3,P06
2,103,330,499,1,1,1,3,P06
2,104,198,457,1,1,1,3,P06
2,105,161,414,1,3,1,3,P06
2,106,266,668,1,2,1,3,P06
2,107,181,371,1,1,1,3,P06
2,108,336,640,1,3,1,3,P06
2,109,125,312,2,1,1,3,P06
2,110,137,383,2,1,1,3,P06
2,111,175,439,1,2,1,3,P06
2,112,188,765,1,5,1,3,P06
2,113,148,298,1,6,1,3,P06
2,114,274,226,1,1,1,3,P06
2,115,66,379,1,2,1,3,P06
2,116,318,659,1,4,1,3,P06
2,117,201,493,1,2,1,3,P06
2,118,291,457,1,2,1,3,P06
2,119,197,240,1,1,1,3,P06
2,120,267,526,1,4,1,3,P06
2,121,155,391,1,4,1,3,P06
2,122,274,647,1,1,1,3,P06
2,123,179,267,1,4,1,3,P06
2,124,256,246,1,1,1,3,P06
2,125,131,406,1,1,1,3,P06
2,126,431,516,1,1,1,3,P06
2,127,147,528,1,2,1,3,P06
2,128,280,485,1,1,1,3,P06
2,129,303,501,1,4,1,3,P06
2,130,289,634,1,1,1,3,P06
2,131,234,721,1,3,1,3,P06
2,132,101,370,1,3,1,3,P06
2,133,157,501,1,1,1,3,P06
2,134,222,657,1,3,1,3,P06
2,135,207,316,1,2,1,3,P06
2,136,227,722,1,2,1,3,P06
2,137,99,304,1,3,1,3,P06
2,138,244,448,1,2,1,3,P06
2,139,199,794,1,1,1,3,P06
2,140,97,481,1,3,1,3,P06
2,141,150,561,1,1,1,3,P06
2,142,284,382,1,3,1,3,P06
2,143,240,613,1,1,1,3,P06
2,144,312,642,1,2,1,3,P06
2,145,267,701,1,1,1,3,P06
2,146,120,305,1,6,1,3,P06
2,147,351,437,1,2,1,3,P06
2,148,359,620,1,1,1,3,P06
2,149,218,513,1,3,1,3,P06
2,150,135,294,1,2,1,3,P06
2,151,213,621,1,1,1,3,P06
2,152,121,344,1,2,1,3,P06
2,153,193,724,1,1,1,3,P06
2,154,394,572,1,3,1,3,P06
2,155,205,475,1,4,1,3,P06
2,156,140,658,1,3,1,3,P06
2,157,88,320,1,4,1,3,P06
2,158,308,293,1,1,1,3,P06
2,159,187,692,1,2,1,3,P06
2,160,194,559,1,2,1,3,P06
2,161,146,648,1,1,1,3,P06
2,162,109,378,1,5,1,3,P06
2,163,235,688,1,4,1,3,P06
2,164,335,648,1,3,1,3,P06
2,165,317,382,1,3,1,3,P06
2,166,174,822,1,6,1,3,P06
2,167,251,391,1,2,1,3,P06
2,168,221,427,1,3,1,3,P06
2,169,116,416,1,1,1,3,P06
2,170,217,536,1,6,1,3,P06
2,171,146,423,1,4,1,3,P06
2,172,173,452,1,1,1,3,P06
2,173,209,787,1,1,1,3,P06
2,174,181,793,1,2,1,3,P06
2,175,251,570,1,1,1,3,P06
2,176,191,765,1,2,1,3,P06
2,177,149,432,1,1,1,3,P06
2,178,178,716,1,3,1,3,P06
2,179,237,396,1,1,1,3,P06
2,180,164,312,1,1,1,3,P06
2,181,242,328,1,3,1,3,P06
2,182,51,365,1,3,1,3,P06
2,183,297,565,1,1,1,3,P06
2,184,122,797,1,2,1,3,P06
2,185,227,561,1,2,1,3,P06
2,186,80,334,2,1,1,3,P06
2,187,162,479,1,4,1,3,P06
2,188,90,594,1,1,1,3,P06
2,189,100,317,1,1,1,3,P06
2,190,340,562,1,3,1,3,P06
2,191,388,440,1,1,1,3,P06
2,192,160,512,1,4,1,3,P06
2,193,109,324,1,2,1,3,P06
2,194,214,437,1,4,1,3,P06
2,195,131,425,1,2,1,3,P06
2,196,277,680,1,1,1,3,P06
2,197,304,400,1,2,1,3,P06
2,198,292,359,1,1,1,3,P06
2,199,274,636,1,1,1,3,P06
2,200,175,361,1,1,1,3,P06
2,201,226,532,1,2,1,3,P06
2,202,303,657,1,1,1,3,P06
2,203,306,543,1,1,1,3,P06
2,204,105,485,1,4,1,3,P06
2,205,119,327,1,1,1,3,P06
2,206,213,785,1,1,1,3,P06
2,207,330,370,1,3,1,3,P06
2,208,88,386,1,3,1,3,P06
2,209,263,372,1,1,1,3,P06
2,210,202,489,1,1,1,3,P06
2,211,534,445,1,3,1,3,P06
2,212,234,762,1,3,1,3,P06
2,213,184,603,1,4,1,3,P06
2,214,335,653,1,2,1,3,P06
2,215,248,425,2,2,1,3,P06
2,216,151,600,1,2,1,3,P06
2,217,376,590,1,3,1,3,P06
2,218,253,400,1,2,1,3,P06
2,219,137,332,1,2,1,3,P06
2,220,164,775,1,1,1,3,P06
2,221,294,688,1,2,1,3,P06
2,222,221,475,1,2,1,3,P06
2,223,172,417,1,4,1,3,P06
2,224,262,618,1,2,1,3,P06
2,225,235,504,1,5,1,3,P06
2,226,369,584,1,1,1,3,P06
2,227,233,738,1,1,1,3,P06
2,228,119,450,1,1,1,3,P06
2,229,239,472,1,3,1,3,P06
2,230,85,394,1,5,1,3,P06
2,231,294,421,1,1,1,3,P06
2,232,170,248,1,3,1,3,P06
2,233,137,409,1,1,1,3,P06
2,234,208,292,1,1,1,3,P06
2,235,177,599,1,1,1,3,P06
2,236,439,462,1,1,1,3,P06
2,237,149,313,1,1,1,3,P06
2,238,151,362,1,1,1,3,P06
2,239,316,340,1,2,1,3,P06
2,240,431,286,1,2,1,3,P06
2,241,257,336,1,4,1,3,P06
2,242,343,649,1,2,1,3,P06
2,243,262,640,1,3,1,3,P06
2,244,313,289,1,1,1,3,P06
2,245,305,558,1,1,1,3,P06
2,246,62,364,1,2,1,3,P06
2,247,227,738,1,3,1,3,P06
2,248,207,720,1,1,1,3,P06
2,249,252,575,1,3,1,3,P06
2,250,135,271,1,1,1,3,P06
2,251,138,496,2,2,1,3,P06
2,252,311,588,1,2,1,3,P06
2,253,356,553,1,2,1,3,P06
2,254,231,267,1,1,1,3,P06
2,255,380,500,2,2,1,3,P06
2,256,337,319,1,1,1,3,P06
2,257,268,729,1,3,1,3,P06
2,258,184,480,1,1,1,3,P06
2,259,137,350,1,3,1,3,P06
2,260,160,587,1,2,1,3,P06
2,261,255,583,1,3,1,3,P06
2,262,191,729,1,4,1,3,P06
2,263,200,325,1,3,1,3,P06
2,264,166,294,1,3,1,3,P06
2,265,179,432,1,3,1,3,P06
2,266,492,419,1,1,1,3,P06
2,267,283,465,1,1,1,3,P06
2,268,187,471,1,1,1,3,P06
2,269,218,416,2,1,1,3,P06
2,270,441,514,1,2,1,3,P06
2,271,367,515,1,3,1,3,P06
2,272,150,644,1,4,1,3,P06
2,273,213,426,1,4,1,3,P06
2,274,112,719,1,3,1,3,P06
2,275,328,640,1,4,1,3,P06
2,276,248,570,1,3,1,3,P06
2,277,250,538,1,2,1,3,P06
2,278,262,534,1,4,1,3,P06
2,279,171,560,1,3,1,3,P06
2,280,235,419,1,1,1,3,P06
2,281,134,304,1,1,1,3,P06
2,282,167,397,1,1,1,3,P06
2,283,249,523,1,2,1,3,P06
2,284,79,338,1,1,1,3,P06
2,285,206,396,1,2,1,3,P06
2,286,261,634,1,2,1,3,P06
2,287,254,485,1,1,1,3,P06
2,288,173,255,1,1,1,3,P06
2,289,94,336,1,2,1,3,P06
2,290,163,325,1,3,1,3,P06
2,291,134,454,1,3,1,3,P06
2,292,398,475,1,2,1,3,P06
2,293,197,640,1,2,1,3,P06
2,294,100,444,1,1,1,3,P06
2,295,268,399,1,2,1,3,P06
2,296,315,477,1,2,1,3,P06
2,297,75,447,1,1,1,3,P06
2,298,318,485,1,1,1,3,P06
2,299,171,479,2,2,1,3,P06
2,300,156,445,1,3,1,3,P06
2,301,179,389,1,1,1,3,P06
2,302,250,697,1,1,1,3,P06
2,303,217,518,1,1,1,3,P06
2,304,195,463,1,5,1,3,P06
2,305,179,458,1,3,1,3,P06
2,306,132,328,1,2,1,3,P06
2,307,164,400,1,3,1,3,P06
2,308,136,578,1,5,1,3,P06
2,309,218,363,1,1,1,3,P06
2,310,144,264,1,1,1,3,P06
2,311,306,582,1,3,1,3,P06
2,312,151,267,1,3,1,3,P06
2,313,149,416,1,4,1,3,P06
2,314,357,641,1,1,1,3,P06
2,315,49,442,1,1,1,3,P06
2,316,226,765,1,3,1,3,P06
2,317,156,531,1,5,1,3,P06
2,318,330,557,1,1,1,3,P06
2,319,185,430,1,2,1,3,P06
2,320,212,373,1,2,1,3,P06
2,321,280,689,1,3,1,3,P06
2,322,197,281,1,1,1,3,P06
2,323,286,535,1,1,1,3,P06
2,324,199,363,1,5,1,3,P06
2,325,346,569,1,2,1,3,P06
2,326,184,339,1,1,1,3,P06
2,327,173,594,1,2,1,3,P06
2,328,249,517,1,2,1,3,P06
2,329,294,592,1,1,1,3,P06
2,330,370,548,1,4,1,3,P06
2,331,137,364,1,2,1,3,P06
2,332,354,517,1,1,1,3,P06
2,333,300,440,1,1,1,3,P06
2,334,228,719,1,1,1,3,P06
2,335,159,351,1,2,1,3,P06
2,336,185,567,1,5,1,3,P06
2,337,188,438,1,1,1,3,P06
2,338,191,536,1,1,1,3,P06
2,339,293,541,1,3,1,3,P06
2,340,122,325,1,1,1,3,P06
2,341,114,316,1,1,1,3,P06
2,342,140,463,1,1,1,3,P06
2,343,157,402,1,5,1,3,P06
2,344,496,436,1,1,1,3,P06
2,345,266,243,1,1,1,3,P06
2,346,357,631,1,1,1,3,P06
2,347,122,284,1,3,1,3,P06
2,348,111,639,1,3,1,3,P06
2,349,208,674,1,2,1,3,P06
2,350,257,455,1,3,1,3,P06
2,351,457,357,1,1,1,3,P06
2,352,215,355,2,1,1,3,P06
2,353,83,356,1,1,1,3,P06
2,354,269,589,1,3,1,3,P06
2,355,302,341,1,2,1,3,P06
2,356,292,400,1,1,1,3,P06
2,357,329,396,1,3,1,3,P06
2,358,103,444,1,1,1,3,P06
2,359,192,493,1,4,1,3,P06
2,360,322,428,1,1,1,3,P06
2,361,272,463,1,2,1,3,P06
2,362,427,272,1,1,1,3,P06
2,363,237,318,1,3,1,3,P06
2,364,173,299,1,3,1,3,P06
2,365,408,369,1,1,1,3,P06
2,366,117,328,1,1,1,3,P06
2,367,377,435,1,3,1,3,P06
2,368,155,545,1,4,1,3,P06
2,369,348,391,1,1,1,3,P06
2,370,174,523,1,2,1,3,P06
2,371,227,574,1,4,1,3,P06
2,372,157,252,1,1,1,3,P06
2,373,371,399,1,4,1,3,P06
2,374,405,594,1,3,1,3,P06
2,375,167,697,1,3,1,3,P06
2,376,121,422,1,2,1,3,P06
2,377,262,376,1,2,1,3,P06
2,378,80,417,1,2,1,3,P06
2,379,241,508,1,2,1,3,P06
2,380,279,519,1,2,1,3,P06
2,381,273,422,1,2,1,3,P06
2,382,377,616,1,3,1,3,P06
2,383,225,315,1,3,1,3,P06
2,384,309,484,1,2,1,3,P06
2,385,330,419,3,3,1,3,P06
2,386,341,553,1,2,1,3,P06
2,387,203,677,1,7,1,3,P06
2,388,251,272,1,5,1,3,P06
2,389,149,440,1,2,1,3,P06
2,390,226,577,1,4,1,3,P06
2,391,97,331,1,4,1,3,P06
2,392,230,484,2,1,1,3,P06
2,393,229,617,1,1,1,3,P06
2,394,230,297,1,2,1,3,P06
2,395,127,418,1,2,1,3,P06
2,396,260,534,1,2,1,3,P06
2,397,189,680,1,3,1,3,P06
2,398,159,333,1,1,1,3,P06
2,399,104,576,1,1,1,3,P06
2,400,251,547,1,1,1,3,P06
2,401,263,412,1,1,1,3,P06
2,402,133,300,1,2,1,3,P06
2,403,130,750,1,2,1,3,P06
2,404,235,335,1,3,1,3,P06
2,405,134,339,1,3,1,3,P06
2,406,197,433,1,1,1,3,P06
2,407,210,362,1,4,1,3,P06
2,408,180,462,1,1,1,3,P06
2,409,101,365,1,3,1,3,P06
2,410,110,533,1,1,1,3,P06
2,411,278,413,1,1,1,3,P06
2,412,268,578,1,1,1,3,P06
2,413,245,613,1,1,1,3,P06
2,414,354,537,1,3,1,3,P06
2,415,357,444,1,1,1,3,P06
2,416,208,360,1,1,1,3,P06
2,417,332,544,1,1,1,3,P06
2,418,164,270,1,1,1,3,P06
2,419,195,231,1,1,1,3,P06
2,420,235,296,1,1,1,3,P06
2,421,185,645,1,2,1,3,P06
2,422,141,300,1,4,1,3,P06
2,423,200,693,1,1,1,3,P06
2,424,330,481,1,1,1,3,P06
2,425,139,340,1,3,1,3,P06
2,426,91,387,1,5,1,3,P06
2,427,157,383,1,1,1,3,P06
2,428,122,353,1,2,1,3,P06
2,429,160,470,1,2,1,3,P06
2,430,204,493,1,1,1,3,P06
2,431,155,312,1,2,1,3,P06
2,432,273,370,1,1,1,3,P06
2,433,296,520,1,2,1,3,P06
2,434,446,400,1,1,1,3,P06
2,435,134,338,1,2,1,3,P06
2,436,205,499,1,1,1,3,P06
2,437,224,695,1,4,1,3,P06
2,438,272,583,1,3,1,3,P06
2,439,154,356,1,1,1,3,P06
2,440,288,534,1,3,1,3,P06
2,441,103,401,1,2,1,3,P06
2,442,128,403,1,3,1,3,P06
2,443,283,421,1,3,1,3,P06
2,444,261,673,1,1,1,3,P06
2,445,335,481,1,2,1,3,P06
2,446,270,722,1,3,1,3,P06
2,447,130,467,1,4,1,3,P06
2,448,170,774,1,5,1,3,P06
2,449,319,201,1,1,1,3,P06
2,450,210,523,1,3,1,3,P06
2,451,248,695,1,1,1,3,P06
2,452,249,413,1,1,1,3,P06
2,453,258,500,1,2,1,3,P06
2,454,266,373,1,1,1,3,P06
2,455,87,376,1,1,1,3,P06
2,456,266,540,1,1,1,3,P06
2,457,129,570,1,4,1,3,P06
2,458,97,343,1,1,1,3,P06
2,459,252,572,2,2,1,3,P06
2,460,239,354,1,1,1,3,P06
2,461,158,692,1,1,1,3,P06
2,462,120,850,1,4,1,3,P06
2,463,94,885,1,3,1,3,P06
2,464,226,554,1,1,1,3,P06
2,465,304,673,1,2,1,3,P06
2,466,188,264,1,4,1,3,P06
2,467,312,686,1,5,1,3,P06
2,468,148,276,1,2,1,3,P06
2,469,88,393,1,4,1,3,P06
2,470,321,649,1,1,1,3,P06
2,471,190,368,1,1,1,3,P06
2,472,128,288,1,2,1,3,P06
2,473,298,432,1,2,1,3,P06
2,474,299,351,1,1,1,3,P06
2,475,415,363,1,1,1,3,P06
2,476,175,747,1,3,1,3,P06
2,477,137,439,1,3,1,3,P06
2,478,210,245,1,2,1,3,P06
2,479,257,678,1,1,1,3,P06
2,480,211,460,1,1,1,3,P06
2,481,148,361,1,4,1,3,P06
2,482,140,398,1,1,1,3,P06
2,483,428,495,1,2,1,3,P06
2,484,110,317,1,3,1,3,P06
2,485,166,322,1,1,1,3,P06
2,486,347,577,1,4,1,3,P06
2,487,117,317,1,3,1,3,P06
2,488,210,215,1,1,1,3,P06
2,489,261,464,1,2,1,3,P06
2,490,242,571,1,1,1,3,P06
2,491,51,388,1,1,1,3,P06
2,492,234,516,1,2,1,3,P06
2,493,197,494,1,1,1,3,P06
2,494,494,445,1,1,1,3,P06
2,495,163,719,1,3,1,3,P06
2,496,323,652,1,2,1,3,P06
2,497,227,731,1,1,1,3,P06
2,498,208,480,1,1,1,3,P06
2,499,223,228,1,3,1,3,P06
2,500,272,278,1,4,1,3,P06
2,501,107,775,1,1,1,3,P06
2,502,342,591,1,2,1,3,P06
2,503,106,376,1,1,1,3,P06
2,504,316,145,1,2,1,3,P06
2,505,143,467,1,2,1,3,P06
2,506,466,473,1,1,1,3,P06
2,507,289,505,1,1,1,3,P06
2,508,253,405,1,1,1,3,P06
2,509,233,344,1,1,1,3,P06
2,510,168,370,1,1,1,3,P06
2,511,112,620,1,1,1,3,P06
2,512,474,485,1,1,1,3,P06
2,513,205,525,1,2,1,3,P06
2,514,206,210,1,1,1,3,P06
2,515,282,494,1,2,1,3,P06
2,516,149,286,1,4,1,3,P06
2,517,139,501,1,1,1,3,P06
2,518,287,394,1,3,1,3,P06
2,519,185,272,1,1,1,3,P06
2,520,149,446,1,1,1,3,P06
2,521,321,303,2,1,1,3,P06
2,522,146,401,1,3,1,3,P06
2,523,197,421,1,1,1,3,P06
2,524,218,260,1,1,1,3,P06
2,525,309,657,1,2,1,3,P06
2,526,298,489,1,4,1,3,P06
2,527,277,445,1,2,1,3,P06
2,528,118,368,1,1,1,3,P06
2,529,343,606,1,2,1,3,P06
2,530,110,431,1,3,1,3,P06
2,531,279,717,2,2,1,3,P06
2,532,187,290,1,2,1,3,P06
2,533,184,476,1,2,1,3,P06
2,534,177,575,1,1,1,3,P06
2,535,406,589,1,3,1,3,P06
2,536,96,549,1,2,1,3,P06
2,537,282,509,1,2,1,3,P06
2,538,191,251,1,3,1,3,P06
2,539,319,611,1,1,1,3,P06
2,540,275,562,1,2,1,3,P06
2,541,444,549,1,1,1,3,P06
2,542,414,532,1,1,1,3,P06
2,543,136,495,1,3,1,3,P06
2,544,299,527,1,1,1,3,P06
2,545,481,502,2,2,1,3,P06
2,546,333,364,1,1,1,3,P06
2,547,223,210,2,1,1,3,P06
2,548,328,447,1,1,1,3,P06
2,549,236,355,1,1,1,3,P06
2,550,157,500,1,2,1,3,P06
2,551,278,714,1,3,1,3,P06
2,552,87,334,1,1,1,3,P06
2,553,142,416,1,3,1,3,P06
2,554,191,303,1,1,1,3,P06
2,555,255,378,1,3,1,3,P06
2,556,142,434,1,3,1,3,P06
2,557,305,502,1,5,1,3,P06
2,558,190,354,1,2,1,3,P06
2,559,122,364,1,1,1,3,P06
2,560,200,359,1,4,1,3,P06
2,561,127,302,1,1,1,3,P06
2,562,192,260,2,2,1,3,P06
2,563,300,509,1,1,1,3,P06
2,564,212,635,1,2,1,3,P06
2,565,129,570,1,1,1,3,P06
2,566,166,373,1,2,1,3,P06
2,567,288,571,1,3,1,3,P06
2,568,129,280,1,3,1,3,P06
2,569,81,358,1,5,1,3,P06
2,570,239,338,1,3,1,3,P06
2,571,301,469,1,2,1,3,P06
2,572,113,350,1,1,1,3,P06
2,573,303,569,1,1,1,3,P06
2,574,273,710,1,1,1,3,P06
2,575,189,320,1,3,1,3,P06
2,576,188,483,1,4,1,3,P06
2,577,301,683,1,2,1,3,P06
2,578,171,548,1,2,1,3,P06
2,579,108,675,1,4,1,3,P06
2,580,407,342,2,1,1,3,P06
2,581,157,750,1,1,1,3,P06
2,582,236,283,1,3,1,3,P06
2,583,219,694,1,4,1,3,P06
2,584,256,153,1,1,1,3,P06
2,585,152,600,1,2,1,3,P06
2,586,185,364,1,1,1,3,P06
2,587,375,561,1,3,1,3,P06
2,588,213,497,3,4,1,3,P06
2,589,221,471,2,2,1,3,P06
2,590,164,386,1,3,1,3,P06
2,591,330,590,1,2,1,3,P06
2,592,154,385,1,1,1,3,P06
2,593,294,358,1,4,1,3,P06
2,594,209,560,1,2,1,3,P06
2,595,234,617,1,1,1,3,P06
2,596,164,239,1,1,1,3,P06
2,597,108,386,1,3,1,3,P06
2,598,420,337,1,2,1,3,P06
2,599,270,303,1,3,1,3,P06
2,600,210,602,1,1,1,3,P06
2,601,353,580,1,3,1,3,P06
2,602,142,597,1,1,1,3,P06
2,603,274,396,1,2,1,3,P06
2,604,328,428,1,3,1,3,P06
2,605,254,660,1,2,1,3,P06
2,606,228,671,1,3,1,3,P06
2,607,224,492,1,2,1,3,P06
2,608,120,551,1,4,1,3,P06
2,609,222,318,1,1,1,3,P06
2,610,329,596,1,2,1,3,P06
2,611,103,516,1,3,1,3,P06
2,612,274,605,1,1,1,3,P06
2,613,214,731,1,5,1,3,P06
2,614,153,634,1,4,1,3,P06
2,615,318,589,1,1,1,3,P06
2,616,197,285,1,1,1,3,P06
2,617,270,635,1,1,1,3,P06
2,618,155,298,1,1,1,3,P06
2,619,264,677,1,1,1,3,P06
2,620,209,281,1,1,1,3,P06
2,621,316,428,1,2,1,3,P06
2,622,149,449,1,1,1,3,P06
2,623,396,343,1,2,1,3,P06
2,624,268,723,1,6,1,3,P06
2,625,150,468,1,2,1,3,P06
2,626,130,353,3,2,1,3,P06
2,627,129,449,1,1,1,3,P06
2,628,125,283,1,2,1,3,P06
2,629,124,478,1,2,1,3,P06
2,630,220,536,1,4,1,3,P06
2,631,131,818,1,1,1,3,P06
2,632,103,760,1,3,1,3,P06
2,633,279,576,1,1,1,3,P06
2,634,341,641,1,1,1,3,P06
2,635,222,237,1,1,1,3,P06
2,636,237,303,1,3,1,3,P06
2,637,150,322,1,4,1,3,P06
2,638,130,426,1,1,1,3,P06
2,639,394,544,1,3,1,3,P06
2,640,249,603,1,1,1,3,P06
2,641,462,535,1,4,1,3,P06
2,642,308,672,1,3,1,3,P06
2,643,114,303,1,4,1,3,P06
2,644,226,500,1,1,1,3,P06
2,645,203,579,1,1,1,3,P06
2,646,152,441,1,3,1,3,P06
2,647,386,556,1,5,1,3,P06
2,648,224,423,1,2,1,3,P06
2,649,160,469,1,1,1,3,P06
2,650,252,524,1,4,1,3,P06
2,651,288,443,1,1,1,3,P06
2,652,193,727,1,3,1,3,P06
2,653,192,664,1,3,1,3,P06
2,654,150,695,1,1,1,3,P06
2,655,327,548,1,1,1,3,P06
2,656,377,602,1,3,1,3,P06
2,657,538,448,1,1,1,3,P06
2,658,344,431,1,2,1,3,P06
2,659,327,574,1,1,1,3,P06
2,660,193,537,1,1,1,3,P06
2,661,312,383,1,3,1,3,P06
2,662,285,609,1,2,1,3,P06
2,663,206,354,1,1,1,3,P06
2,664,200,469,1,5,1,3,P06
2,665,326,549,1,1,1,3,P06
2,666,225,454,1,2,1,3,P06
2,667,360,592,1,3,1,3,P06
2,668,278,416,1,3,1,3,P06
2,669,209,432,1,1,1,3,P06
2,670,249,639,1,4,1,3,P06
2,671,125,298,1,1,1,3,P06
2,672,265,495,1,1,1,3,P06
2,673,152,388,2,2,1,3,P06
2,674,262,692,1,1,1,3,P06
2,675,343,643,1,2,1,3,P06
2,676,230,201,1,1,1,3,P06
2,677,227,545,1,5,1,3,P06
2,678,285,448,1,1,1,3,P06
2,679,494,453,2,2,1,3,P06
2,680,202,365,1,2,1,3,P06
2,681,146,376,1,2,1,3,P06
2,682,266,476,1,2,1,3,P06
2,683,159,458,1,1,1,3,P06
2,684,214,478,1,2,1,3,P06
2,685,174,264,1,1,1,3,P06
2,686,277,533,1,3,1,3,P06
2,687,151,375,1,1,1,3,P06
2,688,134,382,1,1,1,3,P06
2,689,224,475,1,2,1,3,P06
2,690,161,311,1,3,1,3,P06
2,691,191,283,1,3,1,3,P06
2,692,92,714,1,2,1,3,P06
2,693,176,469,1,5,1,3,P06
2,694,140,412,1,3,1,3,P06
2,695,124,297,1,1,1,3,P06
2,696,210,476,1,1,1,3,P06
2,697,239,489,1,3,1,3,P06
2,698,247,470,1,2,1,3,P06
2,699,241,731,1,2,1,3,P06
2,700,117,413,1,1,1,3,P06
2,701,207,612,1,3,1,3,P06
2,702,286,630,1,2,1,3,P06
2,703,263,673,1,2,1,3,P06
2,704,498,432,1,1,1,3,P06
2,705,98,380,1,1,1,3,P06
2,706,160,246,1,1,1,3,P06
2,707,170,284,1,4,1,3,P06
2,708,317,595,1,1,1,3,P06
2,709,213,389,1,3,1,3,P06
2,710,292,649,1,2,1,3,P06
2,711,204,284,1,1,1,3,P06
2,712,200,430,1,1,1,3,P06
2,713,166,470,1,3,1,3,P06
2,714,379,491,1,3,1,3,P06
2,715,321,571,1,2,1,3,P06
2,716,243,740,1,2,1,3,P06
2,717,405,562,1,3,1,3,P06
2,718,345,363,1,1,1,3,P06
2,719,233,201,1,1,1,3,P06
2,720,140,405,1,1,1,3,P06
2,721,179,621,1,2,1,3,P06
2,722,139,480,1,3,1,3,P06
2,723,147,341,1,4,1,3,P06
2,724,199,390,1,2,1,3,P06
2,725,178,381,1,2,1,3,P06
2,726,295,446,1,6,1,3,P06
2,727,313,544,1,1,1,3,P06
2,728,184,375,1,4,1,3,P06
2,729,127,439,1,5,1,3,P06
2,730,384,419,1,1,1,3,P06
2,731,156,396,1,3,1,3,P06
2,732,234,660,1,2,1,3,P06
2,733,241,605,1,1,1,3,P06
2,734,259,259,2,2,1,3,P06
2,735,190,652,1,2,1,3,P06
2,736,354,515,1,1,1,3,P06
2,737,108,343,1,2,1,3,P06
2,738,207,317,1,3,1,3,P06
2,739,94,530,1,4,1,3,P06
2,740,299,545,1,1,1,3,P06
2,741,189,434,1,4,1,3,P06
2,742,442,285,2,1,1,3,P06
2,743,154,396,1,1,1,3,P06
2,744,240,385,1,3,1,3,P06
2,745,318,375,1,3,1,3,P06
2,746,117,568,1,1,1,3,P06
2,747,163,703,1,2,1,3,P06
2,748,200,424,1,2,1,3,P06
2,749,270,474,1,2,1,3,P06
2,750,140,272,1,1,1,3,P06
2,751,150,670,1,1,1,3,P06
2,752,66,461,1,4,1,3,P06
2,753,200,315,1,3,1,3,P06
2,754,343,487,1,1,1,3,P06
2,755,329,538,1,2,1,3,P06
2,756,155,296,1,2,1,3,P06
2,757,255,615,1,1,1,3,P06
2,758,101,361,1,4,1,3,P06
2,759,168,499,1,7,1,3,P06
2,760,170,265,1,2,1,3,P06
2,761,110,492,1,3,1,3,P06
2,762,125,551,1,3,1,3,P06
2,763,272,635,1,1,1,3,P06
2,764,163,443,1,1,1,3,P06
2,765,461,482,1,2,1,3,P06
2,766,213,720,1,3,1,3,P06
2,767,171,558,1,3,1,3,P06
2,768,112,629,1,4,1,3,P06
2,769,181,733,1,2,1,3,P06
2,770,169,551,1,1,1,3,P06
2,771,152,586,1,3,1,3,P06
2,772,261,556,1,5,1,3,P06
2,773,179,724,1,3,1,3,P06
2,774,167,750,1,2,1,3,P06
2,775,178,328,1,1,1,3,P06
2,776,177,365,1,3,1,3,P06
2,777,98,391,1,2,1,3,P06
2,778,228,416,1,6,1,3,P06
2,779,273,445,1,1,1,3,P06
2,780,248,471,1,3,1,3,P06
2,781,113,374,1,2,1,3,P06
2,782,229,682,1,4,1,3,P06
2,783,338,554,2,4,1,3,P06
2,784,258,650,1,2,1,3,P06
2,785,276,568,1,2,1,3,P06
2,786,337,372,1,1,1,3,P06
2,787,124,527,1,2,1,3,P06
2,788,128,382,1,2,1,3,P06
2,789,200,362,2,3,1,3,P06
2,790,239,543,2,1,1,3,P06
2,791,209,319,1,2,1,3,P06
2,792,346,562,1,1,1,3,P06
2,793,111,387,1,1,1,3,P06
2,794,176,602,1,2,1,3,P06
2,795,300,484,1,1,1,3,P06
2,796,137,507,1,1,1,3,P06
2,797,205,228,1,3,1,3,P06
2,798,183,413,1,1,1,3,P06
2,799,229,450,1,1,1,3,P06
2,800,229,403,1,2,1,3,P06
2,801,389,590,1,2,1,3,P06
2,802,365,275,1,1,1,3,P06
2,803,253,306,1,1,1,3,P06
2,804,333,257,1,1,1,3,P06
2,805,170,623,1,1,1,3,P06
2,806,181,311,1,1,1,3,P06
2,807,498,409,1,2,1,3,P06
2,808,189,402,1,2,1,3,P06
2,809,177,376,1,3,1,3,P06
2,810,171,290,1,6,1,3,P06
2,811,398,562,1,1,1,3,P06
2,812,216,592,1,1,1,3,P06
2,813,145,613,1,1,1,3,P06
2,814,248,586,1,3,1,3,P06
2,815,286,309,1,1,1,3,P06
2,816,431,297,1,1,1,3,P06
2,817,230,563,1,3,1,3,P06
2,818,98,383,1,2,1,3,P06
2,819,157,513,1,3,1,3,P06
2,820,124,465,1,8,1,3,P06
2,821,173,388,1,2,1,3,P06
2,822,246,702,2,4,1,3,P06
2,823,94,439,1,1,1,3,P06
2,824,201,704,1,2,1,3,P06
2,825,90,319,1,4,1,3,P06
2,826,361,603,1,2,1,3,P06
2,827,258,456,1,2,1,3,P06
2,828,274,438,1,3,1,3,P06
2,829,345,496,1,1,1,3,P06
2,830,242,366,1,1,1,3,P06
2,831,191,586,1,1,1,3,P06
2,832,174,452,1,5,1,3,P06
2,833,130,348,1,2,1,3,P06
2,834,183,343,1,1,1,3,P06
2,835,220,622,1,2,1,3,P06
2,836,205,601,1,1,1,3,P06
2,837,215,249,1,1,1,3,P06
2,838,289,632,1,1,1,3,P06
2,839,385,494,1,2,1,3,P06
2,840,297,699,1,1,1,3,P06
2,841,382,583,1,2,1,3,P06
2,842,136,566,1,3,1,3,P06
2,843,121,558,1,1,1,3,P06
2,844,144,264,1,1,1,3,P06
2,845,224,683,1,1,1,3,P06
2,846,192,433,1,2,1,3,P06
2,847,228,348,1,3,1,3,P06
2,848,145,296,1,5,1,3,P06
2,849,339,516,1,3,1,3,P06
2,850,148,315,1,3,1,3,P06
2,851,345,609,1,1,1,3,P06
2,852,186,262,1,1,1,3,P06
2,853,239,659,1,2,1,3,P06
2,854,390,320,1,1,1,3,P06
2,855,175,497,1,1,1,3,P06
2,856,423,315,1,1,1,3,P06
2,857,85,341,1,4,1,3,P06
2,858,280,563,1,4,1,3,P06
2,859,174,294,1,2,1,3,P06
2,860,81,329,1,3,1,3,P06
2,861,288,352,1,1,1,3,P06
2,862,226,549,1,4,1,3,P06
2,863,141,330,1,2,1,3,P06
2,864,126,383,1,6,1,3,P06
2,865,365,394,1,1,1,3,P06
2,866,243,528,1,2,1,3,P06
2,867,348,572,1,5,1,3,P06
2,868,306,528,1,1,1,3,P06
2,869,160,437,1,1,1,3,P06
2,870,142,449,2,1,1,3,P06
2,871,144,274,1,1,1,3,P06
2,872,266,344,1,2,1,3,P06
2,873,144,345,2,5,1,3,P06
2,874,344,443,1,1,1,3,P06
2,875,162,250,1,3,1,3,P06
2,876,102,889,1,5,1,3,P06
2,877,260,594,1,5,1,3,P06
2,878,191,541,1,1,1,3,P06
2,879,132,579,1,5,1,3,P06
2,880,84,330,1,1,1,3,P06
2,881,154,492,1,4,1,3,P06
2,882,270,322,1,3,1,3,P06
2,883,188,548,1,6,1,3,P06
2,884,82,403,1,2,1,3,P06
2,885,246,577,1,3,1,3,P06
2,886,106,644,1,8,1,3,P06
2,887,219,291,1,3,1,3,P06
2,888,126,468,1,1,1,3,P06
2,889,251,510,2,4,1,3,P06
2,890,458,385,1,2,1,3,P06
2,891,123,444,1,1,1,3,P06
2,892,77,335,1,1,1,3,P06
2,893,197,367,1,2,1,3,P06
2,894,361,447,1,2,1,3,P06
2,895,314,428,1,2,1,3,P06
2,896,403,490,1,3,1,3,P06
2,897,173,440,1,1,1,3,P06
2,898,126,416,1,3,1,3,P06
2,899,80,327,1,1,1,3,P06
2,900,130,322,1,4,1,3,P06
2,901,323,497,1,3,1,3,P06
2,902,163,282,1,1,1,3,P06
2,903,159,447,1,1,1,3,P06
2,904,210,422,1,4,1,3,P06
2,905,262,654,1,3,1,3,P06
2,906,161,802,1,3,1,3,P06
2,907,120,286,1,5,1,3,P06
2,908,132,376,1,1,1,3,P06
2,909,224,302,1,1,1,3,P06
2,910,192,386,1,2,1,3,P06
2,911,311,446,1,2,1,3,P06
2,912,186,341,1,3,1,3,P06
2,913,195,395,1,2,1,3,P06
2,914,249,459,1,3,1,3,P06
2,915,181,298,1,1,1,3,P06
2,916,137,605,1,2,1,3,P06
2,917,282,394,1,2,1,3,P06
2,918,119,391,1,1,1,3,P06
2,919,149,269,1,2,1,3,P06
2,920,116,591,1,3,1,3,P06
2,921,202,750,1,2,1,3,P06
2,922,283,704,1,3,1,3,P06
2,923,142,280,1,2,1,3,P06
2,924,199,221,1,1,1,3,P06
2,925,150,437,1,5,1,3,P06
2,926,152,593,1,1,1,3,P06
2,927,677,219,1,1,1,3,P06
2,928,212,653,1,2,1,3,P06
2,929,392,398,2,1,1,3,P06
2,930,276,434,1,2,1,3,P06
2,931,229,646,1,3,1,3,P06
2,932,387,381,1,3,1,3,P06
2,933,283,341,1,1,1,3,P06
2,934,188,568,1,3,1,3,P06
2,935,211,248,1,1,1,3,P06
2,936,206,325,1,2,1,3,P06
2,937,213,642,1,3,1,3,P06
2,938,209,563,1,1,1,3,P06
2,939,218,551,1,1,1,3,P06
2,940,194,604,1,3,1,3,P06
2,941,101,317,1,3,1,3,P06
2,942,161,566,1,1,1,3,P06
2,943,143,451,1,3,1,3,P06
2,944,302,690,1,2,1,3,P06
2,945,153,273,1,4,1,3,P06
2,946,413,496,1,1,1,3,P06
2,947,169,751,1,2,1,3,P06
2,948,197,440,1,2,1,3,P06
2,949,159,706,1,1,1,3,P06
2,950,420,346,1,1,1,3,P06
2,951,169,409,1,4,1,3,P06
2,952,180,245,1,3,1,3,P06
2,953,199,697,1,2,1,3,P06
2,954,198,443,1,2,1,3,P06
2,955,192,276,1,1,1,3,P06
2,956,112,436,1,2,1,3,P06
2,957,116,307,1,3,1,3,P06
2,958,303,687,1,3,1,3,P06
2,959,315,537,1,3,1,3,P06
2,960,166,461,1,3,1,3,P06
2,961,242,713,2,1,1,3,P06
2,962,183,482,1,1,1,3,P06
2,963,112,426,1,1,1,3,P06
2,964,242,581,1,1,1,3,P06
2,965,144,499,1,2,1,3,P06
2,966,98,458,1,3,1,3,P06
2,967,400,531,2,3,1,3,P06
2,968,87,410,1,1,1,3,P06
2,969,265,394,1,1,1,3,P06
2,970,130,610,1,6,1,3,P06
2,971,152,508,1,4,1,3,P06
2,972,193,593,1,3,1,3,P06
2,973,367,426,1,1,1,3,P06
2,974,326,652,1,7,1,3,P06
2,975,137,309,1,6,1,3,P06
2,976,184,717,1,1,1,3,P06
2,977,184,526,1,1,1,3,P06
2,978,154,337,1,1,1,3,P06
2,979,170,412,1,1,1,3,P06
2,980,284,641,1,2,1,3,P06
2,981,279,353,1,2,1,3,P06
2,982,137,332,1,2,1,3,P06
2,983,245,328,1,3,1,3,P06
2,984,299,437,1,3,1,3,P06
2,985,249,623,1,4,1,3,P06
2,986,267,657,1,1,1,3,P06
2,987,144,737,1,3,1,3,P06
2,988,157,394,1,4,1,3,P06
2,989,125,277,1,4,1,3,P06
2,990,288,456,1,1,1,3,P06
2,991,225,555,1,4,1,3,P06
2,992,226,266,1,3,1,3,P06
2,993,302,656,1,3,1,3,P06
2,994,147,403,1,1,1,3,P06
2,995,163,455,1,1,1,3,P06
2,996,278,536,1,1,1,3,P06
2,997,171,287,1,3,1,3,P06
2,998,116,286,1,3,1,3,P06
2,999,198,454,1,4,1,3,P06
2,1000,118,585,1,3,1,3,P06
3,1,483,366,1,1,1,1,P06
3,2,331,489,1,1,1,1,P06
3,3,348,317,1,1,1,1,P06
3,4,165,541,1,1,1,1,P06
3,5,361,156,1,1,1,1,P06
3,6,411,289,1,2,1,1,P06
3,7,605,234,1,1,1,1,P06
3,8,192,356,1,1,1,1,P06
3,9,282,408,1,1,1,1,P06
3,10,325,409,1,1,1,1,P06
3,11,458,522,1,1,1,1,P06
3,12,342,464,1,2,1,1,P06
3,13,377,425,1,1,1,1,P06
3,14,251,315,1,1,1,1,P06
3,15,391,330,1,1,1,1,P06
3,16,273,419,1,1,1,1,P06
3,17,199,220,1,1,1,1,P06
3,18,477,345,1,3,1,1,P06
3,19,199,216,1,1,1,1,P06
3,20,558,305,1,1,1,1,P06
3,21,161,575,1,1,1,1,P06
3,22,225,371,1,1,1,1,P06
3,23,450,327,1,1,1,1,P06
3,24,493,410,1,1,1,1,P06
3,25,381,309,1,1,1,1,P06
3,26,248,190,1,1,1,1,P06
3,27,211,319,1,1,1,1,P06
3,28,439,546,1,1,1,1,P06
3,29,561,342,1,1,1,1,P06
3,30,297,240,1,1,1,1,P06
3,31,257,148,2,1,1,1,P06
3,32,447,533,1,1,1,1,P06
3,33,425,353,1,1,1,1,P06
3,34,233,315,1,1,1,1,P06
3,35,343,277,1,1,1,1,P06
3,36,373,526,2,1,1,1,P06
3,37,175,277,1,1,1,1,P06
3,38,542,285,1,1,1,1,P06
3,39,261,258,1,1,1,1,P06
3,40,346,578,1,1,1,1,P06
3,41,240,319,1,1,1,1,P06
3,42,453,172,2,1,1,1,P06
3,43,259,172,1,1,1,1,P06
3,44,261,360,1,1,1,1,P06
3,45,276,246,1,1,1,1,P06
3,46,442,497,1,1,1,1,P06
3,47,119,292,1,1,1,1,P06
3,48,292,423,1,1,1,1,P06
3,49,421,439,1,2,1,1,P06
3,50,291,186,1,1,1,1,P06
3,51,200,318,1,1,1,1,P06
3,52,266,158,1,1,1,1,P06
3,53,225,229,1,1,1,1,P06
3,54,364,406,1,1,1,1,P06
3,55,351,137,1,1,1,1,P06
3,56,545,416,1,1,1,1,P06
3,57,311,324,1,1,1,1,P06
3,58,249,193,1,1,1,1,P06
3,59,384,282,1,1,1,1,P06
3,60,324,199,1,1,1,1,P06
3,61,505,319,1,1,1,1,P06
3,62,235,361,1,2,1,1,P06
3,63,308,351,1,1,1,1,P06
3,64,392,253,1,1,1,1,P06
3,65,257,660,1,1,1,1,P06
3,66,410,502,1,1,1,1,P06
3,67,348,271,1,2,1,1,P06
3,68,289,598,1,2,1,1,P06
3,69,295,467,1,1,1,1,P06
3,70,442,337,1,1,1,1,P06
3,71,305,240,1,1,1,1,P06
3,72,183,516,1,1,1,1,P06
3,73,373,201,1,1,1,1,P06
3,74,267,214,1,1,1,1,P06
3,75,701,223,1,1,1,1,P06
3,76,214,197,1,2,1,1,P06
3,77,228,245,1,1,1,1,P06
3,78,462,434,1,1,1,1,P06
3,79,236,553,1,1,1,1,P06
3,80,298,228,1,1,1,1,P06
3,81,264,350,1,1,1,1,P06
3,82,250,426,1,1,1,1,P06
3,83,244,169,1,1,1,1,P06
3,84,267,589,1,2,1,1,P06
3,85,327,231,2,1,1,1,P06
3,86,282,259,1,1,1,1,P06
3,87,507,399,1,1,1,1,P06
3,88,346,303,1,1,1,1,P06
3,89,292,181,1,1,1,1,P06
3,90,586,400,1,2,1,1,P06
3,91,466,309,2,1,1,1,P06
3,92,284,624,1,1,1,1,P06
3,93,402,579,1,2,1,1,P06
3,94,189,241,1,1,1,1,P06
3,95,418,442,1,2,1,1,P06
3,96,440,406,1,1,1,1,P06
3,97,337,221,1,1,1,1,P06
3,98,331,472,1,1,1,1,P06
3,99,469,211,1,1,1,1,P06
3,100,396,540,1,1,1,1,P06
3,101,285,488,1,1,1,1,P06
3,102,261,390,1,1,1,1,P06
3,103,303,415,1,1,1,1,P06
3,104,220,404,1,2,1,1,P06
3,105,161,320,1,1,1,1,P06
3,106,288,204,1,1,1,1,P06
3,107,265,502,1,1,1,1,P06
3,108,197,349,1,1,1,1,P06
3,109,163,306,1,1,1,1,P06
3,110,264,514,1,1,1,1,P06
3,111,286,339,1,1,1,1,P06
3,112,288,357,1,1,1,1,P06
3,113,362,419,1,1,1,1,P06
3,114,547,426,1,1,1,1,P06
3,115,221,180,1,1,1,1,P06
3,116,518,388,1,1,1,1,P06
3,117,434,538,1,1,1,1,P06
3,118,162,268,3,1,1,1,P06
3,119,374,433,2,1,1,1,P06
3,120,301,332,1,1,1,1,P06
3,121,185,242,1,1,1,1,P06
3,122,307,422,1,1,1,1,P06
3,123,468,288,2,1,1,1,P06
3,124,351,418,1,1,1,1,P06
3,125,378,388,1,1,1,1,P06
3,126,237,345,1,1,1,1,P06
3,127,335,268,1,1,1,1,P06
3,128,410,180,2,1,1,1,P06
3,129,407,459,1,1,1,1,P06
3,130,311,539,1,1,1,1,P06
3,131,530,341,1,1,1,1,P06
3,132,478,477,1,1,1,1,P06
3,133,312,255,1,1,1,1,P06
3,134,266,315,1,1,1,1,P06
3,135,207,408,1,1,1,1,P06
3,136,393,586,1,1,1,1,P06
3,137,305,444,1,1,1,1,P06
3,138,368,356,1,1,1,1,P06
3,139,330,283,1,1,1,1,P06
3,140,269,227,1,2,1,1,P06
3,141,515,361,1,3,1,1,P06
3,142,318,364,1,1,1,1,P06
3,143,311,563,1,1,1,1,P06
3,144,552,319,1,1,1,1,P06
3,145,447,138,1,1,1,1,P06
3,146,276,432,1,1,1,1,P06
3,147,327,283,2,1,1,1,P06
3,148,279,422,1,1,1,1,P06
3,149,119,281,1,1,1,1,P06
3,150,408,324,1,1,1,1,P06
3,151,378,568,1,1,1,1,P06
3,152,313,217,1,1,1,1,P06
3,153,333,562,1,1,1,1,P06
3,154,369,529,1,3,1,1,P06
3,155,503,455,1,1,1,1,P06
3,156,365,366,1,1,1,1,P06
3,157,447,471,1,1,1,1,P06
3,158,346,471,1,1,1,1,P06
3,159,314,357,2,1,1,1,P06
3,160,281,190,1,2,1,1,P06
3,161,711,213,1,1,1,1,P06
3,162,184,383,1,1,1,1,P06
3,163,510,256,1,1,1,1,P06
3,164,205,300,1,1,1,1,P06
3,165,351,442,1,1,1,1,P06
3,166,266,353,1,1,1,1,P06
3,167,245,250,3,1,1,1,P06
3,168,216,252,1,1,1,1,P06
3,169,254,153,3,1,1,1,P06
3,170,416,268,1,1,1,1,P06
3,171,307,306,2,1,1,1,P06
3,172,531,344,1,1,1,1,P06
3,173,410,536,1,1,1,1,P06
3,174,322,627,1,1,1,1,P06
3,175,238,173,1,1,1,1,P06
3,176,350,357,1,1,1,1,P06
3,177,419,563,1,1,1,1,P06
3,178,359,377,1,1,1,1,P06
3,179,219,531,1,1,1,1,P06
3,180,298,168,1,1,1,1,P06
3,181,261,271,1,1,1,1,P06
3,182,338,427,1,1,1,1,P06
3,183,252,254,1,1,1,1,P06
3,184,426,521,1,1,1,1,P06
3,185,328,580,1,1,1,1,P06
3,186,220,349,1,1,1,1,P06
3,187,307,459,1,1,1,1,P06
3,188,407,403,1,4,1,1,P06
3,189,374,569,1,1,1,1,P06
3,190,342,246,1,1,1,1,P06
3,191,240,366,1,1,1,1,P06
3,192,332,269,1,1,1,1,P06
3,193,321,290,1,1,1,1,P06
3,194,218,552,1,1,1,1,P06
3,195,286,625,1,1,1,1,P06
3,196,287,405,1,1,1,1,P06
3,197,234,331,1,2,1,1,P06
3,198,524,205,2,2,1,1,P06
3,199,245,161,1,1,1,1,P06
3,200,220,448,1,1,1,1,P06
3,201,276,397,1,1,1,1,P06
3,202,367,264,1,1,1,1,P06
3,203,283,176,1,1,1,1,P06
3,204,518,228,1,1,1,1,P06
3,205,273,453,1,1,1,1,P06
3,206,358,616,1,1,1,1,P06
3,207,254,262,1,1,1,1,P06
3,208,314,382,1,1,1,1,P06
3,209,108,389,1,1,1,1,P06
3,210,277,505,1,1,1,1,P06
3,211,303,446,1,1,1,1,P06
3,212,394,316,1,1,1,1,P06
3,213,558,348,2,1,1,1,P06
3,214,455,474,1,1,1,1,P06
3,215,210,413,1,1,1,1,P06
3,216,582,333,1,1,1,1,P06
3,217,314,435,1,1,1,1,P06
3,218,318,499,1,1,1,1,P06
3,219,447,494,1,2,1,1,P06
3,220,468,465,1,1,1,1,P06
3,221,396,338,1,1,1,1,P06
3,222,425,232,1,1,1,1,P06
3,223,217,359,1,1,1,1,P06
3,224,364,566,1,1,1,1,P06
3,225,526,383,1,1,1,1,P06
3,226,361,638,1,1,1,1,P06
3,227,447,341,1,1,1,1,P06
3,228,313,288,1,1,1,1,P06
3,229,254,167,1,1,1,1,P06
3,230,145,376,1,1,1,1,P06
3,231,308,153,1,1,1,1,P06
3,232,516,375,1,1,1,1,P06
3,233,168,325,1,1,1,1,P06
3,234,419,502,1,2,1,1,P06
3,235,148,267,1,1,1,1,P06
3,236,293,235,1,1,1,1,P06
3,237,339,132,1,1,1,1,P06
3,238,406,422,1,1,1,1,P06
3,239,306,226,1,1,1,1,P06
3,240,288,219,1,1,1,1,P06
3,241,85,350,1,2,1,1,P06
3,242,374,583,1,1,1,1,P06
3,243,308,537,1,2,1,1,P06
3,244,322,377,1,2,1,1,P06
3,245,380,135,1,1,1,1,P06
3,246,493,236,1,1,1,1,P06
3,247,238,222,1,1,1,1,P06
3,248,451,490,1,1,1,1,P06
3,249,490,431,1,1,1,1,P06
3,250,305,192,1,1,1,1,P06
3,251,294,258,2,1,1,1,P06
3,252,262,179,2,1,1,1,P06
3,253,577,347,1,1,1,1,P06
3,254,641,254,1,1,1,1,P06
3,255,543,428,1,1,1,1,P06
3,256,400,468,1,1,1,1,P06
3,257,400,388,1,1,1,1,P06
3,258,309,374,1,1,1,1,P06
3,259,382,595,1,1,1,1,P06
3,260,373,245,1,1,1,1,P06
3,261,351,495,1,1,1,1,P06
3,262,360,193,1,1,1,1,P06
3,263,648,288,2,1,1,1,P06
3,264,381,428,1,1,1,1,P06
3,265,148,575,1,1,1,1,P06
3,266,541,436,1,1,1,1,P06
3,267,274,207,1,1,1,1,P06
3,268,370,430,1,1,1,1,P06
3,269,132,286,1,1,1,1,P06
3,270,441,295,2,1,1,1,P06
3,271,304,330,1,1,1,1,P06
3,272,222,589,1,2,1,1,P06
3,273,265,346,1,1,1,1,P06
3,274,375,361,1,1,1,1,P06
3,275,245,244,1,1,1,1,P06
3,276,300,408,1,3,1,1,P06
3,277,374,368,1,1,1,1,P06
3,278,153,341,1,2,1,1,P06
3,279,563,412,1,1,1,1,P06
3,280,190,468,1,1,1,1,P06
3,281,406,302,1,1,1,1,P06
3,282,370,379,2,1,1,1,P06
3,283,332,426,1,1,1,1,P06
3,284,270,542,1,2,1,1,P06
3,285,282,507,2,2,1,1,P06
3,286,282,558,1,1,1,1,P06
3,287,251,215,1,1,1,1,P06
3,288,451,535,1,2,1,1,P06
3,289,185,301,1,1,1,1,P06
3,290,246,311,1,2,1,1,P06
3,291,340,237,5,3,1,1,P06
3,292,438,463,1,1,1,1,P06
3,293,504,233,1,1,1,1,P06
3,294,497,323,1,1,1,1,P06
3,295,508,336,1,1,1,1,P06
3,296,255,292,1,1,1,1,P06
3,297,383,357,1,3,1,1,P06
3,298,573,408,1,1,1,1,P06
3,299,244,264,1,1,1,1,P06
3,300,331,546,1,1,1,1,P06
3,301,365,476,1,1,1,1,P06
3,302,414,471,1,1,1,1,P06
3,303,204,396,1,1,1,1,P06
3,304,492,401,1,3,1,1,P06
3,305,417,368,1,2,1,1,P06
3,306,277,475,1,2,1,1,P06
3,307,246,257,1,1,1,1,P06
3,308,454,361,1,1,1,1,P06
3,309,208,544,1,1,1,1,P06
3,310,415,317,1,2,1,1,P06
3,311,270,379,1,1,1,1,P06
3,312,328,451,1,1,1,1,P06
3,313,446,412,1,1,1,1,P06
3,314,353,569,1,1,1,1,P06
3,315,371,382,1,1,1,1,P06
3,316,328,298,2,1,1,1,P06
3,317,245,296,1,1,1,1,P06
3,318,413,435,1,1,1,1,P06
3,319,364,179,1,1,1,1,P06
3,320,453,370,1,1,1,1,P06
3,321,219,352,1,1,1,1,P06
3,322,445,347,1,1,1,1,P06
3,323,201,330,1,2,1,1,P06
3,324,455,476,1,1,1,1,P06
3,325,172,251,1,1,1,1,P06
3,326,267,519,1,1,1,1,P06
3,327,507,174,1,1,1,1,P06
3,328,354,231,2,1,1,1,P06
3,329,208,433,1,1,1,1,P06
3,330,444,210,1,2,1,1,P06
3,331,262,291,1,1,1,1,P06
3,332,225,382,1,1,1,1,P06
3,333,337,294,1,1,1,1,P06
3,334,181,336,1,1,1,1,P06
3,335,361,419,1,1,1,1,P06
3,336,322,483,1,1,1,1,P06
3,337,464,477,1,1,1,1,P06
3,338,138,501,1,1,1,1,P06
3,339,117,300,1,2,1,1,P06
3,340,252,608,1,1,1,1,P06
3,341,254,302,1,1,1,1,P06
3,342,372,341,1,1,1,1,P06
3,343,179,238,1,1,1,1,P06
3,344,376,332,1,1,1,1,P06
3,345,340,506,1,1,1,1,P06
3,346,455,520,1,1,1,1,P06
3,347,459,432,1,1,1,1,P06
3,348,285,272,1,1,1,1,P06
3,349,230,331,1,1,1,1,P06
3,350,186,230,1,1,1,1,P06
3,351,318,297,1,1,1,1,P06
3,352,412,195,1,1,1,1,P06
3,353,225,257,1,1,1,1,P06
3,354,257,516,2,1,1,1,P06
3,355,255,483,1,1,1,1,P06
3,356,168,354,1,1,1,1,P06
3,357,439,288,1,1,1,1,P06
3,358,418,269,1,1,1,1,P06
3,359,376,387,1,1,1,1,P06
3,360,385,464,1,1,1,1,P06
3,361,362,303,1,1,1,1,P06
3,362,341,610,1,1,1,1,P06
3,363,394,290,1,1,1,1,P06
3,364,186,303,1,1,1,1,P06
3,365,230,245,1,2,1,1,P06
3,366,459,283,1,1,1,1,P06
3,367,121,355,1,1,1,1,P06
3,368,242,466,1,1,1,1,P06
3,369,331,615,1,1,1,1,P06
3,370,408,225,1,1,1,1,P06
3,371,396,381,1,1,1,1,P06
3,372,287,283,1,1,1,1,P06
3,373,163,241,1,1,1,1,P06
3,374,417,340,1,1,1,1,P06
3,375,251,218,2,1,1,1,P06
3,376,215,227,1,1,1,1,P06
3,377,270,379,1,1,1,1,P06
3,378,265,264,2,1,1,1,P06
3,379,299,364,1,1,1,1,P06
3,380,141,560,1,2,1,1,P06
3,381,504,482,1,1,1,1,P06
3,382,270,285,1,1,1,1,P06
3,383,394,283,1,1,1,1,P06
3,384,324,313,2,1,1,1,P06
3,385,248,193,1,1,1,1,P06
3,386,529,464,1,1,1,1,P06
3,387,323,295,1,1,1,1,P06
3,388,307,328,1,1,1,1,P06
3,389,528,305,1,1,1,1,P06
3,390,282,219,1,1,1,1,P06
3,391,365,320,1,1,1,1,P06
3,392,297,550,1,1,1,1,P06
3,393,416,249,2,1,1,1,P06
3,394,215,194,1,1,1,1,P06
3,395,508,403,1,1,1,1,P06
3,396,279,274,1,1,1,1,P06
3,397,610,388,1,1,1,1,P06
3,398,187,705,1,1,1,1,P06
3,399,262,356,1,3,1,1,P06
3,400,491,383,1,1,1,1,P06
3,401,442,344,1,1,1,1,P06
3,402,521,333,1,1,1,1,P06
3,403,399,597,1,1,1,1,P06
3,404,244,402,2,1,1,1,P06
3,405,290,319,1,1,1,1,P06
3,406,190,277,1,1,1,1,P06
3,407,338,389,1,1,1,1,P06
3,408,402,314,1,1,1,1,P06
3,409,170,391,2,2,1,1,P06
3,410,568,421,1,1,1,1,P06
3,411,143,317,1,1,1,1,P06
3,412,319,373,1,1,1,1,P06
3,413,168,499,1,1,1,1,P06
3,414,268,619,1,1,1,1,P06
3,415,336,576,1,1,1,1,P06
3,416,319,236,2,1,1,1,P06
3,417,526,403,1,2,1,1,P06
3,418,513,457,1,1,1,1,P06
3,419,203,200,1,1,1,1,P06
3,420,359,604,1,1,1,1,P06
3,421,153,257,1,1,1,1,P06
3,422,244,209,1,1,1,1,P06
3,423,160,328,1,1,1,1,P06
3,424,460,455,1,1,1,1,P06
3,425,105,354,1,1,1,1,P06
3,426,399,180,2,1,1,1,P06
3,427,288,558,1,1,1,1,P06
3,428,209,225,1,1,1,1,P06
3,429,335,413,1,2,1,1,P06
3,430,572,344,1,1,1,1,P06
3,431,233,360,1,2,1,1,P06
3,432,533,237,1,1,1,1,P06
3,433,424,390,1,1,1,1,P06
3,434,551,309,2,1,1,1,P06
3,435,128,307,1,1,1,1,P06
3,436,476,299,1,1,1,1,P06
3,437,186,385,1,1,1,1,P06
3,438,425,272,2,1,1,1,P06
3,439,464,422,1,1,1,1,P06
3,440,383,439,1,1,1,1,P06
3,441,516,320,1,1,1,1,P06
3,442,222,186,1,1,1,1,P06
3,443,339,314,1,1,1,1,P06
3,444,346,380,1,1,1,1,P06
3,445,357,381,1,1,1,1,P06
3,446,358,625,1,1,1,1,P06
3,447,293,267,1,1,1,1,P06
3,448,514,479,1,1,1,1,P06
3,449,409,173,1,1,1,1,P06
3,450,184,265,1,1,1,1,P06
3,451,179,627,1,1,1,1,P06
3,452,148,257,1,1,1,1,P06
3,453,316,147,1,1,1,1,P06
3,454,319,672,1,1,1,1,P06
3,455,299,508,1,1,1,1,P06
3,456,313,474,1,1,1,1,P06
3,457,231,320,1,1,1,1,P06
3,458,395,224,3,1,1,1,P06
3,459,364,574,2,1,1,1,P06
3,460,317,256,1,1,1,1,P06
3,461,140,386,1,1,1,1,P06
3,462,265,317,1,1,1,1,P06
3,463,320,522,1,1,1,1,P06
3,464,183,271,1,1,1,1,P06
3,465,391,242,1,1,1,1,P06
3,466,177,236,3,1,1,1,P06
3,467,376,541,1,1,1,1,P06
3,468,302,284,1,1,1,1,P06
3,469,281,527,1,1,1,1,P06
3,470,349,306,1,1,1,1,P06
3,471,223,363,1,1,1,1,P06
3,472,347,369,1,1,1,1,P06
3,473,268,255,1,1,1,1,P06
3,474,232,226,1,1,1,1,P06
3,475,295,189,1,1,1,1,P06
3,476,319,244,1,1,1,1,P06
3,477,236,312,1,1,1,1,P06
3,478,426,498,1,1,1,1,P06
3,479,210,377,1,1,1,1,P06
3,480,252,719,1,1,1,1,P06
3,481,209,663,1,1,1,1,P06
3,482,261,185,1,1,1,1,P06
3,483,371,311,1,1,1,1,P06
3,484,188,254,1,1,1,1,P06
3,485,529,448,1,2,1,1,P06
3,486,534,379,1,1,1,1,P06
3,487,271,207,1,1,1,1,P06
3,488,485,488,1,1,1,1,P06
3,489,299,544,1,1,1,1,P06
3,490,403,559,1,1,1,1,P06
3,491,526,228,1,1,1,1,P06
3,492,282,454,1,1,1,1,P06
3,493,500,488,1,1,1,1,P06
3,494,427,465,1,4,1,1,P06
3,495,345,343,1,1,1,1,P06
3,496,389,311,1,1,1,1,P06
3,497,437,322,1,1,1,1,P06
3,498,165,282,1,1,1,1,P06
3,499,342,153,1,1,1,1,P06
3,500,501,350,1,1,1,1,P06
3,501,291,154,1,1,1,1,P06
3,502,657,341,1,1,1,1,P06
3,503,328,180,1,1,1,1,P06
3,504,225,339,1,1,1,1,P06
3,505,240,208,1,1,1,1,P06
3,506,252,703,1,1,1,1,P06
3,507,257,423,1,1,1,1,P06
3,508,195,372,1,1,1,1,P06
3,509,432,565,1,1,1,1,P06
3,510,297,246,1,1,1,1,P06
3,511,187,455,1,1,1,1,P06
3,512,525,467,1,2,1,1,P06
3,513,284,123,1,1,1,1,P06
3,514,420,268,1,1,1,1,P06
3,515,232,193,1,1,1,1,P06
3,516,257,702,1,1,1,1,P06
3,517,522,349,1,1,1,1,P06
3,518,519,331,1,1,1,1,P06
3,519,261,201,1,1,1,1,P06
3,520,178,269,1,1,1,1,P06
3,521,294,483,1,2,1,1,P06
3,522,376,336,1,1,1,1,P06
3,523,294,587,1,1,1,1,P06
3,524,334,532,1,1,1,1,P06
3,525,231,511,1,2,1,1,P06
3,526,400,514,1,1,1,1,P06
3,527,243,246,1,1,1,1,P06
3,528,427,443,1,1,1,1,P06
3,529,311,225,1,1,1,1,P06
3,530,192,225,1,1,1,1,P06
3,531,332,470,1,1,1,1,P06
3,532,335,383,1,1,1,1,P06
3,533,445,340,4,1,1,1,P06
3,534,278,353,2,1,1,1,P06
3,535,276,635,1,1,1,1,P06
3,536,223,449,1,1,1,1,P06
3,537,219,190,1,2,1,1,P06
3,538,430,242,1,1,1,1,P06
3,539,283,368,1,1,1,1,P06
3,540,446,495,1,1,1,1,P06
3,541,458,462,1,1,1,1,P06
3,542,137,392,1,3,1,1,P06
3,543,345,410,1,1,1,1,P06
3,544,234,284,1,1,1,1,P06
3,545,482,299,1,1,1,1,P06
3,546,271,527,1,1,1,1,P06
3,547,183,282,2,1,1,1,P06
3,548,442,412,2,1,1,1,P06
3,549,331,251,1,1,1,1,P06
3,550,428,409,1,1,1,1,P06
3,551,267,242,1,1,1,1,P06
3,552,372,496,1,1,1,1,P06
3,553,226,294,1,1,1,1,P06
3,554,315,538,1,2,1,1,P06
3,555,440,478,1,1,1,1,P06
3,556,228,324,1,1,1,1,P06
3,557,358,399,2,1,1,1,P06
3,558,179,396,1,1,1,1,P06
3,559,411,265,1,1,1,1,P06
3,560,348,238,1,1,1,1,P06
3,561,187,267,1,1,1,1,P06
3,562,344,323,3,1,1,1,P06
3,563,291,549,1,2,1,1,P06
3,564,595,214,2,1,1,1,P06
3,565,414,385,1,1,1,1,P06
3,566,247,643,1,1,1,1,P06
3,567,432,190,1,1,1,1,P06
3,568,442,144,2,1,1,1,P06
3,569,270,505,1,1,1,1,P06
3,570,298,657,1,1,1,1,P06
3,571,379,315,1,1,1,1,P06
3,572,406,346,1,1,1,1,P06
3,573,466,319,1,1,1,1,P06
3,574,283,321,2,1,1,1,P06
3,575,394,371,1,1,1,1,P06
3,576,494,363,1,1,1,1,P06
3,577,340,578,1,1,1,1,P06
3,578,213,251,1,1,1,1,P06
3,579,351,267,1,1,1,1,P06
3,580,322,638,1,2,1,1,P06
3,581,443,547,1,1,1,1,P06
3,582,326,300,1,1,1,1,P06
3,583,488,471,1,1,1,1,P06
3,584,199,724,1,2,1,1,P06
3,585,552,340,1,1,1,1,P06
3,586,311,620,1,1,1,1,P06
3,587,162,257,1,1,1,1,P06
3,588,258,245,1,1,1,1,P06
3,589,129,300,1,1,1,1,P06
3,590,423,478,1,1,1,1,P06
3,591,491,492,1,1,1,1,P06
3,592,174,431,1,3,1,1,P06
3,593,343,317,1,1,1,1,P06
3,594,589,224,1,1,1,1,P06
3,595,502,160,1,1,1,1,P06
3,596,279,533,1,1,1,1,P06
3,597,451,386,1,1,1,1,P06
3,598,375,382,1,1,1,1,P06
3,599,529,356,1,2,1,1,P06
3,600,259,297,1,1,1,1,P06
3,601,323,149,1,1,1,1,P06
3,602,145,284,1,1,1,1,P06
3,603,323,234,1,1,1,1,P06
3,604,508,385,1,1,1,1,P06
3,605,275,140,1,1,1,1,P06
3,606,243,164,1,1,1,1,P06
3,607,220,223,1,1,1,1,P06
3,608,232,192,1,1,1,1,P06
3,609,193,227,1,1,1,1,P06
3,610,159,257,1,1,1,1,P06
3,611,166,274,1,1,1,1,P06
3,612,425,529,1,3,1,1,P06
3,613,367,255,2,1,1,1,P06
3,614,283,278,1,1,1,1,P06
3,615,335,296,1,1,1,1,P06
3,616,143,419,1,1,1,1,P06
3,617,344,392,1,1,1,1,P06
3,618,291,527,1,1,1,1,P06
3,619,318,530,1,1,1,1,P06
3,620,263,302,1,1,1,1,P06
3,621,294,484,1,3,1,1,P06
3,622,252,628,1,1,1,1,P06
3,623,478,311,1,1,1,1,P06
3,624,121,321,1,1,1,1,P06
3,625,212,401,1,1,1,1,P06
3,626,256,427,1,1,1,1,P06
3,627,528,342,1,1,1,1,P06
3,628,276,483,1,1,1,1,P06
3,629,446,342,1,1,1,1,P06
3,630,323,349,1,1,1,1,P06
3,631,444,529,1,1,1,1,P06
3,632,554,429,1,1,1,1,P06
3,633,278,355,2,1,1,1,P06
3,634,201,261,1,2,1,1,P06
3,635,159,246,1,2,1,1,P06
3,636,193,481,1,2,1,1,P06
3,637,183,382,1,1,1,1,P06
3,638,280,434,1,1,1,1,P06
3,639,311,503,1,1,1,1,P06
3,640,415,569,1,1,1,1,P06
3,641,455,382,1,1,1,1,P06
3,642,203,431,1,1,1,1,P06
3,643,263,313,1,1,1,1,P06
3,644,348,122,1,1,1,1,P06
3,645,367,400,1,1,1,1,P06
3,646,260,372,1,1,1,1,P06
3,647,296,613,1,1,1,1,P06
3,648,279,420,1,2,1,1,P06
3,649,248,465,1,1,1,1,P06
3,650,213,232,1,1,1,1,P06
3,651,227,315,1,2,1,1,P06
3,652,186,376,1,1,1,1,P06
3,653,534,435,1,1,1,1,P06
3,654,272,328,1,2,1,1,P06
3,655,487,443,1,1,1,1,P06
3,656,326,271,1,2,1,1,P06
3,657,241,356,1,1,1,1,P06
3,658,330,568,1,1,1,1,P06
3,659,305,540,1,1,1,1,P06
3,660,274,388,1,2,1,1,P06
3,661,430,207,2,1,1,1,P06
3,662,417,458,1,1,1,1,P06
3,663,243,197,1,1,1,1,P06
3,664,312,97,1,1,1,1,P06
3,665,267,253,1,1,1,1,P06
3,666,501,262,2,1,1,1,P06
3,667,460,201,2,1,1,1,P06
3,668,345,331,1,1,1,1,P06
3,669,312,545,1,1,1,1,P06
3,670,217,325,1,1,1,1,P06
3,671,280,630,1,1,1,1,P06
3,672,435,333,1,3,1,1,P06
3,673,213,261,1,1,1,1,P06
3,674,324,215,1,1,1,1,P06
3,675,350,210,1,2,1,1,P06
3,676,429,328,1,1,1,1,P06
3,677,269,266,1,1,1,1,P06
3,678,551,448,2,1,1,1,P06
3,679,371,573,1,1,1,1,P06
3,680,606,379,1,1,1,1,P06
3,681,175,281,1,1,1,1,P06
3,682,384,537,1,1,1,1,P06
3,683,186,427,1,1,1,1,P06
3,684,352,638,1,1,1,1,P06
3,685,370,354,1,1,1,1,P06
3,686,344,207,2,1,1,1,P06
3,687,251,255,1,1,1,1,P06
3,688,213,291,1,1,1,1,P06
3,689,216,256,1,1,1,1,P06
3,690,171,285,1,1,1,1,P06
3,691,359,431,1,1,1,1,P06
3,692,265,410,1,1,1,1,P06
3,693,196,257,1,1,1,1,P06
3,694,232,301,1,1,1,1,P06
3,695,303,414,1,2,1,1,P06
3,696,614,351,1,1,1,1,P06
3,697,257,433,1,1,1,1,P06
3,698,199,319,1,1,1,1,P06
3,699,297,195,1,1,1,1,P06
3,700,418,480,1,2,1,1,P06
3,701,493,331,1,1,1,1,P06
3,702,359,536,1,2,1,1,P06
3,703,293,668,1,1,1,1,P06
3,704,149,368,1,1,1,1,P06
3,705,300,298,1,1,1,1,P06
3,706,207,314,1,2,1,1,P06
3,707,214,347,1,1,1,1,P06
3,708,229,342,1,1,1,1,P06
3,709,254,201,1,1,1,1,P06
3,710,297,316,1,2,1,1,P06
3,711,515,203,1,1,1,1,P06
3,712,212,588,1,1,1,1,P06
3,713,492,321,1,1,1,1,P06
3,714,326,331,1,1,1,1,P06
3,715,552,397,2,1,1,1,P06
3,716,343,565,1,1,1,1,P06
3,717,159,310,1,1,1,1,P06
3,718,213,303,2,1,1,1,P06
3,719,279,467,1,1,1,1,P06
3,720,337,272,1,1,1,1,P06
3,721,216,303,1,1,1,1,P06
3,722,312,274,1,1,1,1,P06
3,723,279,619,1,1,1,1,P06
3,724,328,302,1,1,1,1,P06
3,725,224,213,1,1,1,1,P06
3,726,232,235,1,1,1,1,P06
3,727,201,391,1,1,1,1,P06
3,728,172,362,1,1,1,1,P06
3,729,235,285,1,1,1,1,P06
3,730,189,531,1,5,1,1,P06
3,731,465,296,1,1,1,1,P06
3,732,259,449,1,2,1,1,P06
3,733,324,299,1,1,1,1,P06
3,734,301,512,1,2,1,1,P06
3,735,206,256,1,1,1,1,P06
3,736,265,176,1,1,1,1,P06
3,737,261,184,1,1,1,1,P06
3,738,214,253,1,1,1,1,P06
3,739,284,577,1,2,1,1,P06
3,740,275,601,1,1,1,1,P06
3,741,388,570,1,1,1,1,P06
3,742,161,308,2,1,1,1,P06
3,743,288,439,2,1,1,1,P06
3,744,464,225,1,1,1,1,P06
3,745,462,288,1,1,1,1,P06
3,746,270,240,1,1,1,1,P06
3,747,396,391,1,1,1,1,P06
3,748,453,269,1,1,1,1,P06
3,749,217,292,1,1,1,1,P06
3,750,443,445,1,1,1,1,P06
3,751,207,550,1,3,1,1,P06
3,752,491,421,1,1,1,1,P06
3,753,320,237,1,2,1,1,P06
3,754,475,462,1,1,1,1,P06
3,755,158,251,1,1,1,1,P06
3,756,691,302,1,1,1,1,P06
3,757,351,520,1,1,1,1,P06
3,758,184,404,1,1,1,1,P06
3,759,508,449,3,1,1,1,P06
3,760,215,197,1,1,1,1,P06
3,761,358,420,1,1,1,1,P06
3,762,304,292,1,2,1,1,P06
3,763,96,388,1,1,1,1,P06
3,764,141,279,1,1,1,1,P06
3,765,250,242,1,1,1,1,P06
3,766,307,615,1,1,1,1,P06
3,767,578,376,1,1,1,1,P06
3,768,252,557,1,2,1,1,P06
3,769,184,229,1,1,1,1,P06
3,770,434,489,1,1,1,1,P06
3,771,252,388,1,1,1,1,P06
3,772,606,306,1,2,1,1,P06
3,773,429,548,1,1,1,1,P06
3,774,466,253,2,1,1,1,P06
3,775,359,167,1,1,1,1,P06
3,776,259,309,1,1,1,1,P06
3,777,419,282,1,1,1,1,P06
3,778,243,375,1,1,1,1,P06
3,779,187,376,1,1,1,1,P06
3,780,578,329,1,1,1,1,P06
3,781,469,381,1,1,1,1,P06
3,782,377,326,1,1,1,1,P06
3,783,277,451,1,1,1,1,P06
3,784,147,380,1,1,1,1,P06
3,785,274,385,1,1,1,1,P06
3,786,463,372,1,1,1,1,P06
3,787,338,194,1,1,1,1,P06
3,788,356,266,1,1,1,1,P06
3,789,299,465,1,1,1,1,P06
3,790,131,316,1,1,1,1,P06
3,791,439,323,1,1,1,1,P06
3,792,585,243,1,1,1,1,P06
3,793,491,304,1,1,1,1,P06
3,794,356,327,2,1,1,1,P06
3,795,326,413,1,1,1,1,P06
3,796,512,414,3,1,1,1,P06
3,797,221,364,1,1,1,1,P06
3,798,386,324,3,1,1,1,P06
3,799,587,390,1,1,1,1,P06
3,800,329,370,1,2,1,1,P06
3,801,283,338,1,1,1,1,P06
3,802,355,324,1,1,1,1,P06
3,803,372,371,1,1,1,1,P06
3,804,584,368,1,1,1,1,P06
3,805,312,169,1,1,1,1,P06
3,806,357,371,1,1,1,1,P06
3,807,323,591,1,2,1,1,P06
3,808,275,405,1,1,1,1,P06
3,809,625,330,1,1,1,1,P06
3,810,196,307,1,1,1,1,P06
3,811,283,668,1,1,1,1,P06
3,812,309,203,1,1,1,1,P06
3,813,233,739,1,1,1,1,P06
3,814,238,242,1,1,1,1,P06
3,815,277,395,1,1,1,1,P06
3,816,309,342,1,1,1,1,P06
3,817,697,250,3,1,1,1,P06
3,818,321,555,2,1,1,1,P06
3,819,437,562,1,1,1,1,P06
3,820,302,560,1,1,1,1,P06
3,821,260,631,1,1,1,1,P06
3,822,264,342,1,1,1,1,P06
3,823,387,197,2,1,1,1,P06
3,824,452,473,1,1,1,1,P06
3,825,228,199,1,1,1,1,P06
3,826,336,492,1,1,1,1,P06
3,827,429,480,1,1,1,1,P06
3,828,267,245,1,1,1,1,P06
3,829,213,229,1,1,1,1,P06
3,830,227,384,1,1,1,1,P06
3,831,252,299,1,1,1,1,P06
3,832,425,369,1,1,1,1,P06
3,833,463,527,1,3,1,1,P06
3,834,454,331,1,1,1,1,P06
3,835,243,461,1,1,1,1,P06
3,836,307,262,1,1,1,1,P06
3,837,264,614,1,1,1,1,P06
3,838,435,382,1,1,1,1,P06
3,839,214,434,1,1,1,1,P06
3,840,150,353,1,1,1,1,P06
3,841,412,402,1,1,1,1,P06
3,842,440,466,1,1,1,1,P06
3,843,239,412,1,1,1,1,P06
3,844,265,458,1,1,1,1,P06
3,845,278,511,1,1,1,1,P06
3,846,188,248,4,1,1,1,P06
3,847,148,271,1,2,1,1,P06
3,848,378,311,1,1,1,1,P06
3,849,282,405,1,1,1,1,P06
3,850,622,230,2,1,1,1,P06
3,851,379,505,1,1,1,1,P06
3,852,406,272,1,1,1,1,P06
3,853,494,415,1,1,1,1,P06
3,854,458,385,1,1,1,1,P06
3,855,225,244,1,1,1,1,P06
3,856,317,333,1,1,1,1,P06
3,857,309,442,1,1,1,1,P06
3,858,259,374,1,1,1,1,P06
3,859,169,302,1,1,1,1,P06
3,860,223,223,2,1,1,1,P06
3,861,441,434,1,1,1,1,P06
3,862,416,490,1,2,1,1,P06
3,863,227,240,1,2,1,1,P06
3,864,207,273,1,1,1,1,P06
3,865,401,221,2,1,1,1,P06
3,866,194,297,1,1,1,1,P06
3,867,204,484,1,1,1,1,P06
3,868,445,300,2,1,1,1,P06
3,869,236,227,1,1,1,1,P06
3,870,491,456,1,1,1,1,P06
3,871,362,352,1,1,1,1,P06
3,872,442,382,1,1,1,1,P06
3,873,236,242,1,1,1,1,P06
3,874,252,219,2,1,1,1,P06
3,875,336,335,1,1,1,1,P06
3,876,391,530,1,1,1,1,P06
3,877,410,425,1,1,1,1,P06
3,878,316,198,1,1,1,1,P06
3,879,417,509,1,1,1,1,P06
3,880,401,316,2,1,1,1,P06
3,881,222,288,1,1,1,1,P06
3,882,318,225,1,1,1,1,P06
3,883,287,219,1,1,1,1,P06
3,884,273,344,2,1,1,1,P06
3,885,308,350,1,1,1,1,P06
3,886,348,422,1,1,1,1,P06
3,887,381,441,1,1,1,1,P06
3,888,427,546,1,2,1,1,P06
3,889,235,459,1,1,1,1,P06
3,890,367,417,1,2,1,1,P06
3,891,289,258,1,1,1,1,P06
3,892,179,280,1,1,1,1,P06
3,893,214,354,1,1,1,1,P06
3,894,277,220,1,1,1,1,P06
3,895,431,408,1,1,1,1,P06
3,896,281,490,1,1,1,1,P06
3,897,253,535,1,1,1,1,P06
3,898,443,257,1,1,1,1,P06
3,899,305,328,1,1,1,1,P06
3,900,266,227,2,1,1,1,P06
3,901,277,321,1,1,1,1,P06
3,902,441,201,1,1,1,1,P06
3,903,424,488,1,1,1,1,P06
3,904,369,314,2,1,1,1,P06
3,905,164,389,1,1,1,1,P06
3,906,270,170,1,1,1,1,P06
3,907,575,240,1,1,1,1,P06
3,908,169,289,1,1,1,1,P06
3,909,354,555,1,1,1,1,P06
3,910,434,462,1,1,1,1,P06
3,911,351,491,1,1,1,1,P06
3,912,363,599,1,1,1,1,P06
3,913,425,439,1,1,1,1,P06
3,914,192,219,1,1,1,1,P06
3,915,442,368,1,1,1,1,P06
3,916,191,413,1,1,1,1,P06
3,917,357,618,1,2,1,1,P06
3,918,556,393,1,1,1,1,P06
3,919,173,232,1,2,1,1,P06
3,920,276,203,1,1,1,1,P06
3,921,262,288,1,2,1,1,P06
3,922,541,407,1,1,1,1,P06
3,923,506,298,2,1,1,1,P06
3,924,367,429,2,1,1,1,P06
3,925,490,477,1,1,1,1,P06
3,926,170,332,1,1,1,1,P06
3,927,562,425,1,1,1,1,P06
3,928,249,413,1,1,1,1,P06
3,929,177,359,1,1,1,1,P06
3,930,214,319,1,1,1,1,P06
3,931,228,253,1,1,1,1,P06
3,932,292,407,1,1,1,1,P06
3,933,199,382,1,1,1,1,P06
3,934,225,505,1,1,1,1,P06
3,935,284,349,1,1,1,1,P06
3,936,469,474,1,1,1,1,P06
3,937,363,538,1,1,1,1,P06
3,938,176,393,1,1,1,1,P06
3,939,239,176,1,2,1,1,P06
3,940,191,255,1,1,1,1,P06
3,941,411,401,2,1,1,1,P06
3,942,335,498,3,1,1,1,P06
3,943,425,542,1,1,1,1,P06
3,944,173,239,2,1,1,1,P06
3,945,211,395,2,1,1,1,P06
3,946,411,473,1,1,1,1,P06
3,947,350,281,1,1,1,1,P06
3,948,414,420,1,1,1,1,P06
3,949,223,644,1,1,1,1,P06
3,950,271,224,1,1,1,1,P06
3,951,516,470,1,1,1,1,P06
3,952,460,478,1,1,1,1,P06
3,953,450,196,2,1,1,1,P06
3,954,245,347,1,1,1,1,P06
3,955,133,357,1,1,1,1,P06
3,956,187,344,1,1,1,1,P06
3,957,503,399,1,3,1,1,P06
3,958,451,361,1,1,1,1,P06
3,959,229,267,1,1,1,1,P06
3,960,297,595,1,1,1,1,P06
3,961,357,497,1,1,1,1,P06
3,962,514,381,2,1,1,1,P06
3,963,425,316,1,1,1,1,P06
3,964,499,454,1,1,1,1,P06
3,965,177,393,1,2,1,1,P06
3,966,362,198,2,1,1,1,P06
3,967,392,499,1,1,1,1,P06
3,968,223,300,1,1,1,1,P06
3,969,491,308,1,1,1,1,P06
3,970,408,307,1,1,1,1,P06
3,971,393,560,1,1,1,1,P06
3,972,172,616,1,1,1,1,P06
3,973,246,598,1,1,1,1,P06
3,974,331,482,1,1,1,1,P06
3,975,233,183,1,2,1,1,P06
3,976,235,569,1,1,1,1,P06
3,977,205,410,1,4,1,1,P06
3,978,354,394,1,1,1,1,P06
3,979,415,468,1,1,1,1,P06
3,980,254,483,1,1,1,1,P06
3,981,250,472,1,2,1,1,P06
3,982,315,442,1,1,1,1,P06
3,983,437,541,1,1,1,1,P06
3,984,435,288,1,1,1,1,P06
3,985,255,309,1,1,1,1,P06
3,986,249,243,1,1,1,1,P06
3,987,364,279,1,2,1,1,P06
3,988,185,350,1,1,1,1,P06
3,989,453,367,2,1,1,1,P06
3,990,404,377,1,2,1,1,P06
3,991,343,335,1,1,1,1,P06
3,992,504,328,1,1,1,1,P06
3,993,273,338,1,1,1,1,P06
3,994,320,282,2,1,1,1,P06
3,995,162,299,1,2,1,1,P06
3,996,353,572,1,1,1,1,P06
3,997,413,416,2,1,1,1,P06
3,998,376,275,1,1,1,1,P06
3,999,232,214,1,1,1,1,P06
3,1000,158,569,1,2,1,1,P06
4,1,462,186,3,1,3,1,P06
4,2,370,303,2,1,3,1,P06
4,3,525,171,2,1,3,1,P06
4,4,448,125,1,1,3,1,P06
4,5,256,256,1,1,3,1,P06
4,6,616,169,1,1,3,1,P06
4,7,459,266,2,1,3,1,P06
4,8,460,194,1,1,3,1,P06
4,9,339,206,5,1,3,1,P06
4,10,420,194,1,1,3,1,P06
4,11,300,276,2,1,3,1,P06
4,12,463,241,3,1,3,1,P06
4,13,476,203,2,1,3,1,P06
4,14,405,257,3,1,3,1,P06
4,15,528,446,3,1,3,1,P06
4,16,504,404,2,1,3,1,P06
4,17,435,107,1,1,3,1,P06
4,18,380,178,1,1,3,1,P06
4,19,547,406,2,1,3,1,P06
4,20,638,299,3,1,3,1,P06
4,21,501,143,2,1,3,1,P06
4,22,770,206,1,1,3,1,P06
4,23,303,101,2,1,3,1,P06
4,24,530,363,1,1,3,1,P06
4,25,357,159,3,1,3,1,P06
4,26,652,255,5,1,3,1,P06
4,27,601,259,4,1,3,1,P06
4,28,326,225,1,1,3,1,P06
4,29,403,218,3,1,3,1,P06
4,30,303,165,2,1,3,1,P06
4,31,534,186,4,1,3,1,P06
4,32,442,457,1,1,3,1,P06
4,33,582,132,8,1,3,1,P06
4,34,607,330,2,1,3,1,P06
4,35,545,378,3,1,3,1,P06
4,36,321,118,2,1,3,1,P06
4,37,413,512,1,1,3,1,P06
4,38,239,227,2,1,3,1,P06
4,39,650,306,3,2,3,1,P06
4,40,305,124,3,1,3,1,P06
4,41,611,346,3,1,3,1,P06
4,42,282,260,1,1,3,1,P06
4,43,548,218,1,1,3,1,P06
4,44,463,218,1,1,3,1,P06
4,45,555,355,3,1,3,1,P06
4,46,600,392,1,1,3,1,P06
4,47,419,368,1,1,3,1,P06
4,48,535,184,4,2,3,1,P06
4,49,404,180,3,1,3,1,P06
4,50,531,333,3,1,3,1,P06
4,51,271,238,1,1,3,1,P06
4,52,502,386,1,1,3,1,P06
4,53,456,291,2,1,3,1,P06
4,54,464,313,2,1,3,1,P06
4,55,409,267,3,1,3,1,P06
4,56,612,291,1,1,3,1,P06
4,57,265,179,3,1,3,1,P06
4,58,498,268,2,1,3,1,P06
4,59,450,531,1,1,3,1,P06
4,60,236,320,1,1,3,1,P06
4,61,621,266,1,1,3,1,P06
4,62,589,258,4,1,3,1,P06
4,63,707,208,4,1,3,1,P06
4,64,480,189,1,1,3,1,P06
4,65,439,304,3,1,3,1,P06
4,66,468,283,2,1,3,1,P06
4,67,378,219,1,1,3,1,P06
4,68,448,230,4,1,3,1,P06
4,69,411,378,3,1,3,1,P06
4,70,436,121,3,1,3,1,P06
4,71,269,139,1,1,3,1,P06
4,72,623,373,1,1,3,1,P06
4,73,313,203,3,1,3,1,P06
4,74,432,338,1,1,3,1,P06
4,75,368,106,1,1,3,1,P06
4,76,618,231,1,1,3,1,P06
4,77,278,649,1,1,3,1,P06
4,78,258,207,1,1,3,1,P06
4,79,270,140,3,1,3,1,P06
4,80,572,334,3,1,3,1,P06
4,81,669,240,1,1,3,1,P06
4,82,290,167,3,1,3,1,P06
4,83,326,239,1,1,3,1,P06
4,84,744,203,2,1,3,1,P06
4,85,410,290,2,1,3,1,P06
4,86,422,107,2,1,3,1,P06
4,87,290,212,1,1,3,1,P06
4,88,294,147,4,1,3,1,P06
4,89,636,269,1,1,3,1,P06
4,90,274,135,2,1,3,1,P06
4,91,272,263,2,1,3,1,P06
4,92,363,464,1,1,3,1,P06
4,93,591,325,1,1,3,1,P06
4,94,268,139,1,1,3,1,P06
4,95,571,106,2,1,3,1,P06
4,96,379,263,3,1,3,1,P06
4,97,324,263,2,1,3,1,P06
4,98,380,117,1,1,3,1,P06
4,99,352,312,3,1,3,1,P06
4,100,387,212,2,1,3,1,P06
4,101,566,270,1,1,3,1,P06
4,102,239,195,5,1,3,1,P06
4,103,390,171,4,1,3,1,P06
4,104,430,130,2,1,3,1,P06
4,105,272,211,3,2,3,1,P06
4,106,588,195,2,1,3,1,P06
4,107,328,218,3,2,3,1,P06
4,108,424,202,3,1,3,1,P06
4,109,406,305,1,1,3,1,P06
4,110,433,333,1,1,3,1,P06
4,111,342,260,1,1,3,1,P06
4,112,245,348,2,1,3,1,P06
4,113,250,281,2,1,3,1,P06
4,114,351,222,1,1,3,1,P06
4,115,444,293,2,1,3,1,P06
4,116,319,337,2,1,3,1,P06
4,117,623,364,1,1,3,1,P06
4,118,366,155,3,1,3,1,P06
4,119,642,226,1,1,3,1,P06
4,120,330,139,4,1,3,1,P06
4,121,535,374,1,1,3,1,P06
4,122,331,187,2,1,3,1,P06
4,123,289,398,1,1,3,1,P06
4,124,321,403,1,1,3,1,P06
4,125,302,150,2,1,3,1,P06
4,126,526,456,3,1,3,1,P06
4,127,466,166,3,1,3,1,P06
4,128,268,313,2,1,3,1,P06
4,129,314,163,4,1,3,1,P06
4,130,242,168,1,1,3,1,P06
4,131,330,311,1,1,3,1,P06
4,132,684,315,3,1,3,1,P06
4,133,500,445,1,1,3,1,P06
4,134,551,155,1,1,3,1,P06
4,135,218,195,1,2,3,1,P06
4,136,701,241,3,1,3,1,P06
4,137,318,171,2,1,3,1,P06
4,138,348,253,3,1,3,1,P06
4,139,331,100,1,1,3,1,P06
4,140,320,209,1,1,3,1,P06
4,141,378,145,2,1,3,1,P06
4,142,750,202,3,1,3,1,P06
4,143,283,140,1,1,3,1,P06
4,144,544,211,2,1,3,1,P06
4,145,550,202,1,1,3,1,P06
4,146,387,134,3,1,3,1,P06
4,147,434,162,3,1,3,1,P06
4,148,329,305,3,1,3,1,P06
4,149,519,368,1,1,3,1,P06
4,150,472,438,1,1,3,1,P06
4,151,257,293,1,3,3,1,P06
4,152,735,159,3,1,3,1,P06
4,153,394,406,3,1,3,1,P06
4,154,257,202,1,1,3,1,P06
4,155,391,121,3,1,3,1,P06
4,156,302,228,2,1,3,1,P06
4,157,358,281,1,1,3,1,P06
4,158,423,282,1,1,3,1,P06
4,159,421,218,2,1,3,1,P06
4,160,329,252,1,1,3,1,P06
4,161,444,126,5,1,3,1,P06
4,162,657,242,3,1,3,1,P06
4,163,477,202,2,1,3,1,P06
4,164,432,200,2,2,3,1,P06
4,165,305,247,5,1,3,1,P06
4,166,557,439,4,1,3,1,P06
4,167,330,138,1,1,3,1,P06
4,168,668,237,5,1,3,1,P06
4,169,496,243,3,1,3,1,P06
4,170,480,94,3,1,3,1,P06
4,171,492,143,1,1,3,1,P06
4,172,595,392,1,1,3,1,P06
4,173,744,252,3,1,3,1,P06
4,174,293,336,1,1,3,1,P06
4,175,415,420,1,1,3,1,P06
4,176,371,302,2,2,3,1,P06
4,177,460,290,1,1,3,1,P06
4,178,280,318,1,1,3,1,P06
4,179,471,106,2,1,3,1,P06
4,180,659,319,4,1,3,1,P06
4,181,399,453,2,1,3,1,P06
4,182,478,427,1,2,3,1,P06
4,183,393,226,1,2,3,1,P06
4,184,707,172,3,1,3,1,P06
4,185,510,303,2,1,3,1,P06
4,186,253,181,1,1,3,1,P06
4,187,433,357,4,1,3,1,P06
4,188,278,217,3,1,3,1,P06
4,189,223,245,2,1,3,1,P06
4,190,507,471,2,1,3,1,P06
4,191,564,363,2,1,3,1,P06
4,192,717,266,1,1,3,1,P06
4,193,507,378,5,1,3,1,P06
4,194,439,173,2,1,3,1,P06
4,195,633,188,1,1,3,1,P06
4,196,543,384,1,1,3,1,P06
4,197,403,187,3,1,3,1,P06
4,198,609,346,2,1,3,1,P06
4,199,379,429,2,1,3,1,P06
4,200,417,322,2,1,3,1,P06
4,201,307,158,2,1,3,1,P06
4,202,514,375,1,1,3,1,P06
4,203,759,172,3,1,3,1,P06
4,204,336,557,1,2,3,1,P06
4,205,429,155,1,1,3,1,P06
4,206,447,294,1,1,3,1,P06
4,207,381,188,3,1,3,1,P06
4,208,383,299,1,1,3,1,P06
4,209,467,311,2,1,3,1,P06
4,210,592,341,2,1,3,1,P06
4,211,492,409,2,1,3,1,P06
4,212,438,219,1,1,3,1,P06
4,213,467,413,1,1,3,1,P06
4,214,391,177,4,1,3,1,P06
4,215,529,196,4,2,3,1,P06
4,216,544,293,4,1,3,1,P06
4,217,504,110,1,1,3,1,P06
4,218,644,98,1,1,3,1,P06
4,219,527,374,2,3,3,1,P06
4,220,342,290,2,1,3,1,P06
4,221,570,365,5,1,3,1,P06
4,222,337,211,1,1,3,1,P06
4,223,316,239,5,1,3,1,P06
4,224,350,275,1,1,3,1,P06
4,225,280,167,2,1,3,1,P06
4,226,299,179,4,1,3,1,P06
4,227,636,209,4,1,3,1,P06
4,228,680,196,5,1,3,1,P06
4,229,341,166,1,1,3,1,P06
4,230,363,148,1,1,3,1,P06
4,231,334,351,3,1,3,1,P06
4,232,389,172,1,1,3,1,P06
4,233,325,124,1,1,3,1,P06
4,234,505,382,1,1,3,1,P06
4,235,403,190,1,1,3,1,P06
4,236,337,135,1,1,3,1,P06
4,237,479,317,1,1,3,1,P06
4,238,438,305,3,1,3,1,P06
4,239,447,259,1,1,3,1,P06
4,240,394,164,4,1,3,1,P06
4,241,463,289,3,1,3,1,P06
4,242,333,171,2,1,3,1,P06
4,243,221,383,1,1,3,1,P06
4,244,449,344,1,1,3,1,P06
4,245,270,287,3,1,3,1,P06
4,246,278,129,2,1,3,1,P06
4,247,520,394,2,3,3,1,P06
4,248,667,144,4,1,3,1,P06
4,249,436,402,2,2,3,1,P06
4,250,492,198,2,1,3,1,P06
4,251,363,166,1,1,3,1,P06
4,252,397,419,1,1,3,1,P06
4,253,508,238,1,1,3,1,P06
4,254,507,430,4,1,3,1,P06
4,255,429,119,2,1,3,1,P06
4,256,504,312,2,1,3,1,P06
4,257,323,263,3,1,3,1,P06
4,258,512,400,2,1,3,1,P06
4,259,445,296,4,1,3,1,P06
4,260,650,248,3,1,3,1,P06
4,261,527,368,3,1,3,1,P06
4,262,476,365,2,1,3,1,P06
4,263,513,458,2,1,3,1,P06
4,264,325,423,1,1,3,1,P06
4,265,482,330,3,1,3,1,P06
4,266,445,227,2,1,3,1,P06
4,267,406,311,2,1,3,1,P06
4,268,296,117,4,1,3,1,P06
4,269,391,293,1,1,3,1,P06
4,270,366,126,3,1,3,1,P06
4,271,443,388,1,1,3,1,P06
4,272,531,411,2,1,3,1,P06
4,273,380,118,3,1,3,1,P06
4,274,561,129,5,1,3,1,P06
4,275,508,264,2,1,3,1,P06
4,276,308,197,2,1,3,1,P06
4,277,549,183,4,1,3,1,P06
4,278,362,157,4,1,3,1,P06
4,279,283,120,2,1,3,1,P06
4,280,305,111,1,1,3,1,P06
4,281,240,334,1,1,3,1,P06
4,282,702,241,4,1,3,1,P06
4,283,691,301,4,1,3,1,P06
4,284,395,250,1,1,3,1,P06
4,285,690,301,3,1,3,1,P06
4,286,313,156,3,1,3,1,P06
4,287,351,119,2,1,3,1,P06
4,288,540,188,3,1,3,1,P06
4,289,544,256,3,1,3,1,P06
4,290,655,338,2,1,3,1,P06
4,291,289,188,3,1,3,1,P06
4,292,345,159,1,1,3,1,P06
4,293,337,280,1,1,3,1,P06
4,294,477,403,1,1,3,1,P06
4,295,227,184,1,1,3,1,P06
4,296,232,176,1,1,3,1,P06
4,297,620,197,3,1,3,1,P06
4,298,604,270,1,1,3,1,P06
4,299,608,271,2,1,3,1,P06
4,300,292,345,2,1,3,1,P06
4,301,417,239,1,1,3,1,P06
4,302,286,245,1,1,3,1,P06
4,303,593,127,4,1,3,1,P06
4,304,490,99,5,1,3,1,P06
4,305,436,224,1,1,3,1,P06
4,306,725,261,3,1,3,1,P06
4,307,313,143,2,1,3,1,P06
4,308,536,117,4,1,3,1,P06
4,309,617,316,4,1,3,1,P06
4,310,321,288,2,1,3,1,P06
4,311,405,362,1,1,3,1,P06
4,312,492,402,1,1,3,1,P06
4,313,498,468,2,1,3,1,P06
4,314,256,145,2,1,3,1,P06
4,315,414,229,2,1,3,1,P06
4,316,648,342,1,1,3,1,P06
4,317,387,106,1,1,3,1,P06
4,318,380,162,3,1,3,1,P06
4,319,451,413,1,1,3,1,P06
4,320,219,182,3,1,3,1,P06
4,321,553,435,2,1,3,1,P06
4,322,497,239,3,1,3,1,P06
4,323,681,310,4,1,3,1,P06
4,324,466,497,2,1,3,1,P06
4,325,548,255,3,1,3,1,P06
4,326,422,304,1,1,3,1,P06
4,327,460,229,1,1,3,1,P06
4,328,458,476,3,1,3,1,P06
4,329,505,181,7,1,3,1,P06
4,330,209,312,2,1,3,1,P06
4,331,451,352,1,1,3,1,P06
4,332,322,114,5,1,3,1,P06
4,333,244,250,1,1,3,1,P06
4,334,319,123,1,1,3,1,P06
4,335,278,193,2,2,3,1,P06
4,336,590,297,1,1,3,1,P06
4,337,278,226,2,2,3,1,P06
4,338,680,204,4,1,3,1,P06
4,339,505,275,2,1,3,1,P06
4,340,458,452,1,1,3,1,P06
4,341,682,201,1,1,3,1,P06
4,342,644,260,1,1,3,1,P06
4,343,227,209,1,1,3,1,P06
4,344,593,285,2,1,3,1,P06
4,345,382,127,2,1,3,1,P06
4,346,279,223,1,1,3,1,P06
4,347,528,436,3,1,3,1,P06
4,348,347,247,1,1,3,1,P06
4,349,450,193,5,1,3,1,P06
4,350,400,238,1,1,3,1,P06
4,351,277,257,1,1,3,1,P06
4,352,510,313,3,1,3,1,P06
4,353,543,215,1,1,3,1,P06
4,354,348,238,2,1,3,1,P06
4,355,286,133,1,1,3,1,P06
4,356,273,165,2,1,3,1,P06
4,357,578,262,3,1,3,1,P06
4,358,348,202,2,1,3,1,P06
4,359,563,427,1,1,3,1,P06
4,360,325,155,1,2,3,1,P06
4,361,664,210,3,1,3,1,P06
4,362,614,361,2,1,3,1,P06
4,363,697,251,3,1,3,1,P06
4,364,240,160,2,1,3,1,P06
4,365,565,304,2,1,3,1,P06
4,366,608,289,1,1,3,1,P06
4,367,462,172,1,1,3,1,P06
4,368,489,388,1,1,3,1,P06
4,369,354,164,1,1,3,1,P06
4,370,551,276,2,1,3,1,P06
4,371,468,158,3,1,3,1,P06
4,372,288,159,2,1,3,1,P06
4,373,274,183,1,1,3,1,P06
4,374,578,251,2,1,3,1,P06
4,375,411,392,1,1,3,1,P06
4,376,534,143,4,1,3,1,P06
4,377,383,462,1,1,3,1,P06
4,378,424,208,1,1,3,1,P06
4,379,627,237,1,1,3,1,P06
4,380,364,494,1,1,3,1,P06
4,381,413,314,1,2,3,1,P06
4,382,525,373,1,1,3,1,P06
4,383,759,175,3,1,3,1,P06
4,384,350,383,1,1,3,1,P06
4,385,345,287,1,1,3,1,P06
4,386,420,158,1,1,3,1,P06
4,387,462,230,5,1,3,1,P06
4,388,368,295,4,1,3,1,P06
4,389,453,397,1,1,3,1,P06
4,390,344,429,1,1,3,1,P06
4,391,350,307,1,1,3,1,P06
4,392,532,430,1,1,3,1,P06
4,393,446,253,1,1,3,1,P06
4,394,414,360,1,1,3,1,P06
4,395,276,198,2,1,3,1,P06
4,396,347,237,2,1,3,1,P06
4,397,623,351,2,1,3,1,P06
4,398,225,183,1,1,3,1,P06
4,399,342,402,1,1,3,1,P06
4,400,594,277,4,1,3,1,P06
4,401,402,107,1,1,3,1,P06
4,402,586,391,2,2,3,1,P06
4,403,473,504,1,1,3,1,P06
4,404,417,177,3,1,3,1,P06
4,405,595,265,5,1,3,1,P06
4,406,414,245,1,1,3,1,P06
4,407,470,261,4,1,3,1,P06
4,408,580,365,3,1,3,1,P06
4,409,535,258,1,1,3,1,P06
4,410,390,203,3,1,3,1,P06
4,411,350,174,3,1,3,1,P06
4,412,470,180,3,1,3,1,P06
4,413,537,264,1,1,3,1,P06
4,414,464,81,5,1,3,1,P06
4,415,367,103,5,1,3,1,P06
4,416,448,241,1,1,3,1,P06
4,417,563,242,3,1,3,1,P06
4,418,487,206,3,1,3,1,P06
4,419,540,216,2,1,3,1,P06
4,420,584,239,1,1,3,1,P06
4,421,316,156,1,1,3,1,P06
4,422,274,145,2,1,3,1,P06
4,423,577,235,1,1,3,1,P06
4,424,475,271,1,1,3,1,P06
4,425,482,358,1,2,3,1,P06
4,426,282,175,3,1,3,1,P06
4,427,340,457,4,1,3,1,P06
4,428,668,219,3,1,3,1,P06
4,429,427,220,2,1,3,1,P06
4,430,460,124,3,1,3,1,P06
4,431,653,264,2,1,3,1,P06
4,432,366,218,4,2,3,1,P06
4,433,554,355,1,1,3,1,P06
4,434,367,118,3,1,3,1,P06
4,435,504,220,2,2,3,1,P06
4,436,690,248,1,1,3,1,P06
4,437,598,356,1,1,3,1,P06
4,438,297,162,3,1,3,1,P06
4,439,574,416,1,1,3,1,P06
4,440,392,375,1,1,3,1,P06
4,441,537,165,1,1,3,1,P06
4,442,358,181,2,1,3,1,P06
4,443,456,134,4,1,3,1,P06
4,444,317,446,2,1,3,1,P06
4,445,611,221,1,1,3,1,P06
4,446,274,205,2,1,3,1,P06
4,447,337,239,1,1,3,1,P06
4,448,547,222,5,1,3,1,P06
4,449,335,311,1,1,3,1,P06
4,450,314,301,1,1,3,1,P06
4,451,598,377,1,1,3,1,P06
4,452,610,344,2,1,3,1,P06
4,453,365,93,3,1,3,1,P06
4,454,581,290,3,1,3,1,P06
4,455,719,241,2,1,3,1,P06
4,456,326,116,1,1,3,1,P06
4,457,400,454,1,1,3,1,P06
4,458,300,143,1,1,3,1,P06
4,459,347,89,5,1,3,1,P06
4,460,254,181,2,1,3,1,P06
4,461,571,314,1,1,3,1,P06
4,462,260,181,1,1,3,1,P06
4,463,279,225,5,1,3,1,P06
4,464,377,223,2,1,3,1,P06
4,465,401,355,2,1,3,1,P06
4,466,355,265,1,2,3,1,P06
4,467,634,351,2,1,3,1,P06
4,468,336,279,2,1,3,1,P06
4,469,441,409,2,1,3,1,P06
4,470,504,430,1,1,3,1,P06
4,471,259,378,1,1,3,1,P06
4,472,282,154,2,1,3,1,P06
4,473,576,243,1,1,3,1,P06
4,474,276,144,2,1,3,1,P06
4,475,480,127,1,1,3,1,P06
4,476,414,242,2,1,3,1,P06
4,477,666,213,6,1,3,1,P06
4,478,405,109,5,1,3,1,P06
4,479,407,343,1,1,3,1,P06
4,480,270,234,3,1,3,1,P06
4,481,483,210,2,1,3,1,P06
4,482,364,115,1,1,3,1,P06
4,483,721,221,3,1,3,1,P06
4,484,586,228,3,1,3,1,P06
4,485,510,188,1,1,3,1,P06
4,486,332,231,3,1,3,1,P06
4,487,332,202,1,1,3,1,P06
4,488,605,357,1,1,3,1,P06
4,489,579,329,3,1,3,1,P06
4,490,257,230,2,1,3,1,P06
4,491,537,391,1,1,3,1,P06
4,492,298,134,2,1,3,1,P06
4,493,608,309,1,1,3,1,P06
4,494,400,269,3,1,3,1,P06
4,495,448,315,2,1,3,1,P06
4,496,439,343,2,2,3,1,P06
4,497,659,314,1,2,3,1,P06
4,498,482,284,1,1,3,1,P06
4,499,490,142,1,1,3,1,P06
4,500,500,264,1,1,3,1,P06
4,501,511,295,3,1,3,1,P06
4,502,382,124,3,2,3,1,P06
4,503,477,215,3,1,3,1,P06
4,504,381,277,1,1,3,1,P06
4,505,315,272,4,1,3,1,P06
4,506,305,166,4,1,3,1,P06
4,507,548,346,1,1,3,1,P06
4,508,559,314,3,1,3,1,P06
4,509,323,171,2,1,3,1,P06
4,510,268,244,2,1,3,1,P06
4,511,597,373,1,1,3,1,P06
4,512,280,271,2,1,3,1,P06
4,513,675,213,1,1,3,1,P06
4,514,272,175,3,1,3,1,P06
4,515,513,289,1,1,3,1,P06
4,516,282,125,3,1,3,1,P06
4,517,456,315,1,1,3,1,P06
4,518,420,477,1,1,3,1,P06
4,519,506,187,2,1,3,1,P06
4,520,439,192,2,1,3,1,P06
4,521,234,240,2,1,3,1,P06
4,522,288,190,1,2,3,1,P06
4,523,452,403,1,1,3,1,P06
4,524,626,245,2,1,3,1,P06
4,525,469,336,2,2,3,1,P06
4,526,351,75,1,1,3,1,P06
4,527,473,201,1,1,3,1,P06
4,528,464,160,2,1,3,1,P06
4,529,290,232,1,1,3,1,P06
4,530,501,273,2,1,3,1,P06
4,531,593,272,1,1,3,1,P06
4,532,293,201,1,1,3,1,P06
4,533,356,99,1,1,3,1,P06
4,534,274,126,5,1,3,1,P06
4,535,759,226,1,1,3,1,P06
4,536,358,258,2,1,3,1,P06
4,537,544,224,1,1,3,1,P06
4,538,451,272,2,1,3,1,P06
4,539,240,173,1,1,3,1,P06
4,540,370,223,1,1,3,1,P06
4,541,570,410,5,1,3,1,P06
4,542,374,231,4,2,3,1,P06
4,543,464,434,1,1,3,1,P06
4,544,540,185,1,1,3,1,P06
4,545,383,157,1,1,3,1,P06
4,546,598,239,4,1,3,1,P06
4,547,590,372,4,2,3,1,P06
4,548,281,226,1,1,3,1,P06
4,549,626,271,3,1,3,1,P06
4,550,384,142,1,1,3,1,P06
4,551,360,318,1,1,3,1,P06
4,552,321,165,3,1,3,1,P06
4,553,607,216,1,1,3,1,P06
4,554,300,119,3,1,3,1,P06
4,555,303,221,1,1,3,1,P06
4,556,448,401,1,1,3,1,P06
4,557,545,228,1,1,3,1,P06
4,558,378,170,5,1,3,1,P06
4,559,297,562,2,1,3,1,P06
4,560,467,102,1,1,3,1,P06
4,561,575,224,2,1,3,1,P06
4,562,408,291,3,1,3,1,P06
4,563,471,379,3,1,3,1,P06
4,564,424,402,4,1,3,1,P06
4,565,388,142,3,1,3,1,P06
4,566,411,384,1,1,3,1,P06
4,567,335,308,1,3,3,1,P06
4,568,622,243,2,1,3,1,P06
4,569,399,380,2,2,3,1,P06
4,570,508,290,1,1,3,1,P06
4,571,612,354,2,1,3,1,P06
4,572,436,415,2,2,3,1,P06
4,573,650,344,3,1,3,1,P06
4,574,626,354,1,1,3,1,P06
4,575,590,375,1,1,3,1,P06
4,576,464,264,1,1,3,1,P06
4,577,297,151,1,1,3,1,P06
4,578,431,344,1,1,3,1,P06
4,579,495,149,2,1,3,1,P06
4,580,404,220,1,1,3,1,P06
4,581,256,224,4,1,3,1,P06
4,582,436,164,4,1,3,1,P06
4,583,418,256,1,1,3,1,P06
4,584,432,121,3,1,3,1,P06
4,585,485,229,3,1,3,1,P06
4,586,379,327,1,1,3,1,P06
4,587,451,363,3,1,3,1,P06
4,588,359,201,2,1,3,1,P06
4,589,647,185,1,1,3,1,P06
4,590,520,223,5,1,3,1,P06
4,591,279,140,3,1,3,1,P06
4,592,850,117,6,1,3,1,P06
4,593,273,193,3,1,3,1,P06
4,594,554,387,2,1,3,1,P06
4,595,329,265,3,1,3,1,P06
4,596,486,347,3,2,3,1,P06
4,597,292,126,4,1,3,1,P06
4,598,631,353,1,1,3,1,P06
4,599,359,340,1,1,3,1,P06
4,600,578,315,2,1,3,1,P06
4,601,364,221,1,1,3,1,P06
4,602,216,330,1,1,3,1,P06
4,603,430,146,1,1,3,1,P06
4,604,218,199,3,2,3,1,P06
4,605,525,134,2,1,3,1,P06
4,606,335,161,3,1,3,1,P06
4,607,282,206,3,1,3,1,P06
4,608,314,89,4,1,3,1,P06
4,609,411,174,1,1,3,1,P06
4,610,404,279,1,1,3,1,P06
4,611,411,217,1,1,3,1,P06
4,612,335,405,3,1,3,1,P06
4,613,573,238,1,1,3,1,P06
4,614,444,276,2,1,3,1,P06
4,615,518,207,1,1,3,1,P06
4,616,315,231,4,1,3,1,P06
4,617,293,224,1,1,3,1,P06
4,618,240,263,2,1,3,1,P06
4,619,651,178,2,1,3,1,P06
4,620,551,245,6,1,3,1,P06
4,621,423,119,3,1,3,1,P06
4,622,514,151,6,1,3,1,P06
4,623,264,180,2,1,3,1,P06
4,624,304,155,1,1,3,1,P06
4,625,593,390,1,1,3,1,P06
4,626,354,198,2,1,3,1,P06
4,627,323,177,4,1,3,1,P06
4,628,636,309,3,1,3,1,P06
4,629,651,280,2,1,3,1,P06
4,630,441,247,1,1,3,1,P06
4,631,347,155,2,1,3,1,P06
4,632,546,412,3,1,3,1,P06
4,633,642,276,1,1,3,1,P06
4,634,546,300,1,1,3,1,P06
4,635,352,261,1,1,3,1,P06
4,636,648,254,2,1,3,1,P06
4,637,447,417,2,1,3,1,P06
4,638,509,445,2,1,3,1,P06
4,639,203,219,1,1,3,1,P06
4,640,525,304,1,1,3,1,P06
4,641,348,257,1,1,3,1,P06
4,642,456,193,3,1,3,1,P06
4,643,420,296,1,1,3,1,P06
4,644,372,106,3,1,3,1,P06
4,645,356,263,2,1,3,1,P06
4,646,655,294,2,1,3,1,P06
4,647,452,235,4,1,3,1,P06
4,648,224,182,1,1,3,1,P06
4,649,526,151,3,1,3,1,P06
4,650,303,185,2,1,3,1,P06
4,651,420,356,2,1,3,1,P06
4,652,459,326,3,2,3,1,P06
4,653,484,416,2,1,3,1,P06
4,654,380,168,5,1,3,1,P06
4,655,301,398,1,1,3,1,P06
4,656,243,213,1,1,3,1,P06
4,657,393,168,7,1,3,1,P06
4,658,296,289,4,1,3,1,P06
4,659,449,278,5,1,3,1,P06
4,660,553,258,1,1,3,1,P06
4,661,486,247,2,1,3,1,P06
4,662,533,304,1,1,3,1,P06
4,663,455,366,2,1,3,1,P06
4,664,266,239,1,1,3,1,P06
4,665,356,300,1,1,3,1,P06
4,666,607,237,2,1,3,1,P06
4,667,507,364,1,1,3,1,P06
4,668,299,396,3,1,3,1,P06
4,669,375,168,1,1,3,1,P06
4,670,436,158,2,1,3,1,P06
4,671,584,243,2,1,3,1,P06
4,672,399,115,3,1,3,1,P06
4,673,661,316,2,1,3,1,P06
4,674,487,248,2,1,3,1,P06
4,675,413,198,1,1,3,1,P06
4,676,604,326,3,1,3,1,P06
4,677,753,179,3,1,3,1,P06
4,678,444,274,1,1,3,1,P06
4,679,463,212,7,1,3,1,P06
4,680,535,330,4,1,3,1,P06
4,681,279,173,2,1,3,1,P06
4,682,376,87,1,1,3,1,P06
4,683,372,300,2,1,3,1,P06
4,684,230,242,1,1,3,1,P06
4,685,486,264,1,1,3,1,P06
4,686,341,183,2,1,3,1,P06
4,687,461,231,2,1,3,1,P06
4,688,612,309,1,1,3,1,P06
4,689,386,241,2,1,3,1,P06
4,690,429,159,1,1,3,1,P06
4,691,585,390,1,1,3,1,P06
4,692,307,139,3,1,3,1,P06
4,693,592,182,3,1,3,1,P06
4,694,445,237,2,1,3,1,P06
4,695,268,594,2,1,3,1,P06
4,696,227,228,2,1,3,1,P06
4,697,687,287,5,1,3,1,P06
4,698,379,203,2,1,3,1,P06
4,699,553,375,2,1,3,1,P06
4,700,278,368,1,1,3,1,P06
4,701,380,170,2,1,3,1,P06
4,702,588,373,7,1,3,1,P06
4,703,576,300,2,1,3,1,P06
4,704,262,185,1,1,3,1,P06
4,705,337,173,1,1,3,1,P06
4,706,386,126,4,1,3,1,P06
4,707,321,398,5,1,3,1,P06
4,708,238,201,2,1,3,1,P06
4,709,569,300,1,1,3,1,P06
4,710,352,136,2,2,3,1,P06
4,711,413,279,1,1,3,1,P06
4,712,497,466,1,1,3,1,P06
4,713,468,253,1,1,3,1,P06
4,714,602,207,2,2,3,1,P06
4,715,444,228,4,1,3,1,P06
4,716,436,166,2,1,3,1,P06
4,717,380,101,1,1,3,1,P06
4,718,388,377,1,4,3,1,P06
4,719,577,150,1,1,3,1,P06
4,720,392,177,1,1,3,1,P06
4,721,378,163,1,1,3,1,P06
4,722,206,378,1,1,3,1,P06
4,723,264,151,2,1,3,1,P06
4,724,361,298,1,1,3,1,P06
4,725,544,158,2,1,3,1,P06
4,726,266,199,4,1,3,1,P06
4,727,726,194,1,1,3,1,P06
4,728,535,336,1,1,3,1,P06
4,729,665,157,3,1,3,1,P06
4,730,625,309,8,1,3,1,P06
4,731,355,79,1,1,3,1,P06
4,732,317,201,1,1,3,1,P06
4,733,625,258,4,1,3,1,P06
4,734,484,308,1,1,3,1,P06
4,735,397,223,1,1,3,1,P06
4,736,367,265,1,1,3,1,P06
4,737,610,334,4,1,3,1,P06
4,738,396,196,3,1,3,1,P06
4,739,647,305,1,1,3,1,P06
4,740,225,210,2,1,3,1,P06
4,741,364,281,1,1,3,1,P06
4,742,329,251,1,1,3,1,P06
4,743,570,359,3,1,3,1,P06
4,744,306,297,4,1,3,1,P06
4,745,420,267,1,1,3,1,P06
4,746,376,233,1,1,3,1,P06
4,747,241,248,4,1,3,1,P06
4,748,297,123,3,1,3,1,P06
4,749,242,219,2,1,3,1,P06
4,750,483,148,1,1,3,1,P06
4,751,418,231,1,1,3,1,P06
4,752,447,373,1,1,3,1,P06
4,753,301,133,1,1,3,1,P06
4,754,539,298,2,1,3,1,P06
4,755,342,125,1,1,3,1,P06
4,756,496,336,3,1,3,1,P06
4,757,404,224,1,1,3,1,P06
4,758,380,484,1,1,3,1,P06
4,759,540,235,3,1,3,1,P06
4,760,575,282,5,1,3,1,P06
4,761,269,158,2,1,3,1,P06
4,762,334,229,1,1,3,1,P06
4,763,315,112,1,1,3,1,P06
4,764,379,265,1,1,3,1,P06
4,765,636,237,4,1,3,1,P06
4,766,747,211,6,1,3,1,P06
4,767,539,318,1,1,3,1,P06
4,768,354,157,3,1,3,1,P06
4,769,336,533,1,1,3,1,P06
4,770,664,290,1,2,3,1,P06
4,771,812,171,3,1,3,1,P06
4,772,321,312,2,1,3,1,P06
4,773,380,131,7,1,3,1,P06
4,774,477,141,1,1,3,1,P06
4,775,319,234,4,1,3,1,P06
4,776,473,197,2,1,3,1,P06
4,777,378,417,1,1,3,1,P06
4,778,278,200,2,1,3,1,P06
4,779,352,275,1,1,3,1,P06
4,780,460,281,2,1,3,1,P06
4,781,460,340,1,1,3,1,P06
4,782,526,390,2,1,3,1,P06
4,783,379,292,1,1,3,1,P06
4,784,303,127,1,1,3,1,P06
4,785,310,140,1,1,3,1,P06
4,786,574,311,1,1,3,1,P06
4,787,230,192,1,1,3,1,P06
4,788,623,258,1,1,3,1,P06
4,789,489,169,4,1,3,1,P06
4,790,346,259,3,1,3,1,P06
4,791,566,423,3,1,3,1,P06
4,792,439,370,2,1,3,1,P06
4,793,475,278,1,1,3,1,P06
4,794,486,324,1,1,3,1,P06
4,795,534,291,2,1,3,1,P06
4,796,447,218,2,1,3,1,P06
4,797,330,171,3,1,3,1,P06
4,798,382,446,1,1,3,1,P06
4,799,404,408,3,1,3,1,P06
4,800,250,179,1,1,3,1,P06
4,801,352,452,3,1,3,1,P06
4,802,528,458,2,1,3,1,P06
4,803,729,227,3,1,3,1,P06
4,804,566,278,4,1,3,1,P06
4,805,272,173,1,1,3,1,P06
4,806,383,148,3,1,3,1,P06
4,807,396,289,1,1,3,1,P06
4,808,690,189,1,1,3,1,P06
4,809,377,287,1,1,3,1,P06
4,810,304,184,1,1,3,1,P06
4,811,618,265,3,1,3,1,P06
4,812,544,154,1,1,3,1,P06
4,813,502,374,2,1,3,1,P06
4,814,280,131,1,1,3,1,P06
4,815,636,197,2,1,3,1,P06
4,816,466,251,1,1,3,1,P06
4,817,161,332,1,1,3,1,P06
4,818,566,423,2,1,3,1,P06
4,819,517,335,1,1,3,1,P06
4,820,607,331,2,1,3,1,P06
4,821,396,329,4,1,3,1,P06
4,822,316,121,2,1,3,1,P06
4,823,684,262,5,1,3,1,P06
4,824,316,338,3,1,3,1,P06
4,825,319,264,1,1,3,1,P06
4,826,433,334,1,1,3,1,P06
4,827,325,111,2,1,3,1,P06
4,828,497,272,3,1,3,1,P06
4,829,366,167,1,1,3,1,P06
4,830,371,195,5,1,3,1,P06
4,831,465,246,2,1,3,1,P06
4,832,381,201,1,2,3,1,P06
4,833,307,102,3,1,3,1,P06
4,834,398,207,1,1,3,1,P06
4,835,497,357,1,1,3,1,P06
4,836,372,101,2,1,3,1,P06
4,837,533,318,2,1,3,1,P06
4,838,291,252,1,1,3,1,P06
4,839,595,207,1,1,3,1,P06
4,840,448,302,3,1,3,1,P06
4,841,303,163,1,1,3,1,P06
4,842,330,171,1,1,3,1,P06
4,843,415,216,1,1,3,1,P06
4,844,600,398,2,1,3,1,P06
4,845,432,297,1,1,3,1,P06
4,846,378,233,1,1,3,1,P06
4,847,457,191,1,1,3,1,P06
4,848,507,211,3,1,3,1,P06
4,849,450,406,2,1,3,1,P06
4,850,663,336,1,1,3,1,P06
4,851,678,306,3,1,3,1,P06
4,852,225,228,6,1,3,1,P06
4,853,570,268,1,1,3,1,P06
4,854,297,177,2,1,3,1,P06
4,855,596,391,2,1,3,1,P06
4,856,437,284,7,1,3,1,P06
4,857,186,354,1,1,3,1,P06
4,858,292,176,3,1,3,1,P06
4,859,630,170,1,1,3,1,P06
4,860,561,306,3,1,3,1,P06
4,861,590,383,1,1,3,1,P06
4,862,478,252,3,1,3,1,P06
4,863,291,131,3,1,3,1,P06
4,864,435,405,1,1,3,1,P06
4,865,637,229,1,1,3,1,P06
4,866,367,415,1,1,3,1,P06
4,867,506,120,3,1,3,1,P06
4,868,461,268,2,1,3,1,P06
4,869,235,194,1,1,3,1,P06
4,870,566,272,2,1,3,1,P06
4,871,620,284,2,1,3,1,P06
4,872,398,328,4,1,3,1,P06
4,873,508,288,4,1,3,1,P06
4,874,466,186,3,1,3,1,P06
4,875,235,384,1,1,3,1,P06
4,876,512,278,3,1,3,1,P06
4,877,300,250,2,1,3,1,P06
4,878,624,312,1,1,3,1,P06
4,879,479,242,4,1,3,1,P06
4,880,216,223,2,1,3,1,P06
4,881,450,214,2,1,3,1,P06
4,882,401,180,1,1,3,1,P06
4,883,295,281,1,2,3,1,P06
4,884,209,343,1,1,3,1,P06
4,885,224,192,3,1,3,1,P06
4,886,737,219,2,1,3,1,P06
4,887,522,135,1,1,3,1,P06
4,888,195,209,1,1,3,1,P06
4,889,638,309,5,1,3,1,P06
4,890,488,406,1,1,3,1,P06
4,891,287,218,2,1,3,1,P06
4,892,524,312,1,1,3,1,P06
4,893,496,285,1,1,3,1,P06
4,894,439,185,1,1,3,1,P06
4,895,441,262,2,1,3,1,P06
4,896,531,117,2,1,3,1,P06
4,897,246,201,2,1,3,1,P06
4,898,440,196,1,1,3,1,P06
4,899,302,271,1,1,3,1,P06
4,900,554,256,2,1,3,1,P06
4,901,431,178,1,1,3,1,P06
4,902,467,188,1,1,3,1,P06
4,903,316,143,1,1,3,1,P06
4,904,518,268,2,1,3,1,P06
4,905,545,200,4,1,3,1,P06
4,906,572,299,2,2,3,1,P06
4,907,264,163,1,1,3,1,P06
4,908,500,228,4,1,3,1,P06
4,909,247,161,2,1,3,1,P06
4,910,330,136,1,2,3,1,P06
4,911,431,127,1,1,3,1,P06
4,912,367,224,7,1,3,1,P06
4,913,401,228,3,1,3,1,P06
4,914,483,260,2,1,3,1,P06
4,915,660,281,2,1,3,1,P06
4,916,451,327,1,1,3,1,P06
4,917,347,410,1,1,3,1,P06
4,918,351,341,1,1,3,1,P06
4,919,569,227,1,1,3,1,P06
4,920,684,187,1,1,3,1,P06
4,921,665,293,1,1,3,1,P06
4,922,590,402,2,1,3,1,P06
4,923,393,192,2,1,3,1,P06
4,924,472,207,1,1,3,1,P06
4,925,299,420,1,1,3,1,P06
4,926,612,292,1,1,3,1,P06
4,927,570,247,1,1,3,1,P06
4,928,570,231,2,1,3,1,P06
4,929,550,212,2,1,3,1,P06
4,930,303,174,4,2,3,1,P06
4,931,285,215,2,1,3,1,P06
4,932,637,336,2,1,3,1,P06
4,933,572,299,2,1,3,1,P06
4,934,392,344,4,1,3,1,P06
4,935,541,325,1,1,3,1,P06
4,936,244,222,1,1,3,1,P06
4,937,600,175,2,1,3,1,P06
4,938,332,463,1,1,3,1,P06
4,939,472,394,1,1,3,1,P06
4,940,290,217,4,1,3,1,P06
4,941,375,182,1,1,3,1,P06
4,942,455,194,1,1,3,1,P06
4,943,297,241,1,1,3,1,P06
4,944,352,178,2,1,3,1,P06
4,945,589,361,4,1,3,1,P06
4,946,449,539,1,1,3,1,P06
4,947,287,171,3,1,3,1,P06
4,948,415,191,2,1,3,1,P06
4,949,442,336,2,1,3,1,P06
4,950,568,377,2,1,3,1,P06
4,951,283,139,4,1,3,1,P06
4,952,591,222,1,1,3,1,P06
4,953,492,93,4,1,3,1,P06
4,954,430,280,1,1,3,1,P06
4,955,545,286,2,1,3,1,P06
4,956,268,236,1,1,3,1,P06
4,957,351,294,2,2,3,1,P06
4,958,280,372,3,1,3,1,P06
4,959,557,201,1,1,3,1,P06
4,960,458,227,1,1,3,1,P06
4,961,762,154,4,1,3,1,P06
4,962,584,215,4,1,3,1,P06
4,963,253,316,1,1,3,1,P06
4,964,322,200,1,1,3,1,P06
4,965,753,73,2,1,3,1,P06
4,966,548,230,3,1,3,1,P06
4,967,584,128,3,1,3,1,P06
4,968,259,257,2,1,3,1,P06
4,969,703,260,1,1,3,1,P06
4,970,297,339,1,1,3,1,P06
4,971,343,322,1,1,3,1,P06
4,972,545,270,2,1,3,1,P06
4,973,538,327,5,1,3,1,P06
4,974,302,232,1,1,3,1,P06
4,975,474,238,1,1,3,1,P06
4,976,375,228,4,1,3,1,P06
4,977,362,123,1,1,3,1,P06
4,978,488,330,1,1,3,1,P06
4,979,286,177,1,1,3,1,P06
4,980,675,152,1,1,3,1,P06
4,981,568,430,2,1,3,1,P06
4,982,569,321,5,1,3,1,P06
4,983,273,270,2,1,3,1,P06
4,984,364,377,3,1,3,1,P06
4,985,334,201,4,1,3,1,P06
4,986,226,187,1,1,3,1,P06
4,987,352,331,1,1,3,1,P06
4,988,462,94,4,1,3,1,P06
4,989,270,130,1,1,3,1,P06
4,990,457,359,1,1,3,1,P06
4,991,312,292,2,1,3,1,P06
4,992,236,188,2,1,3,1,P06
4,993,727,243,3,1,3,1,P06
4,994,312,175,1,1,3,1,P06
4,995,813,147,3,1,3,1,P06
4,996,481,141,2,1,3,1,P06
4,997,369,275,1,1,3,1,P06
4,998,356,304,3,1,3,1,P06
4,999,359,153,1,1,3,1,P06
4,1000,309,121,3,1,3,1,P06
5,1,578,121,7,1,9,1,P06
5,2,361,110,8,1,9,1,P06
5,3,491,112,9,1,9,1,P06
5,4,791,200,5,1,9,1,P06
5,5,709,90,9,1,9,1,P06
5,6,566,245,7,1,9,1,P06
5,7,646,162,3,1,9,1,P06
5,8,474,71,8,2,9,1,P06
5,9,786,131,6,1,9,1,P06
5,10,284,379,4,1,9,1,P06
5,11,548,137,7,1,9,1,P06
5,12,763,185,10,1,9,1,P06
5,13,579,292,10,1,9,1,P06
5,14,360,85,2,1,9,1,P06
5,15,479,322,8,1,9,1,P06
5,16,312,97,5,1,9,1,P06
5,17,566,89,4,1,9,1,P06
5,18,414,173,15,1,9,1,P06
5,19,326,167,6,1,9,1,P06
5,20,374,141,7,1,9,1,P06
5,21,464,123,8,1,9,1,P06
5,22,808,189,3,1,9,1,P06
5,23,509,82,10,1,9,1,P06
5,24,569,199,8,1,9,1,P06
5,25,501,207,5,1,9,1,P06
5,26,718,255,8,1,9,1,P06
5,27,368,117,5,1,9,1,P06
5,28,622,201,7,1,9,1,P06
5,29,476,146,8,1,9,1,P06
5,30,813,131,10,1,9,1,P06
5,31,699,188,8,1,9,1,P06
5,32,679,142,10,1,9,1,P06
5,33,743,177,5,1,9,1,P06
5,34,554,67,9,1,9,1,P06
5,35,344,81,12,1,9,1,P06
5,36,548,129,8,1,9,1,P06
5,37,512,150,10,1,9,1,P06
5,38,351,67,6,1,9,1,P06
5,39,618,234,9,1,9,1,P06
5,40,357,180,6,1,9,1,P06
5,41,648,108,5,1,9,1,P06
5,42,479,88,6,1,9,1,P06
5,43,663,158,12,1,9,1,P06
5,44,839,120,4,1,9,1,P06
5,45,516,108,7,1,9,1,P06
5,46,356,140,9,1,9,1,P06
5,47,421,117,6,1,9,1,P06
5,48,629,178,8,1,9,1,P06
5,49,473,84,12,1,9,1,P06
5,50,476,154,11,1,9,1,P06
5,51,584,295,7,1,9,1,P06
5,52,462,145,7,1,9,1,P06
5,53,538,192,10,1,9,1,P06
5,54,742,113,7,1,9,1,P06
5,55,381,163,6,1,9,1,P06
5,56,623,209,5,1,9,1,P06
5,57,565,141,10,1,9,1,P06
5,58,360,52,6,1,9,1,P06
5,59,335,137,5,1,9,1,P06
5,60,471,137,9,1,9,1,P06
5,61,778,156,7,1,9,1,P06
5,62,436,148,5,1,9,1,P06
5,63,555,138,12,1,9,1,P06
5,64,436,185,3,1,9,1,P06
5,65,749,219,8,1,9,1,P06
5,66,277,127,4,1,9,1,P06
5,67,596,262,11,1,9,1,P06
5,68,477,135,6,2,9,1,P06
5,69,367,211,4,1,9,1,P06
5,70,342,58,5,1,9,1,P06
5,71,608,244,4,1,9,1,P06
5,72,445,67,5,1,9,1,P06
5,73,478,112,2,1,9,1,P06
5,74,729,236,3,1,9,1,P06
5,75,298,125,4,1,9,1,P06
5,76,752,172,4,1,9,1,P06
5,77,708,202,5,1,9,1,P06
5,78,442,147,8,1,9,1,P06
5,79,726,173,10,1,9,1,P06
5,80,320,120,3,1,9,1,P06
5,81,407,256,7,1,9,1,P06
5,82,263,168,3,1,9,1,P06
5,83,817,177,13,3,9,1,P06
5,84,644,80,5,2,9,1,P06
5,85,390,187,9,1,9,1,P06
5,86,674,228,5,1,9,1,P06
5,87,531,133,9,1,9,1,P06
5,88,559,116,6,1,9,1,P06
5,89,551,138,5,1,9,1,P06
5,90,572,209,9,3,9,1,P06
5,91,407,228,7,1,9,1,P06
5,92,310,114,7,1,9,1,P06
5,93,735,154,6,1,9,1,P06
5,94,566,214,8,1,9,1,P06
5,95,642,186,5,1,9,1,P06
5,96,440,93,7,1,9,1,P06
5,97,361,203,8,1,9,1,P06
5,98,492,96,7,1,9,1,P06
5,99,320,130,10,1,9,1,P06
5,100,728,116,5,1,9,1,P06
5,101,569,130,11,1,9,1,P06
5,102,771,169,6,1,9,1,P06
5,103,587,172,8,1,9,1,P06
5,104,664,310,3,1,9,1,P06
5,105,622,132,5,1,9,1,P06
5,106,522,136,8,1,9,1,P06
5,107,726,245,6,1,9,1,P06
5,108,410,231,3,1,9,1,P06
5,109,329,89,10,1,9,1,P06
5,110,551,61,7,1,9,1,P06
5,111,471,102,4,1,9,1,P06
5,112,635,179,3,1,9,1,P06
5,113,541,229,7,1,9,1,P06
5,114,419,141,5,1,9,1,P06
5,115,455,107,8,1,9,1,P06
5,116,448,73,3,1,9,1,P06
5,117,387,59,4,1,9,1,P06
5,118,808,125,7,1,9,1,P06
5,119,527,334,4,1,9,1,P06
5,120,475,152,9,1,9,1,P06
5,121,306,98,10,1,9,1,P06
5,122,524,75,7,1,9,1,P06
5,123,471,499,3,3,9,1,P06
5,124,800,187,6,1,9,1,P06
5,125,464,103,3,1,9,1,P06
5,126,468,100,11,1,9,1,P06
5,127,569,127,10,1,9,1,P06
5,128,540,318,5,1,9,1,P06
5,129,346,197,6,1,9,1,P06
5,130,714,153,15,1,9,1,P06
5,131,642,103,7,1,9,1,P06
5,132,320,137,5,1,9,1,P06
5,133,497,128,6,1,9,1,P06
5,134,672,290,6,1,9,1,P06
5,135,333,253,9,1,9,1,P06
5,136,486,137,7,1,9,1,P06
5,137,736,231,10,1,9,1,P06
5,138,502,221,4,1,9,1,P06
5,139,682,239,12,1,9,1,P06
5,140,612,108,6,1,9,1,P06
5,141,461,100,6,1,9,1,P06
5,142,572,102,12,1,9,1,P06
5,143,568,278,6,1,9,1,P06
5,144,385,144,10,1,9,1,P06
5,145,557,171,10,1,9,1,P06
5,146,603,209,5,1,9,1,P06
5,147,550,295,7,1,9,1,P06
5,148,661,94,10,1,9,1,P06
5,149,485,82,10,1,9,1,P06
5,150,661,257,6,1,9,1,P06
5,151,522,113,7,1,9,1,P06
5,152,410,95,7,1,9,1,P06
5,153,795,198,3,1,9,1,P06
5,154,668,249,10,1,9,1,P06
5,155,452,232,4,1,9,1,P06
5,156,523,227,4,1,9,1,P06
5,157,271,202,9,1,9,1,P06
5,158,671,145,5,1,9,1,P06
5,159,447,151,9,1,9,1,P06
5,160,618,181,2,1,9,1,P06
5,161,544,76,9,1,9,1,P06
5,162,492,76,9,1,9,1,P06
5,163,561,227,2,1,9,1,P06
5,164,632,156,6,1,9,1,P06
5,165,705,288,6,1,9,1,P06
5,166,738,132,17,1,9,1,P06
5,167,683,163,8,1,9,1,P06
5,168,622,298,10,1,9,1,P06
5,169,367,43,10,1,9,1,P06
5,170,711,210,7,1,9,1,P06
5,171,466,140,5,1,9,1,P06
5,172,368,133,9,1,9,1,P06
5,173,722,236,7,1,9,1,P06
5,174,527,120,9,1,9,1,P06
5,175,478,87,8,1,9,1,P06
5,176,337,78,16,1,9,1,P06
5,177,593,242,4,2,9,1,P06
5,178,485,67,8,1,9,1,P06
5,179,425,105,11,1,9,1,P06
5,180,756,211,4,1,9,1,P06
5,181,279,176,3,1,9,1,P06
5,182,621,219,7,1,9,1,P06
5,183,552,97,6,1,9,1,P06
5,184,342,80,6,1,9,1,P06
5,185,321,116,2,1,9,1,P06
5,186,624,223,1,1,9,1,P06
5,187,557,178,9,1,9,1,P06
5,188,514,307,5,1,9,1,P06
5,189,690,198,7,1,9,1,P06
5,190,436,90,10,1,9,1,P06
5,191,598,89,7,1,9,1,P06
5,192,523,109,8,1,9,1,P06
5,193,294,125,8,1,9,1,P06
5,194,318,130,6,1,9,1,P06
5,195,747,150,5,1,9,1,P06
5,196,642,179,5,1,9,1,P06
5,197,508,185,7,1,9,1,P06
5,198,651,190,9,1,9,1,P06
5,199,291,116,4,1,9,1,P06
5,200,689,135,9,1,9,1,P06
5,201,345,120,6,1,9,1,P06
5,202,394,60,7,1,9,1,P06
5,203,474,174,7,1,9,1,P06
5,204,489,63,8,1,9,1,P06
5,205,595,108,5,1,9,1,P06
5,206,485,256,6,1,9,1,P06
5,207,334,78,9,1,9,1,P06
5,208,379,325,3,1,9,1,P06
5,209,806,192,7,1,9,1,P06
5,210,326,230,4,2,9,1,P06
5,211,661,261,6,1,9,1,P06
5,212,318,89,7,1,9,1,P06
5,213,416,171,5,1,9,1,P06
5,214,714,90,11,1,9,1,P06
5,215,663,253,3,1,9,1,P06
5,216,435,127,9,2,9,1,P06
5,217,363,72,5,1,9,1,P06
5,218,486,105,9,1,9,1,P06
5,219,600,118,7,1,9,1,P06
5,220,798,186,12,1,9,1,P06
5,221,624,197,5,1,9,1,P06
5,222,566,226,4,1,9,1,P06
5,223,356,116,6,1,9,1,P06
5,224,728,192,10,1,9,1,P06
5,225,302,184,7,1,9,1,P06
5,226,803,162,8,1,9,1,P06
5,227,804,138,9,1,9,1,P06
5,228,431,137,4,1,9,1,P06
5,229,214,216,4,1,9,1,P06
5,230,374,235,5,1,9,1,P06
5,231,509,112,11,1,9,1,P06
5,232,421,56,11,1,9,1,P06
5,233,576,92,6,1,9,1,P06
5,234,762,91,5,1,9,1,P06
5,235,405,287,6,1,9,1,P06
5,236,743,89,7,1,9,1,P06
5,237,613,241,6,1,9,1,P06
5,238,340,97,9,1,9,1,P06
5,239,436,130,12,1,9,1,P06
5,240,581,102,11,1,9,1,P06
5,241,552,239,1,1,9,1,P06
5,242,812,173,7,1,9,1,P06
5,243,773,77,10,1,9,1,P06
5,244,480,163,6,1,9,1,P06
5,245,223,213,6,1,9,1,P06
5,246,487,175,8,1,9,1,P06
5,247,592,181,6,1,9,1,P06
5,248,621,157,8,1,9,1,P06
5,249,527,148,10,1,9,1,P06
5,250,364,107,12,1,9,1,P06
5,251,360,51,10,1,9,1,P06
5,252,690,206,5,1,9,1,P06
5,253,507,104,5,1,9,1,P06
5,254,537,161,6,1,9,1,P06
5,255,379,105,11,1,9,1,P06
5,256,519,108,5,1,9,1,P06
5,257,477,150,10,1,9,1,P06
5,258,416,86,6,1,9,1,P06
5,259,414,184,7,1,9,1,P06
5,260,397,154,6,1,9,1,P06
5,261,337,200,1,1,9,1,P06
5,262,383,111,8,1,9,1,P06
5,263,484,471,4,1,9,1,P06
5,264,798,192,6,1,9,1,P06
5,265,451,224,6,1,9,1,P06
5,266,417,99,11,1,9,1,P06
5,267,530,201,5,1,9,1,P06
5,268,485,181,2,1,9,1,P06
5,269,699,166,2,1,9,1,P06
5,270,475,90,7,1,9,1,P06
5,271,761,131,13,1,9,1,P06
5,272,304,187,7,1,9,1,P06
5,273,637,223,11,1,9,1,P06
5,274,668,299,3,1,9,1,P06
5,275,480,109,14,1,9,1,P06
5,276,746,205,11,1,9,1,P06
5,277,374,89,11,1,9,1,P06
5,278,499,71,7,1,9,1,P06
5,279,565,104,6,1,9,1,P06
5,280,518,192,6,1,9,1,P06
5,281,379,47,7,1,9,1,P06
5,282,353,141,3,1,9,1,P06
5,283,328,124,6,1,9,1,P06
5,284,507,92,6,1,9,1,P06
5,285,490,163,7,1,9,1,P06
5,286,837,137,9,1,9,1,P06
5,287,342,76,9,1,9,1,P06
5,288,354,99,7,1,9,1,P06
5,289,766,200,6,1,9,1,P06
5,290,548,167,6,1,9,1,P06
5,291,302,189,6,1,9,1,P06
5,292,356,105,2,1,9,1,P06
5,293,376,167,5,1,9,1,P06
5,294,373,34,9,1,9,1,P06
5,295,604,173,3,1,9,1,P06
5,296,286,184,7,1,9,1,P06
5,297,476,168,9,1,9,1,P06
5,298,671,262,6,1,9,1,P06
5,299,627,116,8,1,9,1,P06
5,300,646,296,3,1,9,1,P06
5,301,543,90,7,1,9,1,P06
5,302,351,72,5,1,9,1,P06
5,303,728,230,7,1,9,1,P06
5,304,494,277,5,1,9,1,P06
5,305,402,264,7,1,9,1,P06
5,306,555,188,9,1,9,1,P06
5,307,534,93,9,1,9,1,P06
5,308,439,83,6,1,9,1,P06
5,309,775,91,6,1,9,1,P06
5,310,327,144,10,1,9,1,P06
5,311,410,53,7,1,9,1,P06
5,312,692,193,8,1,9,1,P06
5,313,515,200,8,1,9,1,P06
5,314,362,113,6,1,9,1,P06
5,315,498,228,5,1,9,1,P06
5,316,352,122,6,1,9,1,P06
5,317,664,141,13,1,9,1,P06
5,318,548,197,3,1,9,1,P06
5,319,313,123,8,1,9,1,P06
5,320,540,207,6,1,9,1,P06
5,321,443,70,10,1,9,1,P06
5,322,603,82,6,1,9,1,P06
5,323,680,159,9,1,9,1,P06
5,324,678,134,9,1,9,1,P06
5,325,428,119,5,1,9,1,P06
5,326,551,110,5,1,9,1,P06
5,327,377,107,7,1,9,1,P06
5,328,335,100,4,1,9,1,P06
5,329,311,116,4,1,9,1,P06
5,330,456,182,11,1,9,1,P06
5,331,407,104,5,1,9,1,P06
5,332,730,181,9,1,9,1,P06
5,333,580,98,10,1,9,1,P06
5,334,551,269,6,2,9,1,P06
5,335,683,112,13,1,9,1,P06
5,336,740,223,8,1,9,1,P06
5,337,785,86,3,1,9,1,P06
5,338,785,125,6,1,9,1,P06
5,339,535,177,7,1,9,1,P06
5,340,581,169,4,1,9,1,P06
5,341,620,345,5,1,9,1,P06
5,342,449,109,15,1,9,1,P06
5,343,567,72,8,1,9,1,P06
5,344,229,259,9,1,9,1,P06
5,345,376,84,6,1,9,1,P06
5,346,723,152,8,1,9,1,P06
5,347,637,60,16,1,9,1,P06
5,348,384,90,6,1,9,1,P06
5,349,707,102,8,1,9,1,P06
5,350,380,239,5,1,9,1,P06
5,351,715,240,8,1,9,1,P06
5,352,449,137,4,1,9,1,P06
5,353,655,166,5,1,9,1,P06
5,354,690,118,6,1,9,1,P06
5,355,603,114,10,1,9,1,P06
5,356,355,72,7,1,9,1,P06
5,357,411,183,2,1,9,1,P06
5,358,426,214,6,1,9,1,P06
5,359,631,222,8,1,9,1,P06
5,360,317,100,12,1,9,1,P06
5,361,542,149,6,1,9,1,P06
5,362,575,343,3,1,9,1,P06
5,363,332,177,7,1,9,1,P06
5,364,771,189,10,1,9,1,P06
5,365,516,341,7,1,9,1,P06
5,366,732,244,6,1,9,1,P06
5,367,557,233,4,1,9,1,P06
5,368,586,369,4,1,9,1,P06
5,369,506,149,7,1,9,1,P06
5,370,498,184,5,1,9,1,P06
5,371,502,298,5,1,9,1,P06
5,372,359,155,4,1,9,1,P06
5,373,576,172,12,1,9,1,P06
5,374,673,231,2,1,9,1,P06
5,375,643,216,5,1,9,1,P06
5,376,273,141,5,1,9,1,P06
5,377,798,172,4,1,9,1,P06
5,378,328,91,8,1,9,1,P06
5,379,743,158,4,1,9,1,P06
5,380,610,133,8,1,9,1,P06
5,381,533,75,9,1,9,1,P06
5,382,595,186,11,1,9,1,P06
5,383,436,110,5,1,9,1,P06
5,384,368,102,5,1,9,1,P06
5,385,446,68,6,1,9,1,P06
5,386,391,181,6,1,9,1,P06
5,387,375,113,7,1,9,1,P06
5,388,683,152,7,1,9,1,P06
5,389,634,62,8,1,9,1,P06
5,390,741,163,8,1,9,1,P06
5,391,640,196,6,1,9,1,P06
5,392,615,366,2,1,9,1,P06
5,393,508,176,5,1,9,1,P06
5,394,380,81,7,1,9,1,P06
5,395,493,107,7,1,9,1,P06
5,396,553,78,9,1,9,1,P06
5,397,480,100,6,1,9,1,P06
5,398,270,131,4,1,9,1,P06
5,399,662,133,8,1,9,1,P06
5,400,560,241,9,1,9,1,P06
5,401,517,188,8,1,9,1,P06
5,402,748,166,6,1,9,1,P06
5,403,462,194,5,1,9,1,P06
5,404,482,208,5,1,9,1,P06
5,405,390,114,9,1,9,1,P06
5,406,314,111,6,1,9,1,P06
5,407,315,94,10,1,9,1,P06
5,408,384,122,13,1,9,1,P06
5,409,823,170,9,1,9,1,P06
5,410,644,104,10,1,9,1,P06
5,411,634,85,12,1,9,1,P06
5,412,595,73,8,1,9,1,P06
5,413,516,273,3,1,9,1,P06
5,414,615,117,9,1,9,1,P06
5,415,399,134,3,1,9,1,P06
5,416,404,122,9,1,9,1,P06
5,417,352,100,7,1,9,1,P06
5,418,473,194,7,1,9,1,P06
5,419,672,191,4,1,9,1,P06
5,420,539,144,7,1,9,1,P06
5,421,433,66,11,1,9,1,P06
5,422,549,187,11,1,9,1,P06
5,423,664,137,7,1,9,1,P06
5,424,602,157,6,1,9,1,P06
5,425,491,245,4,1,9,1,P06
5,426,568,304,7,1,9,1,P06
5,427,632,193,1,1,9,1,P06
5,428,461,200,6,1,9,1,P06
5,429,507,55,14,1,9,1,P06
5,430,375,90,10,1,9,1,P06
5,431,805,174,8,1,9,1,P06
5,432,324,121,8,1,9,1,P06
5,433,508,90,6,1,9,1,P06
5,434,428,155,10,1,9,1,P06
5,435,626,340,7,1,9,1,P06
5,436,581,133,12,1,9,1,P06
5,437,301,115,6,1,9,1,P06
5,438,364,83,8,1,9,1,P06
5,439,422,101,12,1,9,1,P06
5,440,660,153,5,1,9,1,P06
5,441,593,108,6,1,9,1,P06
5,442,617,174,7,1,9,1,P06
5,443,303,103,6,1,9,1,P06
5,444,416,82,4,1,9,1,P06
5,445,363,271,7,1,9,1,P06
5,446,402,71,3,1,9,1,P06
5,447,385,116,7,1,9,1,P06
5,448,516,269,7,1,9,1,P06
5,449,566,145,10,1,9,1,P06
5,450,555,106,8,1,9,1,P06
5,451,637,317,5,1,9,1,P06
5,452,701,249,7,1,9,1,P06
5,453,631,315,8,1,9,1,P06
5,454,571,127,7,1,9,1,P06
5,455,664,206,8,1,9,1,P06
5,456,506,107,8,1,9,1,P06
5,457,638,210,10,1,9,1,P06
5,458,549,104,7,1,9,1,P06
5,459,247,176,6,1,9,1,P06
5,460,582,93,4,1,9,1,P06
5,461,407,166,8,1,9,1,P06
5,462,632,261,6,1,9,1,P06
5,463,551,293,6,1,9,1,P06
5,464,326,79,7,1,9,1,P06
5,465,422,78,10,1,9,1,P06
5,466,647,349,7,1,9,1,P06
5,467,506,120,9,1,9,1,P06
5,468,623,77,6,1,9,1,P06
5,469,425,128,3,1,9,1,P06
5,470,885,96,5,1,9,1,P06
5,471,569,261,8,1,9,1,P06
5,472,682,124,5,1,9,1,P06
5,473,452,53,9,1,9,1,P06
5,474,605,170,7,1,9,1,P06
5,475,596,135,10,1,9,1,P06
5,476,410,77,9,1,9,1,P06
5,477,379,36,7,1,9,1,P06
5,478,442,236,5,1,9,1,P06
5,479,536,216,6,1,9,1,P06
5,480,484,219,5,1,9,1,P06
5,481,515,113,8,1,9,1,P06
5,482,739,131,5,1,9,1,P06
5,483,319,116,8,1,9,1,P06
5,484,342,172,4,1,9,1,P06
5,485,369,105,9,1,9,1,P06
5,486,806,73,8,1,9,1,P06
5,487,453,127,3,1,9,1,P06
5,488,398,156,4,1,9,1,P06
5,489,572,179,9,1,9,1,P06
5,490,359,128,7,1,9,1,P06
5,491,762,220,9,1,9,1,P06
5,492,294,211,7,3,9,1,P06
5,493,513,173,6,1,9,1,P06
5,494,840,127,11,1,9,1,P06
5,495,361,262,10,1,9,1,P06
5,496,603,131,7,1,9,1,P06
5,497,621,266,8,1,9,1,P06
5,498,559,90,9,1,9,1,P06
5,499,675,147,9,1,9,1,P06
5,500,576,221,8,1,9,1,P06
5,501,440,164,5,1,9,1,P06
5,502,467,189,10,1,9,1,P06
5,503,566,359,8,1,9,1,P06
5,504,559,258,5,1,9,1,P06
5,505,635,138,5,1,9,1,P06
5,506,419,137,7,1,9,1,P06
5,507,449,451,3,1,9,1,P06
5,508,742,191,4,1,9,1,P06
5,509,739,187,8,1,9,1,P06
5,510,545,213,3,1,9,1,P06
5,511,435,148,4,1,9,1,P06
5,512,720,209,5,1,9,1,P06
5,513,524,310,4,1,9,1,P06
5,514,659,263,3,1,9,1,P06
5,515,754,125,4,1,9,1,P06
5,516,547,248,5,1,9,1,P06
5,517,384,100,7,1,9,1,P06
5,518,474,122,8,1,9,1,P06
5,519,416,268,6,1,9,1,P06
5,520,678,202,9,1,9,1,P06
5,521,599,144,9,1,9,1,P06
5,522,474,80,5,1,9,1,P06
5,523,643,179,11,1,9,1,P06
5,524,715,209,5,1,9,1,P06
5,525,432,98,4,1,9,1,P06
5,526,349,208,5,1,9,1,P06
5,527,683,188,12,1,9,1,P06
5,528,567,269,5,1,9,1,P06
5,529,407,187,3,1,9,1,P06
5,530,484,244,6,1,9,1,P06
5,531,485,315,6,1,9,1,P06
5,532,601,260,4,1,9,1,P06
5,533,511,71,6,1,9,1,P06
5,534,606,72,1,1,9,1,P06
5,535,569,171,2,1,9,1,P06
5,536,428,86,6,1,9,1,P06
5,537,735,206,1,1,9,1,P06
5,538,415,164,4,1,9,1,P06
5,539,617,101,13,1,9,1,P06
5,540,405,77,12,1,9,1,P06
5,541,581,125,11,1,9,1,P06
5,542,482,76,5,1,9,1,P06
5,543,677,322,5,1,9,1,P06
5,544,363,63,5,1,9,1,P06
5,545,511,141,7,1,9,1,P06
5,546,778,217,8,1,9,1,P06
5,547,365,104,9,1,9,1,P06
5,548,522,125,6,1,9,1,P06
5,549,560,269,8,1,9,1,P06
5,550,490,134,8,1,9,1,P06
5,551,428,114,5,1,9,1,P06
5,552,652,78,8,1,9,1,P06
5,553,566,139,7,1,9,1,P06
5,554,539,256,7,1,9,1,P06
5,555,491,171,10,1,9,1,P06
5,556,699,153,7,1,9,1,P06
5,557,819,171,7,1,9,1,P06
5,558,413,295,2,1,9,1,P06
5,559,427,199,8,1,9,1,P06
5,560,558,173,9,1,9,1,P06
5,561,513,224,7,1,9,1,P06
5,562,669,180,4,1,9,1,P06
5,563,808,188,10,1,9,1,P06
5,564,726,246,5,1,9,1,P06
5,565,621,329,11,1,9,1,P06
5,566,474,284,5,1,9,1,P06
5,567,313,100,6,1,9,1,P06
5,568,490,88,11,1,9,1,P06
5,569,300,153,8,1,9,1,P06
5,570,412,87,9,1,9,1,P06
5,571,560,120,9,1,9,1,P06
5,572,387,33,7,1,9,1,P06
5,573,381,277,4,1,9,1,P06
5,574,826,91,6,1,9,1,P06
5,575,409,175,8,1,9,1,P06
5,576,293,326,7,1,9,1,P06
5,577,402,122,3,1,9,1,P06
5,578,764,208,6,1,9,1,P06
5,579,751,99,14,1,9,1,P06
5,580,603,116,6,1,9,1,P06
5,581,436,158,10,1,9,1,P06
5,582,666,110,9,1,9,1,P06
5,583,338,94,4,1,9,1,P06
5,584,457,113,5,1,9,1,P06
5,585,637,81,10,1,9,1,P06
5,586,694,259,4,1,9,1,P06
5,587,697,293,9,1,9,1,P06
5,588,356,96,6,1,9,1,P06
5,589,462,225,6,1,9,1,P06
5,590,466,102,6,1,9,1,P06
5,591,598,142,8,1,9,1,P06
5,592,371,53,6,1,9,1,P06
5,593,561,111,4,1,9,1,P06
5,594,453,80,9,1,9,1,P06
5,595,666,192,8,1,9,1,P06
5,596,518,173,6,1,9,1,P06
5,597,581,160,7,1,9,1,P06
5,598,465,207,11,1,9,1,P06
5,599,359,94,7,1,9,1,P06
5,600,535,149,4,1,9,1,P06
5,601,408,143,6,2,9,1,P06
5,602,532,121,7,1,9,1,P06
5,603,397,109,12,1,9,1,P06
5,604,717,144,9,1,9,1,P06
5,605,533,79,12,1,9,1,P06
5,606,358,112,9,1,9,1,P06
5,607,622,152,13,1,9,1,P06
5,608,607,243,9,1,9,1,P06
5,609,447,130,5,2,9,1,P06
5,610,364,65,6,1,9,1,P06
5,611,328,105,7,1,9,1,P06
5,612,592,153,8,1,9,1,P06
5,613,912,65,8,1,9,1,P06
5,614,872,120,7,1,9,1,P06
5,615,551,243,9,1,9,1,P06
5,616,576,174,9,1,9,1,P06
5,617,609,220,8,1,9,1,P06
5,618,450,62,4,1,9,1,P06
5,619,385,71,13,1,9,1,P06
5,620,422,126,7,1,9,1,P06
5,621,711,210,8,1,9,1,P06
5,622,835,84,6,1,9,1,P06
5,623,450,211,4,1,9,1,P06
5,624,769,129,12,1,9,1,P06
5,625,606,250,8,1,9,1,P06
5,626,516,107,6,1,9,1,P06
5,627,433,152,7,1,9,1,P06
5,628,454,157,5,1,9,1,P06
5,629,423,186,8,1,9,1,P06
5,630,490,120,7,1,9,1,P06
5,631,638,163,12,1,9,1,P06
5,632,457,149,8,1,9,1,P06
5,633,350,175,3,1,9,1,P06
5,634,538,196,3,1,9,1,P06
5,635,489,232,4,1,9,1,P06
5,636,345,57,11,1,9,1,P06
5,637,335,111,6,1,9,1,P06
5,638,361,96,8,1,9,1,P06
5,639,571,308,3,1,9,1,P06
5,640,541,170,8,1,9,1,P06
5,641,509,99,10,1,9,1,P06
5,642,514,163,6,1,9,1,P06
5,643,558,146,6,1,9,1,P06
5,644,350,132,6,1,9,1,P06
5,645,563,133,6,1,9,1,P06
5,646,422,91,11,1,9,1,P06
5,647,364,133,5,1,9,1,P06
5,648,342,106,5,1,9,1,P06
5,649,332,164,6,1,9,1,P06
5,650,730,177,9,1,9,1,P06
5,651,655,158,10,1,9,1,P06
5,652,506,62,10,1,9,1,P06
5,653,596,310,3,1,9,1,P06
5,654,365,159,5,1,9,1,P06
5,655,615,240,10,1,9,1,P06
5,656,358,69,8,1,9,1,P06
5,657,445,116,13,1,9,1,P06
5,658,668,302,7,1,9,1,P06
5,659,628,346,6,1,9,1,P06
5,660,250,213,5,1,9,1,P06
5,661,642,320,10,1,9,1,P06
5,662,750,235,6,1,9,1,P06
5,663,603,174,5,1,9,1,P06
5,664,735,212,9,1,9,1,P06
5,665,570,132,7,1,9,1,P06
5,666,618,231,10,1,9,1,P06
5,667,614,88,8,1,9,1,P06
5,668,496,84,7,1,9,1,P06
5,669,386,31,6,1,9,1,P06
5,670,499,54,6,1,9,1,P06
5,671,462,132,8,1,9,1,P06
5,672,563,193,2,1,9,1,P06
5,673,533,143,8,1,9,1,P06
5,674,630,315,1,1,9,1,P06
5,675,345,107,2,1,9,1,P06
5,676,725,201,11,1,9,1,P06
5,677,769,155,6,1,9,1,P06
5,678,301,105,9,1,9,1,P06
5,679,529,135,7,1,9,1,P06
5,680,843,107,8,1,9,1,P06
5,681,471,118,9,1,9,1,P06
5,682,556,108,13,1,9,1,P06
5,683,575,97,9,1,9,1,P06
5,684,708,218,11,1,9,1,P06
5,685,622,87,12,1,9,1,P06
5,686,342,150,6,1,9,1,P06
5,687,404,115,5,1,9,1,P06
5,688,768,88,6,1,9,1,P06
5,689,443,245,4,1,9,1,P06
5,690,638,219,9,1,9,1,P06
5,691,487,194,10,1,9,1,P06
5,692,428,116,10,1,9,1,P06
5,693,379,184,3,1,9,1,P06
5,694,420,79,6,1,9,1,P06
5,695,886,102,3,1,9,1,P06
5,696,634,250,8,2,9,1,P06
5,697,480,130,3,1,9,1,P06
5,698,597,127,7,1,9,1,P06
5,699,581,91,7,1,9,1,P06
5,700,471,122,5,1,9,1,P06
5,701,219,194,10,1,9,1,P06
5,702,660,197,3,1,9,1,P06
5,703,700,254,8,1,9,1,P06
5,704,409,132,5,1,9,1,P06
5,705,583,165,5,1,9,1,P06
5,706,484,148,5,1,9,1,P06
5,707,575,169,9,1,9,1,P06
5,708,361,156,6,1,9,1,P06
5,709,592,98,6,1,9,1,P06
5,710,377,52,6,1,9,1,P06
5,711,577,244,9,1,9,1,P06
5,712,543,409,6,1,9,1,P06
5,713,343,115,3,1,9,1,P06
5,714,822,164,7,1,9,1,P06
5,715,448,215,4,1,9,1,P06
5,716,664,216,12,1,9,1,P06
5,717,464,191,5,1,9,1,P06
5,718,520,135,6,1,9,1,P06
5,719,638,162,8,1,9,1,P06
5,720,717,145,6,1,9,1,P06
5,721,597,236,3,1,9,1,P06
5,722,636,94,7,1,9,1,P06
5,723,700,266,2,1,9,1,P06
5,724,741,213,1,1,9,1,P06
5,725,631,266,8,1,9,1,P06
5,726,537,155,6,1,9,1,P06
5,727,445,133,6,1,9,1,P06
5,728,350,164,5,1,9,1,P06
5,729,397,186,6,1,9,1,P06
5,730,437,94,7,1,9,1,P06
5,731,526,153,5,1,9,1,P06
5,732,522,315,1,1,9,1,P06
5,733,825,114,8,1,9,1,P06
5,734,414,151,8,1,9,1,P06
5,735,562,242,7,1,9,1,P06
5,736,465,410,7,1,9,1,P06
5,737,749,77,13,1,9,1,P06
5,738,813,104,11,1,9,1,P06
5,739,367,61,9,1,9,1,P06
5,740,482,191,8,1,9,1,P06
5,741,430,47,8,1,9,1,P06
5,742,597,198,6,1,9,1,P06
5,743,559,136,6,1,9,1,P06
5,744,700,148,7,1,9,1,P06
5,745,706,155,3,1,9,1,P06
5,746,786,126,5,1,9,1,P06
5,747,448,77,9,1,9,1,P06
5,748,779,117,6,1,9,1,P06
5,749,721,156,9,1,9,1,P06
5,750,595,169,4,1,9,1,P06
5,751,627,148,2,1,9,1,P06
5,752,710,202,4,1,9,1,P06
5,753,455,152,8,1,9,1,P06
5,754,423,122,6,1,9,1,P06
5,755,569,114,6,1,9,1,P06
5,756,370,76,9,1,9,1,P06
5,757,293,137,5,1,9,1,P06
5,758,356,127,7,1,9,1,P06
5,759,736,107,11,1,9,1,P06
5,760,548,169,4,1,9,1,P06
5,761,680,90,9,1,9,1,P06
5,762,686,157,9,1,9,1,P06
5,763,642,192,4,1,9,1,P06
5,764,357,110,8,1,9,1,P06
5,765,580,89,10,1,9,1,P06
5,766,337,112,4,1,9,1,P06
5,767,751,229,7,1,9,1,P06
5,768,352,105,7,1,9,1,P06
5,769,559,294,5,1,9,1,P06
5,770,440,23,4,1,9,1,P06
5,771,316,135,8,1,9,1,P06
5,772,643,164,8,1,9,1,P06
5,773,742,142,7,1,9,1,P06
5,774,697,179,12,1,9,1,P06
5,775,327,135,4,2,9,1,P06
5,776,467,142,9,1,9,1,P06
5,777,748,183,11,1,9,1,P06
5,778,505,80,9,1,9,1,P06
5,779,453,70,10,1,9,1,P06
5,780,494,68,17,1,9,1,P06
5,781,682,113,13,1,9,1,P06
5,782,654,275,5,2,9,1,P06
5,783,476,124,7,1,9,1,P06
5,784,435,57,8,1,9,1,P06
5,785,734,147,9,1,9,1,P06
5,786,428,113,2,1,9,1,P06
5,787,375,193,9,1,9,1,P06
5,788,309,229,5,1,9,1,P06
5,789,665,143,10,1,9,1,P06
5,790,471,171,3,1,9,1,P06
5,791,848,136,3,1,9,1,P06
5,792,409,150,6,1,9,1,P06
5,793,319,86,3,2,9,1,P06
5,794,343,98,6,1,9,1,P06
5,795,511,135,8,1,9,1,P06
5,796,498,159,5,1,9,1,P06
5,797,825,146,12,1,9,1,P06
5,798,465,208,10,1,9,1,P06
5,799,751,197,7,1,9,1,P06
5,800,636,103,6,1,9,1,P06
5,801,545,105,10,1,9,1,P06
5,802,425,123,9,1,9,1,P06
5,803,333,80,10,1,9,1,P06
5,804,533,163,5,1,9,1,P06
5,805,348,81,8,1,9,1,P06
5,806,771,223,8,1,9,1,P06
5,807,700,141,6,1,9,1,P06
5,808,548,283,7,1,9,1,P06
5,809,522,256,8,1,9,1,P06
5,810,617,241,4,1,9,1,P06
5,811,766,135,4,1,9,1,P06
5,812,490,177,5,1,9,1,P06
5,813,644,271,6,1,9,1,P06
5,814,436,124,9,1,9,1,P06
5,815,450,59,9,1,9,1,P06
5,816,862,119,6,1,9,1,P06
5,817,696,199,12,1,9,1,P06
5,818,402,46,9,1,9,1,P06
5,819,840,75,13,1,9,1,P06
5,820,532,116,5,1,9,1,P06
5,821,643,132,8,1,9,1,P06
5,822,594,226,6,1,9,1,P06
5,823,522,113,3,1,9,1,P06
5,824,565,303,5,1,9,1,P06
5,825,644,189,7,1,9,1,P06
5,826,535,141,5,1,9,1,P06
5,827,696,142,7,1,9,1,P06
5,828,322,85,9,1,9,1,P06
5,829,566,245,4,1,9,1,P06
5,830,678,156,2,1,9,1,P06
5,831,352,165,6,1,9,1,P06
5,832,452,142,9,1,9,1,P06
5,833,395,150,3,1,9,1,P06
5,834,493,130,13,1,9,1,P06
5,835,498,101,6,1,9,1,P06
5,836,548,144,11,1,9,1,P06
5,837,779,188,3,1,9,1,P06
5,838,354,103,13,1,9,1,P06
5,839,517,86,9,1,9,1,P06
5,840,504,260,2,1,9,1,P06
5,841,780,174,3,1,9,1,P06
5,842,607,92,7,1,9,1,P06
5,843,654,147,8,1,9,1,P06
5,844,453,111,9,1,9,1,P06
5,845,403,227,3,1,9,1,P06
5,846,336,224,3,1,9,1,P06
5,847,654,90,6,1,9,1,P06
5,848,403,232,1,1,9,1,P06
5,849,427,77,13,1,9,1,P06
5,850,546,148,10,1,9,1,P06
5,851,333,91,7,1,9,1,P06
5,852,621,79,8,1,9,1,P06
5,853,774,144,5,1,9,1,P06
5,854,371,81,7,1,9,1,P06
5,855,707,214,2,1,9,1,P06
5,856,565,56,8,1,9,1,P06
5,857,364,147,3,1,9,1,P06
5,858,550,78,11,1,9,1,P06
5,859,558,171,12,1,9,1,P06
5,860,702,218,7,1,9,1,P06
5,861,284,139,4,1,9,1,P06
5,862,673,294,5,1,9,1,P06
5,863,525,77,5,1,9,1,P06
5,864,527,141,7,1,9,1,P06
5,865,348,56,6,1,9,1,P06
5,866,422,124,9,1,9,1,P06
5,867,787,97,12,1,9,1,P06
5,868,852,124,10,1,9,1,P06
5,869,519,170,5,1,9,1,P06
5,870,310,152,1,1,9,1,P06
5,871,436,200,6,1,9,1,P06
5,872,329,128,3,1,9,1,P06
5,873,357,64,8,1,9,1,P06
5,874,643,110,5,1,9,1,P06
5,875,814,126,5,1,9,1,P06
5,876,804,140,4,1,9,1,P06
5,877,617,220,5,1,9,1,P06
5,878,435,189,5,1,9,1,P06
5,879,561,149,2,1,9,1,P06
5,880,403,90,5,1,9,1,P06
5,881,504,272,8,1,9,1,P06
5,882,332,138,11,2,9,1,P06
5,883,569,156,9,2,9,1,P06
5,884,432,223,7,1,9,1,P06
5,885,357,46,8,1,9,1,P06
5,886,274,128,3,1,9,1,P06
5,887,682,274,8,1,9,1,P06
5,888,282,162,3,1,9,1,P06
5,889,405,131,10,1,9,1,P06
5,890,725,134,8,1,9,1,P06
5,891,600,216,8,1,9,1,P06
5,892,397,52,7,1,9,1,P06
5,893,624,215,7,1,9,1,P06
5,894,244,257,1,1,9,1,P06
5,895,308,104,5,1,9,1,P06
5,896,821,118,12,1,9,1,P06
5,897,661,205,5,1,9,1,P06
5,898,595,188,6,1,9,1,P06
5,899,553,111,5,1,9,1,P06
5,900,739,254,7,1,9,1,P06
5,901,418,155,7,1,9,1,P06
5,902,710,274,6,1,9,1,P06
5,903,545,227,10,1,9,1,P06
5,904,484,121,12,1,9,1,P06
5,905,389,53,2,1,9,1,P06
5,906,608,272,8,2,9,1,P06
5,907,443,297,5,1,9,1,P06
5,908,557,316,7,1,9,1,P06
5,909,741,206,12,1,9,1,P06
5,910,303,146,2,1,9,1,P06
5,911,883,111,13,1,9,1,P06
5,912,618,128,13,1,9,1,P06
5,913,502,189,7,1,9,1,P06
5,914,315,159,2,1,9,1,P06
5,915,756,177,8,1,9,1,P06
5,916,837,113,4,1,9,1,P06
5,917,605,177,10,1,9,1,P06
5,918,628,142,4,1,9,1,P06
5,919,588,141,9,1,9,1,P06
5,920,447,143,4,1,9,1,P06
5,921,443,122,3,1,9,1,P06
5,922,512,148,7,1,9,1,P06
5,923,730,190,7,1,9,1,P06
5,924,577,225,6,1,9,1,P06
5,925,587,198,5,1,9,1,P06
5,926,746,164,5,1,9,1,P06
5,927,379,98,10,1,9,1,P06
5,928,519,162,3,1,9,1,P06
5,929,532,91,4,1,9,1,P06
5,930,589,183,3,1,9,1,P06
5,931,628,127,5,1,9,1,P06
5,932,748,199,3,1,9,1,P06
5,933,596,245,5,1,9,1,P06
5,934,605,290,6,1,9,1,P06
5,935,636,236,4,1,9,1,P06
5,936,399,140,5,1,9,1,P06
5,937,616,356,13,1,9,1,P06
5,938,569,277,6,1,9,1,P06
5,939,522,81,10,1,9,1,P06
5,940,307,109,4,1,9,1,P06
5,941,330,117,9,1,9,1,P06
5,942,313,87,6,1,9,1,P06
5,943,375,110,9,1,9,1,P06
5,944,544,269,7,1,9,1,P06
5,945,682,208,8,1,9,1,P06
5,946,538,222,9,1,9,1,P06
5,947,588,285,3,1,9,1,P06
5,948,618,193,12,1,9,1,P06
5,949,348,90,5,1,9,1,P06
5,950,341,59,6,1,9,1,P06
5,951,396,293,6,2,9,1,P06
5,952,622,173,3,1,9,1,P06
5,953,637,272,4,1,9,1,P06
5,954,513,103,9,1,9,1,P06
5,955,388,239,4,1,9,1,P06
5,956,726,155,11,1,9,1,P06
5,957,550,141,15,1,9,1,P06
5,958,350,80,7,1,9,1,P06
5,959,404,326,4,1,9,1,P06
5,960,682,134,7,1,9,1,P06
5,961,388,59,10,1,9,1,P06
5,962,533,104,7,1,9,1,P06
5,963,464,114,7,1,9,1,P06
5,964,433,120,9,1,9,1,P06
5,965,405,128,4,1,9,1,P06
5,966,649,204,7,1,9,1,P06
5,967,283,126,3,1,9,1,P06
5,968,660,293,4,1,9,1,P06
5,969,637,83,13,1,9,1,P06
5,970,752,206,8,1,9,1,P06
5,971,343,103,3,1,9,1,P06
5,972,413,265,4,1,9,1,P06
5,973,426,82,3,1,9,1,P06
5,974,405,324,3,1,9,1,P06
5,975,747,173,9,1,9,1,P06
5,976,439,89,9,1,9,1,P06
5,977,671,182,7,1,9,1,P06
5,978,500,281,8,1,9,1,P06
5,979,603,338,4,1,9,1,P06
5,980,531,93,12,1,9,1,P06
5,981,533,161,6,1,9,1,P06
5,982,699,190,11,1,9,1,P06
5,983,524,253,4,1,9,1,P06
5,984,652,289,6,1,9,1,P06
5,985,545,146,6,1,9,1,P06
5,986,525,136,10,1,9,1,P06
5,987,361,76,10,1,9,1,P06
5,988,625,75,8,1,9,1,P06
5,989,353,48,5,1,9,1,P06
5,990,504,249,5,1,9,1,P06
5,991,657,209,9,1,9,1,P06
5,992,407,174,8,1,9,1,P06
5,993,699,137,14,1,9,1,P06
5,994,255,212,2,1,9,1,P06
5,995,303,119,8,1,9,1,P06
5,996,420,123,7,1,9,1,P06
5,997,657,77,6,1,9,1,P06
5,998,628,142,6,1,9,1,P06
5,999,691,95,9,1,9,1,P06
5,1000,480,189,10,1,9,1,P06
