condition,session,b1,b2,r1,r2,schedule_r1,schedule_r2,PID
1,1,34,437,1,7,1,9,P05
1,2,44,632,1,6,1,9,P05
1,3,27,393,1,5,1,9,P05
1,4,48,779,1,12,1,9,P05
1,5,27,425,1,4,1,9,P05
1,6,44,827,1,13,1,9,P05
1,7,45,572,1,8,1,9,P05
1,8,33,537,1,9,1,9,P05
1,9,39,585,1,7,1,9,P05
1,10,55,816,1,6,1,9,P05
1,11,29,423,1,10,1,9,P05
1,12,53,810,1,5,1,9,P05
1,13,43,507,1,17,1,9,P05
1,14,35,463,1,5,1,9,P05
1,15,63,796,1,10,1,9,P05
1,16,38,581,1,9,1,9,P05
1,17,44,925,1,8,1,9,P05
1,18,61,863,1,5,1,9,P05
1,19,34,940,1,11,1,9,P05
1,20,55,714,1,4,1,9,P05
1,21,74,838,1,9,1,9,P05
1,22,53,631,1,8,1,9,P05
1,23,42,580,1,16,1,9,P05
1,24,64,732,1,11,1,9,P05
1,25,64,792,1,11,1,9,P05
1,26,30,546,1,8,1,9,P05
1,27,34,551,1,7,1,9,P05
1,28,38,531,1,12,1,9,P05
1,29,27,430,1,11,1,9,P05
1,30,30,449,1,12,1,9,P05
1,31,46,475,1,13,1,9,P05
1,32,32,377,1,5,1,9,P05
1,33,25,479,1,12,1,9,P05
1,34,76,772,1,9,1,9,P05
1,35,38,436,1,12,1,9,P05
1,36,52,748,1,7,1,9,P05
1,37,31,563,1,6,1,9,P05
1,38,40,608,1,2,1,9,P05
1,39,24,431,1,6,1,9,P05
1,40,21,393,1,7,1,9,P05
1,41,39,471,1,5,1,9,P05
1,42,43,859,1,8,1,9,P05
1,43,49,791,1,10,1,9,P05
1,44,37,623,1,14,1,9,P05
1,45,45,703,1,10,1,9,P05
1,46,26,396,1,7,1,9,P05
1,47,37,377,1,8,1,9,P05
1,48,49,566,1,12,1,9,P05
1,49,60,695,1,5,1,9,P05
1,50,50,756,1,8,1,9,P05
1,51,50,593,1,6,1,9,P05
1,52,53,523,1,9,1,9,P05
1,53,23,408,1,11,1,9,P05
1,54,33,824,1,16,1,9,P05
1,55,38,691,1,9,1,9,P05
1,56,36,619,1,7,1,9,P05
1,57,47,553,1,4,1,9,P05
1,58,33,407,1,4,1,9,P05
1,59,59,795,1,7,1,9,P05
1,60,45,541,1,7,1,9,P05
1,61,63,537,1,11,1,9,P05
1,62,39,690,1,10,1,9,P05
1,63,44,690,1,10,1,9,P05
1,64,53,477,1,8,1,9,P05
1,65,38,390,1,10,1,9,P05
1,66,41,504,1,12,1,9,P05
1,67,63,702,1,9,1,9,P05
1,68,41,503,1,7,1,9,P05
1,69,56,880,1,7,1,9,P05
1,70,37,476,1,15,1,9,P05
1,71,59,777,1,7,1,9,P05
1,72,59,705,1,9,1,9,P05
1,73,47,826,1,9,1,9,P05
1,74,49,780,1,8,1,9,P05
1,75,65,787,1,12,1,9,P05
1,76,77,880,1,8,1,9,P05
1,77,80,685,1,8,1,9,P05
1,78,32,453,1,9,1,9,P05
1,79,57,770,1,8,1,9,P05
1,80,48,734,1,7,1,9,P05
1,81,44,643,2,4,1,9,P05
1,82,41,517,1,9,1,9,P05
1,83,63,888,1,8,1,9,P05
1,84,22,391,1,9,1,9,P05
1,85,62,929,1,7,1,9,P05
1,86,62,893,1,5,1,9,P05
1,87,23,435,1,4,1,9,P05
1,88,52,653,1,6,1,9,P05
1,89,36,721,1,12,1,9,P05
1,90,43,660,1,14,1,9,P05
1,91,63,791,1,7,1,9,P05
1,92,28,456,1,10,1,9,P05
1,93,61,662,1,9,1,9,P05
1,94,44,700,1,8,1,9,P05
1,95,37,503,1,10,1,9,P05
1,96,31,610,1,7,1,9,P05
1,97,44,618,1,8,1,9,P05
1,98,37,435,1,5,1,9,P05
1,99,33,424,1,8,1,9,P05
1,100,64,781,1,6,1,9,P05
1,101,45,640,1,7,1,9,P05
1,102,39,540,1,12,1,9,P05
1,103,56,748,1,14,1,9,P05
1,104,39,439,1,9,1,9,P05
1,105,33,619,1,8,1,9,P05
1,106,57,762,1,8,1,9,P05
1,107,57,933,1,5,1,9,P05
1,108,34,760,1,13,1,9,P05
1,109,42,436,1,4,1,9,P05
1,110,35,407,1,11,1,9,P05
1,111,49,573,1,3,1,9,P05
1,112,52,725,1,6,1,9,P05
1,113,27,496,1,8,1,9,P05
1,114,39,509,1,9,1,9,P05
1,115,52,754,1,8,1,9,P05
1,116,42,618,1,11,1,9,P05
1,117,79,907,1,6,1,9,P05
1,118,53,548,1,10,1,9,P05
1,119,28,480,1,5,1,9,P05
1,120,45,657,1,6,1,9,P05
1,121,38,787,1,10,1,9,P05
1,122,35,728,1,5,1,9,P05
1,123,42,539,1,6,1,9,P05
1,124,33,569,1,9,1,9,P05
1,125,49,677,1,8,1,9,P05
1,126,47,787,1,5,1,9,P05
1,127,55,720,1,9,1,9,P05
1,128,39,796,1,6,1,9,P05
1,129,36,467,1,6,1,9,P05
1,130,35,730,1,10,1,9,P05
1,131,44,582,1,10,1,9,P05
1,132,62,493,1,11,1,9,P05
1,133,35,520,1,6,1,9,P05
1,134,56,570,1,7,1,9,P05
1,135,60,889,1,5,1,9,P05
1,136,36,789,1,4,1,9,P05
1,137,38,429,1,9,1,9,P05
1,138,41,803,1,6,1,9,P05
1,139,48,583,1,10,1,9,P05
1,140,40,573,1,6,1,9,P05
1,141,31,670,1,6,1,9,P05
1,142,67,881,1,5,1,9,P05
1,143,59,796,1,7,1,9,P05
1,144,31,481,1,10,1,9,P05
1,145,40,617,1,6,1,9,P05
1,146,30,663,1,14,1,9,P05
1,147,18,388,1,6,1,9,P05
1,148,64,730,1,7,1,9,P05
1,149,55,774,1,7,1,9,P05
1,150,45,555,1,8,1,9,P05
1,151,33,666,1,12,1,9,P05
1,152,52,511,1,6,1,9,P05
1,153,59,922,1,12,1,9,P05
1,154,53,509,1,9,1,9,P05
1,155,65,654,1,7,1,9,P05
1,156,28,436,1,6,1,9,P05
1,157,51,608,1,7,1,9,P05
1,158,24,537,1,7,1,9,P05
1,159,41,679,1,12,1,9,P05
1,160,59,748,1,10,1,9,P05
1,161,37,571,1,7,1,9,P05
1,162,49,433,1,5,1,9,P05
1,163,45,455,1,7,1,9,P05
1,164,54,841,1,9,1,9,P05
1,165,45,617,1,8,1,9,P05
1,166,76,909,1,4,1,9,P05
1,167,86,854,1,7,1,9,P05
1,168,67,753,1,4,1,9,P05
1,169,43,663,1,6,1,9,P05
1,170,40,564,1,10,1,9,P05
1,171,52,686,1,9,1,9,P05
1,172,62,933,1,8,1,9,P05
1,173,25,535,1,9,1,9,P05
1,174,22,396,1,1,1,9,P05
1,175,56,697,1,16,1,9,P05
1,176,57,664,1,3,1,9,P05
1,177,104,699,1,8,1,9,P05
1,178,42,672,1,12,1,9,P05
1,179,28,455,1,5,1,9,P05
1,180,72,748,1,7,1,9,P05
1,181,47,533,1,6,1,9,P05
1,182,31,406,1,10,1,9,P05
1,183,45,626,1,7,1,9,P05
1,184,34,467,1,5,1,9,P05
1,185,24,542,1,4,1,9,P05
1,186,71,903,1,6,1,9,P05
1,187,36,531,1,8,1,9,P05
1,188,57,856,1,7,1,9,P05
1,189,42,640,1,8,1,9,P05
1,190,60,816,1,7,1,9,P05
1,191,41,562,1,8,1,9,P05
1,192,33,514,1,9,1,9,P05
1,193,19,405,1,14,1,9,P05
1,194,54,712,1,6,1,9,P05
1,195,54,781,1,7,1,9,P05
1,196,52,850,1,10,1,9,P05
1,197,72,897,1,7,1,9,P05
1,198,52,603,1,4,1,9,P05
1,199,41,600,1,7,1,9,P05
1,200,23,529,1,9,1,9,P05
1,201,73,791,1,5,1,9,P05
1,202,54,746,1,8,1,9,P05
1,203,34,512,1,11,1,9,P05
1,204,40,564,1,14,1,9,P05
1,205,26,466,1,9,1,9,P05
1,206,58,725,1,7,1,9,P05
1,207,23,582,1,7,1,9,P05
1,208,38,485,1,7,1,9,P05
1,209,79,903,1,12,1,9,P05
1,210,46,653,1,10,1,9,P05
1,211,60,776,1,5,1,9,P05
1,212,67,923,1,11,1,9,P05
1,213,58,792,1,6,1,9,P05
1,214,65,749,1,12,1,9,P05
1,215,37,553,1,10,1,9,P05
1,216,57,913,1,7,1,9,P05
1,217,33,573,1,9,1,9,P05
1,218,27,401,1,11,1,9,P05
1,219,48,558,1,6,1,9,P05
1,220,38,411,1,9,1,9,P05
1,221,53,766,1,6,1,9,P05
1,222,26,384,1,7,1,9,P05
1,223,23,482,1,7,1,9,P05
1,224,33,398,1,11,1,9,P05
1,225,50,739,1,6,1,9,P05
1,226,51,770,1,8,1,9,P05
1,227,40,747,1,8,1,9,P05
1,228,47,667,1,11,1,9,P05
1,229,43,499,1,5,1,9,P05
1,230,40,624,1,9,1,9,P05
1,231,80,726,1,7,1,9,P05
1,232,46,626,1,11,1,9,P05
1,233,72,774,1,7,1,9,P05
1,234,43,638,1,11,1,9,P05
1,235,60,917,1,9,1,9,P05
1,236,36,475,1,8,1,9,P05
1,237,51,897,1,6,1,9,P05
1,238,58,779,1,4,1,9,P05
1,239,42,742,1,8,1,9,P05
1,240,69,920,1,6,1,9,P05
1,241,77,854,1,7,1,9,P05
1,242,41,695,1,10,1,9,P05
1,243,37,552,1,7,1,9,P05
1,244,31,471,1,14,1,9,P05
1,245,37,564,1,12,1,9,P05
1,246,32,443,1,7,1,9,P05
1,247,50,663,1,6,1,9,P05
1,248,74,901,1,7,1,9,P05
1,249,37,645,1,5,1,9,P05
1,250,37,452,1,6,1,9,P05
1,251,56,804,1,5,1,9,P05
1,252,54,816,1,7,1,9,P05
1,253,58,928,1,12,1,9,P05
1,254,42,551,1,8,1,9,P05
1,255,22,485,1,7,1,9,P05
1,256,58,937,1,6,1,9,P05
1,257,57,625,1,4,1,9,P05
1,258,22,437,1,8,1,9,P05
1,259,65,648,1,9,1,9,P05
1,260,52,747,1,7,1,9,P05
1,261,49,722,1,11,1,9,P05
1,262,33,438,1,13,1,9,P05
1,263,51,712,1,7,1,9,P05
1,264,39,659,1,7,1,9,P05
1,265,46,573,1,9,1,9,P05
1,266,37,631,1,9,1,9,P05
1,267,70,876,1,7,1,9,P05
1,268,39,577,1,7,1,9,P05
1,269,50,862,1,7,1,9,P05
1,270,69,858,1,9,1,9,P05
1,271,23,466,1,9,1,9,P05
1,272,60,744,1,4,1,9,P05
1,273,53,767,1,7,1,9,P05
1,274,35,776,1,9,1,9,P05
1,275,28,406,1,6,1,9,P05
1,276,49,683,1,15,1,9,P05
1,277,71,858,1,6,1,9,P05
1,278,68,654,1,6,1,9,P05
1,279,40,470,1,11,1,9,P05
1,280,34,618,1,9,1,9,P05
1,281,64,824,1,9,1,9,P05
1,282,68,766,1,10,1,9,P05
1,283,31,665,1,5,1,9,P05
1,284,50,590,1,9,1,9,P05
1,285,54,784,1,8,1,9,P05
1,286,45,683,1,9,1,9,P05
1,287,13,503,1,5,1,9,P05
1,288,38,491,1,5,1,9,P05
1,289,43,731,1,12,1,9,P05
1,290,74,867,1,9,1,9,P05
1,291,39,486,1,10,1,9,P05
1,292,23,435,1,8,1,9,P05
1,293,71,903,1,8,1,9,P05
1,294,29,397,1,7,1,9,P05
1,295,38,440,1,7,1,9,P05
1,296,19,474,1,12,1,9,P05
1,297,34,707,1,6,1,9,P05
1,298,40,642,1,4,1,9,P05
1,299,51,577,1,9,1,9,P05
1,300,53,867,1,3,1,9,P05
1,301,44,739,1,9,1,9,P05
1,302,40,632,1,6,1,9,P05
1,303,63,828,1,7,1,9,P05
1,304,53,798,1,10,1,9,P05
1,305,21,475,1,10,1,9,P05
1,306,23,545,1,18,1,9,P05
1,307,31,482,1,4,1,9,P05
1,308,24,551,1,5,1,9,P05
1,309,33,639,1,11,1,9,P05
1,310,51,752,1,8,1,9,P05
1,311,39,537,1,9,1,9,P05
1,312,67,796,1,7,1,9,P05
1,313,47,811,1,6,1,9,P05
1,314,34,444,1,12,1,9,P05
1,315,31,419,1,9,1,9,P05
1,316,40,452,1,9,1,9,P05
1,317,59,737,1,4,1,9,P05
1,318,71,848,1,9,1,9,P05
1,319,57,752,1,6,1,9,P05
1,320,30,439,1,6,1,9,P05
1,321,28,551,1,10,1,9,P05
1,322,42,666,1,11,1,9,P05
1,323,52,757,1,6,1,9,P05
1,324,31,650,1,10,1,9,P05
1,325,49,927,1,12,1,9,P05
1,326,40,615,1,14,1,9,P05
1,327,28,375,1,12,1,9,P05
1,328,35,571,1,8,1,9,P05
1,329,64,768,1,12,1,9,P05
1,330,52,825,1,7,1,9,P05
1,331,39,511,1,6,1,9,P05
1,332,39,477,1,8,1,9,P05
1,333,17,412,1,7,1,9,P05
1,334,48,572,1,8,1,9,P05
1,335,20,398,1,6,1,9,P05
1,336,39,544,1,4,1,9,P05
1,337,47,635,1,12,1,9,P05
1,338,35,510,1,5,1,9,P05
1,339,41,569,1,7,1,9,P05
1,340,36,445,1,12,1,9,P05
1,341,37,673,1,10,1,9,P05
1,342,78,800,1,6,1,9,P05
1,343,35,578,1,9,1,9,P05
1,344,43,892,1,8,1,9,P05
1,345,50,704,1,9,1,9,P05
1,346,42,625,1,3,1,9,P05
1,347,39,544,1,7,1,9,P05
1,348,54,740,1,9,1,9,P05
1,349,54,645,1,9,1,9,P05
1,350,67,825,1,10,1,9,P05
1,351,57,784,1,5,1,9,P05
1,352,63,748,1,10,1,9,P05
1,353,45,572,1,8,1,9,P05
1,354,24,530,1,9,1,9,P05
1,355,44,626,1,7,1,9,P05
1,356,48,571,1,9,1,9,P05
1,357,52,450,1,7,1,9,P05
1,358,61,874,1,9,1,9,P05
1,359,23,479,1,9,1,9,P05
1,360,25,430,1,9,1,9,P05
1,361,59,874,1,3,1,9,P05
1,362,29,613,1,14,1,9,P05
1,363,25,383,1,7,1,9,P05
1,364,27,447,1,13,1,9,P05
1,365,40,612,1,6,1,9,P05
1,366,27,403,1,9,1,9,P05
1,367,57,655,1,8,1,9,P05
1,368,63,827,1,7,1,9,P05
1,369,56,756,1,9,1,9,P05
1,370,43,768,1,13,1,9,P05
1,371,27,471,1,8,1,9,P05
1,372,56,786,1,9,1,9,P05
1,373,35,393,1,6,1,9,P05
1,374,84,858,1,10,1,9,P05
1,375,34,382,1,9,1,9,P05
1,376,37,536,1,6,1,9,P05
1,377,31,685,1,10,1,9,P05
1,378,65,721,1,5,1,9,P05
1,379,51,846,1,8,1,9,P05
1,380,72,855,1,7,1,9,P05
1,381,88,900,1,14,1,9,P05
1,382,26,380,1,9,1,9,P05
1,383,38,462,1,9,1,9,P05
1,384,52,843,1,6,1,9,P05
1,385,51,583,1,6,1,9,P05
1,386,54,589,1,10,1,9,P05
1,387,97,714,1,7,1,9,P05
1,388,78,876,1,9,1,9,P05
1,389,38,590,1,6,1,9,P05
1,390,37,478,1,8,1,9,P05
1,391,49,540,1,5,1,9,P05
1,392,29,620,1,11,1,9,P05
1,393,47,891,1,11,1,9,P05
1,394,49,729,1,11,1,9,P05
1,395,63,634,1,10,1,9,P05
1,396,52,649,1,12,1,9,P05
1,397,54,621,1,6,1,9,P05
1,398,40,412,1,8,1,9,P05
1,399,63,732,1,13,1,9,P05
1,400,62,613,1,8,1,9,P05
1,401,60,761,1,15,1,9,P05
1,402,72,877,1,9,1,9,P05
1,403,40,569,1,7,1,9,P05
1,404,31,589,1,7,1,9,P05
1,405,28,489,1,7,1,9,P05
1,406,31,587,1,12,1,9,P05
1,407,69,842,1,5,1,9,P05
1,408,45,681,1,11,1,9,P05
1,409,51,661,1,5,1,9,P05
1,410,45,583,1,9,1,9,P05
1,411,33,505,1,4,1,9,P05
1,412,58,850,1,6,1,9,P05
1,413,58,754,1,7,1,9,P05
1,414,38,738,1,11,1,9,P05
1,415,28,394,1,12,1,9,P05
1,416,44,525,1,9,1,9,P05
1,417,49,553,1,8,1,9,P05
1,418,53,741,1,10,1,9,P05
1,419,41,796,1,4,1,9,P05
1,420,69,761,1,6,1,9,P05
1,421,68,892,1,6,1,9,P05
1,422,37,601,1,6,1,9,P05
1,423,38,563,1,4,1,9,P05
1,424,42,558,1,4,1,9,P05
1,425,37,553,1,9,1,9,P05
1,426,39,568,1,12,1,9,P05
1,427,61,671,1,5,1,9,P05
1,428,50,666,1,5,1,9,P05
1,429,39,492,1,9,1,9,P05
1,430,68,630,1,6,1,9,P05
1,431,54,498,1,9,1,9,P05
1,432,43,772,1,7,1,9,P05
1,433,54,795,1,12,1,9,P05
1,434,40,635,1,9,1,9,P05
1,435,75,734,1,10,1,9,P05
1,436,60,884,1,5,1,9,P05
1,437,31,427,1,11,1,9,P05
1,438,33,430,1,10,1,9,P05
1,439,29,616,1,8,1,9,P05
1,440,48,934,1,5,1,9,P05
1,441,70,729,1,10,1,9,P05
1,442,58,697,1,10,1,9,P05
1,443,47,835,1,6,1,9,P05
1,444,40,629,1,3,1,9,P05
1,445,40,553,1,6,1,9,P05
1,446,38,590,1,5,1,9,P05
1,447,43,514,1,4,1,9,P05
1,448,28,463,1,6,1,9,P05
1,449,25,404,1,12,1,9,P05
1,450,51,701,1,9,1,9,P05
1,451,47,942,1,10,1,9,P05
1,452,41,481,1,10,1,9,P05
1,453,63,670,1,10,1,9,P05
1,454,62,664,1,8,1,9,P05
1,455,38,548,1,8,1,9,P05
1,456,28,538,1,5,1,9,P05
1,457,50,808,1,8,1,9,P05
1,458,72,825,1,15,1,9,P05
1,459,43,917,1,7,1,9,P05
1,460,40,439,1,9,1,9,P05
1,461,58,633,1,7,1,9,P05
1,462,68,667,1,7,1,9,P05
1,463,32,572,1,8,1,9,P05
1,464,30,449,1,7,1,9,P05
1,465,60,905,1,11,1,9,P05
1,466,38,593,1,8,1,9,P05
1,467,40,426,1,5,1,9,P05
1,468,49,821,1,10,1,9,P05
1,469,20,423,1,11,1,9,P05
1,470,69,919,1,10,1,9,P05
1,471,46,662,1,9,1,9,P05
1,472,31,568,1,6,1,9,P05
1,473,71,800,1,9,1,9,P05
1,474,31,836,1,14,1,9,P05
1,475,54,817,1,10,1,9,P05
1,476,82,897,1,7,1,9,P05
1,477,64,773,1,9,1,9,P05
1,478,57,710,1,15,1,9,P05
1,479,50,915,1,8,1,9,P05
1,480,56,685,1,8,1,9,P05
1,481,51,555,1,13,1,9,P05
1,482,56,840,1,7,1,9,P05
1,483,59,679,1,9,1,9,P05
1,484,63,786,1,4,1,9,P05
1,485,59,743,1,9,1,9,P05
1,486,35,619,1,10,1,9,P05
1,487,29,457,1,5,1,9,P05
1,488,28,509,1,5,1,9,P05
1,489,39,393,1,5,1,9,P05
1,490,48,699,1,4,1,9,P05
1,491,40,804,1,11,1,9,P05
1,492,23,377,1,10,1,9,P05
1,493,35,660,1,7,1,9,P05
1,494,45,556,1,6,1,9,P05
1,495,40,754,1,11,1,9,P05
1,496,30,532,1,7,1,9,P05
1,497,60,866,1,7,1,9,P05
1,498,34,446,1,9,1,9,P05
1,499,40,599,1,9,1,9,P05
1,500,29,465,1,6,1,9,P05
1,501,43,615,1,12,1,9,P05
1,502,56,857,1,7,1,9,P05
1,503,48,592,1,8,1,9,P05
1,504,67,826,1,8,1,9,P05
1,505,75,919,1,9,1,9,P05
1,506,50,927,1,12,1,9,P05
1,507,52,907,1,6,1,9,P05
1,508,42,611,1,11,1,9,P05
1,509,25,541,1,8,1,9,P05
1,510,53,653,1,9,1,9,P05
1,511,37,451,1,10,1,9,P05
1,512,36,538,1,10,1,9,P05
1,513,43,773,1,4,1,9,P05
1,514,43,772,1,6,1,9,P05
1,515,43,769,1,8,1,9,P05
1,516,30,603,1,7,1,9,P05
1,517,74,891,1,8,1,9,P05
1,518,39,488,1,7,1,9,P05
1,519,26,466,1,7,1,9,P05
1,520,48,436,1,8,1,9,P05
1,521,41,601,1,7,1,9,P05
1,522,83,891,1,7,1,9,P05
1,523,49,520,1,10,1,9,P05
1,524,45,626,1,5,1,9,P05
1,525,31,502,1,8,1,9,P05
1,526,44,726,1,11,1,9,P05
1,527,60,776,1,5,1,9,P05
1,528,30,565,1,7,1,9,P05
1,529,12,392,1,4,1,9,P05
1,530,46,740,1,6,1,9,P05
1,531,58,724,1,12,1,9,P05
1,532,17,400,1,10,1,9,P05
1,533,45,736,1,8,1,9,P05
1,534,62,909,1,11,1,9,P05
1,535,53,879,1,12,1,9,P05
1,536,50,712,1,14,1,9,P05
1,537,34,514,1,5,1,9,P05
1,538,42,668,1,11,1,9,P05
1,539,73,925,1,2,1,9,P05
1,540,21,438,1,8,1,9,P05
1,541,57,736,1,12,1,9,P05
1,542,67,780,1,6,1,9,P05
1,543,52,482,1,13,1,9,P05
1,544,35,494,1,12,1,9,P05
1,545,52,829,1,11,1,9,P05
1,546,24,388,1,8,1,9,P05
1,547,20,494,1,13,1,9,P05
1,548,64,868,1,4,1,9,P05
1,549,19,386,1,10,1,9,P05
1,550,56,604,1,5,1,9,P05
1,551,68,893,1,4,1,9,P05
1,552,63,625,1,8,1,9,P05
1,553,58,822,1,7,1,9,P05
1,554,34,721,1,7,1,9,P05
1,555,55,736,1,9,1,9,P05
1,556,68,664,1,10,1,9,P05
1,557,45,674,1,4,1,9,P05
1,558,57,930,1,13,1,9,P05
1,559,27,467,1,6,1,9,P05
1,560,30,409,1,10,1,9,P05
1,561,36,529,1,7,1,9,P05
1,562,30,482,1,10,1,9,P05
1,563,47,625,1,4,1,9,P05
1,564,36,484,1,11,1,9,P05
1,565,22,573,1,4,1,9,P05
1,566,57,806,1,12,1,9,P05
1,567,71,927,1,11,1,9,P05
1,568,56,720,1,5,1,9,P05
1,569,28,428,1,8,1,9,P05
1,570,50,783,1,18,1,9,P05
1,571,40,513,1,6,1,9,P05
1,572,32,529,1,13,1,9,P05
1,573,54,885,1,10,1,9,P05
1,574,33,650,1,9,1,9,P05
1,575,44,680,1,10,1,9,P05
1,576,76,905,1,5,1,9,P05
1,577,35,600,1,7,1,9,P05
1,578,48,830,1,11,1,9,P05
1,579,65,918,1,4,1,9,P05
1,580,56,700,1,14,1,9,P05
1,581,63,920,1,13,1,9,P05
1,582,30,641,1,11,1,9,P05
1,583,52,484,1,7,1,9,P05
1,584,25,399,1,9,1,9,P05
1,585,32,477,1,7,1,9,P05
1,586,50,597,1,6,1,9,P05
1,587,43,665,1,6,1,9,P05
1,588,40,671,1,10,1,9,P05
1,589,38,743,1,7,1,9,P05
1,590,32,398,1,17,1,9,P05
1,591,45,683,1,5,1,9,P05
1,592,43,789,1,9,1,9,P05
1,593,54,554,1,10,1,9,P05
1,594,56,401,1,6,1,9,P05
1,595,33,554,1,13,1,9,P05
1,596,34,633,1,7,1,9,P05
1,597,36,572,1,4,1,9,P05
1,598,24,443,1,8,1,9,P05
1,599,27,433,1,5,1,9,P05
1,600,39,387,1,9,1,9,P05
1,601,63,660,1,5,1,9,P05
1,602,44,635,1,15,1,9,P05
1,603,56,850,1,9,1,9,P05
1,604,44,769,1,6,1,9,P05
1,605,48,748,1,9,1,9,P05
1,606,37,408,1,7,1,9,P05
1,607,51,648,1,7,1,9,P05
1,608,68,906,1,5,1,9,P05
1,609,40,541,1,6,1,9,P05
1,610,38,562,1,8,1,9,P05
1,611,50,764,1,5,1,9,P05
1,612,22,482,1,4,1,9,P05
1,613,61,654,1,11,1,9,P05
1,614,50,933,1,12,1,9,P05
1,615,53,624,1,11,1,9,P05
1,616,32,438,1,10,1,9,P05
1,617,42,645,1,11,1,9,P05
1,618,38,448,1,16,1,9,P05
1,619,77,856,1,6,1,9,P05
1,620,25,375,1,2,1,9,P05
1,621,53,819,1,8,1,9,P05
1,622,50,936,1,8,1,9,P05
1,623,32,529,1,8,1,9,P05
1,624,28,413,1,11,1,9,P05
1,625,55,904,1,8,1,9,P05
1,626,64,934,1,11,1,9,P05
1,627,58,643,1,12,1,9,P05
1,628,28,443,1,9,1,9,P05
1,629,56,568,1,3,1,9,P05
1,630,46,561,1,12,1,9,P05
1,631,70,887,1,5,1,9,P05
1,632,43,832,1,11,1,9,P05
1,633,71,766,1,11,1,9,P05
1,634,82,783,1,8,1,9,P05
1,635,79,778,1,7,1,9,P05
1,636,50,904,1,16,1,9,P05
1,637,51,581,1,7,1,9,P05
1,638,53,774,1,12,1,9,P05
1,639,27,388,1,6,1,9,P05
1,640,25,402,1,8,1,9,P05
1,641,50,948,1,11,1,9,P05
1,642,61,635,1,8,1,9,P05
1,643,23,425,1,9,1,9,P05
1,644,35,414,1,8,1,9,P05
1,645,59,749,1,7,1,9,P05
1,646,56,737,1,13,1,9,P05
1,647,25,379,1,13,1,9,P05
1,648,30,412,1,10,1,9,P05
1,649,40,397,1,14,1,9,P05
1,650,34,501,1,2,1,9,P05
1,651,44,700,1,5,1,9,P05
1,652,41,526,1,10,1,9,P05
1,653,47,833,1,5,1,9,P05
1,654,27,375,1,4,1,9,P05
1,655,71,895,1,12,1,9,P05
1,656,30,399,1,6,1,9,P05
1,657,61,837,1,7,1,9,P05
1,658,80,812,1,5,1,9,P05
1,659,38,712,1,17,1,9,P05
1,660,29,415,1,7,1,9,P05
1,661,45,924,1,12,1,9,P05
1,662,32,395,1,11,1,9,P05
1,663,39,604,1,14,1,9,P05
1,664,27,396,1,3,1,9,P05
1,665,46,593,1,8,1,9,P05
1,666,47,817,1,8,1,9,P05
1,667,36,432,1,10,1,9,P05
1,668,49,626,1,10,1,9,P05
1,669,36,675,1,7,1,9,P05
1,670,58,872,1,12,1,9,P05
1,671,52,773,1,12,1,9,P05
1,672,48,669,1,8,1,9,P05
1,673,48,632,1,8,1,9,P05
1,674,33,520,1,10,1,9,P05
1,675,56,584,1,11,1,9,P05
1,676,51,623,1,6,1,9,P05
1,677,79,901,1,7,1,9,P05
1,678,43,476,1,6,1,9,P05
1,679,31,447,1,7,1,9,P05
1,680,44,636,1,7,1,9,P05
1,681,30,596,1,6,1,9,P05
1,682,78,878,1,7,1,9,P05
1,683,54,573,1,6,1,9,P05
1,684,45,476,1,7,1,9,P05
1,685,44,620,1,14,1,9,P05
1,686,47,530,1,5,1,9,P05
1,687,29,423,1,4,1,9,P05
1,688,63,669,1,11,1,9,P05
1,689,91,789,1,5,1,9,P05
1,690,35,417,1,7,1,9,P05
1,691,44,562,1,10,1,9,P05
1,692,15,392,1,6,1,9,P05
1,693,42,710,1,11,1,9,P05
1,694,30,614,1,13,1,9,P05
1,695,44,854,1,10,1,9,P05
1,696,51,516,1,7,1,9,P05
1,697,40,598,1,10,1,9,P05
1,698,43,554,1,7,1,9,P05
1,699,30,482,1,11,1,9,P05
1,700,47,659,1,9,1,9,P05
1,701,42,574,1,10,1,9,P05
1,702,34,509,1,8,1,9,P05
1,703,28,421,1,5,1,9,P05
1,704,66,899,1,3,1,9,P05
1,705,49,870,1,10,1,9,P05
1,706,74,854,1,8,1,9,P05
1,707,27,384,1,9,1,9,P05
1,708,68,806,1,13,1,9,P05
1,709,50,634,1,7,1,9,P05
1,710,38,456,1,12,1,9,P05
1,711,54,770,1,8,1,9,P05
1,712,39,611,1,16,1,9,P05
1,713,54,738,1,9,1,9,P05
1,714,48,873,1,11,1,9,P05
1,715,39,668,1,12,1,9,P05
1,716,53,649,1,10,1,9,P05
1,717,73,830,1,13,1,9,P05
1,718,33,375,1,11,1,9,P05
1,719,22,462,1,7,1,9,P05
1,720,40,449,1,9,1,9,P05
1,721,25,404,1,8,1,9,P05
1,722,73,716,1,10,1,9,P05
1,723,48,751,1,7,1,9,P05
1,724,38,545,1,10,1,9,P05
1,725,57,578,1,8,1,9,P05
1,726,37,608,1,7,1,9,P05
1,727,48,761,1,8,1,9,P05
1,728,54,600,1,4,1,9,P05
1,729,49,917,1,4,1,9,P05
1,730,38,648,1,14,1,9,P05
1,731,54,655,1,4,1,9,P05
1,732,48,676,1,4,1,9,P05
1,733,32,475,1,5,1,9,P05
1,734,53,542,1,13,1,9,P05
1,735,56,455,1,9,1,9,P05
1,736,44,552,1,7,1,9,P05
1,737,60,717,1,15,1,9,P05
1,738,62,780,1,4,1,9,P05
1,739,46,693,1,6,1,9,P05
1,740,63,827,1,10,1,9,P05
1,741,35,545,1,2,1,9,P05
1,742,44,629,1,6,1,9,P05
1,743,39,463,1,4,1,9,P05
1,744,44,870,1,11,1,9,P05
1,745,35,759,1,10,1,9,P05
1,746,14,389,1,8,1,9,P05
1,747,52,693,1,10,1,9,P05
1,748,53,793,1,11,1,9,P05
1,749,50,904,1,9,1,9,P05
1,750,71,781,1,6,1,9,P05
1,751,40,627,1,7,1,9,P05
1,752,28,520,1,9,1,9,P05
1,753,52,791,1,15,1,9,P05
1,754,25,473,1,9,1,9,P05
1,755,77,916,1,10,1,9,P05
1,756,27,419,1,11,1,9,P05
1,757,71,895,1,10,1,9,P05
1,758,52,588,1,19,1,9,P05
1,759,32,712,1,8,1,9,P05
1,760,47,701,1,6,1,9,P05
1,761,57,853,1,5,1,9,P05
1,762,76,839,1,6,1,9,P05
1,763,54,735,1,10,1,9,P05
1,764,35,605,1,11,1,9,P05
1,765,61,716,1,3,1,9,P05
1,766,30,451,1,11,1,9,P05
1,767,38,385,1,8,1,9,P05
1,768,57,885,1,7,1,9,P05
1,769,50,668,1,11,1,9,P05
1,770,57,882,1,7,1,9,P05
1,771,63,883,1,5,1,9,P05
1,772,54,893,1,6,1,9,P05
1,773,22,387,1,9,1,9,P05
1,774,33,432,1,8,1,9,P05
1,775,40,379,1,13,1,9,P05
1,776,67,885,1,6,1,9,P05
1,777,39,557,1,10,1,9,P05
1,778,80,847,1,10,1,9,P05
1,779,31,487,1,5,1,9,P05
1,780,47,687,1,7,1,9,P05
1,781,26,488,1,13,1,9,P05
1,782,77,842,1,4,1,9,P05
1,783,50,592,1,7,1,9,P05
1,784,32,415,1,11,1,9,P05
1,785,42,541,1,6,1,9,P05
1,786,48,644,1,10,1,9,P05
1,787,45,515,1,11,1,9,P05
1,788,43,484,1,6,1,9,P05
1,789,50,620,1,11,1,9,P05
1,790,31,411,1,6,1,9,P05
1,791,37,566,1,11,1,9,P05
1,792,54,872,1,6,1,9,P05
1,793,27,600,1,10,1,9,P05
1,794,47,625,1,10,1,9,P05
1,795,46,718,1,8,1,9,P05
1,796,47,603,1,5,1,9,P05
1,797,70,893,1,6,1,9,P05
1,798,33,517,1,10,1,9,P05
1,799,35,867,1,9,1,9,P05
1,800,44,655,1,9,1,9,P05
1,801,35,471,1,9,1,9,P05
1,802,53,580,1,9,1,9,P05
1,803,53,796,1,5,1,9,P05
1,804,54,687,1,11,1,9,P05
1,805,27,462,1,6,1,9,P05
1,806,29,373,1,8,1,9,P05
1,807,36,578,1,4,1,9,P05
1,808,42,603,1,6,1,9,P05
1,809,53,792,1,13,1,9,P05
1,810,37,444,1,4,1,9,P05
1,811,27,405,1,8,1,9,P05
1,812,74,692,1,7,1,9,P05
1,813,48,856,1,9,1,9,P05
1,814,36,761,1,7,1,9,P05
1,815,55,714,1,9,1,9,P05
1,816,30,507,1,6,1,9,P05
1,817,58,595,1,11,1,9,P05
1,818,64,847,1,7,1,9,P05
1,819,37,474,1,12,1,9,P05
1,820,38,636,1,9,1,9,P05
1,821,56,587,1,7,1,9,P05
1,822,61,877,1,10,1,9,P05
1,823,59,894,1,9,1,9,P05
1,824,22,423,1,9,1,9,P05
1,825,36,548,1,11,1,9,P05
1,826,21,456,1,13,1,9,P05
1,827,41,533,1,5,1,9,P05
1,828,48,669,1,12,1,9,P05
1,829,56,744,1,9,1,9,P05
1,830,69,794,1,8,1,9,P05
1,831,26,585,1,7,1,9,P05
1,832,42,543,1,8,1,9,P05
1,833,30,509,1,2,1,9,P05
1,834,26,388,1,11,1,9,P05
1,835,80,820,1,10,1,9,P05
1,836,67,685,1,5,1,9,P05
1,837,24,518,1,6,1,9,P05
1,838,75,871,1,9,1,9,P05
1,839,29,452,1,6,1,9,P05
1,840,40,551,1,8,1,9,P05
1,841,33,426,1,9,1,9,P05
1,842,56,801,1,9,1,9,P05
1,843,26,650,1,8,1,9,P05
1,844,31,460,1,6,1,9,P05
1,845,70,795,1,12,1,9,P05
1,846,38,875,1,6,1,9,P05
1,847,32,460,1,4,1,9,P05
1,848,37,639,1,8,1,9,P05
1,849,33,580,1,8,1,9,P05
1,850,45,847,1,8,1,9,P05
1,851,51,627,1,9,1,9,P05
1,852,44,527,1,6,1,9,P05
1,853,26,484,1,11,1,9,P05
1,854,26,587,1,6,1,9,P05
1,855,53,647,2,10,1,9,P05
1,856,59,767,1,7,1,9,P05
1,857,21,421,1,5,1,9,P05
1,858,32,593,1,13,1,9,P05
1,859,64,880,1,11,1,9,P05
1,860,55,807,1,11,1,9,P05
1,861,37,589,1,11,1,9,P05
1,862,23,447,1,7,1,9,P05
1,863,40,580,1,10,1,9,P05
1,864,33,377,1,6,1,9,P05
1,865,52,716,1,8,1,9,P05
1,866,41,782,1,5,1,9,P05
1,867,63,754,1,3,1,9,P05
1,868,41,630,1,11,1,9,P05
1,869,30,449,1,11,1,9,P05
1,870,56,790,1,2,1,9,P05
1,871,31,503,1,6,1,9,P05
1,872,27,382,1,5,1,9,P05
1,873,51,774,1,10,1,9,P05
1,874,58,794,1,4,1,9,P05
1,875,34,438,1,7,1,9,P05
1,876,47,879,1,9,1,9,P05
1,877,66,833,1,9,1,9,P05
1,878,35,452,1,11,1,9,P05
1,879,30,518,1,6,1,9,P05
1,880,46,768,1,6,1,9,P05
1,881,40,695,1,11,1,9,P05
1,882,19,438,1,6,1,9,P05
1,883,37,684,1,9,1,9,P05
1,884,50,612,1,9,1,9,P05
1,885,44,559,1,11,1,9,P05
1,886,50,707,1,8,1,9,P05
1,887,48,516,1,9,1,9,P05
1,888,27,434,1,11,1,9,P05
1,889,39,611,1,10,1,9,P05
1,890,62,937,1,5,1,9,P05
1,891,63,769,1,13,1,9,P05
1,892,50,689,1,13,1,9,P05
1,893,38,477,1,5,1,9,P05
1,894,32,606,1,7,1,9,P05
1,895,61,843,1,6,1,9,P05
1,896,51,414,1,11,1,9,P05
1,897,41,649,1,8,1,9,P05
1,898,51,684,1,7,1,9,P05
1,899,37,536,1,8,1,9,P05
1,900,53,588,1,9,1,9,P05
1,901,31,501,1,9,1,9,P05
1,902,57,761,1,8,1,9,P05
1,903,39,470,1,10,1,9,P05
1,904,57,821,1,9,1,9,P05
1,905,40,611,1,9,1,9,P05
1,906,59,889,1,14,1,9,P05
1,907,26,586,1,10,1,9,P05
1,908,39,510,1,7,1,9,P05
1,909,28,485,1,7,1,9,P05
1,910,53,787,1,16,1,9,P05
1,911,52,764,1,9,1,9,P05
1,912,40,501,1,12,1,9,P05
1,913,35,685,1,7,1,9,P05
1,914,54,525,1,4,1,9,P05
1,915,26,435,1,6,1,9,P05
1,916,49,935,1,4,1,9,P05
1,917,53,683,1,12,1,9,P05
1,918,27,508,1,13,1,9,P05
1,919,37,442,1,9,1,9,P05
1,920,33,565,1,14,1,9,P05
1,921,65,633,1,6,1,9,P05
1,922,25,390,1,7,1,9,P05
1,923,85,875,1,12,1,9,P05
1,924,26,425,1,10,1,9,P05
1,925,28,719,1,6,1,9,P05
1,926,50,631,1,6,1,9,P05
1,927,37,582,1,8,1,9,P05
1,928,88,788,1,5,1,9,P05
1,929,61,756,1,8,1,9,P05
1,930,45,568,1,17,1,9,P05
1,931,28,439,1,13,1,9,P05
1,932,28,493,1,5,1,9,P05
1,933,33,387,1,8,1,9,P05
1,934,81,884,1,12,1,9,P05
1,935,79,888,1,8,1,9,P05
1,936,40,433,1,6,1,9,P05
1,937,60,766,1,6,1,9,P05
1,938,52,947,1,9,1,9,P05
1,939,35,785,1,7,1,9,P05
1,940,50,949,1,4,1,9,P05
1,941,49,635,1,5,1,9,P05
1,942,27,426,1,6,1,9,P05
1,943,56,741,1,5,1,9,P05
1,944,40,525,1,12,1,9,P05
1,945,40,564,1,11,1,9,P05
1,946,35,639,1,5,1,9,P05
1,947,37,743,1,2,1,9,P05
1,948,42,521,1,6,1,9,P05
1,949,50,572,1,4,1,9,P05
1,950,59,868,1,6,1,9,P05
1,951,61,801,1,12,1,9,P05
1,952,32,372,1,6,1,9,P05
1,953,44,511,1,8,1,9,P05
1,954,50,789,1,12,1,9,P05
1,955,59,726,1,6,1,9,P05
1,956,57,861,1,10,1,9,P05
1,957,26,541,1,4,1,9,P05
1,958,33,513,1,10,1,9,P05
1,959,64,801,1,13,1,9,P05
1,960,64,820,1,7,1,9,P05
1,961,47,538,1,10,1,9,P05
1,962,52,577,1,11,1,9,P05
1,963,66,826,1,10,1,9,P05
1,964,60,855,1,12,1,9,P05
1,965,76,885,1,2,1,9,P05
1,966,29,442,1,6,1,9,P05
1,967,40,426,1,9,1,9,P05
1,968,50,566,1,11,1,9,P05
1,969,58,917,1,13,1,9,P05
1,970,43,539,1,9,1,9,P05
1,971,31,530,1,9,1,9,P05
1,972,65,720,1,12,1,9,P05
1,973,63,918,1,12,1,9,P05
1,974,60,847,1,10,1,9,P05
1,975,50,806,1,8,1,9,P05
1,976,39,559,1,9,1,9,P05
1,977,35,431,1,9,1,9,P05
1,978,49,768,1,7,1,9,P05
1,979,66,906,1,10,1,9,P05
1,980,70,747,1,8,1,9,P05
1,981,86,910,1,11,1,9,P05
1,982,66,613,1,5,1,9,P05
1,983,30,419,1,11,1,9,P05
1,984,58,855,1,8,1,9,P05
1,985,59,757,1,7,1,9,P05
1,986,38,691,1,9,1,9,P05
1,987,81,704,1,7,1,9,P05
1,988,52,687,1,5,1,9,P05
1,989,36,507,1,8,1,9,P05
1,990,53,631,1,9,1,9,P05
1,991,59,901,1,6,1,9,P05
1,992,57,718,1,5,1,9,P05
1,993,67,848,1,7,1,9,P05
1,994,53,800,1,10,1,9,P05
1,995,53,599,1,7,1,9,P05
1,996,43,649,1,10,1,9,P05
1,997,38,492,1,8,1,9,P05
1,998,91,866,1,6,1,9,P05
1,999,37,474,1,8,1,9,P05
1,1000,39,429,1,11,1,9,P05
2,1,51,374,1,1,1,3,P05
2,2,56,490,1,3,1,3,P05
2,3,95,826,1,2,1,3,P05
2,4,137,816,1,2,1,3,P05
2,5,129,556,1,3,1,3,P05
2,6,117,717,1,5,1,3,P05
2,7,54,415,1,2,1,3,P05
2,8,78,687,1,1,1,3,P05
2,9,69,426,1,3,1,3,P05
2,10,65,516,1,2,1,3,P05
2,11,108,847,1,4,1,3,P05
2,12,40,431,1,3,1,3,P05
2,13,45,406,1,2,1,3,P05
2,14,53,478,1,3,1,3,P05
2,15,46,388,1,3,1,3,P05
2,16,50,401,1,3,1,3,P05
2,17,92,775,1,3,1,3,P05
2,18,73,619,1,2,1,3,P05
2,19,88,905,1,1,1,3,P05
2,20,87,769,1,1,1,3,P05
2,21,68,356,1,1,1,3,P05
2,22,95,766,1,2,1,3,P05
2,23,103,750,1,2,1,3,P05
2,24,112,842,1,1,1,3,P05
2,25,107,861,1,3,1,3,P05
2,26,77,732,1,2,1,3,P05
2,27,117,671,1,1,1,3,P05
2,28,120,859,1,2,1,3,P05
2,29,109,622,1,3,1,3,P05
2,30,32,397,1,3,1,3,P05
2,31,141,796,1,1,1,3,P05
2,32,55,410,1,1,1,3,P05
2,33,87,845,1,4,1,3,P05
2,34,45,414,1,2,1,3,P05
2,35,78,588,1,6,1,3,P05
2,36,43,387,1,5,1,3,P05
2,37,60,425,1,3,1,3,P05
2,38,72,515,1,1,1,3,P05
2,39,90,872,1,2,1,3,P05
2,40,95,608,1,3,1,3,P05
2,41,90,699,1,4,1,3,P05
2,42,74,604,1,1,1,3,P05
2,43,86,897,1,3,1,3,P05
2,44,92,702,1,5,1,3,P05
2,45,89,560,1,3,1,3,P05
2,46,41,372,1,2,1,3,P05
2,47,117,609,1,2,1,3,P05
2,48,96,835,1,1,1,3,P05
2,49,64,468,1,1,1,3,P05
2,50,67,686,1,6,1,3,P05
2,51,64,505,1,1,1,3,P05
2,52,122,875,1,1,1,3,P05
2,53,75,768,1,3,1,3,P05
2,54,63,711,1,1,1,3,P05
2,55,56,576,1,1,1,3,P05
2,56,72,509,1,2,1,3,P05
2,57,47,356,1,3,1,3,P05
2,58,122,715,1,1,1,3,P05
2,59,94,582,1,1,1,3,P05
2,60,62,565,1,3,1,3,P05
2,61,110,673,1,3,1,3,P05
2,62,104,712,1,4,1,3,P05
2,63,73,703,1,1,1,3,P05
2,64,44,460,1,4,1,3,P05
2,65,126,687,1,1,1,3,P05
2,66,58,377,1,2,1,3,P05
2,67,70,438,1,4,1,3,P05
2,68,74,523,1,5,1,3,P05
2,69,112,847,1,2,1,3,P05
2,70,83,741,1,2,1,3,P05
2,71,75,626,1,3,1,3,P05
2,72,103,838,1,1,1,3,P05
2,73,115,861,1,1,1,3,P05
2,74,105,864,1,1,1,3,P05
2,75,77,627,1,1,1,3,P05
2,76,73,630,1,2,1,3,P05
2,77,75,525,1,2,1,3,P05
2,78,55,413,1,3,1,3,P05
2,79,94,610,1,2,1,3,P05
2,80,143,832,1,1,1,3,P05
2,81,92,675,1,6,1,3,P05
2,82,108,613,1,4,1,3,P05
2,83,136,803,1,2,1,3,P05
2,84,137,707,1,1,1,3,P05
2,85,89,669,1,7,1,3,P05
2,86,70,460,1,3,1,3,P05
2,87,42,384,1,3,1,3,P05
2,88,78,554,1,5,1,3,P05
2,89,80,707,1,4,1,3,P05
2,90,131,857,1,2,1,3,P05
2,91,90,583,1,1,1,3,P05
2,92,86,800,1,3,1,3,P05
2,93,59,402,1,4,1,3,P05
2,94,106,684,1,1,1,3,P05
2,95,103,796,1,3,1,3,P05
2,96,139,800,1,4,1,3,P05
2,97,68,513,1,3,1,3,P05
2,98,87,629,1,1,1,3,P05
2,99,81,520,1,2,1,3,P05
2,100,105,713,1,5,1,3,P05
2,101,113,752,1,2,1,3,P05
2,102,102,712,1,1,1,3,P05
2,103,57,489,1,2,1,3,P05
2,104,57,471,1,2,1,3,P05
2,105,101,712,1,1,1,3,P05
2,106,125,823,1,2,1,3,P05
2,107,48,423,1,1,1,3,P05
2,108,96,513,1,2,1,3,P05
2,109,100,785,1,1,1,3,P05
2,110,108,860,1,2,1,3,P05
2,111,73,543,1,2,1,3,P05
2,112,117,792,1,1,1,3,P05
2,113,115,827,1,1,1,3,P05
2,114,118,823,1,1,1,3,P05
2,115,64,352,1,2,1,3,P05
2,116,87,607,1,2,1,3,P05
2,117,62,429,1,4,1,3,P05
2,118,49,377,1,2,1,3,P05
2,119,109,856,1,3,1,3,P05
2,120,95,832,1,1,1,3,P05
2,121,84,743,1,5,1,3,P05
2,122,116,802,1,2,1,3,P05
2,123,100,761,1,4,1,3,P05
2,124,56,349,1,1,1,3,P05
2,125,124,785,1,2,1,3,P05
2,126,74,424,1,3,1,3,P05
2,127,128,786,1,1,1,3,P05
2,128,97,808,1,1,1,3,P05
2,129,106,891,1,3,1,3,P05
2,130,65,599,1,2,1,3,P05
2,131,93,777,1,1,1,3,P05
2,132,89,658,1,3,1,3,P05
2,133,59,500,1,1,1,3,P05
2,134,83,837,1,4,1,3,P05
2,135,84,441,1,3,1,3,P05
2,136,126,743,1,5,1,3,P05
2,137,67,544,1,3,1,3,P05
2,138,153,758,1,1,1,3,P05
2,139,94,654,1,2,1,3,P05
2,140,107,837,1,3,1,3,P05
2,141,107,683,1,2,1,3,P05
2,142,47,357,1,1,1,3,P05
2,143,96,777,1,6,1,3,P05
2,144,85,555,1,2,1,3,P05
2,145,71,537,1,3,1,3,P05
2,146,64,633,1,7,1,3,P05
2,147,83,596,1,1,1,3,P05
2,148,91,460,1,5,1,3,P05
2,149,95,701,1,1,1,3,P05
2,150,35,380,1,2,1,3,P05
2,151,37,373,1,4,1,3,P05
2,152,107,676,1,4,1,3,P05
2,153,104,732,1,2,1,3,P05
2,154,88,786,1,1,1,3,P05
2,155,55,362,1,1,1,3,P05
2,156,78,676,1,1,1,3,P05
2,157,136,692,1,4,1,3,P05
2,158,164,816,2,2,1,3,P05
2,159,65,488,1,3,1,3,P05
2,160,85,696,1,4,1,3,P05
2,161,60,350,1,2,1,3,P05
2,162,98,788,1,1,1,3,P05
2,163,87,673,1,1,1,3,P05
2,164,96,741,1,2,1,3,P05
2,165,85,720,1,7,1,3,P05
2,166,57,379,1,3,1,3,P05
2,167,70,458,1,4,1,3,P05
2,168,63,599,1,1,1,3,P05
2,169,123,623,1,3,1,3,P05
2,170,62,399,1,3,1,3,P05
2,171,88,526,1,1,1,3,P05
2,172,104,642,1,2,1,3,P05
2,173,95,690,1,4,1,3,P05
2,174,73,803,1,4,1,3,P05
2,175,101,829,1,2,1,3,P05
2,176,58,479,1,1,1,3,P05
2,177,46,591,1,6,1,3,P05
2,178,49,507,1,1,1,3,P05
2,179,67,455,1,2,1,3,P05
2,180,63,485,1,3,1,3,P05
2,181,113,775,1,5,1,3,P05
2,182,62,466,1,2,1,3,P05
2,183,84,572,1,1,1,3,P05
2,184,62,394,1,1,1,3,P05
2,185,49,514,1,2,1,3,P05
2,186,57,423,1,2,1,3,P05
2,187,107,843,1,1,1,3,P05
2,188,59,373,1,1,1,3,P05
2,189,114,724,1,3,1,3,P05
2,190,95,634,1,2,1,3,P05
2,191,61,520,1,8,1,3,P05
2,192,40,381,1,4,1,3,P05
2,193,54,400,1,2,1,3,P05
2,194,71,368,1,5,1,3,P05
2,195,103,812,1,4,1,3,P05
2,196,100,650,1,1,1,3,P05
2,197,116,762,1,2,1,3,P05
2,198,90,772,1,3,1,3,P05
2,199,114,739,1,1,1,3,P05
2,200,77,552,1,5,1,3,P05
2,201,93,670,1,1,1,3,P05
2,202,62,422,1,3,1,3,P05
2,203,100,856,1,1,1,3,P05
2,204,139,808,1,1,1,3,P05
2,205,57,453,1,2,1,3,P05
2,206,80,672,1,8,1,3,P05
2,207,87,539,1,4,1,3,P05
2,208,49,457,1,3,1,3,P05
2,209,115,860,1,1,1,3,P05
2,210,98,698,1,5,1,3,P05
2,211,106,630,1,4,1,3,P05
2,212,59,373,1,2,1,3,P05
2,213,109,792,1,1,1,3,P05
2,214,44,365,1,1,1,3,P05
2,215,79,821,1,4,1,3,P05
2,216,41,424,1,4,1,3,P05
2,217,97,785,1,2,1,3,P05
2,218,97,615,1,4,1,3,P05
2,219,83,532,1,5,1,3,P05
2,220,35,390,1,3,1,3,P05
2,221,61,503,1,3,1,3,P05
2,222,70,754,1,2,1,3,P05
2,223,45,407,1,2,1,3,P05
2,224,66,482,1,3,1,3,P05
2,225,69,485,1,8,1,3,P05
2,226,70,559,1,5,1,3,P05
2,227,62,397,1,1,1,3,P05
2,228,78,606,1,4,1,3,P05
2,229,95,773,1,1,1,3,P05
2,230,124,810,1,3,1,3,P05
2,231,85,707,1,3,1,3,P05
2,232,94,668,1,1,1,3,P05
2,233,82,605,1,1,1,3,P05
2,234,52,418,1,4,1,3,P05
2,235,136,837,1,2,1,3,P05
2,236,44,473,1,3,1,3,P05
2,237,92,775,1,4,1,3,P05
2,238,76,687,1,1,1,3,P05
2,239,45,357,1,2,1,3,P05
2,240,93,681,1,4,1,3,P05
2,241,111,847,1,1,1,3,P05
2,242,123,806,1,4,1,3,P05
2,243,56,542,1,2,1,3,P05
2,244,112,756,1,3,1,3,P05
2,245,66,408,1,5,1,3,P05
2,246,78,671,1,3,1,3,P05
2,247,86,723,1,3,1,3,P05
2,248,82,805,1,3,1,3,P05
2,249,63,429,1,1,1,3,P05
2,250,105,774,1,1,1,3,P05
2,251,87,905,1,3,1,3,P05
2,252,141,757,1,3,1,3,P05
2,253,90,630,1,3,1,3,P05
2,254,55,472,1,5,1,3,P05
2,255,101,795,1,3,1,3,P05
2,256,57,499,1,1,1,3,P05
2,257,118,842,1,3,1,3,P05
2,258,108,695,1,1,1,3,P05
2,259,86,520,1,2,1,3,P05
2,260,87,667,1,5,1,3,P05
2,261,108,792,1,3,1,3,P05
2,262,121,825,1,1,1,3,P05
2,263,85,716,1,1,1,3,P05
2,264,40,415,1,2,1,3,P05
2,265,184,795,1,1,1,3,P05
2,266,89,695,1,7,1,3,P05
2,267,53,347,1,2,1,3,P05
2,268,150,788,1,1,1,3,P05
2,269,76,357,1,4,1,3,P05
2,270,109,890,1,2,1,3,P05
2,271,38,377,1,2,1,3,P05
2,272,93,488,1,3,1,3,P05
2,273,112,731,1,3,1,3,P05
2,274,84,506,1,5,1,3,P05
2,275,48,360,1,2,1,3,P05
2,276,67,516,1,4,1,3,P05
2,277,72,570,1,1,1,3,P05
2,278,70,664,1,6,1,3,P05
2,279,100,762,1,2,1,3,P05
2,280,99,647,1,4,1,3,P05
2,281,55,468,1,2,1,3,P05
2,282,55,586,1,6,1,3,P05
2,283,46,388,1,1,1,3,P05
2,284,50,386,1,2,1,3,P05
2,285,60,471,1,2,1,3,P05
2,286,135,695,1,3,1,3,P05
2,287,60,639,1,2,1,3,P05
2,288,109,807,1,2,1,3,P05
2,289,156,825,1,2,1,3,P05
2,290,60,405,1,5,1,3,P05
2,291,105,867,1,2,1,3,P05
2,292,112,824,1,2,1,3,P05
2,293,126,773,1,1,1,3,P05
2,294,80,550,1,2,1,3,P05
2,295,63,464,1,5,1,3,P05
2,296,108,776,1,2,1,3,P05
2,297,82,478,1,4,1,3,P05
2,298,94,752,1,1,1,3,P05
2,299,59,413,1,2,1,3,P05
2,300,58,646,1,2,1,3,P05
2,301,45,461,1,3,1,3,P05
2,302,107,748,1,4,1,3,P05
2,303,66,444,1,2,1,3,P05
2,304,98,724,1,2,1,3,P05
2,305,118,849,1,4,1,3,P05
2,306,62,420,1,4,1,3,P05
2,307,89,615,1,3,1,3,P05
2,308,108,826,1,3,1,3,P05
2,309,78,474,1,1,1,3,P05
2,310,76,470,1,2,1,3,P05
2,311,87,873,1,6,1,3,P05
2,312,40,386,1,5,1,3,P05
2,313,110,636,1,2,1,3,P05
2,314,102,559,1,2,1,3,P05
2,315,82,782,1,6,1,3,P05
2,316,54,417,1,3,1,3,P05
2,317,101,760,1,1,1,3,P05
2,318,101,753,1,2,1,3,P05
2,319,95,739,1,2,1,3,P05
2,320,117,684,1,3,1,3,P05
2,321,55,371,1,2,1,3,P05
2,322,109,741,1,1,1,3,P05
2,323,120,873,1,5,1,3,P05
2,324,75,485,1,2,1,3,P05
2,325,62,461,1,3,1,3,P05
2,326,123,854,1,2,1,3,P05
2,327,77,572,1,2,1,3,P05
2,328,84,579,1,3,1,3,P05
2,329,93,625,1,1,1,3,P05
2,330,83,778,1,4,1,3,P05
2,331,87,471,1,1,1,3,P05
2,332,43,373,1,4,1,3,P05
2,333,52,595,1,2,1,3,P05
2,334,86,492,1,1,1,3,P05
2,335,59,459,1,1,1,3,P05
2,336,95,877,1,7,1,3,P05
2,337,103,707,1,3,1,3,P05
2,338,48,361,1,1,1,3,P05
2,339,57,420,1,3,1,3,P05
2,340,103,815,1,5,1,3,P05
2,341,96,610,1,3,1,3,P05
2,342,82,486,1,3,1,3,P05
2,343,131,695,1,1,1,3,P05
2,344,81,716,1,3,1,3,P05
2,345,95,800,1,5,1,3,P05
2,346,64,492,1,2,1,3,P05
2,347,80,645,1,2,1,3,P05
2,348,106,707,1,2,1,3,P05
2,349,84,863,1,2,1,3,P05
2,350,78,604,1,4,1,3,P05
2,351,36,439,1,1,1,3,P05
2,352,54,368,1,2,1,3,P05
2,353,142,794,1,4,1,3,P05
2,354,105,853,1,1,1,3,P05
2,355,41,454,1,2,1,3,P05
2,356,85,713,1,1,1,3,P05
2,357,52,514,1,2,1,3,P05
2,358,55,359,1,5,1,3,P05
2,359,58,424,1,1,1,3,P05
2,360,40,421,1,3,1,3,P05
2,361,60,550,1,2,1,3,P05
2,362,142,797,1,3,1,3,P05
2,363,90,748,1,1,1,3,P05
2,364,52,525,1,1,1,3,P05
2,365,71,498,1,4,1,3,P05
2,366,45,461,1,1,1,3,P05
2,367,85,783,1,3,1,3,P05
2,368,104,761,1,1,1,3,P05
2,369,68,435,1,1,1,3,P05
2,370,116,869,1,1,1,3,P05
2,371,69,571,1,1,1,3,P05
2,372,67,614,1,5,1,3,P05
2,373,70,387,1,1,1,3,P05
2,374,66,529,1,2,1,3,P05
2,375,60,452,1,3,1,3,P05
2,376,105,713,1,5,1,3,P05
2,377,52,556,1,3,1,3,P05
2,378,67,562,1,1,1,3,P05
2,379,89,568,1,3,1,3,P05
2,380,96,748,1,1,1,3,P05
2,381,117,759,1,2,1,3,P05
2,382,60,508,1,2,1,3,P05
2,383,102,764,1,2,1,3,P05
2,384,101,604,1,10,1,3,P05
2,385,61,416,1,3,1,3,P05
2,386,123,778,1,4,1,3,P05
2,387,43,366,1,3,1,3,P05
2,388,75,570,1,3,1,3,P05
2,389,91,700,1,3,1,3,P05
2,390,108,461,1,2,1,3,P05
2,391,112,818,1,1,1,3,P05
2,392,90,747,1,2,1,3,P05
2,393,124,771,1,3,1,3,P05
2,394,56,532,1,6,1,3,P05
2,395,160,808,1,1,1,3,P05
2,396,50,360,1,1,1,3,P05
2,397,136,795,1,1,1,3,P05
2,398,102,752,1,1,1,3,P05
2,399,90,769,1,3,1,3,P05
2,400,101,817,1,2,1,3,P05
2,401,93,771,1,3,1,3,P05
2,402,42,368,1,1,1,3,P05
2,403,59,603,1,4,1,3,P05
2,404,104,671,1,5,1,3,P05
2,405,92,632,1,4,1,3,P05
2,406,103,765,1,3,1,3,P05
2,407,63,421,1,2,1,3,P05
2,408,75,818,1,1,1,3,P05
2,409,108,778,1,2,1,3,P05
2,410,71,600,1,3,1,3,P05
2,411,81,697,1,3,1,3,P05
2,412,138,816,1,2,1,3,P05
2,413,96,774,1,1,1,3,P05
2,414,49,403,1,3,1,3,P05
2,415,116,693,1,1,1,3,P05
2,416,71,514,1,4,1,3,P05
2,417,97,888,1,3,1,3,P05
2,418,59,556,1,4,1,3,P05
2,419,60,433,1,2,1,3,P05
2,420,114,769,1,5,1,3,P05
2,421,118,625,1,1,1,3,P05
2,422,109,539,1,2,1,3,P05
2,423,119,793,1,7,1,3,P05
2,424,114,738,1,1,1,3,P05
2,425,96,649,1,1,1,3,P05
2,426,92,629,1,3,1,3,P05
2,427,81,810,1,1,1,3,P05
2,428,131,853,1,3,1,3,P05
2,429,86,617,1,4,1,3,P05
2,430,70,645,1,4,1,3,P05
2,431,66,511,1,4,1,3,P05
2,432,40,360,1,1,1,3,P05
2,433,101,812,1,4,1,3,P05
2,434,65,344,1,2,1,3,P05
2,435,55,484,1,2,1,3,P05
2,436,105,728,1,2,1,3,P05
2,437,151,843,1,1,1,3,P05
2,438,59,355,1,4,1,3,P05
2,439,74,407,1,2,1,3,P05
2,440,85,465,1,3,1,3,P05
2,441,118,802,1,3,1,3,P05
2,442,61,430,1,1,1,3,P05
2,443,135,828,1,4,1,3,P05
2,444,63,362,1,4,1,3,P05
2,445,89,513,1,1,1,3,P05
2,446,66,397,1,3,1,3,P05
2,447,76,503,1,6,1,3,P05
2,448,92,722,1,2,1,3,P05
2,449,102,656,1,2,1,3,P05
2,450,95,838,1,4,1,3,P05
2,451,85,857,1,6,1,3,P05
2,452,71,401,1,3,1,3,P05
2,453,106,734,1,2,1,3,P05
2,454,76,676,1,1,1,3,P05
2,455,106,726,1,2,1,3,P05
2,456,61,484,1,2,1,3,P05
2,457,81,420,1,3,1,3,P05
2,458,120,815,1,4,1,3,P05
2,459,91,684,1,5,1,3,P05
2,460,116,763,1,2,1,3,P05
2,461,106,727,1,3,1,3,P05
2,462,103,681,1,3,1,3,P05
2,463,57,456,1,3,1,3,P05
2,464,103,607,1,2,1,3,P05
2,465,43,410,1,2,1,3,P05
2,466,50,443,1,2,1,3,P05
2,467,58,430,1,4,1,3,P05
2,468,65,563,1,4,1,3,P05
2,469,69,401,1,1,1,3,P05
2,470,106,727,1,2,1,3,P05
2,471,113,800,2,5,1,3,P05
2,472,57,491,1,4,1,3,P05
2,473,89,665,1,1,1,3,P05
2,474,81,515,1,1,1,3,P05
2,475,102,763,1,1,1,3,P05
2,476,86,516,1,2,1,3,P05
2,477,73,481,1,2,1,3,P05
2,478,92,857,1,2,1,3,P05
2,479,80,516,1,4,1,3,P05
2,480,63,634,1,1,1,3,P05
2,481,102,747,1,1,1,3,P05
2,482,60,480,1,4,1,3,P05
2,483,59,413,1,3,1,3,P05
2,484,87,708,1,1,1,3,P05
2,485,111,827,1,4,1,3,P05
2,486,96,756,1,2,1,3,P05
2,487,53,406,1,2,1,3,P05
2,488,83,582,1,1,1,3,P05
2,489,61,541,1,2,1,3,P05
2,490,83,719,1,3,1,3,P05
2,491,111,819,1,2,1,3,P05
2,492,46,490,1,1,1,3,P05
2,493,70,461,1,1,1,3,P05
2,494,55,439,1,3,1,3,P05
2,495,80,390,1,1,1,3,P05
2,496,69,560,1,1,1,3,P05
2,497,70,512,1,3,1,3,P05
2,498,41,417,1,1,1,3,P05
2,499,112,808,1,4,1,3,P05
2,500,64,413,1,5,1,3,P05
2,501,56,621,1,4,1,3,P05
2,502,55,466,1,2,1,3,P05
2,503,86,782,1,2,1,3,P05
2,504,66,498,1,2,1,3,P05
2,505,124,777,1,2,1,3,P05
2,506,33,377,1,1,1,3,P05
2,507,98,597,1,5,1,3,P05
2,508,58,412,1,3,1,3,P05
2,509,79,590,1,4,1,3,P05
2,510,74,557,1,1,1,3,P05
2,511,58,503,1,3,1,3,P05
2,512,131,821,1,4,1,3,P05
2,513,61,497,1,1,1,3,P05
2,514,78,470,1,3,1,3,P05
2,515,82,446,1,2,1,3,P05
2,516,119,833,1,1,1,3,P05
2,517,83,790,1,3,1,3,P05
2,518,104,805,1,3,1,3,P05
2,519,70,482,1,1,1,3,P05
2,520,45,407,1,1,1,3,P05
2,521,105,667,1,2,1,3,P05
2,522,76,630,1,1,1,3,P05
2,523,70,709,1,2,1,3,P05
2,524,55,435,1,6,1,3,P05
2,525,97,684,1,3,1,3,P05
2,526,51,405,1,2,1,3,P05
2,527,100,753,1,1,1,3,P05
2,528,123,569,1,5,1,3,P05
2,529,60,378,1,2,1,3,P05
2,530,97,713,1,2,1,3,P05
2,531,124,794,1,3,1,3,P05
2,532,97,749,1,3,1,3,P05
2,533,52,420,1,4,1,3,P05
2,534,77,588,1,2,1,3,P05
2,535,98,752,1,1,1,3,P05
2,536,55,402,1,1,1,3,P05
2,537,139,810,1,3,1,3,P05
2,538,51,380,1,3,1,3,P05
2,539,47,374,1,1,1,3,P05
2,540,86,600,1,2,1,3,P05
2,541,68,540,1,3,1,3,P05
2,542,122,733,1,2,1,3,P05
2,543,100,788,1,2,1,3,P05
2,544,80,704,1,1,1,3,P05
2,545,91,737,1,1,1,3,P05
2,546,117,799,1,2,1,3,P05
2,547,111,825,1,2,1,3,P05
2,548,164,766,1,2,1,3,P05
2,549,67,603,1,1,1,3,P05
2,550,77,795,1,3,1,3,P05
2,551,111,837,1,4,1,3,P05
2,552,102,799,1,1,1,3,P05
2,553,72,530,1,3,1,3,P05
2,554,125,816,1,3,1,3,P05
2,555,75,555,1,1,1,3,P05
2,556,60,479,1,4,1,3,P05
2,557,76,341,1,2,1,3,P05
2,558,104,787,1,3,1,3,P05
2,559,46,485,1,3,1,3,P05
2,560,77,602,1,3,1,3,P05
2,561,68,441,1,4,1,3,P05
2,562,50,466,1,2,1,3,P05
2,563,121,765,1,2,1,3,P05
2,564,85,715,1,1,1,3,P05
2,565,53,366,1,3,1,3,P05
2,566,61,427,1,4,1,3,P05
2,567,153,771,1,1,1,3,P05
2,568,87,544,1,3,1,3,P05
2,569,76,810,1,2,1,3,P05
2,570,102,662,1,2,1,3,P05
2,571,51,503,1,4,1,3,P05
2,572,91,750,1,6,1,3,P05
2,573,88,860,1,1,1,3,P05
2,574,87,675,1,3,1,3,P05
2,575,96,408,1,5,1,3,P05
2,576,80,438,1,2,1,3,P05
2,577,97,776,1,2,1,3,P05
2,578,106,844,1,1,1,3,P05
2,579,103,646,1,2,1,3,P05
2,580,89,672,1,2,1,3,P05
2,581,85,783,1,5,1,3,P05
2,582,91,465,1,4,1,3,P05
2,583,113,758,1,1,1,3,P05
2,584,91,636,1,1,1,3,P05
2,585,60,585,1,1,1,3,P05
2,586,50,460,1,4,1,3,P05
2,587,60,424,1,1,1,3,P05
2,588,66,468,1,1,1,3,P05
2,589,49,363,1,3,1,3,P05
2,590,76,503,1,4,1,3,P05
2,591,71,480,1,2,1,3,P05
2,592,84,473,1,2,1,3,P05
2,593,55,438,1,2,1,3,P05
2,594,40,439,1,2,1,3,P05
2,595,116,641,1,1,1,3,P05
2,596,98,732,1,5,1,3,P05
2,597,56,395,1,3,1,3,P05
2,598,66,537,1,3,1,3,P05
2,599,130,702,1,6,1,3,P05
2,600,117,867,1,6,1,3,P05
2,601,91,740,1,2,1,3,P05
2,602,129,852,1,4,1,3,P05
2,603,55,535,1,1,1,3,P05
2,604,46,446,1,1,1,3,P05
2,605,76,617,1,1,1,3,P05
2,606,47,443,1,2,1,3,P05
2,607,93,712,1,6,1,3,P05
2,608,93,648,1,1,1,3,P05
2,609,54,442,1,2,1,3,P05
2,610,57,512,1,2,1,3,P05
2,611,84,636,1,1,1,3,P05
2,612,99,689,1,1,1,3,P05
2,613,107,464,1,2,1,3,P05
2,614,79,604,1,1,1,3,P05
2,615,119,695,1,1,1,3,P05
2,616,103,743,1,3,1,3,P05
2,617,98,692,1,4,1,3,P05
2,618,53,350,1,2,1,3,P05
2,619,84,483,1,5,1,3,P05
2,620,70,543,1,1,1,3,P05
2,621,111,762,1,6,1,3,P05
2,622,129,798,1,2,1,3,P05
2,623,66,542,1,2,1,3,P05
2,624,72,494,1,2,1,3,P05
2,625,113,668,1,5,1,3,P05
2,626,40,389,1,7,1,3,P05
2,627,52,350,1,5,1,3,P05
2,628,52,431,1,3,1,3,P05
2,629,47,386,1,3,1,3,P05
2,630,128,841,1,3,1,3,P05
2,631,96,683,1,3,1,3,P05
2,632,82,687,1,2,1,3,P05
2,633,96,647,1,1,1,3,P05
2,634,105,750,1,1,1,3,P05
2,635,131,867,2,3,1,3,P05
2,636,100,706,1,2,1,3,P05
2,637,109,629,1,1,1,3,P05
2,638,64,594,1,2,1,3,P05
2,639,68,528,1,4,1,3,P05
2,640,72,813,1,2,1,3,P05
2,641,73,573,1,3,1,3,P05
2,642,94,546,1,3,1,3,P05
2,643,133,816,1,4,1,3,P05
2,644,104,847,1,1,1,3,P05
2,645,92,568,1,3,1,3,P05
2,646,107,483,1,1,1,3,P05
2,647,130,850,1,3,1,3,P05
2,648,58,368,1,4,1,3,P05
2,649,116,867,1,1,1,3,P05
2,650,125,856,1,1,1,3,P05
2,651,67,511,1,1,1,3,P05
2,652,126,632,1,1,1,3,P05
2,653,92,434,1,2,1,3,P05
2,654,85,680,1,2,1,3,P05
2,655,108,723,1,3,1,3,P05
2,656,76,626,1,3,1,3,P05
2,657,76,521,1,5,1,3,P05
2,658,64,540,1,1,1,3,P05
2,659,71,602,1,2,1,3,P05
2,660,72,767,2,1,1,3,P05
2,661,57,418,1,6,1,3,P05
2,662,69,449,1,3,1,3,P05
2,663,71,509,1,2,1,3,P05
2,664,44,365,1,4,1,3,P05
2,665,75,449,1,1,1,3,P05
2,666,93,701,1,1,1,3,P05
2,667,84,628,1,6,1,3,P05
2,668,93,889,1,2,1,3,P05
2,669,127,844,1,1,1,3,P05
2,670,92,685,1,1,1,3,P05
2,671,105,642,1,5,1,3,P05
2,672,66,412,1,2,1,3,P05
2,673,96,792,1,2,1,3,P05
2,674,91,715,1,2,1,3,P05
2,675,102,803,1,1,1,3,P05
2,676,112,651,1,3,1,3,P05
2,677,57,510,1,1,1,3,P05
2,678,46,359,1,6,1,3,P05
2,679,64,581,1,1,1,3,P05
2,680,79,623,1,3,1,3,P05
2,681,69,610,1,4,1,3,P05
2,682,57,351,1,1,1,3,P05
2,683,111,796,1,3,1,3,P05
2,684,72,516,1,2,1,3,P05
2,685,82,626,1,2,1,3,P05
2,686,117,651,1,1,1,3,P05
2,687,93,801,1,1,1,3,P05
2,688,124,773,1,6,1,3,P05
2,689,84,901,1,3,1,3,P05
2,690,114,834,1,2,1,3,P05
2,691,65,481,1,3,1,3,P05
2,692,107,854,1,1,1,3,P05
2,693,89,794,1,2,1,3,P05
2,694,69,463,1,1,1,3,P05
2,695,63,444,1,4,1,3,P05
2,696,61,381,1,3,1,3,P05
2,697,61,407,1,2,1,3,P05
2,698,55,355,1,3,1,3,P05
2,699,90,550,1,3,1,3,P05
2,700,100,674,1,4,1,3,P05
2,701,115,596,1,5,1,3,P05
2,702,79,579,1,1,1,3,P05
2,703,123,648,1,2,1,3,P05
2,704,118,764,1,1,1,3,P05
2,705,88,529,1,5,1,3,P05
2,706,81,555,1,2,1,3,P05
2,707,56,362,1,2,1,3,P05
2,708,116,784,1,1,1,3,P05
2,709,93,710,1,2,1,3,P05
2,710,55,418,1,3,1,3,P05
2,711,129,810,1,1,1,3,P05
2,712,110,836,1,3,1,3,P05
2,713,54,577,1,3,1,3,P05
2,714,83,634,1,8,1,3,P05
2,715,55,555,1,3,1,3,P05
2,716,57,357,1,1,1,3,P05
2,717,70,576,1,4,1,3,P05
2,718,86,506,1,4,1,3,P05
2,719,66,670,1,7,1,3,P05
2,720,67,637,1,2,1,3,P05
2,721,95,728,1,3,1,3,P05
2,722,47,703,1,1,1,3,P05
2,723,69,419,1,4,1,3,P05
2,724,110,511,1,1,1,3,P05
2,725,99,662,1,5,1,3,P05
2,726,134,709,1,3,1,3,P05
2,727,78,567,1,5,1,3,P05
2,728,79,574,1,3,1,3,P05
2,729,109,726,1,2,1,3,P05
2,730,120,878,1,3,1,3,P05
2,731,108,785,1,5,1,3,P05
2,732,69,597,1,8,1,3,P05
2,733,71,458,1,2,1,3,P05
2,734,68,612,1,5,1,3,P05
2,735,87,455,1,1,1,3,P05
2,736,99,652,1,4,1,3,P05
2,737,125,823,1,2,1,3,P05
2,738,118,518,2,1,1,3,P05
2,739,111,805,1,3,1,3,P05
2,740,87,876,1,4,1,3,P05
2,741,53,462,1,6,1,3,P05
2,742,49,381,1,5,1,3,P05
2,743,65,533,1,2,1,3,P05
2,744,87,688,1,1,1,3,P05
2,745,60,370,1,1,1,3,P05
2,746,96,697,1,1,1,3,P05
2,747,114,594,1,3,1,3,P05
2,748,105,874,1,1,1,3,P05
2,749,61,561,1,3,1,3,P05
2,750,51,603,1,6,1,3,P05
2,751,79,605,1,4,1,3,P05
2,752,79,628,1,3,1,3,P05
2,753,102,850,1,3,1,3,P05
2,754,124,863,1,5,1,3,P05
2,755,113,597,1,1,1,3,P05
2,756,45,543,1,4,1,3,P05
2,757,84,503,1,1,1,3,P05
2,758,57,558,1,3,1,3,P05
2,759,62,551,1,2,1,3,P05
2,760,92,648,1,1,1,3,P05
2,761,71,501,1,1,1,3,P05
2,762,53,657,1,3,1,3,P05
2,763,56,397,1,3,1,3,P05
2,764,79,720,1,4,1,3,P05
2,765,58,546,1,1,1,3,P05
2,766,93,769,1,1,1,3,P05
2,767,90,687,1,1,1,3,P05
2,768,78,713,1,5,1,3,P05
2,769,81,706,1,4,1,3,P05
2,770,68,367,1,2,1,3,P05
2,771,103,812,1,2,1,3,P05
2,772,107,837,1,2,1,3,P05
2,773,63,347,1,3,1,3,P05
2,774,67,541,1,5,1,3,P05
2,775,90,606,1,2,1,3,P05
2,776,98,756,1,5,1,3,P05
2,777,76,499,1,2,1,3,P05
2,778,130,790,1,3,1,3,P05
2,779,47,395,1,1,1,3,P05
2,780,125,740,1,1,1,3,P05
2,781,103,778,1,1,1,3,P05
2,782,68,453,1,4,1,3,P05
2,783,99,682,1,2,1,3,P05
2,784,120,805,1,2,1,3,P05
2,785,79,677,1,2,1,3,P05
2,786,55,493,1,2,1,3,P05
2,787,50,373,1,2,1,3,P05
2,788,67,382,1,2,1,3,P05
2,789,127,671,1,3,1,3,P05
2,790,117,589,1,2,1,3,P05
2,791,77,468,1,3,1,3,P05
2,792,66,889,1,1,1,3,P05
2,793,69,596,1,1,1,3,P05
2,794,43,378,1,4,1,3,P05
2,795,65,671,1,3,1,3,P05
2,796,72,855,1,2,1,3,P05
2,797,52,438,1,3,1,3,P05
2,798,107,824,1,6,1,3,P05
2,799,81,603,1,4,1,3,P05
2,800,118,680,1,2,1,3,P05
2,801,76,584,1,4,1,3,P05
2,802,87,699,1,3,1,3,P05
2,803,96,697,1,3,1,3,P05
2,804,55,417,1,1,1,3,P05
2,805,72,484,1,3,1,3,P05
2,806,123,763,1,2,1,3,P05
2,807,91,772,1,6,1,3,P05
2,808,49,442,1,2,1,3,P05
2,809,27,415,1,3,1,3,P05
2,810,102,783,1,5,1,3,P05
2,811,77,615,1,4,1,3,P05
2,812,59,514,1,5,1,3,P05
2,813,68,712,1,4,1,3,P05
2,814,108,870,1,2,1,3,P05
2,815,109,597,1,2,1,3,P05
2,816,109,857,1,4,1,3,P05
2,817,98,619,1,3,1,3,P05
2,818,89,573,1,3,1,3,P05
2,819,69,562,1,2,1,3,P05
2,820,137,848,1,2,1,3,P05
2,821,81,692,1,1,1,3,P05
2,822,87,853,1,4,1,3,P05
2,823,126,774,1,3,1,3,P05
2,824,131,857,1,1,1,3,P05
2,825,73,623,1,1,1,3,P05
2,826,101,675,1,4,1,3,P05
2,827,103,757,1,2,1,3,P05
2,828,62,547,1,1,1,3,P05
2,829,122,782,1,5,1,3,P05
2,830,52,373,1,3,1,3,P05
2,831,75,653,1,1,1,3,P05
2,832,74,671,1,1,1,3,P05
2,833,82,760,1,6,1,3,P05
2,834,103,757,1,1,1,3,P05
2,835,113,633,1,2,1,3,P05
2,836,74,585,1,1,1,3,P05
2,837,132,689,1,2,1,3,P05
2,838,106,700,1,5,1,3,P05
2,839,56,464,1,5,1,3,P05
2,840,41,379,1,1,1,3,P05
2,841,100,592,1,1,1,3,P05
2,842,81,447,1,3,1,3,P05
2,843,70,519,1,1,1,3,P05
2,844,51,459,1,1,1,3,P05
2,845,72,866,1,2,1,3,P05
2,846,101,635,1,1,1,3,P05
2,847,84,572,1,1,1,3,P05
2,848,73,704,1,2,1,3,P05
2,849,101,686,1,3,1,3,P05
2,850,45,378,1,2,1,3,P05
2,851,105,659,1,1,1,3,P05
2,852,64,466,1,1,1,3,P05
2,853,105,767,1,1,1,3,P05
2,854,70,655,1,2,1,3,P05
2,855,79,650,1,1,1,3,P05
2,856,78,701,1,2,1,3,P05
2,857,56,519,1,6,1,3,P05
2,858,77,550,1,1,1,3,P05
2,859,78,572,1,6,1,3,P05
2,860,64,614,1,1,1,3,P05
2,861,87,684,1,3,1,3,P05
2,862,84,512,1,4,1,3,P05
2,863,63,456,1,2,1,3,P05
2,864,71,532,1,3,1,3,P05
2,865,70,511,1,5,1,3,P05
2,866,103,780,1,3,1,3,P05
2,867,111,791,1,2,1,3,P05
2,868,82,633,1,3,1,3,P05
2,869,116,744,1,3,1,3,P05
2,870,58,419,1,3,1,3,P05
2,871,127,855,1,3,1,3,P05
2,872,84,835,1,2,1,3,P05
2,873,71,548,1,1,1,3,P05
2,874,54,434,1,2,1,3,P05
2,875,115,633,1,2,1,3,P05
2,876,110,704,1,1,1,3,P05
2,877,71,515,1,1,1,3,P05
2,878,89,739,1,1,1,3,P05
2,879,102,599,1,1,1,3,P05
2,880,134,746,1,5,1,3,P05
2,881,65,469,1,3,1,3,P05
2,882,94,677,1,3,1,3,P05
2,883,112,816,1,5,1,3,P05
2,884,87,759,1,3,1,3,P05
2,885,108,695,1,2,1,3,P05
2,886,148,851,1,4,1,3,P05
2,887,114,775,1,1,1,3,P05
2,888,85,716,1,4,1,3,P05
2,889,105,828,1,5,1,3,P05
2,890,54,558,1,2,1,3,P05
2,891,115,797,1,3,1,3,P05
2,892,125,819,1,3,1,3,P05
2,893,123,773,1,2,1,3,P05
2,894,89,700,1,1,1,3,P05
2,895,109,875,1,2,1,3,P05
2,896,64,398,1,3,1,3,P05
2,897,85,591,1,1,1,3,P05
2,898,65,380,1,1,1,3,P05
2,899,121,717,1,6,1,3,P05
2,900,72,486,1,6,1,3,P05
2,901,77,454,1,4,1,3,P05
2,902,75,569,1,4,1,3,P05
2,903,65,413,1,2,1,3,P05
2,904,43,376,1,3,1,3,P05
2,905,98,677,1,1,1,3,P05
2,906,123,785,1,1,1,3,P05
2,907,58,604,1,3,1,3,P05
2,908,60,789,1,2,1,3,P05
2,909,117,740,1,2,1,3,P05
2,910,85,675,1,2,1,3,P05
2,911,85,718,1,3,1,3,P05
2,912,99,650,1,2,1,3,P05
2,913,63,612,1,1,1,3,P05
2,914,110,808,1,2,1,3,P05
2,915,128,865,1,2,1,3,P05
2,916,84,635,1,3,1,3,P05
2,917,119,811,1,2,1,3,P05
2,918,53,395,1,3,1,3,P05
2,919,61,485,1,2,1,3,P05
2,920,128,853,1,1,1,3,P05
2,921,91,805,1,3,1,3,P05
2,922,49,409,1,4,1,3,P05
2,923,51,443,1,5,1,3,P05
2,924,106,817,1,3,1,3,P05
2,925,91,672,1,4,1,3,P05
2,926,116,615,1,2,1,3,P05
2,927,87,720,1,4,1,3,P05
2,928,109,847,1,2,1,3,P05
2,929,72,649,1,4,1,3,P05
2,930,68,532,1,2,1,3,P05
2,931,82,751,1,3,1,3,P05
2,932,68,514,1,2,1,3,P05
2,933,43,416,1,4,1,3,P05
2,934,88,487,1,2,1,3,P05
2,935,86,764,1,3,1,3,P05
2,936,105,615,1,1,1,3,P05
2,937,55,455,1,2,1,3,P05
2,938,69,512,1,3,1,3,P05
2,939,69,437,1,2,1,3,P05
2,940,149,724,1,1,1,3,P05
2,941,64,646,1,3,1,3,P05
2,942,105,682,1,1,1,3,P05
2,943,129,746,1,2,1,3,P05
2,944,75,568,1,3,1,3,P05
2,945,68,614,1,4,1,3,P05
2,946,113,691,1,2,1,3,P05
2,947,74,511,1,4,1,3,P05
2,948,76,734,1,5,1,3,P05
2,949,76,599,1,2,1,3,P05
2,950,69,467,1,1,1,3,P05
2,951,79,653,1,2,1,3,P05
2,952,102,622,1,2,1,3,P05
2,953,44,407,1,3,1,3,P05
2,954,76,440,1,1,1,3,P05
2,955,103,795,1,6,1,3,P05
2,956,62,397,1,2,1,3,P05
2,957,113,885,1,4,1,3,P05
2,958,65,514,1,1,1,3,P05
2,959,73,598,1,3,1,3,P05
2,960,69,502,1,4,1,3,P05
2,961,54,432,1,2,1,3,P05
2,962,68,515,1,3,1,3,P05
2,963,95,698,1,5,1,3,P05
2,964,94,803,1,3,1,3,P05
2,965,57,507,1,1,1,3,P05
2,966,64,436,1,7,1,3,P05
2,967,51,376,1,2,1,3,P05
2,968,81,532,1,1,1,3,P05
2,969,90,720,1,1,1,3,P05
2,970,108,762,1,4,1,3,P05
2,971,87,554,1,1,1,3,P05
2,972,96,677,1,1,1,3,P05
2,973,134,842,1,1,1,3,P05
2,974,119,863,1,3,1,3,P05
2,975,91,650,1,1,1,3,P05
2,976,49,437,1,2,1,3,P05
2,977,84,692,1,4,1,3,P05
2,978,119,853,1,10,1,3,P05
2,979,72,723,1,4,1,3,P05
2,980,54,427,1,2,1,3,P05
2,981,105,661,1,2,1,3,P05
2,982,76,734,1,1,1,3,P05
2,983,86,500,1,1,1,3,P05
2,984,102,711,1,1,1,3,P05
2,985,105,886,1,4,1,3,P05
2,986,55,448,1,4,1,3,P05
2,987,70,541,1,2,1,3,P05
2,988,64,490,1,4,1,3,P05
2,989,70,578,1,4,1,3,P05
2,990,63,473,1,2,1,3,P05
2,991,61,476,1,1,1,3,P05
2,992,85,630,1,4,1,3,P05
2,993,36,406,1,5,1,3,P05
2,994,94,579,1,1,1,3,P05
2,995,116,759,1,6,1,3,P05
2,996,132,824,1,3,1,3,P05
2,997,90,622,1,2,1,3,P05
2,998,90,802,1,2,1,3,P05
2,999,66,450,1,1,1,3,P05
2,1000,82,614,1,4,1,3,P05
3,1,249,678,1,1,1,1,P05
3,2,132,650,1,1,1,1,P05
3,3,150,599,1,1,1,1,P05
3,4,110,367,1,1,1,1,P05
3,5,122,457,1,1,1,1,P05
3,6,201,636,1,1,1,1,P05
3,7,159,757,1,1,1,1,P05
3,8,104,329,1,1,1,1,P05
3,9,206,717,1,1,1,1,P05
3,10,152,742,1,2,1,1,P05
3,11,95,318,1,2,1,1,P05
3,12,71,438,1,1,1,1,P05
3,13,139,493,1,1,1,1,P05
3,14,216,587,1,1,1,1,P05
3,15,85,563,1,1,1,1,P05
3,16,236,694,1,1,1,1,P05
3,17,230,679,1,1,1,1,P05
3,18,172,827,1,1,1,1,P05
3,19,117,419,1,2,1,1,P05
3,20,115,352,1,2,1,1,P05
3,21,187,510,1,1,1,1,P05
3,22,88,346,1,2,1,1,P05
3,23,89,454,1,3,1,1,P05
3,24,74,362,1,1,1,1,P05
3,25,147,380,1,1,1,1,P05
3,26,207,718,1,1,1,1,P05
3,27,174,634,1,1,1,1,P05
3,28,113,415,1,2,1,1,P05
3,29,118,353,1,2,1,1,P05
3,30,151,497,1,2,1,1,P05
3,31,170,603,1,1,1,1,P05
3,32,133,624,1,1,1,1,P05
3,33,126,549,1,1,1,1,P05
3,34,105,369,1,1,1,1,P05
3,35,104,477,1,1,1,1,P05
3,36,171,571,1,1,1,1,P05
3,37,67,354,1,1,1,1,P05
3,38,139,524,1,1,1,1,P05
3,39,163,708,1,1,1,1,P05
3,40,120,466,1,1,1,1,P05
3,41,174,552,1,1,1,1,P05
3,42,182,599,1,1,1,1,P05
3,43,83,358,1,2,1,1,P05
3,44,191,758,1,1,1,1,P05
3,45,182,713,1,1,1,1,P05
3,46,147,547,1,1,1,1,P05
3,47,173,695,1,1,1,1,P05
3,48,158,801,1,1,1,1,P05
3,49,224,770,1,1,1,1,P05
3,50,113,474,1,1,1,1,P05
3,51,182,516,1,2,1,1,P05
3,52,125,713,1,1,1,1,P05
3,53,104,449,1,1,1,1,P05
3,54,168,757,1,1,1,1,P05
3,55,151,536,1,1,1,1,P05
3,56,157,566,1,1,1,1,P05
3,57,238,679,1,1,1,1,P05
3,58,131,362,1,1,1,1,P05
3,59,165,726,1,1,1,1,P05
3,60,121,297,1,1,1,1,P05
3,61,163,721,1,1,1,1,P05
3,62,123,463,1,1,1,1,P05
3,63,146,566,1,1,1,1,P05
3,64,128,471,1,1,1,1,P05
3,65,168,785,1,1,1,1,P05
3,66,141,443,1,1,1,1,P05
3,67,191,769,1,2,1,1,P05
3,68,157,567,1,1,1,1,P05
3,69,183,690,1,1,1,1,P05
3,70,199,690,1,1,1,1,P05
3,71,234,741,1,1,1,1,P05
3,72,108,550,1,1,1,1,P05
3,73,135,545,2,3,1,1,P05
3,74,165,690,1,1,1,1,P05
3,75,166,592,1,1,1,1,P05
3,76,134,678,1,3,1,1,P05
3,77,151,638,1,1,1,1,P05
3,78,177,779,1,1,1,1,P05
3,79,147,471,1,2,1,1,P05
3,80,98,454,1,1,1,1,P05
3,81,231,595,1,1,1,1,P05
3,82,81,405,1,2,1,1,P05
3,83,152,549,2,1,1,1,P05
3,84,136,441,1,1,1,1,P05
3,85,179,554,1,1,1,1,P05
3,86,179,738,1,1,1,1,P05
3,87,145,628,1,1,1,1,P05
3,88,143,672,1,3,1,1,P05
3,89,145,362,1,1,1,1,P05
3,90,107,452,1,3,1,1,P05
3,91,134,534,1,1,1,1,P05
3,92,199,692,1,2,1,1,P05
3,93,136,530,1,1,1,1,P05
3,94,106,463,1,1,1,1,P05
3,95,147,554,1,1,1,1,P05
3,96,174,653,1,1,1,1,P05
3,97,129,344,1,1,1,1,P05
3,98,135,584,1,1,1,1,P05
3,99,154,588,1,1,1,1,P05
3,100,163,648,1,2,1,1,P05
3,101,216,740,1,1,1,1,P05
3,102,94,360,1,1,1,1,P05
3,103,155,577,1,2,1,1,P05
3,104,149,638,1,1,1,1,P05
3,105,114,429,1,1,1,1,P05
3,106,144,533,1,1,1,1,P05
3,107,118,528,1,1,1,1,P05
3,108,114,537,1,1,1,1,P05
3,109,163,590,1,1,1,1,P05
3,110,147,479,1,2,1,1,P05
3,111,90,451,1,2,1,1,P05
3,112,136,529,1,1,1,1,P05
3,113,99,420,1,1,1,1,P05
3,114,120,573,1,1,1,1,P05
3,115,197,777,1,2,1,1,P05
3,116,110,515,1,1,1,1,P05
3,117,108,485,1,1,1,1,P05
3,118,61,343,1,2,1,1,P05
3,119,188,667,1,1,1,1,P05
3,120,70,366,1,1,1,1,P05
3,121,133,590,1,2,1,1,P05
3,122,103,370,1,5,1,1,P05
3,123,176,629,1,2,1,1,P05
3,124,96,418,1,1,1,1,P05
3,125,225,647,1,1,1,1,P05
3,126,169,643,1,1,1,1,P05
3,127,221,695,1,1,1,1,P05
3,128,165,529,1,1,1,1,P05
3,129,149,746,1,1,1,1,P05
3,130,190,714,1,1,1,1,P05
3,131,121,589,1,1,1,1,P05
3,132,80,372,1,3,1,1,P05
3,133,80,605,1,1,1,1,P05
3,134,104,324,1,1,1,1,P05
3,135,124,505,1,1,1,1,P05
3,136,102,315,1,1,1,1,P05
3,137,150,526,1,1,1,1,P05
3,138,136,710,1,1,1,1,P05
3,139,167,769,1,5,1,1,P05
3,140,168,694,1,1,1,1,P05
3,141,128,525,1,1,1,1,P05
3,142,203,720,1,1,1,1,P05
3,143,162,457,1,1,1,1,P05
3,144,186,754,1,1,1,1,P05
3,145,106,375,1,1,1,1,P05
3,146,223,769,1,1,1,1,P05
3,147,150,598,1,3,1,1,P05
3,148,183,704,1,1,1,1,P05
3,149,149,628,1,1,1,1,P05
3,150,191,807,1,1,1,1,P05
3,151,120,574,1,1,1,1,P05
3,152,185,730,1,2,1,1,P05
3,153,130,590,1,1,1,1,P05
3,154,169,824,1,1,1,1,P05
3,155,134,495,1,1,1,1,P05
3,156,114,339,1,1,1,1,P05
3,157,75,382,1,1,1,1,P05
3,158,154,615,1,1,1,1,P05
3,159,73,351,1,1,1,1,P05
3,160,165,503,1,1,1,1,P05
3,161,152,765,1,1,1,1,P05
3,162,100,378,1,2,1,1,P05
3,163,129,551,1,2,1,1,P05
3,164,155,791,1,1,1,1,P05
3,165,187,564,1,1,1,1,P05
3,166,188,670,1,2,1,1,P05
3,167,122,448,1,1,1,1,P05
3,168,101,562,1,1,1,1,P05
3,169,149,575,1,2,1,1,P05
3,170,127,401,1,1,1,1,P05
3,171,152,617,1,1,1,1,P05
3,172,147,598,1,4,1,1,P05
3,173,191,756,1,1,1,1,P05
3,174,128,535,1,1,1,1,P05
3,175,171,742,1,1,1,1,P05
3,176,134,587,1,1,1,1,P05
3,177,184,610,1,4,1,1,P05
3,178,67,378,1,1,1,1,P05
3,179,195,734,1,1,1,1,P05
3,180,165,697,1,1,1,1,P05
3,181,115,520,1,1,1,1,P05
3,182,91,346,1,3,1,1,P05
3,183,73,415,1,3,1,1,P05
3,184,181,666,1,1,1,1,P05
3,185,170,495,1,1,1,1,P05
3,186,119,399,1,1,1,1,P05
3,187,94,444,1,1,1,1,P05
3,188,152,529,1,3,1,1,P05
3,189,271,692,2,1,1,1,P05
3,190,122,524,2,1,1,1,P05
3,191,107,515,1,1,1,1,P05
3,192,118,444,1,1,1,1,P05
3,193,149,565,1,1,1,1,P05
3,194,177,721,1,1,1,1,P05
3,195,161,724,1,1,1,1,P05
3,196,115,494,1,1,1,1,P05
3,197,90,377,1,1,1,1,P05
3,198,158,569,1,1,1,1,P05
3,199,76,328,1,1,1,1,P05
3,200,117,444,1,1,1,1,P05
3,201,203,718,1,1,1,1,P05
3,202,220,691,1,1,1,1,P05
3,203,196,720,1,1,1,1,P05
3,204,59,347,1,2,1,1,P05
3,205,153,745,1,1,1,1,P05
3,206,133,468,1,1,1,1,P05
3,207,172,724,1,1,1,1,P05
3,208,175,572,1,1,1,1,P05
3,209,178,539,1,2,1,1,P05
3,210,178,583,1,2,1,1,P05
3,211,162,570,1,1,1,1,P05
3,212,218,723,1,1,1,1,P05
3,213,117,371,1,1,1,1,P05
3,214,143,772,1,1,1,1,P05
3,215,83,376,1,1,1,1,P05
3,216,206,570,1,2,1,1,P05
3,217,121,350,1,3,1,1,P05
3,218,93,341,1,1,1,1,P05
3,219,145,603,1,1,1,1,P05
3,220,206,710,1,1,1,1,P05
3,221,114,479,1,2,1,1,P05
3,222,198,572,1,2,1,1,P05
3,223,94,410,1,1,1,1,P05
3,224,138,573,1,1,1,1,P05
3,225,109,366,1,1,1,1,P05
3,226,154,470,1,1,1,1,P05
3,227,105,437,1,1,1,1,P05
3,228,137,468,1,1,1,1,P05
3,229,209,738,1,1,1,1,P05
3,230,189,633,1,1,1,1,P05
3,231,209,627,1,1,1,1,P05
3,232,121,287,1,1,1,1,P05
3,233,141,639,1,2,1,1,P05
3,234,100,480,1,1,1,1,P05
3,235,118,465,1,1,1,1,P05
3,236,193,790,1,1,1,1,P05
3,237,122,438,1,1,1,1,P05
3,238,217,776,1,1,1,1,P05
3,239,153,429,1,1,1,1,P05
3,240,80,345,1,1,1,1,P05
3,241,78,366,1,1,1,1,P05
3,242,193,760,1,1,1,1,P05
3,243,168,823,1,1,1,1,P05
3,244,171,526,1,2,1,1,P05
3,245,129,596,1,1,1,1,P05
3,246,167,610,1,1,1,1,P05
3,247,157,646,1,1,1,1,P05
3,248,110,383,1,1,1,1,P05
3,249,182,646,1,1,1,1,P05
3,250,126,447,1,1,1,1,P05
3,251,81,445,1,1,1,1,P05
3,252,100,365,1,1,1,1,P05
3,253,140,367,1,1,1,1,P05
3,254,204,751,1,3,1,1,P05
3,255,146,583,1,1,1,1,P05
3,256,171,724,1,3,1,1,P05
3,257,172,688,1,1,1,1,P05
3,258,92,350,1,1,1,1,P05
3,259,138,517,1,1,1,1,P05
3,260,188,600,1,1,1,1,P05
3,261,197,672,1,1,1,1,P05
3,262,109,528,1,1,1,1,P05
3,263,161,428,1,1,1,1,P05
3,264,86,382,1,1,1,1,P05
3,265,129,422,1,1,1,1,P05
3,266,83,384,1,1,1,1,P05
3,267,152,488,1,1,1,1,P05
3,268,192,622,1,1,1,1,P05
3,269,170,509,1,1,1,1,P05
3,270,188,684,1,1,1,1,P05
3,271,137,320,1,1,1,1,P05
3,272,123,559,2,1,1,1,P05
3,273,132,420,1,1,1,1,P05
3,274,133,605,1,1,1,1,P05
3,275,108,402,1,1,1,1,P05
3,276,165,584,1,1,1,1,P05
3,277,165,764,1,1,1,1,P05
3,278,134,497,1,1,1,1,P05
3,279,177,795,1,1,1,1,P05
3,280,211,664,1,1,1,1,P05
3,281,198,556,1,1,1,1,P05
3,282,144,592,1,1,1,1,P05
3,283,127,446,1,1,1,1,P05
3,284,247,728,1,1,1,1,P05
3,285,137,407,1,1,1,1,P05
3,286,172,803,1,1,1,1,P05
3,287,76,344,1,1,1,1,P05
3,288,124,448,1,1,1,1,P05
3,289,146,422,1,1,1,1,P05
3,290,78,369,1,1,1,1,P05
3,291,151,344,1,1,1,1,P05
3,292,201,650,1,1,1,1,P05
3,293,98,347,1,1,1,1,P05
3,294,249,749,1,1,1,1,P05
3,295,127,381,1,1,1,1,P05
3,296,126,552,1,1,1,1,P05
3,297,110,338,1,1,1,1,P05
3,298,150,805,1,1,1,1,P05
3,299,148,573,1,3,1,1,P05
3,300,104,414,1,1,1,1,P05
3,301,140,441,1,1,1,1,P05
3,302,151,473,1,2,1,1,P05
3,303,166,667,1,1,1,1,P05
3,304,177,709,1,1,1,1,P05
3,305,137,522,1,2,1,1,P05
3,306,238,753,1,2,1,1,P05
3,307,114,455,1,1,1,1,P05
3,308,115,526,1,2,1,1,P05
3,309,189,684,1,1,1,1,P05
3,310,150,817,1,2,1,1,P05
3,311,140,717,1,1,1,1,P05
3,312,166,611,1,2,1,1,P05
3,313,116,405,1,1,1,1,P05
3,314,197,684,1,1,1,1,P05
3,315,192,715,1,1,1,1,P05
3,316,99,518,1,1,1,1,P05
3,317,82,318,1,1,1,1,P05
3,318,158,733,1,1,1,1,P05
3,319,78,458,1,1,1,1,P05
3,320,85,332,1,1,1,1,P05
3,321,94,375,1,1,1,1,P05
3,322,137,575,1,1,1,1,P05
3,323,190,755,1,1,1,1,P05
3,324,194,691,1,3,1,1,P05
3,325,125,456,1,1,1,1,P05
3,326,95,316,1,1,1,1,P05
3,327,99,310,1,2,1,1,P05
3,328,175,497,1,1,1,1,P05
3,329,126,525,1,1,1,1,P05
3,330,187,754,1,1,1,1,P05
3,331,208,712,1,1,1,1,P05
3,332,84,445,1,3,1,1,P05
3,333,152,603,1,1,1,1,P05
3,334,108,410,1,1,1,1,P05
3,335,195,586,1,1,1,1,P05
3,336,156,642,1,1,1,1,P05
3,337,88,377,2,1,1,1,P05
3,338,194,660,2,2,1,1,P05
3,339,158,609,1,1,1,1,P05
3,340,170,558,1,1,1,1,P05
3,341,122,430,2,1,1,1,P05
3,342,129,544,1,1,1,1,P05
3,343,196,695,1,1,1,1,P05
3,344,83,488,1,1,1,1,P05
3,345,204,566,1,2,1,1,P05
3,346,187,727,1,1,1,1,P05
3,347,149,838,2,1,1,1,P05
3,348,174,645,1,1,1,1,P05
3,349,142,534,1,1,1,1,P05
3,350,167,529,1,1,1,1,P05
3,351,63,391,1,1,1,1,P05
3,352,153,514,1,1,1,1,P05
3,353,203,637,1,2,1,1,P05
3,354,161,648,2,1,1,1,P05
3,355,166,633,1,2,1,1,P05
3,356,77,391,1,1,1,1,P05
3,357,150,793,1,1,1,1,P05
3,358,107,491,1,1,1,1,P05
3,359,150,721,1,1,1,1,P05
3,360,87,441,1,2,1,1,P05
3,361,232,737,1,1,1,1,P05
3,362,146,695,1,1,1,1,P05
3,363,210,657,1,1,1,1,P05
3,364,101,376,1,1,1,1,P05
3,365,155,638,1,1,1,1,P05
3,366,125,579,1,1,1,1,P05
3,367,213,664,1,1,1,1,P05
3,368,161,691,1,1,1,1,P05
3,369,179,770,1,1,1,1,P05
3,370,107,414,1,1,1,1,P05
3,371,178,651,1,3,1,1,P05
3,372,145,389,1,1,1,1,P05
3,373,134,646,1,2,1,1,P05
3,374,155,647,1,2,1,1,P05
3,375,80,421,1,1,1,1,P05
3,376,71,348,1,1,1,1,P05
3,377,141,507,1,1,1,1,P05
3,378,132,608,1,1,1,1,P05
3,379,154,544,1,3,1,1,P05
3,380,111,494,1,3,1,1,P05
3,381,151,509,1,1,1,1,P05
3,382,192,527,1,1,1,1,P05
3,383,105,355,1,1,1,1,P05
3,384,185,576,1,3,1,1,P05
3,385,116,451,1,1,1,1,P05
3,386,102,519,1,1,1,1,P05
3,387,177,557,1,1,1,1,P05
3,388,92,464,1,1,1,1,P05
3,389,198,639,1,1,1,1,P05
3,390,170,564,1,2,1,1,P05
3,391,118,507,1,1,1,1,P05
3,392,171,606,1,1,1,1,P05
3,393,137,482,2,1,1,1,P05
3,394,149,428,1,1,1,1,P05
3,395,169,499,1,1,1,1,P05
3,396,183,574,1,1,1,1,P05
3,397,80,320,1,1,1,1,P05
3,398,127,601,1,2,1,1,P05
3,399,190,655,1,1,1,1,P05
3,400,88,336,1,3,1,1,P05
3,401,115,502,1,1,1,1,P05
3,402,173,681,1,1,1,1,P05
3,403,145,787,1,1,1,1,P05
3,404,137,425,1,1,1,1,P05
3,405,223,692,1,2,1,1,P05
3,406,83,421,1,1,1,1,P05
3,407,158,629,1,1,1,1,P05
3,408,135,597,1,1,1,1,P05
3,409,152,658,1,1,1,1,P05
3,410,202,700,1,1,1,1,P05
3,411,152,559,1,1,1,1,P05
3,412,186,582,1,1,1,1,P05
3,413,145,492,1,1,1,1,P05
3,414,109,422,1,1,1,1,P05
3,415,167,703,1,1,1,1,P05
3,416,159,600,1,1,1,1,P05
3,417,175,613,1,1,1,1,P05
3,418,170,687,1,1,1,1,P05
3,419,81,439,1,1,1,1,P05
3,420,82,397,1,2,1,1,P05
3,421,87,375,1,3,1,1,P05
3,422,168,546,1,1,1,1,P05
3,423,130,594,1,1,1,1,P05
3,424,163,619,1,1,1,1,P05
3,425,155,541,1,1,1,1,P05
3,426,180,641,1,1,1,1,P05
3,427,217,727,1,1,1,1,P05
3,428,187,689,1,1,1,1,P05
3,429,161,603,1,1,1,1,P05
3,430,162,558,1,2,1,1,P05
3,431,128,429,1,1,1,1,P05
3,432,209,701,1,1,1,1,P05
3,433,87,330,1,1,1,1,P05
3,434,221,688,1,1,1,1,P05
3,435,167,522,1,1,1,1,P05
3,436,166,574,1,2,1,1,P05
3,437,114,343,1,1,1,1,P05
3,438,106,438,1,1,1,1,P05
3,439,215,693,1,1,1,1,P05
3,440,128,423,1,1,1,1,P05
3,441,159,625,1,1,1,1,P05
3,442,120,477,1,2,1,1,P05
3,443,118,479,1,1,1,1,P05
3,444,176,722,1,1,1,1,P05
3,445,206,749,1,1,1,1,P05
3,446,181,481,1,2,1,1,P05
3,447,158,479,1,1,1,1,P05
3,448,156,524,1,1,1,1,P05
3,449,97,430,1,1,1,1,P05
3,450,130,616,1,1,1,1,P05
3,451,176,496,1,1,1,1,P05
3,452,117,434,1,1,1,1,P05
3,453,172,384,1,1,1,1,P05
3,454,157,780,1,1,1,1,P05
3,455,196,641,1,1,1,1,P05
3,456,85,473,1,1,1,1,P05
3,457,162,748,1,1,1,1,P05
3,458,181,587,1,3,1,1,P05
3,459,104,370,1,1,1,1,P05
3,460,133,406,1,1,1,1,P05
3,461,125,435,1,2,1,1,P05
3,462,141,616,1,1,1,1,P05
3,463,117,418,1,1,1,1,P05
3,464,230,769,1,1,1,1,P05
3,465,152,643,1,1,1,1,P05
3,466,160,521,1,1,1,1,P05
3,467,127,528,1,1,1,1,P05
3,468,112,373,1,3,1,1,P05
3,469,183,738,1,1,1,1,P05
3,470,203,725,1,1,1,1,P05
3,471,218,751,1,2,1,1,P05
3,472,161,805,1,1,1,1,P05
3,473,170,651,1,2,1,1,P05
3,474,158,589,1,2,1,1,P05
3,475,117,387,1,1,1,1,P05
3,476,114,456,1,2,1,1,P05
3,477,78,355,1,1,1,1,P05
3,478,152,638,1,2,1,1,P05
3,479,80,370,1,1,1,1,P05
3,480,118,554,1,1,1,1,P05
3,481,171,653,1,1,1,1,P05
3,482,126,471,1,3,1,1,P05
3,483,89,419,1,2,1,1,P05
3,484,133,651,1,1,1,1,P05
3,485,167,500,1,1,1,1,P05
3,486,108,493,1,1,1,1,P05
3,487,122,419,1,3,1,1,P05
3,488,185,596,1,1,1,1,P05
3,489,116,470,1,1,1,1,P05
3,490,147,482,1,1,1,1,P05
3,491,155,495,1,1,1,1,P05
3,492,182,658,1,1,1,1,P05
3,493,71,335,1,1,1,1,P05
3,494,192,574,1,1,1,1,P05
3,495,236,742,1,2,1,1,P05
3,496,104,351,1,1,1,1,P05
3,497,117,476,1,1,1,1,P05
3,498,70,347,1,2,1,1,P05
3,499,144,626,1,1,1,1,P05
3,500,78,327,1,1,1,1,P05
3,501,160,742,1,2,1,1,P05
3,502,140,434,1,1,1,1,P05
3,503,187,614,1,2,1,1,P05
3,504,81,485,1,1,1,1,P05
3,505,137,609,1,2,1,1,P05
3,506,226,758,1,1,1,1,P05
3,507,107,412,1,2,1,1,P05
3,508,125,454,1,1,1,1,P05
3,509,103,442,1,2,1,1,P05
3,510,173,628,1,1,1,1,P05
3,511,103,334,1,1,1,1,P05
3,512,105,398,1,2,1,1,P05
3,513,104,430,1,1,1,1,P05
3,514,170,688,1,2,1,1,P05
3,515,154,566,1,5,1,1,P05
3,516,64,397,1,1,1,1,P05
3,517,179,734,1,1,1,1,P05
3,518,101,354,1,1,1,1,P05
3,519,85,346,1,1,1,1,P05
3,520,149,536,1,1,1,1,P05
3,521,94,405,1,1,1,1,P05
3,522,179,548,1,1,1,1,P05
3,523,148,372,1,1,1,1,P05
3,524,111,346,1,1,1,1,P05
3,525,126,600,1,1,1,1,P05
3,526,110,314,1,1,1,1,P05
3,527,140,813,1,1,1,1,P05
3,528,176,620,1,1,1,1,P05
3,529,203,621,1,1,1,1,P05
3,530,220,657,1,3,1,1,P05
3,531,170,580,1,1,1,1,P05
3,532,120,390,1,1,1,1,P05
3,533,174,613,1,1,1,1,P05
3,534,166,631,1,1,1,1,P05
3,535,150,623,1,1,1,1,P05
3,536,178,597,1,1,1,1,P05
3,537,98,348,1,1,1,1,P05
3,538,79,330,1,1,1,1,P05
3,539,177,561,1,2,1,1,P05
3,540,207,667,1,1,1,1,P05
3,541,240,711,1,1,1,1,P05
3,542,158,710,1,1,1,1,P05
3,543,179,692,1,1,1,1,P05
3,544,95,493,1,1,1,1,P05
3,545,235,722,1,1,1,1,P05
3,546,174,649,1,1,1,1,P05
3,547,153,735,1,2,1,1,P05
3,548,206,722,1,1,1,1,P05
3,549,193,790,1,1,1,1,P05
3,550,98,413,1,1,1,1,P05
3,551,102,305,1,1,1,1,P05
3,552,88,342,1,2,1,1,P05
3,553,110,504,1,1,1,1,P05
3,554,104,528,1,1,1,1,P05
3,555,111,534,1,1,1,1,P05
3,556,223,758,1,1,1,1,P05
3,557,167,538,1,1,1,1,P05
3,558,238,685,1,1,1,1,P05
3,559,123,517,1,1,1,1,P05
3,560,220,692,1,3,1,1,P05
3,561,151,826,1,1,1,1,P05
3,562,83,374,1,1,1,1,P05
3,563,189,604,1,1,1,1,P05
3,564,115,430,1,1,1,1,P05
3,565,167,738,1,1,1,1,P05
3,566,121,497,1,1,1,1,P05
3,567,110,453,1,1,1,1,P05
3,568,213,694,1,2,1,1,P05
3,569,122,577,1,1,1,1,P05
3,570,131,609,1,1,1,1,P05
3,571,77,399,1,1,1,1,P05
3,572,117,562,1,2,1,1,P05
3,573,115,468,1,1,1,1,P05
3,574,126,595,1,1,1,1,P05
3,575,119,599,1,1,1,1,P05
3,576,87,334,1,2,1,1,P05
3,577,91,337,1,2,1,1,P05
3,578,107,468,1,1,1,1,P05
3,579,170,592,1,2,1,1,P05
3,580,105,528,1,1,1,1,P05
3,581,104,359,1,1,1,1,P05
3,582,147,422,1,1,1,1,P05
3,583,191,698,1,1,1,1,P05
3,584,171,755,1,3,1,1,P05
3,585,112,473,1,1,1,1,P05
3,586,204,661,1,1,1,1,P05
3,587,140,697,1,1,1,1,P05
3,588,111,359,1,3,1,1,P05
3,589,172,604,1,3,1,1,P05
3,590,96,391,1,1,1,1,P05
3,591,205,616,1,1,1,1,P05
3,592,153,801,1,2,1,1,P05
3,593,179,613,1,1,1,1,P05
3,594,140,369,1,1,1,1,P05
3,595,115,508,1,1,1,1,P05
3,596,198,697,1,1,1,1,P05
3,597,103,353,2,1,1,1,P05
3,598,196,595,1,1,1,1,P05
3,599,206,790,1,1,1,1,P05
3,600,167,534,1,1,1,1,P05
3,601,105,495,1,1,1,1,P05
3,602,162,777,1,1,1,1,P05
3,603,201,789,1,1,1,1,P05
3,604,241,706,1,2,1,1,P05
3,605,147,572,2,1,1,1,P05
3,606,93,385,1,1,1,1,P05
3,607,184,815,1,2,1,1,P05
3,608,145,663,1,2,1,1,P05
3,609,161,680,1,1,1,1,P05
3,610,111,383,1,1,1,1,P05
3,611,210,715,1,1,1,1,P05
3,612,174,790,1,2,1,1,P05
3,613,132,454,1,1,1,1,P05
3,614,132,403,1,1,1,1,P05
3,615,225,634,1,2,1,1,P05
3,616,91,312,1,1,1,1,P05
3,617,237,750,1,1,1,1,P05
3,618,144,637,1,2,1,1,P05
3,619,183,686,1,1,1,1,P05
3,620,187,755,1,3,1,1,P05
3,621,203,787,1,3,1,1,P05
3,622,198,587,1,1,1,1,P05
3,623,120,584,1,2,1,1,P05
3,624,187,628,1,1,1,1,P05
3,625,144,581,1,3,1,1,P05
3,626,136,447,1,1,1,1,P05
3,627,162,697,1,1,1,1,P05
3,628,196,659,1,2,1,1,P05
3,629,185,640,1,1,1,1,P05
3,630,110,435,1,1,1,1,P05
3,631,154,569,1,1,1,1,P05
3,632,91,328,1,3,1,1,P05
3,633,172,575,1,1,1,1,P05
3,634,180,650,1,1,1,1,P05
3,635,156,533,1,1,1,1,P05
3,636,219,738,1,1,1,1,P05
3,637,146,730,1,1,1,1,P05
3,638,144,408,1,1,1,1,P05
3,639,181,703,1,1,1,1,P05
3,640,154,524,1,1,1,1,P05
3,641,136,448,1,1,1,1,P05
3,642,171,597,1,1,1,1,P05
3,643,87,382,1,1,1,1,P05
3,644,147,503,1,1,1,1,P05
3,645,156,629,1,1,1,1,P05
3,646,184,771,1,1,1,1,P05
3,647,72,374,2,1,1,1,P05
3,648,84,458,1,2,1,1,P05
3,649,102,527,1,1,1,1,P05
3,650,128,500,1,2,1,1,P05
3,651,65,440,1,1,1,1,P05
3,652,115,398,1,1,1,1,P05
3,653,160,528,1,1,1,1,P05
3,654,123,622,1,1,1,1,P05
3,655,196,787,1,1,1,1,P05
3,656,210,699,1,2,1,1,P05
3,657,116,414,1,1,1,1,P05
3,658,189,538,1,1,1,1,P05
3,659,130,470,1,2,1,1,P05
3,660,100,630,1,1,1,1,P05
3,661,133,532,1,1,1,1,P05
3,662,212,623,1,1,1,1,P05
3,663,143,623,1,1,1,1,P05
3,664,132,402,1,1,1,1,P05
3,665,214,784,1,1,1,1,P05
3,666,184,726,1,1,1,1,P05
3,667,129,414,1,1,1,1,P05
3,668,83,364,1,2,1,1,P05
3,669,175,632,1,1,1,1,P05
3,670,160,609,1,1,1,1,P05
3,671,171,662,1,1,1,1,P05
3,672,177,717,1,1,1,1,P05
3,673,135,450,1,1,1,1,P05
3,674,143,487,1,1,1,1,P05
3,675,117,530,1,3,1,1,P05
3,676,116,450,1,1,1,1,P05
3,677,188,699,1,1,1,1,P05
3,678,96,472,1,1,1,1,P05
3,679,181,635,1,1,1,1,P05
3,680,124,426,1,1,1,1,P05
3,681,87,406,1,1,1,1,P05
3,682,97,466,1,1,1,1,P05
3,683,83,404,1,1,1,1,P05
3,684,178,770,1,1,1,1,P05
3,685,145,433,1,1,1,1,P05
3,686,107,491,1,1,1,1,P05
3,687,115,346,1,1,1,1,P05
3,688,186,756,1,2,1,1,P05
3,689,149,658,1,1,1,1,P05
3,690,180,746,1,2,1,1,P05
3,691,162,706,1,1,1,1,P05
3,692,88,370,1,1,1,1,P05
3,693,168,741,1,1,1,1,P05
3,694,118,474,1,2,1,1,P05
3,695,136,462,1,1,1,1,P05
3,696,169,546,1,1,1,1,P05
3,697,114,505,1,1,1,1,P05
3,698,186,711,1,5,1,1,P05
3,699,66,372,1,2,1,1,P05
3,700,178,669,1,1,1,1,P05
3,701,219,752,1,1,1,1,P05
3,702,179,590,1,1,1,1,P05
3,703,135,550,1,2,1,1,P05
3,704,148,800,1,2,1,1,P05
3,705,121,528,1,2,1,1,P05
3,706,161,449,1,2,1,1,P05
3,707,209,690,1,2,1,1,P05
3,708,176,659,1,1,1,1,P05
3,709,203,779,1,1,1,1,P05
3,710,164,759,1,1,1,1,P05
3,711,103,520,1,1,1,1,P05
3,712,143,740,1,1,1,1,P05
3,713,175,788,1,1,1,1,P05
3,714,140,828,1,1,1,1,P05
3,715,148,601,1,1,1,1,P05
3,716,179,781,1,2,1,1,P05
3,717,144,489,1,1,1,1,P05
3,718,139,616,1,1,1,1,P05
3,719,103,395,1,1,1,1,P05
3,720,205,665,1,2,1,1,P05
3,721,123,456,1,2,1,1,P05
3,722,193,710,1,1,1,1,P05
3,723,77,455,1,1,1,1,P05
3,724,209,695,3,1,1,1,P05
3,725,187,800,1,1,1,1,P05
3,726,221,746,1,1,1,1,P05
3,727,160,493,1,1,1,1,P05
3,728,104,423,1,1,1,1,P05
3,729,119,469,1,2,1,1,P05
3,730,130,535,1,1,1,1,P05
3,731,155,772,1,1,1,1,P05
3,732,161,583,1,1,1,1,P05
3,733,85,372,1,1,1,1,P05
3,734,218,768,1,1,1,1,P05
3,735,120,451,1,2,1,1,P05
3,736,122,481,1,1,1,1,P05
3,737,175,656,1,2,1,1,P05
3,738,104,338,1,1,1,1,P05
3,739,188,648,1,2,1,1,P05
3,740,193,619,1,1,1,1,P05
3,741,103,393,1,1,1,1,P05
3,742,214,678,1,1,1,1,P05
3,743,156,698,1,1,1,1,P05
3,744,213,682,1,1,1,1,P05
3,745,176,504,1,1,1,1,P05
3,746,159,814,1,1,1,1,P05
3,747,100,444,1,1,1,1,P05
3,748,176,711,1,1,1,1,P05
3,749,125,459,1,1,1,1,P05
3,750,103,393,1,1,1,1,P05
3,751,210,589,1,1,1,1,P05
3,752,120,502,1,1,1,1,P05
3,753,200,753,1,1,1,1,P05
3,754,145,643,1,1,1,1,P05
3,755,139,705,1,1,1,1,P05
3,756,149,664,1,1,1,1,P05
3,757,83,333,1,1,1,1,P05
3,758,91,499,1,1,1,1,P05
3,759,138,453,1,1,1,1,P05
3,760,128,432,1,1,1,1,P05
3,761,91,312,1,1,1,1,P05
3,762,118,666,1,2,1,1,P05
3,763,101,350,1,1,1,1,P05
3,764,123,599,1,2,1,1,P05
3,765,88,480,1,2,1,1,P05
3,766,186,632,1,1,1,1,P05
3,767,110,395,1,1,1,1,P05
3,768,156,685,1,2,1,1,P05
3,769,175,746,1,1,1,1,P05
3,770,162,591,1,1,1,1,P05
3,771,115,285,1,4,1,1,P05
3,772,133,462,1,3,1,1,P05
3,773,178,728,1,1,1,1,P05
3,774,212,731,1,1,1,1,P05
3,775,99,401,1,1,1,1,P05
3,776,139,371,1,2,1,1,P05
3,777,143,564,1,2,1,1,P05
3,778,176,749,1,1,1,1,P05
3,779,182,647,1,1,1,1,P05
3,780,157,550,1,1,1,1,P05
3,781,107,339,1,1,1,1,P05
3,782,154,500,1,1,1,1,P05
3,783,130,543,1,1,1,1,P05
3,784,135,442,1,2,1,1,P05
3,785,122,451,1,1,1,1,P05
3,786,132,521,1,1,1,1,P05
3,787,84,433,1,2,1,1,P05
3,788,164,591,1,2,1,1,P05
3,789,193,784,2,1,1,1,P05
3,790,134,526,1,1,1,1,P05
3,791,163,795,1,1,1,1,P05
3,792,137,616,1,2,1,1,P05
3,793,163,510,1,1,1,1,P05
3,794,126,345,1,1,1,1,P05
3,795,148,515,1,1,1,1,P05
3,796,130,660,1,1,1,1,P05
3,797,205,604,1,1,1,1,P05
3,798,74,350,1,1,1,1,P05
3,799,71,333,1,1,1,1,P05
3,800,100,427,1,1,1,1,P05
3,801,184,769,1,1,1,1,P05
3,802,108,451,1,2,1,1,P05
3,803,77,334,1,1,1,1,P05
3,804,102,332,1,1,1,1,P05
3,805,112,553,2,2,1,1,P05
3,806,76,351,1,1,1,1,P05
3,807,196,670,1,2,1,1,P05
3,808,82,327,1,1,1,1,P05
3,809,184,723,1,1,1,1,P05
3,810,130,431,1,1,1,1,P05
3,811,110,413,1,1,1,1,P05
3,812,96,343,1,1,1,1,P05
3,813,135,468,1,1,1,1,P05
3,814,155,640,1,1,1,1,P05
3,815,80,388,1,1,1,1,P05
3,816,124,465,1,1,1,1,P05
3,817,90,491,1,1,1,1,P05
3,818,168,807,1,1,1,1,P05
3,819,162,552,2,2,1,1,P05
3,820,209,745,1,1,1,1,P05
3,821,167,789,1,1,1,1,P05
3,822,192,731,1,2,1,1,P05
3,823,170,476,1,1,1,1,P05
3,824,164,761,1,1,1,1,P05
3,825,143,587,1,1,1,1,P05
3,826,105,300,1,1,1,1,P05
3,827,139,609,1,1,1,1,P05
3,828,119,412,1,1,1,1,P05
3,829,108,425,1,2,1,1,P05
3,830,141,492,1,3,1,1,P05
3,831,192,720,1,1,1,1,P05
3,832,188,722,1,2,1,1,P05
3,833,151,663,1,1,1,1,P05
3,834,157,630,1,1,1,1,P05
3,835,117,361,2,1,1,1,P05
3,836,93,401,1,2,1,1,P05
3,837,133,760,1,1,1,1,P05
3,838,160,651,1,2,1,1,P05
3,839,112,485,1,1,1,1,P05
3,840,188,690,1,1,1,1,P05
3,841,171,603,1,1,1,1,P05
3,842,155,456,1,1,1,1,P05
3,843,235,759,1,3,1,1,P05
3,844,185,547,1,1,1,1,P05
3,845,141,470,1,1,1,1,P05
3,846,141,625,1,1,1,1,P05
3,847,176,805,1,1,1,1,P05
3,848,101,603,1,1,1,1,P05
3,849,183,704,1,1,1,1,P05
3,850,92,423,1,1,1,1,P05
3,851,167,491,1,1,1,1,P05
3,852,93,436,1,1,1,1,P05
3,853,126,411,1,1,1,1,P05
3,854,110,436,1,1,1,1,P05
3,855,95,343,1,3,1,1,P05
3,856,82,369,1,1,1,1,P05
3,857,214,627,1,3,1,1,P05
3,858,178,665,1,1,1,1,P05
3,859,143,646,1,2,1,1,P05
3,860,150,495,1,1,1,1,P05
3,861,183,694,1,1,1,1,P05
3,862,229,767,1,1,1,1,P05
3,863,98,418,1,1,1,1,P05
3,864,150,746,1,2,1,1,P05
3,865,169,547,1,1,1,1,P05
3,866,125,374,1,4,1,1,P05
3,867,129,483,1,1,1,1,P05
3,868,151,666,1,1,1,1,P05
3,869,89,337,1,1,1,1,P05
3,870,102,308,1,1,1,1,P05
3,871,196,710,1,1,1,1,P05
3,872,165,723,1,1,1,1,P05
3,873,125,393,1,1,1,1,P05
3,874,120,358,1,1,1,1,P05
3,875,92,365,1,1,1,1,P05
3,876,169,778,1,1,1,1,P05
3,877,105,550,1,3,1,1,P05
3,878,179,704,1,1,1,1,P05
3,879,181,570,1,1,1,1,P05
3,880,218,663,1,2,1,1,P05
3,881,101,421,1,1,1,1,P05
3,882,153,576,1,2,1,1,P05
3,883,137,536,1,1,1,1,P05
3,884,145,500,1,1,1,1,P05
3,885,79,382,1,1,1,1,P05
3,886,125,535,1,1,1,1,P05
3,887,80,356,1,1,1,1,P05
3,888,124,552,1,1,1,1,P05
3,889,94,314,1,1,1,1,P05
3,890,168,784,1,1,1,1,P05
3,891,133,610,1,1,1,1,P05
3,892,90,381,1,2,1,1,P05
3,893,137,462,1,1,1,1,P05
3,894,133,494,1,1,1,1,P05
3,895,217,747,1,2,1,1,P05
3,896,193,685,1,1,1,1,P05
3,897,114,543,1,1,1,1,P05
3,898,161,578,1,1,1,1,P05
3,899,129,504,1,3,1,1,P05
3,900,142,641,1,1,1,1,P05
3,901,243,726,1,1,1,1,P05
3,902,182,620,1,2,1,1,P05
3,903,156,690,1,1,1,1,P05
3,904,241,663,1,1,1,1,P05
3,905,156,757,1,1,1,1,P05
3,906,107,570,1,1,1,1,P05
3,907,99,432,1,1,1,1,P05
3,908,98,332,1,1,1,1,P05
3,909,106,431,1,1,1,1,P05
3,910,172,682,1,1,1,1,P05
3,911,183,722,1,1,1,1,P05
3,912,122,399,1,2,1,1,P05
3,913,137,571,1,4,1,1,P05
3,914,178,606,1,1,1,1,P05
3,915,186,723,1,1,1,1,P05
3,916,247,731,1,1,1,1,P05
3,917,85,468,1,1,1,1,P05
3,918,161,526,1,1,1,1,P05
3,919,110,556,1,1,1,1,P05
3,920,125,517,1,2,1,1,P05
3,921,180,802,1,1,1,1,P05
3,922,100,457,1,2,1,1,P05
3,923,116,465,1,1,1,1,P05
3,924,116,404,1,1,1,1,P05
3,925,168,496,1,1,1,1,P05
3,926,75,335,1,1,1,1,P05
3,927,110,531,1,2,1,1,P05
3,928,88,462,1,1,1,1,P05
3,929,77,330,1,1,1,1,P05
3,930,181,738,1,1,1,1,P05
3,931,203,601,1,1,1,1,P05
3,932,186,764,1,2,1,1,P05
3,933,71,337,1,1,1,1,P05
3,934,185,727,1,1,1,1,P05
3,935,165,681,1,1,1,1,P05
3,936,180,645,1,1,1,1,P05
3,937,132,531,1,1,1,1,P05
3,938,131,476,1,1,1,1,P05
3,939,108,395,1,1,1,1,P05
3,940,119,449,1,2,1,1,P05
3,941,195,702,1,1,1,1,P05
3,942,163,646,1,1,1,1,P05
3,943,77,340,1,1,1,1,P05
3,944,131,419,1,1,1,1,P05
3,945,153,497,1,1,1,1,P05
3,946,134,579,1,1,1,1,P05
3,947,121,388,1,1,1,1,P05
3,948,156,731,1,1,1,1,P05
3,949,111,391,1,1,1,1,P05
3,950,132,567,1,1,1,1,P05
3,951,128,376,1,2,1,1,P05
3,952,153,458,1,1,1,1,P05
3,953,170,558,1,1,1,1,P05
3,954,105,354,1,1,1,1,P05
3,955,124,388,1,2,1,1,P05
3,956,190,680,1,2,1,1,P05
3,957,178,672,1,2,1,1,P05
3,958,186,634,1,1,1,1,P05
3,959,126,413,1,1,1,1,P05
3,960,139,442,1,1,1,1,P05
3,961,137,606,1,1,1,1,P05
3,962,161,565,1,1,1,1,P05
3,963,171,654,1,1,1,1,P05
3,964,106,442,1,1,1,1,P05
3,965,100,344,1,1,1,1,P05
3,966,193,613,1,1,1,1,P05
3,967,108,436,1,1,1,1,P05
3,968,116,366,1,1,1,1,P05
3,969,146,604,1,3,1,1,P05
3,970,155,518,1,3,1,1,P05
3,971,157,630,1,1,1,1,P05
3,972,138,450,1,1,1,1,P05
3,973,119,417,1,1,1,1,P05
3,974,118,414,1,1,1,1,P05
3,975,193,755,1,2,1,1,P05
3,976,120,509,1,2,1,1,P05
3,977,116,390,1,1,1,1,P05
3,978,181,686,1,1,1,1,P05
3,979,200,661,1,1,1,1,P05
3,980,70,360,1,1,1,1,P05
3,981,143,607,1,1,1,1,P05
3,982,97,459,1,1,1,1,P05
3,983,100,477,1,1,1,1,P05
3,984,132,499,1,2,1,1,P05
3,985,109,382,1,1,1,1,P05
3,986,190,701,1,1,1,1,P05
3,987,79,757,1,2,1,1,P05
3,988,136,483,1,1,1,1,P05
3,989,87,328,1,2,1,1,P05
3,990,190,720,1,1,1,1,P05
3,991,142,532,2,1,1,1,P05
3,992,111,466,1,1,1,1,P05
3,993,92,403,1,1,1,1,P05
3,994,125,628,1,2,1,1,P05
3,995,221,673,1,1,1,1,P05
3,996,84,430,1,2,1,1,P05
3,997,179,748,1,1,1,1,P05
3,998,223,760,1,1,1,1,P05
3,999,198,624,1,2,1,1,P05
3,1000,88,358,1,1,1,1,P05
4,1,229,511,2,1,3,1,P05
4,2,176,469,1,1,3,1,P05
4,3,219,315,3,1,3,1,P05
4,4,161,367,1,1,3,1,P05
4,5,263,541,1,1,3,1,P05
4,6,184,506,1,1,3,1,P05
4,7,224,346,1,1,3,1,P05
4,8,240,477,1,1,3,1,P05
4,9,387,523,1,1,3,1,P05
4,10,191,325,1,1,3,1,P05
4,11,184,440,3,1,3,1,P05
4,12,189,475,1,4,3,1,P05
4,13,268,485,1,2,3,1,P05
4,14,179,463,1,1,3,1,P05
4,15,270,690,1,1,3,1,P05
4,16,207,420,1,1,3,1,P05
4,17,275,674,1,1,3,1,P05
4,18,294,647,2,1,3,1,P05
4,19,143,330,1,1,3,1,P05
4,20,226,473,2,1,3,1,P05
4,21,158,395,1,1,3,1,P05
4,22,158,379,1,1,3,1,P05
4,23,217,548,1,2,3,1,P05
4,24,236,410,2,1,3,1,P05
4,25,168,283,2,1,3,1,P05
4,26,296,558,2,1,3,1,P05
4,27,198,434,1,1,3,1,P05
4,28,312,538,1,1,3,1,P05
4,29,129,279,1,1,3,1,P05
4,30,206,333,1,1,3,1,P05
4,31,177,378,3,2,3,1,P05
4,32,189,436,1,1,3,1,P05
4,33,263,521,2,1,3,1,P05
4,34,264,481,1,1,3,1,P05
4,35,209,447,1,1,3,1,P05
4,36,259,591,1,1,3,1,P05
4,37,187,384,1,2,3,1,P05
4,38,139,368,1,1,3,1,P05
4,39,241,669,2,1,3,1,P05
4,40,193,613,2,1,3,1,P05
4,41,260,668,1,1,3,1,P05
4,42,338,617,4,1,3,1,P05
4,43,238,625,1,1,3,1,P05
4,44,157,315,1,1,3,1,P05
4,45,279,517,1,1,3,1,P05
4,46,244,529,1,1,3,1,P05
4,47,319,620,1,1,3,1,P05
4,48,202,356,1,2,3,1,P05
4,49,279,654,1,2,3,1,P05
4,50,294,551,1,1,3,1,P05
4,51,275,603,1,1,3,1,P05
4,52,339,454,1,1,3,1,P05
4,53,171,386,1,1,3,1,P05
4,54,145,262,1,1,3,1,P05
4,55,218,482,2,1,3,1,P05
4,56,312,670,1,1,3,1,P05
4,57,201,543,1,3,3,1,P05
4,58,140,344,3,1,3,1,P05
4,59,193,366,1,1,3,1,P05
4,60,208,501,2,1,3,1,P05
4,61,287,626,1,1,3,1,P05
4,62,284,632,1,1,3,1,P05
4,63,329,608,3,1,3,1,P05
4,64,316,638,2,1,3,1,P05
4,65,220,386,2,1,3,1,P05
4,66,232,452,1,1,3,1,P05
4,67,243,489,1,2,3,1,P05
4,68,274,516,2,1,3,1,P05
4,69,248,519,2,1,3,1,P05
4,70,199,395,1,1,3,1,P05
4,71,208,392,2,1,3,1,P05
4,72,213,445,1,1,3,1,P05
4,73,315,656,1,1,3,1,P05
4,74,173,371,1,1,3,1,P05
4,75,273,420,1,1,3,1,P05
4,76,284,648,1,1,3,1,P05
4,77,139,274,2,1,3,1,P05
4,78,231,466,1,1,3,1,P05
4,79,292,592,1,1,3,1,P05
4,80,143,330,1,1,3,1,P05
4,81,247,479,1,1,3,1,P05
4,82,328,570,2,1,3,1,P05
4,83,196,448,1,2,3,1,P05
4,84,251,661,1,1,3,1,P05
4,85,187,403,2,1,3,1,P05
4,86,289,572,2,1,3,1,P05
4,87,190,252,2,1,3,1,P05
4,88,225,400,1,1,3,1,P05
4,89,322,614,1,1,3,1,P05
4,90,141,273,1,1,3,1,P05
4,91,266,638,1,1,3,1,P05
4,92,350,628,1,1,3,1,P05
4,93,285,471,1,1,3,1,P05
4,94,226,405,1,1,3,1,P05
4,95,329,556,1,1,3,1,P05
4,96,392,567,1,1,3,1,P05
4,97,154,290,1,1,3,1,P05
4,98,331,605,3,1,3,1,P05
4,99,157,343,1,1,3,1,P05
4,100,225,460,1,1,3,1,P05
4,101,249,430,1,1,3,1,P05
4,102,263,432,1,1,3,1,P05
4,103,114,312,1,1,3,1,P05
4,104,145,376,1,2,3,1,P05
4,105,313,651,1,1,3,1,P05
4,106,189,395,2,1,3,1,P05
4,107,186,442,1,1,3,1,P05
4,108,190,308,1,1,3,1,P05
4,109,155,427,1,2,3,1,P05
4,110,328,634,1,1,3,1,P05
4,111,220,460,2,2,3,1,P05
4,112,219,411,1,1,3,1,P05
4,113,232,662,1,1,3,1,P05
4,114,277,602,1,1,3,1,P05
4,115,359,502,2,1,3,1,P05
4,116,228,578,1,1,3,1,P05
4,117,294,680,1,1,3,1,P05
4,118,252,496,1,1,3,1,P05
4,119,243,422,3,1,3,1,P05
4,120,281,496,2,2,3,1,P05
4,121,164,397,1,1,3,1,P05
4,122,234,462,1,1,3,1,P05
4,123,167,308,1,1,3,1,P05
4,124,300,540,1,1,3,1,P05
4,125,244,441,2,1,3,1,P05
4,126,251,508,1,1,3,1,P05
4,127,323,492,1,2,3,1,P05
4,128,205,330,2,1,3,1,P05
4,129,167,234,1,1,3,1,P05
4,130,267,650,1,1,3,1,P05
4,131,260,550,1,1,3,1,P05
4,132,206,575,1,1,3,1,P05
4,133,220,453,2,1,3,1,P05
4,134,205,457,1,1,3,1,P05
4,135,264,380,1,1,3,1,P05
4,136,262,585,1,1,3,1,P05
4,137,239,749,1,1,3,1,P05
4,138,369,544,1,1,3,1,P05
4,139,309,629,1,1,3,1,P05
4,140,211,377,1,3,3,1,P05
4,141,254,724,1,1,3,1,P05
4,142,182,353,1,1,3,1,P05
4,143,285,563,1,1,3,1,P05
4,144,219,376,3,1,3,1,P05
4,145,240,475,2,1,3,1,P05
4,146,200,414,1,1,3,1,P05
4,147,359,576,3,1,3,1,P05
4,148,230,514,1,3,3,1,P05
4,149,129,273,1,2,3,1,P05
4,150,263,503,1,1,3,1,P05
4,151,142,303,1,1,3,1,P05
4,152,173,432,1,1,3,1,P05
4,153,133,299,1,1,3,1,P05
4,154,226,583,1,1,3,1,P05
4,155,169,245,1,3,3,1,P05
4,156,132,294,1,1,3,1,P05
4,157,202,578,1,1,3,1,P05
4,158,333,647,1,1,3,1,P05
4,159,233,650,1,1,3,1,P05
4,160,298,606,1,1,3,1,P05
4,161,175,362,1,1,3,1,P05
4,162,306,497,2,1,3,1,P05
4,163,132,321,1,1,3,1,P05
4,164,202,408,1,1,3,1,P05
4,165,211,414,1,1,3,1,P05
4,166,183,569,1,2,3,1,P05
4,167,265,701,1,1,3,1,P05
4,168,229,546,2,1,3,1,P05
4,169,169,313,2,1,3,1,P05
4,170,275,504,1,1,3,1,P05
4,171,266,403,1,1,3,1,P05
4,172,191,331,1,1,3,1,P05
4,173,229,454,1,1,3,1,P05
4,174,152,337,1,1,3,1,P05
4,175,272,454,2,1,3,1,P05
4,176,275,565,2,1,3,1,P05
4,177,245,560,1,1,3,1,P05
4,178,177,371,1,1,3,1,P05
4,179,246,405,3,2,3,1,P05
4,180,181,505,1,1,3,1,P05
4,181,176,309,3,1,3,1,P05
4,182,325,623,1,2,3,1,P05
4,183,301,582,1,1,3,1,P05
4,184,308,663,1,1,3,1,P05
4,185,223,327,2,1,3,1,P05
4,186,261,678,1,1,3,1,P05
4,187,235,642,1,1,3,1,P05
4,188,258,583,2,2,3,1,P05
4,189,245,402,1,1,3,1,P05
4,190,226,539,1,1,3,1,P05
4,191,152,295,2,2,3,1,P05
4,192,182,275,1,1,3,1,P05
4,193,300,468,1,1,3,1,P05
4,194,276,527,1,1,3,1,P05
4,195,174,293,3,1,3,1,P05
4,196,289,497,1,1,3,1,P05
4,197,237,375,1,1,3,1,P05
4,198,177,473,1,1,3,1,P05
4,199,272,586,1,1,3,1,P05
4,200,198,475,1,1,3,1,P05
4,201,284,601,1,1,3,1,P05
4,202,255,356,2,1,3,1,P05
4,203,251,422,3,1,3,1,P05
4,204,136,275,1,3,3,1,P05
4,205,220,541,1,1,3,1,P05
4,206,226,466,2,2,3,1,P05
4,207,293,577,2,1,3,1,P05
4,208,245,605,1,1,3,1,P05
4,209,111,323,1,1,3,1,P05
4,210,333,629,1,1,3,1,P05
4,211,348,539,1,1,3,1,P05
4,212,207,516,1,1,3,1,P05
4,213,280,627,1,1,3,1,P05
4,214,190,394,2,1,3,1,P05
4,215,327,647,2,1,3,1,P05
4,216,113,295,1,1,3,1,P05
4,217,208,536,1,1,3,1,P05
4,218,316,555,3,1,3,1,P05
4,219,126,383,1,1,3,1,P05
4,220,222,579,2,1,3,1,P05
4,221,132,341,1,1,3,1,P05
4,222,306,671,1,1,3,1,P05
4,223,234,521,1,1,3,1,P05
4,224,164,405,3,1,3,1,P05
4,225,336,629,2,1,3,1,P05
4,226,239,595,1,1,3,1,P05
4,227,158,345,1,1,3,1,P05
4,228,299,536,1,1,3,1,P05
4,229,192,401,1,1,3,1,P05
4,230,346,514,1,2,3,1,P05
4,231,363,541,1,1,3,1,P05
4,232,200,450,2,1,3,1,P05
4,233,314,543,1,1,3,1,P05
4,234,187,319,2,2,3,1,P05
4,235,285,474,1,1,3,1,P05
4,236,322,560,5,1,3,1,P05
4,237,152,347,2,1,3,1,P05
4,238,159,393,1,1,3,1,P05
4,239,138,331,1,1,3,1,P05
4,240,180,375,1,1,3,1,P05
4,241,267,489,1,1,3,1,P05
4,242,260,475,1,1,3,1,P05
4,243,190,287,1,1,3,1,P05
4,244,113,306,1,1,3,1,P05
4,245,262,398,1,1,3,1,P05
4,246,267,457,2,1,3,1,P05
4,247,305,635,1,1,3,1,P05
4,248,299,669,3,1,3,1,P05
4,249,242,377,1,1,3,1,P05
4,250,193,486,1,1,3,1,P05
4,251,276,611,1,1,3,1,P05
4,252,257,564,2,1,3,1,P05
4,253,160,303,1,1,3,1,P05
4,254,154,334,1,1,3,1,P05
4,255,239,309,2,1,3,1,P05
4,256,139,289,1,1,3,1,P05
4,257,292,448,2,1,3,1,P05
4,258,145,294,4,1,3,1,P05
4,259,201,480,3,2,3,1,P05
4,260,318,585,1,1,3,1,P05
4,261,181,345,1,2,3,1,P05
4,262,258,526,2,1,3,1,P05
4,263,172,303,1,1,3,1,P05
4,264,136,298,1,1,3,1,P05
4,265,176,375,1,1,3,1,P05
4,266,297,409,2,1,3,1,P05
4,267,194,415,3,1,3,1,P05
4,268,172,307,1,1,3,1,P05
4,269,171,370,1,2,3,1,P05
4,270,134,293,3,1,3,1,P05
4,271,282,717,1,1,3,1,P05
4,272,296,553,1,1,3,1,P05
4,273,285,686,1,1,3,1,P05
4,274,234,599,1,1,3,1,P05
4,275,203,526,1,1,3,1,P05
4,276,349,508,3,1,3,1,P05
4,277,135,434,1,1,3,1,P05
4,278,127,315,1,1,3,1,P05
4,279,241,613,1,1,3,1,P05
4,280,271,503,1,2,3,1,P05
4,281,222,409,1,2,3,1,P05
4,282,213,441,1,1,3,1,P05
4,283,130,322,1,1,3,1,P05
4,284,253,499,1,1,3,1,P05
4,285,151,347,1,1,3,1,P05
4,286,138,326,1,1,3,1,P05
4,287,313,584,1,1,3,1,P05
4,288,113,308,1,1,3,1,P05
4,289,146,415,2,1,3,1,P05
4,290,344,641,1,1,3,1,P05
4,291,217,359,5,1,3,1,P05
4,292,152,285,1,1,3,1,P05
4,293,298,471,4,2,3,1,P05
4,294,280,645,3,1,3,1,P05
4,295,243,428,2,1,3,1,P05
4,296,195,477,2,1,3,1,P05
4,297,241,366,2,1,3,1,P05
4,298,132,310,1,1,3,1,P05
4,299,245,473,1,1,3,1,P05
4,300,144,339,1,1,3,1,P05
4,301,201,412,2,1,3,1,P05
4,302,132,293,1,1,3,1,P05
4,303,229,464,1,1,3,1,P05
4,304,250,482,1,1,3,1,P05
4,305,286,656,1,2,3,1,P05
4,306,282,522,1,2,3,1,P05
4,307,228,470,1,1,3,1,P05
4,308,148,355,1,1,3,1,P05
4,309,195,435,1,1,3,1,P05
4,310,183,509,1,1,3,1,P05
4,311,166,283,1,1,3,1,P05
4,312,230,460,2,1,3,1,P05
4,313,349,619,1,1,3,1,P05
4,314,238,473,1,1,3,1,P05
4,315,180,324,4,1,3,1,P05
4,316,334,563,1,1,3,1,P05
4,317,288,494,2,3,3,1,P05
4,318,325,648,1,4,3,1,P05
4,319,278,650,1,1,3,1,P05
4,320,233,368,1,1,3,1,P05
4,321,164,307,1,1,3,1,P05
4,322,245,519,1,1,3,1,P05
4,323,253,553,3,1,3,1,P05
4,324,184,322,1,1,3,1,P05
4,325,99,313,1,1,3,1,P05
4,326,297,636,1,1,3,1,P05
4,327,258,540,1,1,3,1,P05
4,328,241,619,1,2,3,1,P05
4,329,300,684,2,1,3,1,P05
4,330,396,591,1,1,3,1,P05
4,331,212,406,2,1,3,1,P05
4,332,210,492,1,2,3,1,P05
4,333,140,304,1,1,3,1,P05
4,334,305,665,1,1,3,1,P05
4,335,223,562,2,2,3,1,P05
4,336,209,399,1,1,3,1,P05
4,337,250,629,1,2,3,1,P05
4,338,167,361,1,1,3,1,P05
4,339,158,267,1,1,3,1,P05
4,340,216,482,1,1,3,1,P05
4,341,284,574,1,1,3,1,P05
4,342,160,292,1,1,3,1,P05
4,343,237,730,1,1,3,1,P05
4,344,212,364,2,1,3,1,P05
4,345,142,332,1,1,3,1,P05
4,346,166,309,1,1,3,1,P05
4,347,289,586,1,1,3,1,P05
4,348,202,364,1,1,3,1,P05
4,349,279,416,1,1,3,1,P05
4,350,232,477,1,1,3,1,P05
4,351,342,619,1,1,3,1,P05
4,352,240,555,1,1,3,1,P05
4,353,208,416,1,1,3,1,P05
4,354,135,321,1,2,3,1,P05
4,355,231,414,2,1,3,1,P05
4,356,173,336,1,1,3,1,P05
4,357,297,702,2,1,3,1,P05
4,358,254,421,5,2,3,1,P05
4,359,184,374,2,1,3,1,P05
4,360,181,445,1,1,3,1,P05
4,361,287,467,2,1,3,1,P05
4,362,186,430,2,1,3,1,P05
4,363,127,285,3,1,3,1,P05
4,364,206,414,1,1,3,1,P05
4,365,271,539,1,1,3,1,P05
4,366,258,571,1,1,3,1,P05
4,367,342,574,1,2,3,1,P05
4,368,275,628,1,2,3,1,P05
4,369,287,611,1,1,3,1,P05
4,370,152,271,3,1,3,1,P05
4,371,112,304,1,1,3,1,P05
4,372,291,463,3,1,3,1,P05
4,373,151,291,2,1,3,1,P05
4,374,193,678,1,2,3,1,P05
4,375,195,430,1,1,3,1,P05
4,376,128,276,1,1,3,1,P05
4,377,215,499,1,1,3,1,P05
4,378,148,280,1,1,3,1,P05
4,379,150,331,1,1,3,1,P05
4,380,197,516,1,1,3,1,P05
4,381,120,290,1,1,3,1,P05
4,382,147,297,1,1,3,1,P05
4,383,247,602,1,1,3,1,P05
4,384,321,530,1,1,3,1,P05
4,385,303,510,2,1,3,1,P05
4,386,268,469,2,1,3,1,P05
4,387,174,304,1,1,3,1,P05
4,388,201,307,1,1,3,1,P05
4,389,199,561,1,1,3,1,P05
4,390,259,481,2,1,3,1,P05
4,391,223,407,1,1,3,1,P05
4,392,277,549,4,3,3,1,P05
4,393,191,339,3,1,3,1,P05
4,394,117,283,1,1,3,1,P05
4,395,216,347,1,1,3,1,P05
4,396,254,456,1,1,3,1,P05
4,397,136,288,2,1,3,1,P05
4,398,283,496,1,1,3,1,P05
4,399,294,504,1,1,3,1,P05
4,400,293,507,1,1,3,1,P05
4,401,213,434,1,2,3,1,P05
4,402,181,476,1,1,3,1,P05
4,403,152,298,1,1,3,1,P05
4,404,333,491,1,1,3,1,P05
4,405,323,642,1,1,3,1,P05
4,406,241,487,1,1,3,1,P05
4,407,144,304,1,1,3,1,P05
4,408,247,528,1,1,3,1,P05
4,409,310,664,1,1,3,1,P05
4,410,207,506,3,2,3,1,P05
4,411,367,540,2,1,3,1,P05
4,412,300,585,3,1,3,1,P05
4,413,187,431,2,1,3,1,P05
4,414,339,569,4,1,3,1,P05
4,415,236,478,1,1,3,1,P05
4,416,195,441,1,1,3,1,P05
4,417,247,552,1,1,3,1,P05
4,418,277,500,4,2,3,1,P05
4,419,268,602,1,1,3,1,P05
4,420,227,346,1,1,3,1,P05
4,421,143,276,1,1,3,1,P05
4,422,243,514,1,1,3,1,P05
4,423,223,527,1,1,3,1,P05
4,424,219,359,1,2,3,1,P05
4,425,174,348,1,1,3,1,P05
4,426,251,631,1,1,3,1,P05
4,427,170,367,3,1,3,1,P05
4,428,202,453,1,1,3,1,P05
4,429,324,417,1,1,3,1,P05
4,430,236,640,1,1,3,1,P05
4,431,228,382,1,1,3,1,P05
4,432,263,455,1,1,3,1,P05
4,433,236,453,1,1,3,1,P05
4,434,294,481,1,1,3,1,P05
4,435,224,469,1,3,3,1,P05
4,436,222,413,2,1,3,1,P05
4,437,226,501,3,1,3,1,P05
4,438,168,318,1,1,3,1,P05
4,439,275,570,1,2,3,1,P05
4,440,362,508,2,1,3,1,P05
4,441,215,370,1,1,3,1,P05
4,442,299,656,1,1,3,1,P05
4,443,196,432,1,1,3,1,P05
4,444,236,504,3,2,3,1,P05
4,445,136,277,1,1,3,1,P05
4,446,268,479,1,1,3,1,P05
4,447,167,336,1,3,3,1,P05
4,448,301,511,2,1,3,1,P05
4,449,177,340,1,1,3,1,P05
4,450,281,580,1,2,3,1,P05
4,451,249,485,2,1,3,1,P05
4,452,346,618,1,1,3,1,P05
4,453,264,413,2,1,3,1,P05
4,454,167,375,1,1,3,1,P05
4,455,194,345,1,2,3,1,P05
4,456,110,334,1,2,3,1,P05
4,457,282,587,1,1,3,1,P05
4,458,297,451,2,1,3,1,P05
4,459,137,358,1,1,3,1,P05
4,460,260,541,1,5,3,1,P05
4,461,312,549,1,2,3,1,P05
4,462,337,568,1,1,3,1,P05
4,463,306,589,1,1,3,1,P05
4,464,220,398,1,1,3,1,P05
4,465,141,300,1,1,3,1,P05
4,466,179,437,1,1,3,1,P05
4,467,181,430,1,1,3,1,P05
4,468,230,427,2,1,3,1,P05
4,469,263,669,1,1,3,1,P05
4,470,223,602,1,1,3,1,P05
4,471,244,578,1,1,3,1,P05
4,472,221,503,1,1,3,1,P05
4,473,220,497,2,2,3,1,P05
4,474,307,522,1,1,3,1,P05
4,475,375,589,1,1,3,1,P05
4,476,255,572,1,1,3,1,P05
4,477,247,455,3,1,3,1,P05
4,478,302,610,2,1,3,1,P05
4,479,249,428,3,1,3,1,P05
4,480,186,290,1,2,3,1,P05
4,481,290,404,1,1,3,1,P05
4,482,173,390,2,1,3,1,P05
4,483,132,291,1,1,3,1,P05
4,484,286,666,2,1,3,1,P05
4,485,186,490,1,1,3,1,P05
4,486,120,348,3,1,3,1,P05
4,487,207,409,1,1,3,1,P05
4,488,349,524,1,2,3,1,P05
4,489,167,300,1,1,3,1,P05
4,490,243,405,1,1,3,1,P05
4,491,162,429,1,2,3,1,P05
4,492,201,465,1,1,3,1,P05
4,493,393,603,2,1,3,1,P05
4,494,153,309,2,2,3,1,P05
4,495,136,270,2,2,3,1,P05
4,496,297,514,1,1,3,1,P05
4,497,222,511,1,1,3,1,P05
4,498,143,297,2,1,3,1,P05
4,499,274,547,2,1,3,1,P05
4,500,146,359,1,1,3,1,P05
4,501,184,472,1,1,3,1,P05
4,502,150,264,2,1,3,1,P05
4,503,281,590,1,1,3,1,P05
4,504,221,585,1,1,3,1,P05
4,505,164,379,1,1,3,1,P05
4,506,315,550,2,1,3,1,P05
4,507,301,644,1,2,3,1,P05
4,508,196,281,1,1,3,1,P05
4,509,246,450,1,1,3,1,P05
4,510,160,268,1,1,3,1,P05
4,511,207,404,2,1,3,1,P05
4,512,161,352,1,1,3,1,P05
4,513,202,362,1,1,3,1,P05
4,514,301,433,2,2,3,1,P05
4,515,284,392,2,1,3,1,P05
4,516,180,468,1,1,3,1,P05
4,517,144,308,2,1,3,1,P05
4,518,218,382,2,1,3,1,P05
4,519,242,609,1,1,3,1,P05
4,520,147,308,1,1,3,1,P05
4,521,267,620,1,1,3,1,P05
4,522,242,505,1,1,3,1,P05
4,523,191,343,1,1,3,1,P05
4,524,267,627,2,1,3,1,P05
4,525,215,420,1,1,3,1,P05
4,526,225,444,1,1,3,1,P05
4,527,252,680,2,1,3,1,P05
4,528,113,327,1,1,3,1,P05
4,529,285,397,1,1,3,1,P05
4,530,132,276,1,1,3,1,P05
4,531,123,278,1,1,3,1,P05
4,532,122,291,1,1,3,1,P05
4,533,201,308,1,1,3,1,P05
4,534,274,591,1,1,3,1,P05
4,535,345,583,1,1,3,1,P05
4,536,186,335,2,1,3,1,P05
4,537,260,545,3,1,3,1,P05
4,538,248,598,2,1,3,1,P05
4,539,291,626,1,1,3,1,P05
4,540,198,495,1,1,3,1,P05
4,541,244,630,1,1,3,1,P05
4,542,274,490,1,1,3,1,P05
4,543,216,437,1,1,3,1,P05
4,544,205,412,1,1,3,1,P05
4,545,285,592,2,1,3,1,P05
4,546,233,540,2,1,3,1,P05
4,547,177,399,1,1,3,1,P05
4,548,288,595,1,1,3,1,P05
4,549,169,258,1,1,3,1,P05
4,550,267,533,1,2,3,1,P05
4,551,337,607,1,1,3,1,P05
4,552,170,331,1,1,3,1,P05
4,553,216,456,2,1,3,1,P05
4,554,309,673,2,1,3,1,P05
4,555,161,334,1,1,3,1,P05
4,556,227,538,4,2,3,1,P05
4,557,225,407,1,1,3,1,P05
4,558,199,370,1,1,3,1,P05
4,559,164,466,1,1,3,1,P05
4,560,167,309,1,1,3,1,P05
4,561,129,276,1,1,3,1,P05
4,562,138,382,1,1,3,1,P05
4,563,225,512,3,3,3,1,P05
4,564,210,369,1,1,3,1,P05
4,565,242,678,1,1,3,1,P05
4,566,301,570,1,1,3,1,P05
4,567,339,483,2,1,3,1,P05
4,568,149,252,2,1,3,1,P05
4,569,160,256,2,1,3,1,P05
4,570,152,315,1,1,3,1,P05
4,571,234,713,1,1,3,1,P05
4,572,352,639,1,2,3,1,P05
4,573,175,370,2,1,3,1,P05
4,574,209,442,1,1,3,1,P05
4,575,172,243,1,1,3,1,P05
4,576,249,587,2,2,3,1,P05
4,577,207,367,1,1,3,1,P05
4,578,209,376,1,1,3,1,P05
4,579,243,627,1,1,3,1,P05
4,580,144,301,3,1,3,1,P05
4,581,240,451,1,1,3,1,P05
4,582,260,518,1,2,3,1,P05
4,583,318,610,1,1,3,1,P05
4,584,184,345,2,1,3,1,P05
4,585,163,353,1,3,3,1,P05
4,586,140,349,1,2,3,1,P05
4,587,158,315,1,1,3,1,P05
4,588,259,437,3,1,3,1,P05
4,589,316,664,1,1,3,1,P05
4,590,135,287,2,1,3,1,P05
4,591,222,456,2,1,3,1,P05
4,592,134,300,1,1,3,1,P05
4,593,161,276,2,1,3,1,P05
4,594,164,439,3,1,3,1,P05
4,595,271,561,1,1,3,1,P05
4,596,301,616,1,1,3,1,P05
4,597,216,547,2,1,3,1,P05
4,598,170,381,1,1,3,1,P05
4,599,272,585,1,3,3,1,P05
4,600,149,307,3,1,3,1,P05
4,601,263,547,2,1,3,1,P05
4,602,252,498,1,1,3,1,P05
4,603,315,590,2,1,3,1,P05
4,604,196,399,3,2,3,1,P05
4,605,198,438,2,1,3,1,P05
4,606,300,507,1,1,3,1,P05
4,607,272,384,1,1,3,1,P05
4,608,162,349,1,1,3,1,P05
4,609,251,618,1,1,3,1,P05
4,610,235,455,1,1,3,1,P05
4,611,154,264,3,2,3,1,P05
4,612,109,291,1,1,3,1,P05
4,613,344,585,1,1,3,1,P05
4,614,230,510,2,1,3,1,P05
4,615,200,383,1,1,3,1,P05
4,616,155,278,1,1,3,1,P05
4,617,194,385,1,1,3,1,P05
4,618,223,427,1,1,3,1,P05
4,619,215,411,1,1,3,1,P05
4,620,165,341,1,1,3,1,P05
4,621,193,374,1,1,3,1,P05
4,622,187,327,1,1,3,1,P05
4,623,322,594,1,1,3,1,P05
4,624,175,336,1,1,3,1,P05
4,625,190,337,1,4,3,1,P05
4,626,272,596,2,1,3,1,P05
4,627,226,269,1,1,3,1,P05
4,628,167,439,2,1,3,1,P05
4,629,274,630,2,1,3,1,P05
4,630,301,506,2,1,3,1,P05
4,631,213,525,1,1,3,1,P05
4,632,311,579,1,1,3,1,P05
4,633,217,476,2,2,3,1,P05
4,634,265,546,1,1,3,1,P05
4,635,313,679,1,1,3,1,P05
4,636,246,564,1,1,3,1,P05
4,637,285,628,1,1,3,1,P05
4,638,200,576,1,1,3,1,P05
4,639,122,285,1,1,3,1,P05
4,640,235,467,1,1,3,1,P05
4,641,322,493,2,1,3,1,P05
4,642,292,520,3,1,3,1,P05
4,643,170,381,2,1,3,1,P05
4,644,164,430,1,1,3,1,P05
4,645,263,521,2,1,3,1,P05
4,646,155,269,1,1,3,1,P05
4,647,235,743,1,1,3,1,P05
4,648,171,275,1,1,3,1,P05
4,649,324,572,1,1,3,1,P05
4,650,232,471,2,1,3,1,P05
4,651,196,335,1,1,3,1,P05
4,652,157,507,1,2,3,1,P05
4,653,182,343,1,1,3,1,P05
4,654,221,395,2,1,3,1,P05
4,655,214,462,1,1,3,1,P05
4,656,210,535,1,1,3,1,P05
4,657,153,258,1,1,3,1,P05
4,658,262,484,1,1,3,1,P05
4,659,300,455,1,1,3,1,P05
4,660,205,518,1,1,3,1,P05
4,661,238,415,1,2,3,1,P05
4,662,299,476,2,1,3,1,P05
4,663,281,533,1,1,3,1,P05
4,664,220,354,1,1,3,1,P05
4,665,311,554,1,1,3,1,P05
4,666,209,427,1,1,3,1,P05
4,667,200,355,2,1,3,1,P05
4,668,251,609,1,1,3,1,P05
4,669,278,666,1,1,3,1,P05
4,670,188,395,1,1,3,1,P05
4,671,334,629,1,1,3,1,P05
4,672,211,590,1,1,3,1,P05
4,673,269,718,1,1,3,1,P05
4,674,312,673,2,1,3,1,P05
4,675,207,534,1,1,3,1,P05
4,676,256,642,2,1,3,1,P05
4,677,254,417,2,1,3,1,P05
4,678,245,415,3,1,3,1,P05
4,679,250,355,1,1,3,1,P05
4,680,398,574,1,1,3,1,P05
4,681,200,437,2,1,3,1,P05
4,682,168,287,1,1,3,1,P05
4,683,181,362,1,1,3,1,P05
4,684,188,362,1,1,3,1,P05
4,685,241,509,2,1,3,1,P05
4,686,313,464,1,1,3,1,P05
4,687,318,609,1,1,3,1,P05
4,688,295,609,1,1,3,1,P05
4,689,275,500,1,1,3,1,P05
4,690,284,617,1,1,3,1,P05
4,691,207,414,1,1,3,1,P05
4,692,236,534,2,1,3,1,P05
4,693,269,514,2,1,3,1,P05
4,694,291,452,1,1,3,1,P05
4,695,179,465,1,1,3,1,P05
4,696,343,649,2,1,3,1,P05
4,697,309,675,1,1,3,1,P05
4,698,207,369,1,1,3,1,P05
4,699,208,534,2,1,3,1,P05
4,700,209,312,1,1,3,1,P05
4,701,161,324,1,1,3,1,P05
4,702,326,660,1,1,3,1,P05
4,703,217,504,3,2,3,1,P05
4,704,200,417,1,1,3,1,P05
4,705,195,345,1,1,3,1,P05
4,706,189,279,1,2,3,1,P05
4,707,309,556,2,1,3,1,P05
4,708,92,445,1,1,3,1,P05
4,709,312,648,1,2,3,1,P05
4,710,177,275,2,1,3,1,P05
4,711,143,279,2,1,3,1,P05
4,712,339,620,1,1,3,1,P05
4,713,290,516,4,1,3,1,P05
4,714,319,463,1,1,3,1,P05
4,715,230,396,1,1,3,1,P05
4,716,274,558,2,1,3,1,P05
4,717,345,635,1,1,3,1,P05
4,718,144,285,1,2,3,1,P05
4,719,264,518,1,1,3,1,P05
4,720,168,337,1,3,3,1,P05
4,721,237,507,1,1,3,1,P05
4,722,212,445,1,1,3,1,P05
4,723,299,668,1,1,3,1,P05
4,724,254,365,1,1,3,1,P05
4,725,130,308,1,1,3,1,P05
4,726,170,380,1,1,3,1,P05
4,727,257,679,1,1,3,1,P05
4,728,144,259,1,1,3,1,P05
4,729,225,487,1,1,3,1,P05
4,730,153,302,2,1,3,1,P05
4,731,248,416,1,1,3,1,P05
4,732,213,368,1,1,3,1,P05
4,733,172,404,1,2,3,1,P05
4,734,140,412,1,1,3,1,P05
4,735,108,308,1,1,3,1,P05
4,736,206,354,1,1,3,1,P05
4,737,324,538,4,1,3,1,P05
4,738,199,445,1,1,3,1,P05
4,739,149,464,2,1,3,1,P05
4,740,149,385,3,1,3,1,P05
4,741,179,326,2,1,3,1,P05
4,742,233,603,1,1,3,1,P05
4,743,288,493,1,1,3,1,P05
4,744,217,407,1,1,3,1,P05
4,745,241,462,2,1,3,1,P05
4,746,243,405,1,1,3,1,P05
4,747,201,445,3,1,3,1,P05
4,748,159,358,1,3,3,1,P05
4,749,179,392,1,1,3,1,P05
4,750,181,403,1,1,3,1,P05
4,751,188,392,2,1,3,1,P05
4,752,289,562,4,1,3,1,P05
4,753,148,309,1,1,3,1,P05
4,754,227,430,1,1,3,1,P05
4,755,219,340,1,1,3,1,P05
4,756,245,626,1,1,3,1,P05
4,757,157,319,2,1,3,1,P05
4,758,216,442,1,1,3,1,P05
4,759,262,600,1,1,3,1,P05
4,760,208,470,2,1,3,1,P05
4,761,254,572,1,1,3,1,P05
4,762,313,617,1,2,3,1,P05
4,763,152,365,2,1,3,1,P05
4,764,241,502,1,1,3,1,P05
4,765,129,290,1,1,3,1,P05
4,766,178,360,1,1,3,1,P05
4,767,271,610,1,1,3,1,P05
4,768,268,424,1,1,3,1,P05
4,769,323,473,1,1,3,1,P05
4,770,274,412,1,1,3,1,P05
4,771,216,450,3,1,3,1,P05
4,772,136,278,1,1,3,1,P05
4,773,223,362,2,1,3,1,P05
4,774,207,472,1,1,3,1,P05
4,775,259,460,1,1,3,1,P05
4,776,203,701,1,1,3,1,P05
4,777,282,644,1,1,3,1,P05
4,778,196,357,1,1,3,1,P05
4,779,227,512,1,1,3,1,P05
4,780,128,292,1,1,3,1,P05
4,781,293,609,1,1,3,1,P05
4,782,239,375,1,2,3,1,P05
4,783,187,442,1,1,3,1,P05
4,784,282,526,1,1,3,1,P05
4,785,245,585,1,1,3,1,P05
4,786,220,516,3,1,3,1,P05
4,787,136,282,1,2,3,1,P05
4,788,135,266,1,1,3,1,P05
4,789,149,278,1,1,3,1,P05
4,790,238,503,1,1,3,1,P05
4,791,167,272,2,5,3,1,P05
4,792,260,570,3,1,3,1,P05
4,793,319,635,1,1,3,1,P05
4,794,201,448,1,1,3,1,P05
4,795,199,397,1,3,3,1,P05
4,796,209,349,1,1,3,1,P05
4,797,293,473,2,1,3,1,P05
4,798,345,588,1,1,3,1,P05
4,799,217,561,1,1,3,1,P05
4,800,284,449,1,1,3,1,P05
4,801,205,547,1,1,3,1,P05
4,802,278,487,1,1,3,1,P05
4,803,210,460,1,1,3,1,P05
4,804,149,434,1,2,3,1,P05
4,805,293,605,1,1,3,1,P05
4,806,235,475,1,2,3,1,P05
4,807,261,570,1,1,3,1,P05
4,808,132,310,1,1,3,1,P05
4,809,266,473,3,1,3,1,P05
4,810,319,589,1,3,3,1,P05
4,811,277,507,2,1,3,1,P05
4,812,281,476,2,1,3,1,P05
4,813,299,503,2,1,3,1,P05
4,814,380,588,4,1,3,1,P05
4,815,233,443,2,1,3,1,P05
4,816,307,451,1,1,3,1,P05
4,817,155,367,1,1,3,1,P05
4,818,227,473,1,1,3,1,P05
4,819,321,668,1,1,3,1,P05
4,820,218,356,3,1,3,1,P05
4,821,207,505,1,1,3,1,P05
4,822,194,332,1,1,3,1,P05
4,823,326,637,1,1,3,1,P05
4,824,183,453,1,1,3,1,P05
4,825,269,483,1,1,3,1,P05
4,826,278,387,3,1,3,1,P05
4,827,193,353,1,1,3,1,P05
4,828,336,625,1,1,3,1,P05
4,829,169,365,1,1,3,1,P05
4,830,201,530,1,1,3,1,P05
4,831,133,332,1,1,3,1,P05
4,832,126,327,2,1,3,1,P05
4,833,315,655,1,1,3,1,P05
4,834,249,618,2,1,3,1,P05
4,835,215,612,1,1,3,1,P05
4,836,223,541,1,1,3,1,P05
4,837,313,554,5,1,3,1,P05
4,838,172,359,1,2,3,1,P05
4,839,283,677,1,1,3,1,P05
4,840,169,366,3,1,3,1,P05
4,841,248,715,2,1,3,1,P05
4,842,298,635,1,2,3,1,P05
4,843,253,445,1,3,3,1,P05
4,844,286,711,1,1,3,1,P05
4,845,155,447,1,2,3,1,P05
4,846,182,305,2,1,3,1,P05
4,847,178,373,4,1,3,1,P05
4,848,204,504,1,1,3,1,P05
4,849,205,363,2,1,3,1,P05
4,850,193,429,1,1,3,1,P05
4,851,152,367,1,1,3,1,P05
4,852,296,632,1,2,3,1,P05
4,853,173,339,1,1,3,1,P05
4,854,150,280,3,1,3,1,P05
4,855,232,467,1,3,3,1,P05
4,856,307,651,1,1,3,1,P05
4,857,189,411,1,2,3,1,P05
4,858,198,435,2,1,3,1,P05
4,859,344,633,1,3,3,1,P05
4,860,342,652,1,1,3,1,P05
4,861,308,481,3,1,3,1,P05
4,862,291,522,1,2,3,1,P05
4,863,239,496,1,1,3,1,P05
4,864,304,600,1,2,3,1,P05
4,865,280,454,1,1,3,1,P05
4,866,179,305,1,1,3,1,P05
4,867,354,563,1,1,3,1,P05
4,868,188,724,1,1,3,1,P05
4,869,154,289,1,2,3,1,P05
4,870,285,377,1,1,3,1,P05
4,871,276,598,1,1,3,1,P05
4,872,324,624,3,1,3,1,P05
4,873,431,531,1,1,3,1,P05
4,874,168,411,1,1,3,1,P05
4,875,203,385,2,1,3,1,P05
4,876,183,447,1,1,3,1,P05
4,877,230,377,1,1,3,1,P05
4,878,276,480,1,1,3,1,P05
4,879,184,346,1,1,3,1,P05
4,880,266,515,1,1,3,1,P05
4,881,214,352,1,1,3,1,P05
4,882,138,278,3,1,3,1,P05
4,883,168,371,4,1,3,1,P05
4,884,218,390,3,1,3,1,P05
4,885,295,592,2,3,3,1,P05
4,886,193,454,1,1,3,1,P05
4,887,192,462,1,1,3,1,P05
4,888,250,629,1,1,3,1,P05
4,889,325,597,1,1,3,1,P05
4,890,212,493,1,1,3,1,P05
4,891,159,266,1,1,3,1,P05
4,892,315,543,1,1,3,1,P05
4,893,232,433,1,1,3,1,P05
4,894,176,302,1,1,3,1,P05
4,895,323,641,1,3,3,1,P05
4,896,329,628,1,1,3,1,P05
4,897,150,323,1,2,3,1,P05
4,898,195,347,1,1,3,1,P05
4,899,343,558,2,1,3,1,P05
4,900,264,645,1,1,3,1,P05
4,901,332,627,1,2,3,1,P05
4,902,128,323,1,1,3,1,P05
4,903,301,511,4,1,3,1,P05
4,904,154,273,1,1,3,1,P05
4,905,281,606,1,1,3,1,P05
4,906,306,584,1,1,3,1,P05
4,907,228,418,3,2,3,1,P05
4,908,208,487,1,1,3,1,P05
4,909,192,323,1,1,3,1,P05
4,910,185,436,1,1,3,1,P05
4,911,275,501,1,1,3,1,P05
4,912,135,326,1,1,3,1,P05
4,913,168,238,1,1,3,1,P05
4,914,260,401,1,1,3,1,P05
4,915,136,299,1,1,3,1,P05
4,916,301,562,3,3,3,1,P05
4,917,168,530,1,1,3,1,P05
4,918,166,354,1,1,3,1,P05
4,919,263,476,1,2,3,1,P05
4,920,288,495,1,1,3,1,P05
4,921,173,343,2,1,3,1,P05
4,922,278,535,1,1,3,1,P05
4,923,193,456,1,1,3,1,P05
4,924,133,271,2,1,3,1,P05
4,925,138,330,1,1,3,1,P05
4,926,194,399,1,1,3,1,P05
4,927,294,623,1,1,3,1,P05
4,928,231,494,1,1,3,1,P05
4,929,285,482,1,1,3,1,P05
4,930,194,396,1,1,3,1,P05
4,931,205,313,1,1,3,1,P05
4,932,286,468,1,1,3,1,P05
4,933,226,331,2,1,3,1,P05
4,934,192,506,1,1,3,1,P05
4,935,210,387,1,1,3,1,P05
4,936,370,586,3,1,3,1,P05
4,937,289,448,1,1,3,1,P05
4,938,301,549,1,1,3,1,P05
4,939,178,347,2,1,3,1,P05
4,940,165,320,1,3,3,1,P05
4,941,222,422,2,2,3,1,P05
4,942,177,348,1,1,3,1,P05
4,943,143,354,1,1,3,1,P05
4,944,163,307,1,1,3,1,P05
4,945,165,320,1,1,3,1,P05
4,946,171,309,1,1,3,1,P05
4,947,161,383,1,1,3,1,P05
4,948,194,447,2,1,3,1,P05
4,949,325,649,1,1,3,1,P05
4,950,265,669,1,1,3,1,P05
4,951,300,557,1,1,3,1,P05
4,952,220,409,3,1,3,1,P05
4,953,181,381,1,1,3,1,P05
4,954,131,341,3,1,3,1,P05
4,955,270,717,1,1,3,1,P05
4,956,251,358,3,2,3,1,P05
4,957,194,395,1,1,3,1,P05
4,958,228,356,1,1,3,1,P05
4,959,151,306,4,1,3,1,P05
4,960,151,370,2,1,3,1,P05
4,961,216,286,2,1,3,1,P05
4,962,202,364,2,1,3,1,P05
4,963,159,253,1,1,3,1,P05
4,964,314,473,1,2,3,1,P05
4,965,175,320,1,1,3,1,P05
4,966,147,392,1,1,3,1,P05
4,967,205,407,1,2,3,1,P05
4,968,313,550,1,1,3,1,P05
4,969,271,576,1,1,3,1,P05
4,970,271,400,1,2,3,1,P05
4,971,264,588,2,1,3,1,P05
4,972,352,573,1,1,3,1,P05
4,973,162,406,2,1,3,1,P05
4,974,205,385,1,1,3,1,P05
4,975,244,540,1,1,3,1,P05
4,976,327,610,2,1,3,1,P05
4,977,168,453,2,1,3,1,P05
4,978,276,644,3,1,3,1,P05
4,979,217,475,1,1,3,1,P05
4,980,219,473,1,2,3,1,P05
4,981,189,336,1,1,3,1,P05
4,982,276,655,1,1,3,1,P05
4,983,190,423,1,2,3,1,P05
4,984,237,505,2,1,3,1,P05
4,985,315,682,1,3,3,1,P05
4,986,140,291,1,1,3,1,P05
4,987,269,459,2,1,3,1,P05
4,988,110,341,1,1,3,1,P05
4,989,232,349,1,1,3,1,P05
4,990,290,586,1,1,3,1,P05
4,991,234,466,1,1,3,1,P05
4,992,173,404,2,1,3,1,P05
4,993,255,467,1,1,3,1,P05
4,994,339,556,1,1,3,1,P05
4,995,232,355,1,2,3,1,P05
4,996,164,431,1,3,3,1,P05
4,997,186,322,2,1,3,1,P05
4,998,374,535,2,1,3,1,P05
4,999,269,691,1,1,3,1,P05
4,1000,173,346,3,1,3,1,P05
5,1,486,465,4,1,9,1,P05
5,2,326,259,2,1,9,1,P05
5,3,331,314,3,1,9,1,P05
5,4,451,447,4,1,9,1,P05
5,5,348,432,4,1,9,1,P05
5,6,463,440,3,1,9,1,P05
5,7,270,328,2,1,9,1,P05
5,8,230,289,3,1,9,1,P05
5,9,364,353,4,1,9,1,P05
5,10,250,338,4,1,9,1,P05
5,11,351,382,6,1,9,1,P05
5,12,277,423,2,1,9,1,P05
5,13,319,346,6,2,9,1,P05
5,14,417,523,4,2,9,1,P05
5,15,280,238,3,1,9,1,P05
5,16,203,264,1,1,9,1,P05
5,17,258,310,2,1,9,1,P05
5,18,337,444,3,1,9,1,P05
5,19,307,431,2,1,9,1,P05
5,20,360,372,6,1,9,1,P05
5,21,492,479,5,1,9,1,P05
5,22,325,316,2,1,9,1,P05
5,23,244,267,3,1,9,1,P05
5,24,487,390,6,1,9,1,P05
5,25,345,375,5,1,9,1,P05
5,26,389,505,3,1,9,1,P05
5,27,457,537,1,1,9,1,P05
5,28,468,483,3,2,9,1,P05
5,29,410,390,4,1,9,1,P05
5,30,494,479,1,1,9,1,P05
5,31,494,411,5,2,9,1,P05
5,32,233,227,1,1,9,1,P05
5,33,246,200,3,1,9,1,P05
5,34,476,456,2,1,9,1,P05
5,35,422,417,10,1,9,1,P05
5,36,374,253,7,1,9,1,P05
5,37,177,227,8,1,9,1,P05
5,38,432,354,7,1,9,1,P05
5,39,388,468,6,1,9,1,P05
5,40,433,406,4,1,9,1,P05
5,41,228,259,2,1,9,1,P05
5,42,251,317,6,1,9,1,P05
5,43,239,251,4,1,9,1,P05
5,44,313,347,4,1,9,1,P05
5,45,440,417,5,1,9,1,P05
5,46,429,458,6,1,9,1,P05
5,47,428,380,8,3,9,1,P05
5,48,409,465,3,1,9,1,P05
5,49,407,484,2,1,9,1,P05
5,50,340,458,2,1,9,1,P05
5,51,358,333,2,1,9,1,P05
5,52,468,494,6,1,9,1,P05
5,53,248,338,7,1,9,1,P05
5,54,262,319,6,1,9,1,P05
5,55,223,282,2,2,9,1,P05
5,56,394,381,6,1,9,1,P05
5,57,384,502,12,1,9,1,P05
5,58,442,485,2,1,9,1,P05
5,59,297,294,2,1,9,1,P05
5,60,283,278,4,1,9,1,P05
5,61,325,349,2,2,9,1,P05
5,62,447,365,6,1,9,1,P05
5,63,213,256,1,1,9,1,P05
5,64,479,437,7,1,9,1,P05
5,65,341,277,5,1,9,1,P05
5,66,343,388,7,2,9,1,P05
5,67,257,217,4,1,9,1,P05
5,68,264,286,3,1,9,1,P05
5,69,302,370,6,1,9,1,P05
5,70,254,313,5,1,9,1,P05
5,71,220,218,6,1,9,1,P05
5,72,257,234,7,1,9,1,P05
5,73,336,414,7,1,9,1,P05
5,74,451,435,5,1,9,1,P05
5,75,483,510,3,2,9,1,P05
5,76,464,520,4,1,9,1,P05
5,77,493,491,3,1,9,1,P05
5,78,402,329,4,1,9,1,P05
5,79,317,340,5,1,9,1,P05
5,80,342,371,3,1,9,1,P05
5,81,185,217,2,2,9,1,P05
5,82,310,288,6,2,9,1,P05
5,83,457,537,4,3,9,1,P05
5,84,269,246,9,1,9,1,P05
5,85,394,510,3,1,9,1,P05
5,86,249,230,4,1,9,1,P05
5,87,328,433,5,1,9,1,P05
5,88,257,285,3,1,9,1,P05
5,89,267,281,2,1,9,1,P05
5,90,196,215,8,1,9,1,P05
5,91,237,201,3,1,9,1,P05
5,92,439,481,6,1,9,1,P05
5,93,362,391,5,1,9,1,P05
5,94,487,469,6,2,9,1,P05
5,95,319,302,5,1,9,1,P05
5,96,376,383,5,3,9,1,P05
5,97,298,327,5,1,9,1,P05
5,98,446,495,3,1,9,1,P05
5,99,254,293,4,2,9,1,P05
5,100,248,319,6,1,9,1,P05
5,101,330,371,10,2,9,1,P05
5,102,408,446,5,1,9,1,P05
5,103,367,287,5,1,9,1,P05
5,104,288,370,3,1,9,1,P05
5,105,299,307,6,1,9,1,P05
5,106,457,467,2,1,9,1,P05
5,107,439,486,6,2,9,1,P05
5,108,374,289,6,1,9,1,P05
5,109,417,405,4,1,9,1,P05
5,110,220,216,2,1,9,1,P05
5,111,482,487,1,1,9,1,P05
5,112,251,220,3,1,9,1,P05
5,113,453,378,4,1,9,1,P05
5,114,238,351,5,1,9,1,P05
5,115,258,233,6,1,9,1,P05
5,116,404,508,4,1,9,1,P05
5,117,390,326,3,1,9,1,P05
5,118,442,356,6,1,9,1,P05
5,119,314,315,2,1,9,1,P05
5,120,314,314,5,1,9,1,P05
5,121,232,231,6,1,9,1,P05
5,122,383,364,2,1,9,1,P05
5,123,455,541,2,1,9,1,P05
5,124,354,350,3,1,9,1,P05
5,125,427,462,1,1,9,1,P05
5,126,366,455,3,1,9,1,P05
5,127,347,413,7,1,9,1,P05
5,128,211,257,8,1,9,1,P05
5,129,345,333,3,1,9,1,P05
5,130,231,180,7,1,9,1,P05
5,131,222,227,5,1,9,1,P05
5,132,189,219,1,1,9,1,P05
5,133,245,247,7,1,9,1,P05
5,134,398,310,3,1,9,1,P05
5,135,431,513,4,1,9,1,P05
5,136,414,411,4,1,9,1,P05
5,137,342,399,5,1,9,1,P05
5,138,512,401,7,1,9,1,P05
5,139,319,289,5,1,9,1,P05
5,140,482,385,7,1,9,1,P05
5,141,434,406,3,1,9,1,P05
5,142,405,376,4,1,9,1,P05
5,143,321,227,6,1,9,1,P05
5,144,515,483,5,1,9,1,P05
5,145,322,222,7,1,9,1,P05
5,146,277,212,5,1,9,1,P05
5,147,383,331,5,1,9,1,P05
5,148,324,440,2,1,9,1,P05
5,149,207,198,5,1,9,1,P05
5,150,226,267,1,1,9,1,P05
5,151,430,469,1,1,9,1,P05
5,152,325,471,5,1,9,1,P05
5,153,239,179,6,2,9,1,P05
5,154,473,505,3,1,9,1,P05
5,155,418,372,1,1,9,1,P05
5,156,326,334,2,2,9,1,P05
5,157,384,509,3,1,9,1,P05
5,158,213,250,7,1,9,1,P05
5,159,185,301,4,1,9,1,P05
5,160,471,468,5,1,9,1,P05
5,161,423,396,2,1,9,1,P05
5,162,451,392,4,1,9,1,P05
5,163,376,451,1,1,9,1,P05
5,164,221,238,3,1,9,1,P05
5,165,189,252,6,2,9,1,P05
5,166,286,335,8,1,9,1,P05
5,167,427,507,1,1,9,1,P05
5,168,196,260,3,1,9,1,P05
5,169,354,314,3,1,9,1,P05
5,170,447,387,3,1,9,1,P05
5,171,399,422,6,2,9,1,P05
5,172,401,429,4,1,9,1,P05
5,173,412,332,2,1,9,1,P05
5,174,332,391,8,1,9,1,P05
5,175,363,384,5,2,9,1,P05
5,176,297,269,9,1,9,1,P05
5,177,515,438,9,1,9,1,P05
5,178,439,366,4,1,9,1,P05
5,179,339,403,2,1,9,1,P05
5,180,170,248,5,1,9,1,P05
5,181,429,398,6,1,9,1,P05
5,182,222,220,5,1,9,1,P05
5,183,418,461,3,1,9,1,P05
5,184,423,479,5,1,9,1,P05
5,185,406,454,3,1,9,1,P05
5,186,240,258,4,1,9,1,P05
5,187,420,335,4,1,9,1,P05
5,188,372,475,3,2,9,1,P05
5,189,472,495,4,1,9,1,P05
5,190,415,485,1,1,9,1,P05
5,191,368,404,4,1,9,1,P05
5,192,241,195,4,2,9,1,P05
5,193,358,413,5,1,9,1,P05
5,194,307,440,2,1,9,1,P05
5,195,329,369,3,1,9,1,P05
5,196,240,263,4,1,9,1,P05
5,197,375,411,3,1,9,1,P05
5,198,372,388,7,1,9,1,P05
5,199,364,374,8,1,9,1,P05
5,200,391,439,4,1,9,1,P05
5,201,228,246,5,2,9,1,P05
5,202,279,315,1,1,9,1,P05
5,203,418,427,3,1,9,1,P05
5,204,464,516,5,2,9,1,P05
5,205,371,358,5,1,9,1,P05
5,206,413,468,6,1,9,1,P05
5,207,185,227,3,1,9,1,P05
5,208,315,330,5,1,9,1,P05
5,209,451,365,3,1,9,1,P05
5,210,475,522,8,1,9,1,P05
5,211,295,360,7,1,9,1,P05
5,212,253,259,8,1,9,1,P05
5,213,464,389,3,1,9,1,P05
5,214,406,445,2,1,9,1,P05
5,215,297,306,3,1,9,1,P05
5,216,451,399,8,1,9,1,P05
5,217,425,405,2,1,9,1,P05
5,218,442,515,7,1,9,1,P05
5,219,317,360,5,1,9,1,P05
5,220,356,415,11,1,9,1,P05
5,221,235,275,8,1,9,1,P05
5,222,409,536,3,1,9,1,P05
5,223,472,480,4,2,9,1,P05
5,224,372,360,3,1,9,1,P05
5,225,188,212,3,1,9,1,P05
5,226,292,311,5,1,9,1,P05
5,227,369,271,10,1,9,1,P05
5,228,312,389,2,1,9,1,P05
5,229,334,456,7,1,9,1,P05
5,230,450,323,7,1,9,1,P05
5,231,270,326,5,1,9,1,P05
5,232,447,470,9,1,9,1,P05
5,233,222,372,2,2,9,1,P05
5,234,303,346,6,1,9,1,P05
5,235,178,239,2,1,9,1,P05
5,236,383,513,2,1,9,1,P05
5,237,484,464,5,1,9,1,P05
5,238,413,484,3,1,9,1,P05
5,239,275,255,5,2,9,1,P05
5,240,333,375,3,1,9,1,P05
5,241,454,472,3,1,9,1,P05
5,242,257,278,5,1,9,1,P05
5,243,405,500,12,2,9,1,P05
5,244,402,373,2,1,9,1,P05
5,245,335,292,5,1,9,1,P05
5,246,347,486,6,1,9,1,P05
5,247,238,343,1,1,9,1,P05
5,248,253,312,2,1,9,1,P05
5,249,276,230,6,1,9,1,P05
5,250,405,465,7,1,9,1,P05
5,251,461,533,1,2,9,1,P05
5,252,350,405,6,1,9,1,P05
5,253,336,277,3,1,9,1,P05
5,254,377,431,6,1,9,1,P05
5,255,358,306,4,1,9,1,P05
5,256,249,255,3,1,9,1,P05
5,257,304,425,4,1,9,1,P05
5,258,297,316,4,1,9,1,P05
5,259,270,281,2,1,9,1,P05
5,260,251,245,7,1,9,1,P05
5,261,310,316,7,1,9,1,P05
5,262,529,465,2,1,9,1,P05
5,263,459,450,6,1,9,1,P05
5,264,392,553,5,1,9,1,P05
5,265,497,492,4,1,9,1,P05
5,266,348,458,3,1,9,1,P05
5,267,191,215,4,2,9,1,P05
5,268,392,361,2,1,9,1,P05
5,269,349,392,5,1,9,1,P05
5,270,454,379,6,1,9,1,P05
5,271,464,412,4,1,9,1,P05
5,272,326,452,7,1,9,1,P05
5,273,372,377,3,1,9,1,P05
5,274,238,284,4,1,9,1,P05
5,275,401,548,1,1,9,1,P05
5,276,217,232,4,1,9,1,P05
5,277,354,397,4,1,9,1,P05
5,278,448,364,7,1,9,1,P05
5,279,393,373,5,1,9,1,P05
5,280,312,419,1,1,9,1,P05
5,281,306,386,5,1,9,1,P05
5,282,388,364,4,1,9,1,P05
5,283,329,367,2,2,9,1,P05
5,284,278,334,5,1,9,1,P05
5,285,331,285,1,1,9,1,P05
5,286,403,445,3,1,9,1,P05
5,287,264,348,1,1,9,1,P05
5,288,312,261,4,1,9,1,P05
5,289,200,304,4,1,9,1,P05
5,290,199,254,3,1,9,1,P05
5,291,249,299,3,1,9,1,P05
5,292,469,411,1,1,9,1,P05
5,293,428,474,5,1,9,1,P05
5,294,310,275,4,1,9,1,P05
5,295,372,381,3,2,9,1,P05
5,296,485,425,3,1,9,1,P05
5,297,371,391,3,2,9,1,P05
5,298,529,465,3,2,9,1,P05
5,299,448,517,4,1,9,1,P05
5,300,181,224,2,2,9,1,P05
5,301,451,481,7,1,9,1,P05
5,302,324,366,6,1,9,1,P05
5,303,278,210,9,1,9,1,P05
5,304,446,503,3,2,9,1,P05
5,305,385,370,3,1,9,1,P05
5,306,311,393,4,3,9,1,P05
5,307,209,205,8,1,9,1,P05
5,308,429,401,4,2,9,1,P05
5,309,365,444,4,1,9,1,P05
5,310,254,243,10,1,9,1,P05
5,311,243,277,4,1,9,1,P05
5,312,286,300,1,1,9,1,P05
5,313,225,223,1,1,9,1,P05
5,314,474,497,2,1,9,1,P05
5,315,314,397,5,3,9,1,P05
5,316,418,346,7,1,9,1,P05
5,317,277,281,3,1,9,1,P05
5,318,310,356,1,1,9,1,P05
5,319,428,425,7,1,9,1,P05
5,320,449,462,7,2,9,1,P05
5,321,179,230,5,1,9,1,P05
5,322,330,382,2,1,9,1,P05
5,323,175,234,1,1,9,1,P05
5,324,249,253,8,1,9,1,P05
5,325,213,240,4,1,9,1,P05
5,326,200,205,5,1,9,1,P05
5,327,525,394,6,1,9,1,P05
5,328,244,221,4,1,9,1,P05
5,329,355,435,1,1,9,1,P05
5,330,286,385,3,1,9,1,P05
5,331,289,327,6,2,9,1,P05
5,332,290,238,2,1,9,1,P05
5,333,294,366,4,1,9,1,P05
5,334,316,384,5,2,9,1,P05
5,335,241,316,3,1,9,1,P05
5,336,244,230,3,3,9,1,P05
5,337,309,340,3,1,9,1,P05
5,338,383,441,5,1,9,1,P05
5,339,282,358,1,1,9,1,P05
5,340,315,295,3,1,9,1,P05
5,341,236,322,2,1,9,1,P05
5,342,474,402,4,1,9,1,P05
5,343,301,442,4,2,9,1,P05
5,344,288,264,7,1,9,1,P05
5,345,220,209,4,2,9,1,P05
5,346,445,502,2,1,9,1,P05
5,347,280,269,5,1,9,1,P05
5,348,341,319,3,1,9,1,P05
5,349,174,259,2,1,9,1,P05
5,350,202,247,2,1,9,1,P05
5,351,432,385,5,1,9,1,P05
5,352,414,275,8,1,9,1,P05
5,353,224,262,4,1,9,1,P05
5,354,353,296,2,1,9,1,P05
5,355,387,369,4,1,9,1,P05
5,356,254,293,2,2,9,1,P05
5,357,321,283,8,1,9,1,P05
5,358,188,215,4,1,9,1,P05
5,359,244,198,5,1,9,1,P05
5,360,223,303,6,1,9,1,P05
5,361,244,262,7,1,9,1,P05
5,362,355,384,3,1,9,1,P05
5,363,424,475,4,1,9,1,P05
5,364,258,249,5,1,9,1,P05
5,365,394,425,4,1,9,1,P05
5,366,302,462,2,1,9,1,P05
5,367,257,241,3,1,9,1,P05
5,368,363,360,8,1,9,1,P05
5,369,307,349,2,1,9,1,P05
5,370,372,538,5,1,9,1,P05
5,371,466,463,3,2,9,1,P05
5,372,367,336,5,1,9,1,P05
5,373,194,281,5,4,9,1,P05
5,374,496,460,3,1,9,1,P05
5,375,461,391,5,1,9,1,P05
5,376,447,418,9,1,9,1,P05
5,377,372,376,4,2,9,1,P05
5,378,430,324,1,1,9,1,P05
5,379,300,284,8,1,9,1,P05
5,380,308,360,4,1,9,1,P05
5,381,358,374,5,1,9,1,P05
5,382,197,214,4,1,9,1,P05
5,383,223,297,4,1,9,1,P05
5,384,328,218,10,1,9,1,P05
5,385,320,280,8,1,9,1,P05
5,386,303,470,4,2,9,1,P05
5,387,277,340,5,1,9,1,P05
5,388,279,280,3,1,9,1,P05
5,389,436,535,2,1,9,1,P05
5,390,236,263,5,2,9,1,P05
5,391,457,461,4,1,9,1,P05
5,392,301,412,5,1,9,1,P05
5,393,337,334,1,1,9,1,P05
5,394,397,373,5,1,9,1,P05
5,395,306,305,3,1,9,1,P05
5,396,511,428,8,1,9,1,P05
5,397,340,288,4,1,9,1,P05
5,398,426,399,1,1,9,1,P05
5,399,383,321,4,1,9,1,P05
5,400,206,263,1,1,9,1,P05
5,401,441,429,4,1,9,1,P05
5,402,273,254,7,1,9,1,P05
5,403,188,244,2,1,9,1,P05
5,404,462,373,6,1,9,1,P05
5,405,350,338,2,1,9,1,P05
5,406,294,306,4,1,9,1,P05
5,407,523,454,5,1,9,1,P05
5,408,476,417,3,1,9,1,P05
5,409,391,575,6,1,9,1,P05
5,410,287,316,6,1,9,1,P05
5,411,273,318,4,1,9,1,P05
5,412,309,270,5,2,9,1,P05
5,413,406,341,7,1,9,1,P05
5,414,345,372,3,1,9,1,P05
5,415,263,278,3,1,9,1,P05
5,416,386,341,3,1,9,1,P05
5,417,381,463,7,1,9,1,P05
5,418,511,479,1,1,9,1,P05
5,419,226,232,5,1,9,1,P05
5,420,362,399,4,1,9,1,P05
5,421,558,417,5,1,9,1,P05
5,422,369,477,5,1,9,1,P05
5,423,398,533,2,1,9,1,P05
5,424,434,465,8,1,9,1,P05
5,425,271,251,5,1,9,1,P05
5,426,286,284,6,1,9,1,P05
5,427,240,253,7,1,9,1,P05
5,428,523,446,3,1,9,1,P05
5,429,351,425,4,1,9,1,P05
5,430,449,480,5,1,9,1,P05
5,431,289,383,5,1,9,1,P05
5,432,397,384,2,1,9,1,P05
5,433,236,333,1,1,9,1,P05
5,434,398,481,4,1,9,1,P05
5,435,203,273,2,1,9,1,P05
5,436,285,268,3,1,9,1,P05
5,437,357,269,8,1,9,1,P05
5,438,237,227,8,1,9,1,P05
5,439,315,344,3,1,9,1,P05
5,440,476,382,4,2,9,1,P05
5,441,228,242,3,1,9,1,P05
5,442,369,492,3,1,9,1,P05
5,443,440,476,5,1,9,1,P05
5,444,257,203,3,1,9,1,P05
5,445,386,432,4,1,9,1,P05
5,446,340,299,3,1,9,1,P05
5,447,331,295,8,1,9,1,P05
5,448,299,338,4,1,9,1,P05
5,449,245,224,4,1,9,1,P05
5,450,295,311,5,1,9,1,P05
5,451,441,425,4,1,9,1,P05
5,452,426,404,8,1,9,1,P05
5,453,400,454,7,1,9,1,P05
5,454,357,575,3,1,9,1,P05
5,455,349,372,4,1,9,1,P05
5,456,349,603,4,1,9,1,P05
5,457,394,509,5,2,9,1,P05
5,458,223,239,5,1,9,1,P05
5,459,473,504,4,1,9,1,P05
5,460,229,180,6,1,9,1,P05
5,461,435,520,3,2,9,1,P05
5,462,185,249,5,2,9,1,P05
5,463,306,291,1,1,9,1,P05
5,464,437,506,4,1,9,1,P05
5,465,456,348,3,1,9,1,P05
5,466,265,338,10,1,9,1,P05
5,467,371,274,6,1,9,1,P05
5,468,439,284,5,1,9,1,P05
5,469,484,409,7,1,9,1,P05
5,470,373,378,4,1,9,1,P05
5,471,276,304,2,1,9,1,P05
5,472,250,303,2,1,9,1,P05
5,473,309,404,4,1,9,1,P05
5,474,245,209,6,1,9,1,P05
5,475,311,223,5,1,9,1,P05
5,476,440,399,6,1,9,1,P05
5,477,365,373,6,1,9,1,P05
5,478,409,475,6,1,9,1,P05
5,479,357,376,6,1,9,1,P05
5,480,395,540,3,1,9,1,P05
5,481,231,246,3,1,9,1,P05
5,482,176,242,1,1,9,1,P05
5,483,269,263,4,1,9,1,P05
5,484,191,216,4,1,9,1,P05
5,485,431,379,7,1,9,1,P05
5,486,414,402,5,1,9,1,P05
5,487,387,368,5,1,9,1,P05
5,488,537,439,4,1,9,1,P05
5,489,334,249,4,1,9,1,P05
5,490,276,328,2,1,9,1,P05
5,491,350,324,4,1,9,1,P05
5,492,378,339,8,1,9,1,P05
5,493,376,336,5,1,9,1,P05
5,494,572,411,9,1,9,1,P05
5,495,351,371,2,2,9,1,P05
5,496,486,479,4,1,9,1,P05
5,497,281,293,3,1,9,1,P05
5,498,331,316,2,1,9,1,P05
5,499,476,458,5,1,9,1,P05
5,500,422,336,1,1,9,1,P05
5,501,333,400,4,1,9,1,P05
5,502,278,285,6,1,9,1,P05
5,503,263,279,2,1,9,1,P05
5,504,318,367,2,1,9,1,P05
5,505,427,489,4,1,9,1,P05
5,506,306,321,5,1,9,1,P05
5,507,342,426,3,1,9,1,P05
5,508,275,271,4,1,9,1,P05
5,509,467,368,5,1,9,1,P05
5,510,221,266,3,1,9,1,P05
5,511,466,414,7,1,9,1,P05
5,512,403,459,6,1,9,1,P05
5,513,419,469,3,1,9,1,P05
5,514,429,451,2,1,9,1,P05
5,515,234,277,7,1,9,1,P05
5,516,422,502,4,1,9,1,P05
5,517,352,387,7,1,9,1,P05
5,518,235,294,6,1,9,1,P05
5,519,235,179,9,1,9,1,P05
5,520,457,490,3,1,9,1,P05
5,521,206,353,3,1,9,1,P05
5,522,415,523,3,1,9,1,P05
5,523,414,485,4,1,9,1,P05
5,524,447,458,2,1,9,1,P05
5,525,275,244,3,1,9,1,P05
5,526,305,454,1,3,9,1,P05
5,527,248,276,5,1,9,1,P05
5,528,362,411,1,1,9,1,P05
5,529,289,332,1,1,9,1,P05
5,530,262,255,2,1,9,1,P05
5,531,410,373,5,1,9,1,P05
5,532,210,305,2,1,9,1,P05
5,533,392,460,4,1,9,1,P05
5,534,253,363,6,2,9,1,P05
5,535,320,337,3,1,9,1,P05
5,536,302,287,3,1,9,1,P05
5,537,363,405,3,1,9,1,P05
5,538,202,224,4,1,9,1,P05
5,539,429,423,4,1,9,1,P05
5,540,387,368,4,1,9,1,P05
5,541,287,258,6,1,9,1,P05
5,542,295,335,4,1,9,1,P05
5,543,243,297,2,1,9,1,P05
5,544,441,364,4,1,9,1,P05
5,545,393,383,3,3,9,1,P05
5,546,391,449,1,1,9,1,P05
5,547,526,387,10,1,9,1,P05
5,548,427,437,3,1,9,1,P05
5,549,506,444,1,1,9,1,P05
5,550,491,485,4,1,9,1,P05
5,551,263,215,4,1,9,1,P05
5,552,235,211,5,1,9,1,P05
5,553,381,491,4,1,9,1,P05
5,554,542,390,4,1,9,1,P05
5,555,364,368,8,1,9,1,P05
5,556,313,325,5,1,9,1,P05
5,557,458,483,6,1,9,1,P05
5,558,486,421,5,1,9,1,P05
5,559,396,442,3,2,9,1,P05
5,560,282,221,3,1,9,1,P05
5,561,282,306,6,1,9,1,P05
5,562,399,397,7,2,9,1,P05
5,563,446,461,6,3,9,1,P05
5,564,406,474,5,1,9,1,P05
5,565,293,329,5,1,9,1,P05
5,566,405,355,3,1,9,1,P05
5,567,292,279,7,2,9,1,P05
5,568,214,196,8,1,9,1,P05
5,569,424,393,7,1,9,1,P05
5,570,288,358,6,1,9,1,P05
5,571,452,438,6,1,9,1,P05
5,572,306,328,2,1,9,1,P05
5,573,247,205,2,1,9,1,P05
5,574,432,485,10,1,9,1,P05
5,575,460,399,1,1,9,1,P05
5,576,297,287,4,1,9,1,P05
5,577,276,504,6,2,9,1,P05
5,578,391,304,4,1,9,1,P05
5,579,372,375,9,1,9,1,P05
5,580,385,465,7,2,9,1,P05
5,581,453,442,1,1,9,1,P05
5,582,436,391,9,2,9,1,P05
5,583,429,338,4,1,9,1,P05
5,584,315,393,2,1,9,1,P05
5,585,297,310,5,1,9,1,P05
5,586,332,382,5,1,9,1,P05
5,587,523,466,4,1,9,1,P05
5,588,497,400,7,1,9,1,P05
5,589,529,461,8,1,9,1,P05
5,590,217,235,3,1,9,1,P05
5,591,311,376,4,1,9,1,P05
5,592,251,242,2,1,9,1,P05
5,593,408,460,5,1,9,1,P05
5,594,491,499,1,1,9,1,P05
5,595,346,421,3,1,9,1,P05
5,596,409,376,3,1,9,1,P05
5,597,215,294,3,1,9,1,P05
5,598,385,378,3,1,9,1,P05
5,599,453,401,5,1,9,1,P05
5,600,174,265,2,1,9,1,P05
5,601,484,503,4,1,9,1,P05
5,602,279,488,6,1,9,1,P05
5,603,342,293,7,2,9,1,P05
5,604,249,266,3,1,9,1,P05
5,605,217,252,5,1,9,1,P05
5,606,231,240,7,1,9,1,P05
5,607,398,385,10,1,9,1,P05
5,608,433,407,3,1,9,1,P05
5,609,425,532,2,1,9,1,P05
5,610,350,262,7,1,9,1,P05
5,611,335,275,1,1,9,1,P05
5,612,367,412,4,4,9,1,P05
5,613,395,449,4,1,9,1,P05
5,614,292,290,5,1,9,1,P05
5,615,291,302,5,1,9,1,P05
5,616,272,353,2,1,9,1,P05
5,617,237,178,10,1,9,1,P05
5,618,285,294,4,1,9,1,P05
5,619,291,353,5,1,9,1,P05
5,620,231,237,5,1,9,1,P05
5,621,326,477,7,1,9,1,P05
5,622,279,288,8,1,9,1,P05
5,623,345,405,3,1,9,1,P05
5,624,387,444,3,1,9,1,P05
5,625,378,402,4,1,9,1,P05
5,626,378,407,2,1,9,1,P05
5,627,365,500,7,1,9,1,P05
5,628,225,323,5,1,9,1,P05
5,629,322,277,6,1,9,1,P05
5,630,210,258,3,1,9,1,P05
5,631,326,318,3,1,9,1,P05
5,632,428,520,2,1,9,1,P05
5,633,429,469,7,3,9,1,P05
5,634,456,499,7,1,9,1,P05
5,635,260,272,4,1,9,1,P05
5,636,223,258,4,1,9,1,P05
5,637,386,383,3,1,9,1,P05
5,638,382,438,4,1,9,1,P05
5,639,377,574,3,1,9,1,P05
5,640,403,437,6,1,9,1,P05
5,641,431,500,7,1,9,1,P05
5,642,323,283,4,2,9,1,P05
5,643,222,189,4,1,9,1,P05
5,644,300,307,1,1,9,1,P05
5,645,357,364,3,1,9,1,P05
5,646,427,511,6,1,9,1,P05
5,647,227,352,4,2,9,1,P05
5,648,412,424,2,1,9,1,P05
5,649,196,266,2,1,9,1,P05
5,650,395,471,7,1,9,1,P05
5,651,314,397,5,1,9,1,P05
5,652,406,494,5,1,9,1,P05
5,653,266,326,7,2,9,1,P05
5,654,207,229,6,1,9,1,P05
5,655,319,519,2,1,9,1,P05
5,656,325,390,2,1,9,1,P05
5,657,377,399,3,3,9,1,P05
5,658,459,524,4,1,9,1,P05
5,659,491,449,8,1,9,1,P05
5,660,209,275,4,1,9,1,P05
5,661,446,493,4,2,9,1,P05
5,662,459,442,5,1,9,1,P05
5,663,298,309,2,1,9,1,P05
5,664,423,388,2,1,9,1,P05
5,665,415,561,7,1,9,1,P05
5,666,290,311,7,2,9,1,P05
5,667,278,302,6,2,9,1,P05
5,668,331,357,7,1,9,1,P05
5,669,239,188,6,1,9,1,P05
5,670,360,381,6,3,9,1,P05
5,671,380,448,5,1,9,1,P05
5,672,309,282,5,1,9,1,P05
5,673,467,440,7,1,9,1,P05
5,674,385,444,5,1,9,1,P05
5,675,184,232,4,1,9,1,P05
5,676,466,422,8,1,9,1,P05
5,677,328,416,3,2,9,1,P05
5,678,436,431,8,1,9,1,P05
5,679,237,225,5,1,9,1,P05
5,680,427,343,7,1,9,1,P05
5,681,307,330,4,1,9,1,P05
5,682,419,422,4,1,9,1,P05
5,683,454,383,6,1,9,1,P05
5,684,394,377,8,1,9,1,P05
5,685,219,266,1,1,9,1,P05
5,686,259,230,8,1,9,1,P05
5,687,460,385,8,1,9,1,P05
5,688,176,232,5,1,9,1,P05
5,689,456,494,4,1,9,1,P05
5,690,366,395,6,1,9,1,P05
5,691,423,405,7,2,9,1,P05
5,692,266,298,3,1,9,1,P05
5,693,277,336,4,1,9,1,P05
5,694,240,163,9,1,9,1,P05
5,695,204,267,2,1,9,1,P05
5,696,411,539,2,1,9,1,P05
5,697,326,306,5,1,9,1,P05
5,698,455,485,6,1,9,1,P05
5,699,335,281,7,1,9,1,P05
5,700,222,229,4,1,9,1,P05
5,701,486,454,7,1,9,1,P05
5,702,356,351,4,1,9,1,P05
5,703,486,459,5,1,9,1,P05
5,704,490,450,2,1,9,1,P05
5,705,261,328,2,1,9,1,P05
5,706,243,267,3,1,9,1,P05
5,707,410,446,4,1,9,1,P05
5,708,392,351,4,1,9,1,P05
5,709,412,356,7,1,9,1,P05
5,710,364,462,3,3,9,1,P05
5,711,280,347,6,1,9,1,P05
5,712,249,273,4,1,9,1,P05
5,713,256,307,3,1,9,1,P05
5,714,259,240,4,1,9,1,P05
5,715,277,274,4,1,9,1,P05
5,716,448,481,4,1,9,1,P05
5,717,371,475,3,1,9,1,P05
5,718,191,215,3,1,9,1,P05
5,719,211,192,6,1,9,1,P05
5,720,283,215,8,1,9,1,P05
5,721,466,463,6,1,9,1,P05
5,722,403,410,3,1,9,1,P05
5,723,444,372,2,1,9,1,P05
5,724,393,459,4,1,9,1,P05
5,725,207,238,3,1,9,1,P05
5,726,441,372,3,1,9,1,P05
5,727,198,249,5,1,9,1,P05
5,728,217,192,5,1,9,1,P05
5,729,417,327,4,1,9,1,P05
5,730,281,300,6,3,9,1,P05
5,731,322,368,1,1,9,1,P05
5,732,428,386,6,1,9,1,P05
5,733,276,271,1,1,9,1,P05
5,734,460,495,3,1,9,1,P05
5,735,444,484,4,1,9,1,P05
5,736,299,335,6,1,9,1,P05
5,737,193,289,2,1,9,1,P05
5,738,373,413,3,1,9,1,P05
5,739,479,479,4,1,9,1,P05
5,740,494,481,9,1,9,1,P05
5,741,320,376,2,2,9,1,P05
5,742,383,368,6,1,9,1,P05
5,743,306,254,8,1,9,1,P05
5,744,263,276,3,1,9,1,P05
5,745,235,248,5,1,9,1,P05
5,746,489,437,2,1,9,1,P05
5,747,283,329,2,2,9,1,P05
5,748,440,507,3,1,9,1,P05
5,749,484,470,1,1,9,1,P05
5,750,282,331,5,1,9,1,P05
5,751,374,343,5,1,9,1,P05
5,752,439,334,1,1,9,1,P05
5,753,211,222,5,1,9,1,P05
5,754,213,301,2,1,9,1,P05
5,755,257,216,4,1,9,1,P05
5,756,282,321,2,1,9,1,P05
5,757,427,389,2,1,9,1,P05
5,758,181,235,4,1,9,1,P05
5,759,450,363,1,1,9,1,P05
5,760,424,375,3,1,9,1,P05
5,761,282,249,6,1,9,1,P05
5,762,420,499,4,1,9,1,P05
5,763,388,380,2,1,9,1,P05
5,764,321,325,3,1,9,1,P05
5,765,326,265,3,1,9,1,P05
5,766,381,445,11,1,9,1,P05
5,767,334,329,8,1,9,1,P05
5,768,197,229,4,3,9,1,P05
5,769,221,278,6,1,9,1,P05
5,770,300,230,4,1,9,1,P05
5,771,354,259,7,1,9,1,P05
5,772,508,491,7,1,9,1,P05
5,773,406,503,6,1,9,1,P05
5,774,220,204,7,1,9,1,P05
5,775,360,378,3,1,9,1,P05
5,776,470,455,7,1,9,1,P05
5,777,361,403,2,1,9,1,P05
5,778,333,382,5,1,9,1,P05
5,779,378,499,4,1,9,1,P05
5,780,321,342,4,1,9,1,P05
5,781,296,288,4,1,9,1,P05
5,782,322,413,5,1,9,1,P05
5,783,295,312,4,1,9,1,P05
5,784,269,276,5,1,9,1,P05
5,785,358,325,5,1,9,1,P05
5,786,236,275,5,1,9,1,P05
5,787,249,327,6,1,9,1,P05
5,788,291,279,5,1,9,1,P05
5,789,457,527,2,1,9,1,P05
5,790,484,497,5,1,9,1,P05
5,791,352,302,4,1,9,1,P05
5,792,341,401,3,1,9,1,P05
5,793,247,239,7,1,9,1,P05
5,794,189,242,4,1,9,1,P05
5,795,389,445,1,1,9,1,P05
5,796,397,442,3,1,9,1,P05
5,797,353,410,11,1,9,1,P05
5,798,443,477,5,1,9,1,P05
5,799,271,233,8,1,9,1,P05
5,800,297,338,5,1,9,1,P05
5,801,224,261,2,1,9,1,P05
5,802,239,184,4,1,9,1,P05
5,803,513,446,5,1,9,1,P05
5,804,455,482,2,1,9,1,P05
5,805,348,387,3,1,9,1,P05
5,806,247,211,7,1,9,1,P05
5,807,354,376,3,1,9,1,P05
5,808,358,371,5,2,9,1,P05
5,809,230,189,6,2,9,1,P05
5,810,298,371,6,1,9,1,P05
5,811,217,278,6,1,9,1,P05
5,812,313,387,7,1,9,1,P05
5,813,171,234,5,1,9,1,P05
5,814,426,524,4,1,9,1,P05
5,815,222,280,7,1,9,1,P05
5,816,286,269,7,1,9,1,P05
5,817,352,324,3,1,9,1,P05
5,818,494,403,9,1,9,1,P05
5,819,417,340,6,1,9,1,P05
5,820,397,420,4,1,9,1,P05
5,821,445,436,4,1,9,1,P05
5,822,291,305,1,1,9,1,P05
5,823,247,246,7,1,9,1,P05
5,824,520,473,5,2,9,1,P05
5,825,389,444,4,1,9,1,P05
5,826,251,261,6,1,9,1,P05
5,827,460,479,7,1,9,1,P05
5,828,430,564,9,1,9,1,P05
5,829,188,212,2,1,9,1,P05
5,830,342,331,1,2,9,1,P05
5,831,257,285,4,2,9,1,P05
5,832,424,373,2,1,9,1,P05
5,833,292,372,2,1,9,1,P05
5,834,309,348,2,1,9,1,P05
5,835,417,422,3,1,9,1,P05
5,836,471,478,7,1,9,1,P05
5,837,180,280,4,1,9,1,P05
5,838,337,341,5,1,9,1,P05
5,839,251,231,4,1,9,1,P05
5,840,323,416,2,1,9,1,P05
5,841,248,367,2,1,9,1,P05
5,842,230,205,10,1,9,1,P05
5,843,375,398,4,1,9,1,P05
5,844,468,418,8,1,9,1,P05
5,845,298,278,3,1,9,1,P05
5,846,224,273,3,1,9,1,P05
5,847,388,342,7,1,9,1,P05
5,848,459,382,4,1,9,1,P05
5,849,493,455,4,1,9,1,P05
5,850,352,424,5,1,9,1,P05
5,851,247,259,5,1,9,1,P05
5,852,300,346,2,1,9,1,P05
5,853,486,469,1,1,9,1,P05
5,854,458,457,6,1,9,1,P05
5,855,347,321,5,2,9,1,P05
5,856,472,476,7,1,9,1,P05
5,857,389,352,4,1,9,1,P05
5,858,212,319,3,2,9,1,P05
5,859,300,237,6,1,9,1,P05
5,860,418,436,5,1,9,1,P05
5,861,495,492,4,1,9,1,P05
5,862,284,281,5,1,9,1,P05
5,863,437,539,4,1,9,1,P05
5,864,307,449,4,1,9,1,P05
5,865,257,304,5,1,9,1,P05
5,866,203,268,3,1,9,1,P05
5,867,301,340,3,1,9,1,P05
5,868,250,290,6,1,9,1,P05
5,869,443,289,5,1,9,1,P05
5,870,257,273,6,1,9,1,P05
5,871,435,554,2,1,9,1,P05
5,872,486,399,6,1,9,1,P05
5,873,255,266,4,1,9,1,P05
5,874,284,248,3,1,9,1,P05
5,875,411,507,3,1,9,1,P05
5,876,480,431,6,1,9,1,P05
5,877,393,503,4,1,9,1,P05
5,878,418,455,4,1,9,1,P05
5,879,546,432,9,2,9,1,P05
5,880,249,240,9,1,9,1,P05
5,881,180,222,5,1,9,1,P05
5,882,208,268,8,1,9,1,P05
5,883,468,477,8,2,9,1,P05
5,884,249,283,8,1,9,1,P05
5,885,376,388,2,1,9,1,P05
5,886,253,263,2,1,9,1,P05
5,887,424,491,1,1,9,1,P05
5,888,374,375,11,1,9,1,P05
5,889,415,496,6,1,9,1,P05
5,890,329,336,6,1,9,1,P05
5,891,398,384,4,1,9,1,P05
5,892,481,457,9,1,9,1,P05
5,893,318,350,3,1,9,1,P05
5,894,427,345,10,1,9,1,P05
5,895,244,244,4,1,9,1,P05
5,896,483,463,6,1,9,1,P05
5,897,219,205,5,1,9,1,P05
5,898,528,446,3,1,9,1,P05
5,899,269,260,8,1,9,1,P05
5,900,304,326,8,1,9,1,P05
5,901,384,327,8,1,9,1,P05
5,902,184,217,7,1,9,1,P05
5,903,325,303,1,1,9,1,P05
5,904,345,394,2,1,9,1,P05
5,905,344,330,3,1,9,1,P05
5,906,369,360,7,3,9,1,P05
5,907,503,417,5,1,9,1,P05
5,908,276,261,7,1,9,1,P05
5,909,507,460,3,1,9,1,P05
5,910,307,334,5,1,9,1,P05
5,911,262,221,3,1,9,1,P05
5,912,438,286,3,1,9,1,P05
5,913,486,409,3,1,9,1,P05
5,914,514,478,5,1,9,1,P05
5,915,380,406,6,2,9,1,P05
5,916,326,483,5,1,9,1,P05
5,917,413,485,2,1,9,1,P05
5,918,195,267,1,1,9,1,P05
5,919,297,339,1,1,9,1,P05
5,920,437,532,8,1,9,1,P05
5,921,219,202,5,1,9,1,P05
5,922,395,358,4,1,9,1,P05
5,923,495,435,3,1,9,1,P05
5,924,396,522,5,1,9,1,P05
5,925,339,286,7,1,9,1,P05
5,926,300,309,4,1,9,1,P05
5,927,353,357,2,1,9,1,P05
5,928,229,264,3,1,9,1,P05
5,929,238,248,7,1,9,1,P05
5,930,223,253,4,1,9,1,P05
5,931,310,431,11,1,9,1,P05
5,932,442,538,3,1,9,1,P05
5,933,221,300,4,2,9,1,P05
5,934,332,323,6,2,9,1,P05
5,935,228,175,2,1,9,1,P05
5,936,384,447,1,1,9,1,P05
5,937,485,508,4,1,9,1,P05
5,938,435,521,5,1,9,1,P05
5,939,261,271,2,1,9,1,P05
5,940,393,384,6,1,9,1,P05
5,941,334,329,2,1,9,1,P05
5,942,345,277,8,1,9,1,P05
5,943,411,424,8,1,9,1,P05
5,944,188,261,3,1,9,1,P05
5,945,349,339,1,1,9,1,P05
5,946,251,231,5,1,9,1,P05
5,947,393,363,1,2,9,1,P05
5,948,318,297,6,1,9,1,P05
5,949,444,446,3,1,9,1,P05
5,950,258,297,3,2,9,1,P05
5,951,267,216,1,1,9,1,P05
5,952,372,411,5,1,9,1,P05
5,953,256,256,6,1,9,1,P05
5,954,449,406,1,1,9,1,P05
5,955,359,332,1,2,9,1,P05
5,956,274,238,4,1,9,1,P05
5,957,276,223,1,1,9,1,P05
5,958,203,240,12,1,9,1,P05
5,959,255,238,5,1,9,1,P05
5,960,411,460,7,1,9,1,P05
5,961,232,210,2,1,9,1,P05
5,962,401,509,1,3,9,1,P05
5,963,250,226,4,1,9,1,P05
5,964,468,344,5,1,9,1,P05
5,965,293,346,5,1,9,1,P05
5,966,436,322,7,1,9,1,P05
5,967,306,329,6,1,9,1,P05
5,968,496,438,9,2,9,1,P05
5,969,288,296,7,1,9,1,P05
5,970,447,457,5,1,9,1,P05
5,971,314,316,6,1,9,1,P05
5,972,334,328,4,2,9,1,P05
5,973,434,495,4,1,9,1,P05
5,974,278,270,5,1,9,1,P05
5,975,493,417,6,1,9,1,P05
5,976,321,291,8,1,9,1,P05
5,977,352,393,5,1,9,1,P05
5,978,288,302,4,1,9,1,P05
5,979,285,280,1,1,9,1,P05
5,980,228,230,6,1,9,1,P05
5,981,326,293,5,1,9,1,P05
5,982,316,302,4,1,9,1,P05
5,983,387,465,3,1,9,1,P05
5,984,330,474,2,1,9,1,P05
5,985,246,297,2,2,9,1,P05
5,986,173,258,5,3,9,1,P05
5,987,412,415,3,1,9,1,P05
5,988,204,298,2,1,9,1,P05
5,989,339,317,2,2,9,1,P05
5,990,272,312,11,1,9,1,P05
5,991,421,526,2,1,9,1,P05
5,992,425,515,4,1,9,1,P05
5,993,177,313,4,1,9,1,P05
5,994,308,327,3,1,9,1,P05
5,995,263,262,3,1,9,1,P05
5,996,299,378,4,1,9,1,P05
5,997,456,423,3,1,9,1,P05
5,998,200,245,1,1,9,1,P05
5,999,272,311,4,1,9,1,P05
5,1000,263,295,4,1,9,1,P05
