condition,session,b1,b2,r1,r2,schedule_r1,schedule_r2,PID
1,1,47,424,1,7,1,9,P10
1,2,45,631,1,6,1,9,P10
1,3,26,394,1,5,1,9,P10
1,4,65,540,1,6,1,9,P10
1,5,85,770,1,7,1,9,P10
1,6,76,667,1,12,1,9,P10
1,7,25,836,1,5,1,9,P10
1,8,75,565,1,5,1,9,P10
1,9,128,827,1,5,1,9,P10
1,10,67,691,1,7,1,9,P10
1,11,36,750,1,6,1,9,P10
1,12,29,617,1,9,1,9,P10
1,13,51,694,1,7,1,9,P10
1,14,39,623,1,12,1,9,P10
1,15,42,518,1,13,1,9,P10
1,16,23,857,1,8,1,9,P10
1,17,39,459,1,8,1,9,P10
1,18,115,774,1,13,1,9,P10
1,19,43,546,1,6,1,9,P10
1,20,19,483,1,10,1,9,P10
1,21,104,808,1,8,1,9,P10
1,22,63,422,1,6,1,9,P10
1,23,69,852,1,13,1,9,P10
1,24,19,648,1,4,1,9,P10
1,25,73,744,1,10,1,9,P10
1,26,29,560,1,8,1,9,P10
1,27,61,902,1,8,1,9,P10
1,28,100,534,1,10,1,9,P10
1,29,35,531,1,5,1,9,P10
1,30,148,441,1,9,1,9,P10
1,31,35,597,1,8,1,9,P10
1,32,55,660,2,13,1,9,P10
1,33,47,498,1,12,1,9,P10
1,34,44,812,1,11,1,9,P10
1,35,45,561,1,13,1,9,P10
1,36,84,499,1,9,1,9,P10
1,37,31,461,1,6,1,9,P10
1,38,182,563,1,5,1,9,P10
1,39,42,413,1,6,1,9,P10
1,40,28,386,1,8,1,9,P10
1,41,160,273,1,6,1,9,P10
1,42,30,658,1,6,1,9,P10
1,43,115,788,1,10,1,9,P10
1,44,32,377,1,2,1,9,P10
1,45,140,354,1,7,1,9,P10
1,46,24,645,1,13,1,9,P10
1,47,44,394,1,9,1,9,P10
1,48,11,642,1,11,1,9,P10
1,49,89,379,1,5,1,9,P10
1,50,185,570,1,3,1,9,P10
1,51,41,778,1,6,1,9,P10
1,52,39,604,1,8,1,9,P10
1,53,207,661,1,7,1,9,P10
1,54,72,359,1,9,1,9,P10
1,55,27,534,1,5,1,9,P10
1,56,40,687,1,9,1,9,P10
1,57,80,649,1,9,1,9,P10
1,58,37,618,1,7,1,9,P10
1,59,159,441,1,2,1,9,P10
1,60,57,470,1,5,1,9,P10
1,61,176,624,1,3,1,9,P10
1,62,159,611,1,9,1,9,P10
1,63,89,817,1,6,1,9,P10
1,64,26,871,1,8,1,9,P10
1,65,132,752,1,8,1,9,P10
1,66,46,490,1,11,1,9,P10
1,67,19,907,1,8,1,9,P10
1,68,27,646,1,13,1,9,P10
1,69,13,532,1,8,1,9,P10
1,70,36,682,1,9,1,9,P10
1,71,35,881,1,10,1,9,P10
1,72,46,933,1,10,1,9,P10
1,73,56,380,1,17,1,9,P10
1,74,28,793,1,6,1,9,P10
1,75,148,546,1,3,1,9,P10
1,76,75,650,1,11,1,9,P10
1,77,46,734,1,3,1,9,P10
1,78,203,626,1,10,1,9,P10
1,79,63,789,1,11,1,9,P10
1,80,68,680,1,7,1,9,P10
1,81,72,713,1,3,1,9,P10
1,82,53,890,1,4,1,9,P10
1,83,11,390,1,8,1,9,P10
1,84,46,658,1,9,1,9,P10
1,85,96,390,1,5,1,9,P10
1,86,38,713,1,13,1,9,P10
1,87,51,683,1,8,1,9,P10
1,88,19,382,1,10,1,9,P10
1,89,20,839,1,7,1,9,P10
1,90,147,765,1,9,1,9,P10
1,91,12,446,1,4,1,9,P10
1,92,97,608,1,5,1,9,P10
1,93,52,688,1,12,1,9,P10
1,94,54,492,1,9,1,9,P10
1,95,66,827,1,12,1,9,P10
1,96,30,636,1,8,1,9,P10
1,97,82,360,1,7,1,9,P10
1,98,21,942,1,11,1,9,P10
1,99,77,620,1,4,1,9,P10
1,100,45,631,1,11,1,9,P10
1,101,37,943,1,5,1,9,P10
1,102,118,358,1,7,1,9,P10
1,103,40,395,1,5,1,9,P10
1,104,173,654,1,9,1,9,P10
1,105,79,607,1,3,1,9,P10
1,106,74,867,1,12,1,9,P10
1,107,20,740,1,12,1,9,P10
1,108,41,787,1,9,1,9,P10
1,109,251,529,1,4,1,9,P10
1,110,26,501,1,7,1,9,P10
1,111,32,620,1,8,1,9,P10
1,112,170,649,1,8,1,9,P10
1,113,47,943,1,5,1,9,P10
1,114,12,782,1,12,1,9,P10
1,115,29,467,1,11,1,9,P10
1,116,97,310,1,2,1,9,P10
1,117,30,768,1,6,1,9,P10
1,118,29,590,1,5,1,9,P10
1,119,120,767,1,4,1,9,P10
1,120,44,479,1,8,1,9,P10
1,121,231,528,1,6,1,9,P10
1,122,99,583,1,7,1,9,P10
1,123,71,439,1,12,1,9,P10
1,124,60,573,1,9,1,9,P10
1,125,66,487,1,4,1,9,P10
1,126,96,886,1,10,1,9,P10
1,127,74,344,1,9,1,9,P10
1,128,41,757,1,4,1,9,P10
1,129,46,779,1,8,1,9,P10
1,130,87,676,1,4,1,9,P10
1,131,56,525,1,6,1,9,P10
1,132,37,432,1,10,1,9,P10
1,133,62,721,1,10,1,9,P10
1,134,34,882,1,9,1,9,P10
1,135,33,643,1,9,1,9,P10
1,136,44,399,1,14,1,9,P10
1,137,77,708,1,7,1,9,P10
1,138,26,739,1,10,1,9,P10
1,139,93,533,1,10,1,9,P10
1,140,207,348,1,6,1,9,P10
1,141,45,626,1,6,1,9,P10
1,142,96,446,1,12,1,9,P10
1,143,71,870,1,15,1,9,P10
1,144,98,587,1,5,1,9,P10
1,145,15,639,1,9,1,9,P10
1,146,17,827,1,4,1,9,P10
1,147,25,400,1,11,1,9,P10
1,148,118,865,1,4,1,9,P10
1,149,20,811,1,2,1,9,P10
1,150,37,498,1,8,1,9,P10
1,151,79,871,1,11,1,9,P10
1,152,13,729,1,8,1,9,P10
1,153,34,470,1,11,1,9,P10
1,154,90,522,1,6,1,9,P10
1,155,79,771,1,4,1,9,P10
1,156,101,588,1,6,1,9,P10
1,157,49,675,1,7,1,9,P10
1,158,23,501,1,13,1,9,P10
1,159,76,702,1,10,1,9,P10
1,160,31,803,1,10,1,9,P10
1,161,14,525,1,7,1,9,P10
1,162,104,523,1,12,1,9,P10
1,163,47,927,1,8,1,9,P10
1,164,91,502,1,5,1,9,P10
1,165,20,380,1,10,1,9,P10
1,166,42,712,1,8,1,9,P10
1,167,47,919,1,10,1,9,P10
1,168,70,343,1,9,1,9,P10
1,169,30,610,1,4,1,9,P10
1,170,19,537,1,11,1,9,P10
1,171,48,374,1,8,1,9,P10
1,172,56,647,1,3,1,9,P10
1,173,35,464,1,9,1,9,P10
1,174,37,416,1,3,1,9,P10
1,175,32,478,1,7,1,9,P10
1,176,25,549,1,6,1,9,P10
1,177,65,791,1,10,1,9,P10
1,178,63,667,1,9,1,9,P10
1,179,96,741,1,2,1,9,P10
1,180,50,808,1,15,1,9,P10
1,181,67,914,1,8,1,9,P10
1,182,65,594,1,17,1,9,P10
1,183,133,588,1,3,1,9,P10
1,184,71,766,1,13,1,9,P10
1,185,34,470,1,9,1,9,P10
1,186,27,526,1,9,1,9,P10
1,187,10,672,1,8,1,9,P10
1,188,56,524,1,6,1,9,P10
1,189,98,607,1,7,1,9,P10
1,190,124,846,1,8,1,9,P10
1,191,177,785,1,11,1,9,P10
1,192,46,598,1,8,1,9,P10
1,193,14,553,1,8,1,9,P10
1,194,39,874,1,7,1,9,P10
1,195,13,669,1,8,1,9,P10
1,196,99,752,1,8,1,9,P10
1,197,77,840,1,9,1,9,P10
1,198,44,650,1,10,1,9,P10
1,199,111,796,1,4,1,9,P10
1,200,267,546,1,7,1,9,P10
1,201,58,848,1,11,1,9,P10
1,202,20,426,1,4,1,9,P10
1,203,81,656,1,10,1,9,P10
1,204,26,763,1,11,1,9,P10
1,205,41,870,1,8,1,9,P10
1,206,141,599,1,8,1,9,P10
1,207,10,441,1,9,1,9,P10
1,208,103,843,1,5,1,9,P10
1,209,12,759,1,3,1,9,P10
1,210,35,780,1,6,1,9,P10
1,211,23,788,1,9,1,9,P10
1,212,34,570,1,15,1,9,P10
1,213,38,454,1,9,1,9,P10
1,214,104,813,1,8,1,9,P10
1,215,28,945,1,8,1,9,P10
1,216,14,433,1,13,1,9,P10
1,217,199,685,1,12,1,9,P10
1,218,116,601,1,7,1,9,P10
1,219,18,588,1,5,1,9,P10
1,220,91,842,1,11,1,9,P10
1,221,38,637,1,5,1,9,P10
1,222,83,815,1,2,1,9,P10
1,223,45,561,1,8,1,9,P10
1,224,54,536,1,9,1,9,P10
1,225,156,425,1,7,1,9,P10
1,226,56,718,1,13,1,9,P10
1,227,54,784,1,11,1,9,P10
1,228,50,625,1,8,1,9,P10
1,229,115,580,1,5,1,9,P10
1,230,10,425,1,14,1,9,P10
1,231,69,777,1,14,1,9,P10
1,232,13,606,1,14,1,9,P10
1,233,68,818,1,11,1,9,P10
1,234,22,850,1,11,1,9,P10
1,235,46,832,1,14,1,9,P10
1,236,175,497,1,6,1,9,P10
1,237,10,504,1,11,1,9,P10
1,238,37,650,1,9,1,9,P10
1,239,49,887,1,6,1,9,P10
1,240,125,738,1,7,1,9,P10
1,241,119,429,1,7,1,9,P10
1,242,24,487,1,9,1,9,P10
1,243,50,898,1,6,1,9,P10
1,244,70,767,1,4,1,9,P10
1,245,17,767,1,9,1,9,P10
1,246,83,906,1,6,1,9,P10
1,247,218,713,1,7,1,9,P10
1,248,21,715,1,11,1,9,P10
1,249,22,567,1,8,1,9,P10
1,250,20,482,1,14,1,9,P10
1,251,41,560,1,6,1,9,P10
1,252,154,699,1,8,1,9,P10
1,253,49,631,1,5,1,9,P10
1,254,11,743,1,6,1,9,P10
1,255,15,646,1,5,1,9,P10
1,256,165,825,1,6,1,9,P10
1,257,36,439,1,13,1,9,P10
1,258,15,530,1,10,1,9,P10
1,259,108,579,1,9,1,9,P10
1,260,61,501,1,11,1,9,P10
1,261,13,494,1,7,1,9,P10
1,262,44,951,1,6,1,9,P10
1,263,102,580,1,3,1,9,P10
1,264,49,410,1,7,1,9,P10
1,265,96,617,1,9,1,9,P10
1,266,10,789,1,8,1,9,P10
1,267,64,707,1,10,1,9,P10
1,268,53,418,1,12,1,9,P10
1,269,19,568,1,9,1,9,P10
1,270,30,480,1,7,1,9,P10
1,271,109,701,1,8,1,9,P10
1,272,192,524,1,12,1,9,P10
1,273,17,923,1,9,1,9,P10
1,274,84,496,1,10,1,9,P10
1,275,27,874,1,10,1,9,P10
1,276,36,550,1,9,1,9,P10
1,277,12,477,1,9,1,9,P10
1,278,126,678,1,4,1,9,P10
1,279,53,767,1,7,1,9,P10
1,280,22,789,1,10,1,9,P10
1,281,40,394,1,6,1,9,P10
1,282,39,693,1,15,1,9,P10
1,283,140,789,1,6,1,9,P10
1,284,119,603,1,4,1,9,P10
1,285,36,951,1,13,1,9,P10
1,286,72,867,1,8,1,9,P10
1,287,98,459,1,5,1,9,P10
1,288,26,713,1,8,1,9,P10
1,289,39,858,1,4,1,9,P10
1,290,86,657,1,11,1,9,P10
1,291,48,421,1,6,1,9,P10
1,292,13,554,1,11,1,9,P10
1,293,66,600,1,11,1,9,P10
1,294,44,552,1,10,1,9,P10
1,295,21,696,1,9,1,9,P10
1,296,42,941,1,9,1,9,P10
1,297,15,499,1,3,1,9,P10
1,298,64,519,1,12,1,9,P10
1,299,81,802,1,12,1,9,P10
1,300,101,633,1,10,1,9,P10
1,301,41,456,1,6,1,9,P10
1,302,11,481,1,10,1,9,P10
1,303,52,875,1,12,1,9,P10
1,304,49,432,1,8,1,9,P10
1,305,141,553,1,11,1,9,P10
1,306,52,782,1,7,1,9,P10
1,307,54,804,1,5,1,9,P10
1,308,21,488,1,4,1,9,P10
1,309,67,824,1,7,1,9,P10
1,310,28,823,1,11,1,9,P10
1,311,15,481,1,10,1,9,P10
1,312,24,544,1,20,1,9,P10
1,313,39,490,1,7,1,9,P10
1,314,23,805,1,9,1,9,P10
1,315,34,951,1,10,1,9,P10
1,316,112,818,1,10,1,9,P10
1,317,61,640,1,3,1,9,P10
1,318,102,454,1,5,1,9,P10
1,319,33,825,1,6,1,9,P10
1,320,27,451,1,12,1,9,P10
1,321,26,853,1,9,1,9,P10
1,322,140,788,1,8,1,9,P10
1,323,69,727,1,5,1,9,P10
1,324,105,814,1,9,1,9,P10
1,325,56,753,1,6,1,9,P10
1,326,58,411,1,5,1,9,P10
1,327,91,333,1,5,1,9,P10
1,328,48,577,1,13,1,9,P10
1,329,38,907,1,8,1,9,P10
1,330,38,950,1,8,1,9,P10
1,331,26,551,1,10,1,9,P10
1,332,88,548,1,7,1,9,P10
1,333,14,697,1,10,1,9,P10
1,334,56,564,1,13,1,9,P10
1,335,12,415,1,6,1,9,P10
1,336,138,351,1,4,1,9,P10
1,337,67,712,1,10,1,9,P10
1,338,62,752,1,11,1,9,P10
1,339,78,363,1,8,1,9,P10
1,340,16,452,1,11,1,9,P10
1,341,102,830,1,13,1,9,P10
1,342,28,480,1,11,1,9,P10
1,343,222,706,1,3,1,9,P10
1,344,53,542,1,11,1,9,P10
1,345,81,683,1,5,1,9,P10
1,346,168,761,1,6,1,9,P10
1,347,36,367,1,4,1,9,P10
1,348,200,267,1,2,1,9,P10
1,349,84,901,1,6,1,9,P10
1,350,208,747,1,3,1,9,P10
1,351,70,560,1,4,1,9,P10
1,352,60,822,1,9,1,9,P10
1,353,18,855,1,11,1,9,P10
1,354,31,915,1,8,1,9,P10
1,355,10,785,1,13,1,9,P10
1,356,56,717,1,6,1,9,P10
1,357,70,704,1,10,1,9,P10
1,358,126,624,1,8,1,9,P10
1,359,67,623,1,9,1,9,P10
1,360,37,447,1,9,1,9,P10
1,361,100,507,1,8,1,9,P10
1,362,75,772,1,6,1,9,P10
1,363,16,604,1,8,1,9,P10
1,364,23,382,1,10,1,9,P10
1,365,19,711,1,5,1,9,P10
1,366,82,888,1,11,1,9,P10
1,367,32,528,1,8,1,9,P10
1,368,95,896,1,4,1,9,P10
1,369,78,387,1,13,1,9,P10
1,370,21,501,1,11,1,9,P10
1,371,89,772,1,9,1,9,P10
1,372,60,871,1,10,1,9,P10
1,373,24,437,1,4,1,9,P10
1,374,159,816,1,7,1,9,P10
1,375,86,501,1,3,1,9,P10
1,376,87,803,1,7,1,9,P10
1,377,64,748,1,9,1,9,P10
1,378,40,771,1,13,1,9,P10
1,379,27,471,1,8,1,9,P10
1,380,90,752,1,10,1,9,P10
1,381,16,482,1,6,1,9,P10
1,382,42,572,1,9,1,9,P10
1,383,52,703,1,8,1,9,P10
1,384,29,793,1,3,1,9,P10
1,385,107,825,1,9,1,9,P10
1,386,56,714,1,10,1,9,P10
1,387,64,833,1,8,1,9,P10
1,388,89,838,1,7,1,9,P10
1,389,183,805,1,13,1,9,P10
1,390,71,711,1,6,1,9,P10
1,391,16,820,1,8,1,9,P10
1,392,51,663,1,12,1,9,P10
1,393,61,741,1,4,1,9,P10
1,394,127,486,1,9,1,9,P10
1,395,139,820,1,6,1,9,P10
1,396,137,774,1,8,1,9,P10
1,397,38,641,1,6,1,9,P10
1,398,38,477,1,5,1,9,P10
1,399,123,630,1,6,1,9,P10
1,400,49,840,1,14,1,9,P10
1,401,60,742,1,8,1,9,P10
1,402,32,833,1,9,1,9,P10
1,403,48,831,1,10,1,9,P10
1,404,61,640,1,5,1,9,P10
1,405,115,592,1,5,1,9,P10
1,406,67,634,1,8,1,9,P10
1,407,124,455,1,5,1,9,P10
1,408,42,588,1,9,1,9,P10
1,409,40,499,1,14,1,9,P10
1,410,31,775,1,10,1,9,P10
1,411,46,938,1,9,1,9,P10
1,412,28,457,1,11,1,9,P10
1,413,10,423,1,13,1,9,P10
1,414,171,405,1,5,1,9,P10
1,415,107,804,1,4,1,9,P10
1,416,39,454,1,6,1,9,P10
1,417,75,683,1,4,1,9,P10
1,418,88,540,1,8,1,9,P10
1,419,28,381,1,5,1,9,P10
1,420,370,538,1,6,1,9,P10
1,421,72,740,1,7,1,9,P10
1,422,34,742,1,11,1,9,P10
1,423,47,375,1,12,1,9,P10
1,424,50,519,1,9,1,9,P10
1,425,122,480,1,6,1,9,P10
1,426,87,707,1,9,1,9,P10
1,427,234,703,1,4,1,9,P10
1,428,124,662,1,12,1,9,P10
1,429,253,703,1,6,1,9,P10
1,430,85,863,1,6,1,9,P10
1,431,29,407,1,9,1,9,P10
1,432,57,895,1,6,1,9,P10
1,433,34,379,1,5,1,9,P10
1,434,50,455,1,10,1,9,P10
1,435,37,897,1,6,1,9,P10
1,436,127,792,1,3,1,9,P10
1,437,54,732,1,10,1,9,P10
1,438,32,545,1,9,1,9,P10
1,439,68,484,1,9,1,9,P10
1,440,19,796,1,8,1,9,P10
1,441,43,806,1,12,1,9,P10
1,442,18,657,1,7,1,9,P10
1,443,206,574,1,4,1,9,P10
1,444,73,403,1,7,1,9,P10
1,445,62,561,1,13,1,9,P10
1,446,20,443,1,11,1,9,P10
1,447,14,631,1,9,1,9,P10
1,448,13,969,1,5,1,9,P10
1,449,64,614,1,8,1,9,P10
1,450,18,577,1,13,1,9,P10
1,451,23,390,1,14,1,9,P10
1,452,84,714,1,6,1,9,P10
1,453,122,380,1,5,1,9,P10
1,454,105,705,1,5,1,9,P10
1,455,11,523,1,12,1,9,P10
1,456,89,752,1,7,1,9,P10
1,457,61,518,1,8,1,9,P10
1,458,136,645,1,8,1,9,P10
1,459,29,421,1,10,1,9,P10
1,460,22,916,1,10,1,9,P10
1,461,53,818,1,5,1,9,P10
1,462,22,968,1,7,1,9,P10
1,463,26,560,1,9,1,9,P10
1,464,55,511,1,4,1,9,P10
1,465,20,764,1,9,1,9,P10
1,466,52,845,1,15,1,9,P10
1,467,17,943,1,8,1,9,P10
1,468,84,395,1,6,1,9,P10
1,469,10,570,1,9,1,9,P10
1,470,74,731,1,8,1,9,P10
1,471,34,824,1,6,1,9,P10
1,472,39,367,1,9,1,9,P10
1,473,63,800,1,6,1,9,P10
1,474,107,508,1,7,1,9,P10
1,475,38,867,1,9,1,9,P10
1,476,100,766,1,7,1,9,P10
1,477,27,654,1,11,1,9,P10
1,478,88,808,1,5,1,9,P10
1,479,67,913,1,12,1,9,P10
1,480,39,399,1,6,1,9,P10
1,481,84,787,1,8,1,9,P10
1,482,10,556,1,12,1,9,P10
1,483,70,822,1,5,1,9,P10
1,484,164,804,1,3,1,9,P10
1,485,50,408,1,10,1,9,P10
1,486,22,815,1,10,1,9,P10
1,487,23,721,1,8,1,9,P10
1,488,41,920,1,8,1,9,P10
1,489,79,793,1,7,1,9,P10
1,490,33,831,1,7,1,9,P10
1,491,81,525,1,12,1,9,P10
1,492,91,735,1,9,1,9,P10
1,493,17,869,1,7,1,9,P10
1,494,111,567,1,6,1,9,P10
1,495,49,785,1,2,1,9,P10
1,496,44,926,1,7,1,9,P10
1,497,161,714,1,4,1,9,P10
1,498,27,560,1,13,1,9,P10
1,499,21,464,1,9,1,9,P10
1,500,16,527,1,11,1,9,P10
1,501,123,721,1,9,1,9,P10
1,502,12,553,1,10,1,9,P10
1,503,21,674,1,7,1,9,P10
1,504,72,529,1,8,1,9,P10
1,505,16,778,1,11,1,9,P10
1,506,25,755,1,8,1,9,P10
1,507,68,526,1,7,1,9,P10
1,508,67,413,1,8,1,9,P10
1,509,12,667,1,9,1,9,P10
1,510,103,663,1,6,1,9,P10
1,511,156,298,1,10,1,9,P10
1,512,22,574,1,11,1,9,P10
1,513,29,619,1,7,1,9,P10
1,514,43,946,1,12,1,9,P10
1,515,36,606,1,7,1,9,P10
1,516,142,765,1,9,1,9,P10
1,517,12,492,1,5,1,9,P10
1,518,21,471,1,11,1,9,P10
1,519,36,617,1,11,1,9,P10
1,520,20,398,1,9,1,9,P10
1,521,341,575,1,7,1,9,P10
1,522,67,445,1,8,1,9,P10
1,523,79,546,1,6,1,9,P10
1,524,233,729,1,1,1,9,P10
1,525,12,397,1,7,1,9,P10
1,526,47,517,1,4,1,9,P10
1,527,10,501,1,11,1,9,P10
1,528,134,848,1,6,1,9,P10
1,529,104,588,1,7,1,9,P10
1,530,28,818,1,8,1,9,P10
1,531,12,406,1,7,1,9,P10
1,532,35,401,1,5,1,9,P10
1,533,35,743,1,10,1,9,P10
1,534,12,824,1,17,1,9,P10
1,535,175,496,1,4,1,9,P10
1,536,55,817,1,11,1,9,P10
1,537,40,431,1,11,1,9,P10
1,538,16,604,1,6,1,9,P10
1,539,57,727,1,12,1,9,P10
1,540,20,968,1,7,1,9,P10
1,541,35,921,1,10,1,9,P10
1,542,138,349,2,6,1,9,P10
1,543,31,772,1,4,1,9,P10
1,544,28,892,1,4,1,9,P10
1,545,54,727,1,7,1,9,P10
1,546,71,900,1,11,1,9,P10
1,547,57,875,1,12,1,9,P10
1,548,46,716,1,14,1,9,P10
1,549,17,531,1,6,1,9,P10
1,550,33,677,1,9,1,9,P10
1,551,119,310,1,8,1,9,P10
1,552,77,808,1,7,1,9,P10
1,553,27,500,1,13,1,9,P10
1,554,107,687,1,10,1,9,P10
1,555,45,400,1,5,1,9,P10
1,556,39,845,1,7,1,9,P10
1,557,38,709,1,13,1,9,P10
1,558,43,724,1,8,1,9,P10
1,559,19,451,1,5,1,9,P10
1,560,60,454,1,11,1,9,P10
1,561,41,706,1,5,1,9,P10
1,562,82,883,1,7,1,9,P10
1,563,12,696,1,8,1,9,P10
1,564,10,621,1,7,1,9,P10
1,565,11,395,1,6,1,9,P10
1,566,71,526,1,9,1,9,P10
1,567,42,478,1,9,1,9,P10
1,568,15,892,1,7,1,9,P10
1,569,39,473,1,3,1,9,P10
1,570,28,770,1,8,1,9,P10
1,571,42,791,1,9,1,9,P10
1,572,17,523,1,11,1,9,P10
1,573,85,839,1,4,1,9,P10
1,574,114,883,1,5,1,9,P10
1,575,142,600,1,8,1,9,P10
1,576,48,362,1,9,1,9,P10
1,577,47,369,1,10,1,9,P10
1,578,95,707,1,10,1,9,P10
1,579,43,752,1,9,1,9,P10
1,580,75,786,1,12,1,9,P10
1,581,29,660,1,8,1,9,P10
1,582,62,781,1,8,1,9,P10
1,583,103,463,1,9,1,9,P10
1,584,53,646,1,15,1,9,P10
1,585,178,423,1,8,1,9,P10
1,586,22,445,1,14,1,9,P10
1,587,50,770,1,3,1,9,P10
1,588,24,409,1,11,1,9,P10
1,589,104,664,1,6,1,9,P10
1,590,53,637,1,11,1,9,P10
1,591,56,767,1,11,1,9,P10
1,592,125,753,1,8,1,9,P10
1,593,93,626,1,14,1,9,P10
1,594,43,400,1,8,1,9,P10
1,595,17,483,1,13,1,9,P10
1,596,22,649,1,11,1,9,P10
1,597,58,768,1,8,1,9,P10
1,598,73,862,1,7,1,9,P10
1,599,79,530,1,8,1,9,P10
1,600,21,626,1,3,1,9,P10
1,601,13,524,1,4,1,9,P10
1,602,158,782,1,3,1,9,P10
1,603,12,801,1,10,1,9,P10
1,604,76,329,1,7,1,9,P10
1,605,29,430,1,9,1,9,P10
1,606,63,845,1,6,1,9,P10
1,607,175,700,1,2,1,9,P10
1,608,34,876,1,7,1,9,P10
1,609,51,426,1,9,1,9,P10
1,610,77,750,1,8,1,9,P10
1,611,208,770,1,5,1,9,P10
1,612,66,380,1,12,1,9,P10
1,613,120,550,1,5,1,9,P10
1,614,62,911,1,8,1,9,P10
1,615,36,729,1,7,1,9,P10
1,616,158,610,1,10,1,9,P10
1,617,133,645,1,9,1,9,P10
1,618,41,393,1,9,1,9,P10
1,619,66,424,1,9,1,9,P10
1,620,22,714,1,5,1,9,P10
1,621,40,756,1,9,1,9,P10
1,622,34,411,1,7,1,9,P10
1,623,49,650,1,7,1,9,P10
1,624,82,892,1,5,1,9,P10
1,625,21,560,1,9,1,9,P10
1,626,71,529,1,8,1,9,P10
1,627,99,715,1,5,1,9,P10
1,628,13,491,1,4,1,9,P10
1,629,71,644,1,11,1,9,P10
1,630,15,968,1,13,1,9,P10
1,631,91,586,1,12,1,9,P10
1,632,21,424,1,9,1,9,P10
1,633,18,778,1,5,1,9,P10
1,634,41,702,1,9,1,9,P10
1,635,63,413,1,6,1,9,P10
1,636,59,396,1,8,1,9,P10
1,637,269,658,1,3,1,9,P10
1,638,71,791,1,4,1,9,P10
1,639,28,757,1,12,1,9,P10
1,640,54,838,1,12,1,9,P10
1,641,93,722,1,9,1,9,P10
1,642,46,536,1,10,1,9,P10
1,643,13,424,1,5,1,9,P10
1,644,257,741,1,11,1,9,P10
1,645,103,598,1,12,1,9,P10
1,646,14,457,1,9,1,9,P10
1,647,209,415,1,4,1,9,P10
1,648,80,784,1,10,1,9,P10
1,649,29,393,1,5,1,9,P10
1,650,13,404,1,5,1,9,P10
1,651,28,796,1,9,1,9,P10
1,652,146,373,1,4,1,9,P10
1,653,88,906,1,8,1,9,P10
1,654,65,861,1,10,1,9,P10
1,655,18,901,1,18,1,9,P10
1,656,118,752,1,11,1,9,P10
1,657,91,431,1,4,1,9,P10
1,658,22,925,1,12,1,9,P10
1,659,21,394,1,7,1,9,P10
1,660,17,410,1,9,1,9,P10
1,661,102,896,1,11,1,9,P10
1,662,36,660,1,9,1,9,P10
1,663,15,433,1,9,1,9,P10
1,664,53,396,1,7,1,9,P10
1,665,15,552,1,9,1,9,P10
1,666,74,766,1,7,1,9,P10
1,667,78,535,1,11,1,9,P10
1,668,45,858,1,7,1,9,P10
1,669,34,905,1,10,1,9,P10
1,670,29,523,1,9,1,9,P10
1,671,99,837,1,6,1,9,P10
1,672,15,526,1,7,1,9,P10
1,673,34,446,1,8,1,9,P10
1,674,11,686,1,10,1,9,P10
1,675,62,521,1,10,1,9,P10
1,676,33,396,1,7,1,9,P10
1,677,17,585,1,9,1,9,P10
1,678,303,519,1,2,1,9,P10
1,679,45,433,1,8,1,9,P10
1,680,41,519,1,10,1,9,P10
1,681,88,859,1,8,1,9,P10
1,682,18,473,1,11,1,9,P10
1,683,181,319,1,7,1,9,P10
1,684,77,489,1,6,1,9,P10
1,685,79,560,1,7,1,9,P10
1,686,30,834,1,8,1,9,P10
1,687,36,432,1,10,1,9,P10
1,688,53,622,1,10,1,9,P10
1,689,32,679,1,7,1,9,P10
1,690,52,878,1,12,1,9,P10
1,691,133,692,1,10,1,9,P10
1,692,20,501,1,7,1,9,P10
1,693,27,566,1,9,1,9,P10
1,694,19,912,1,7,1,9,P10
1,695,37,627,1,8,1,9,P10
1,696,22,836,1,9,1,9,P10
1,697,52,653,1,8,1,9,P10
1,698,121,426,1,6,1,9,P10
1,699,27,884,1,9,1,9,P10
1,700,50,537,1,7,1,9,P10
1,701,38,458,1,6,1,9,P10
1,702,39,726,1,9,1,9,P10
1,703,37,556,1,8,1,9,P10
1,704,30,789,1,10,1,9,P10
1,705,101,563,1,12,1,9,P10
1,706,94,458,1,7,1,9,P10
1,707,24,428,1,4,1,9,P10
1,708,77,655,1,10,1,9,P10
1,709,79,816,1,4,1,9,P10
1,710,16,436,1,7,1,9,P10
1,711,27,579,1,11,1,9,P10
1,712,13,394,1,6,1,9,P10
1,713,42,710,1,11,1,9,P10
1,714,35,609,1,13,1,9,P10
1,715,40,858,1,10,1,9,P10
1,716,152,415,1,5,1,9,P10
1,717,207,543,1,6,1,9,P10
1,718,99,386,1,11,1,9,P10
1,719,18,793,1,9,1,9,P10
1,720,48,729,1,9,1,9,P10
1,721,41,620,1,13,1,9,P10
1,722,131,849,1,10,1,9,P10
1,723,80,610,1,6,1,9,P10
1,724,29,583,1,7,1,9,P10
1,725,118,842,1,12,1,9,P10
1,726,104,528,1,12,1,9,P10
1,727,79,515,1,6,1,9,P10
1,728,64,438,1,12,1,9,P10
1,729,26,417,1,6,1,9,P10
1,730,198,712,1,11,1,9,P10
1,731,50,603,1,9,1,9,P10
1,732,136,785,1,8,1,9,P10
1,733,69,649,1,8,1,9,P10
1,734,75,758,1,8,1,9,P10
1,735,14,480,1,9,1,9,P10
1,736,120,744,1,9,1,9,P10
1,737,78,863,1,11,1,9,P10
1,738,127,466,1,6,1,9,P10
1,739,187,716,1,9,1,9,P10
1,740,97,797,1,8,1,9,P10
1,741,32,719,1,4,1,9,P10
1,742,15,442,1,7,1,9,P10
1,743,27,441,1,10,1,9,P10
1,744,31,398,1,8,1,9,P10
1,745,19,466,1,5,1,9,P10
1,746,89,776,1,15,1,9,P10
1,747,23,755,1,9,1,9,P10
1,748,15,764,1,5,1,9,P10
1,749,30,628,1,6,1,9,P10
1,750,26,766,1,10,1,9,P10
1,751,35,963,1,9,1,9,P10
1,752,50,855,1,7,1,9,P10
1,753,46,628,1,4,1,9,P10
1,754,17,686,1,8,1,9,P10
1,755,21,549,1,3,1,9,P10
1,756,59,665,1,4,1,9,P10
1,757,60,447,1,5,1,9,P10
1,758,80,425,1,13,1,9,P10
1,759,86,425,1,7,1,9,P10
1,760,47,871,1,10,1,9,P10
1,761,23,446,1,13,1,9,P10
1,762,158,684,1,4,1,9,P10
1,763,38,701,1,6,1,9,P10
1,764,71,819,1,8,1,9,P10
1,765,56,524,1,2,1,9,P10
1,766,35,638,1,6,1,9,P10
1,767,57,445,1,3,1,9,P10
1,768,65,899,1,7,1,9,P10
1,769,28,766,1,5,1,9,P10
1,770,17,723,1,4,1,9,P10
1,771,94,665,1,6,1,9,P10
1,772,112,649,2,7,1,9,P10
1,773,118,484,1,6,1,9,P10
1,774,14,817,1,7,1,9,P10
1,775,29,827,1,5,1,9,P10
1,776,79,435,1,10,1,9,P10
1,777,196,585,1,6,1,9,P10
1,778,135,811,1,12,1,9,P10
1,779,61,601,1,10,1,9,P10
1,780,53,926,1,6,1,9,P10
1,781,181,667,1,7,1,9,P10
1,782,26,420,1,12,1,9,P10
1,783,76,890,1,9,1,9,P10
1,784,72,843,1,7,1,9,P10
1,785,77,865,1,4,1,9,P10
1,786,60,377,1,9,1,9,P10
1,787,39,662,1,3,1,9,P10
1,788,19,612,1,4,1,9,P10
1,789,89,738,1,6,1,9,P10
1,790,44,450,1,11,1,9,P10
1,791,14,875,1,12,1,9,P10
1,792,21,756,1,6,1,9,P10
1,793,56,857,1,6,1,9,P10
1,794,80,710,1,8,1,9,P10
1,795,39,402,1,8,1,9,P10
1,796,63,562,1,7,1,9,P10
1,797,44,394,1,8,1,9,P10
1,798,201,658,1,2,1,9,P10
1,799,253,723,1,4,1,9,P10
1,800,298,649,1,1,1,9,P10
1,801,63,445,1,8,1,9,P10
1,802,84,557,1,6,1,9,P10
1,803,17,804,1,6,1,9,P10
1,804,12,827,1,10,1,9,P10
1,805,26,772,1,3,1,9,P10
1,806,12,965,1,9,1,9,P10
1,807,55,548,1,13,1,9,P10
1,808,83,633,1,1,1,9,P10
1,809,33,919,1,9,1,9,P10
1,810,77,615,1,6,1,9,P10
1,811,138,784,1,11,1,9,P10
1,812,117,377,1,3,1,9,P10
1,813,92,566,1,8,1,9,P10
1,814,58,933,1,9,1,9,P10
1,815,76,569,1,6,1,9,P10
1,816,53,859,1,5,1,9,P10
1,817,31,537,1,4,1,9,P10
1,818,91,628,1,4,1,9,P10
1,819,30,761,1,8,1,9,P10
1,820,118,828,1,10,1,9,P10
1,821,179,741,1,9,1,9,P10
1,822,111,864,1,5,1,9,P10
1,823,46,422,1,9,1,9,P10
1,824,48,878,1,7,1,9,P10
1,825,99,585,1,11,1,9,P10
1,826,79,630,1,9,1,9,P10
1,827,50,714,1,8,1,9,P10
1,828,62,588,1,5,1,9,P10
1,829,83,880,1,6,1,9,P10
1,830,34,516,1,14,1,9,P10
1,831,37,720,1,12,1,9,P10
1,832,27,671,1,8,1,9,P10
1,833,25,692,1,8,1,9,P10
1,834,31,711,1,13,1,9,P10
1,835,104,797,1,3,1,9,P10
1,836,73,902,1,8,1,9,P10
1,837,65,539,1,7,1,9,P10
1,838,98,594,1,10,1,9,P10
1,839,19,595,1,5,1,9,P10
1,840,72,573,1,6,1,9,P10
1,841,54,791,1,13,1,9,P10
1,842,53,428,1,4,1,9,P10
1,843,40,392,1,8,1,9,P10
1,844,198,607,1,5,1,9,P10
1,845,40,493,1,12,1,9,P10
1,846,40,490,1,9,1,9,P10
1,847,23,813,1,9,1,9,P10
1,848,10,531,1,5,1,9,P10
1,849,151,502,1,8,1,9,P10
1,850,47,431,1,7,1,9,P10
1,851,119,295,1,3,1,9,P10
1,852,10,495,1,6,1,9,P10
1,853,42,578,1,9,1,9,P10
1,854,64,716,1,8,1,9,P10
1,855,17,783,1,4,1,9,P10
1,856,36,558,1,10,1,9,P10
1,857,11,500,1,8,1,9,P10
1,858,27,679,1,8,1,9,P10
1,859,223,762,1,6,1,9,P10
1,860,114,703,1,1,1,9,P10
1,861,34,887,1,12,1,9,P10
1,862,114,532,1,10,1,9,P10
1,863,39,482,1,8,1,9,P10
1,864,70,793,1,8,1,9,P10
1,865,10,601,1,10,1,9,P10
1,866,31,658,1,6,1,9,P10
1,867,11,528,1,3,1,9,P10
1,868,20,394,1,12,1,9,P10
1,869,112,353,1,7,1,9,P10
1,870,32,477,1,12,1,9,P10
1,871,31,517,1,8,1,9,P10
1,872,21,534,1,7,1,9,P10
1,873,15,455,1,10,1,9,P10
1,874,59,406,1,9,1,9,P10
1,875,47,809,1,7,1,9,P10
1,876,51,750,1,7,1,9,P10
1,877,23,458,1,4,1,9,P10
1,878,56,805,1,9,1,9,P10
1,879,93,801,1,7,1,9,P10
1,880,44,473,1,10,1,9,P10
1,881,13,619,1,9,1,9,P10
1,882,32,563,1,14,1,9,P10
1,883,57,621,1,9,1,9,P10
1,884,44,527,1,7,1,9,P10
1,885,26,942,1,11,1,9,P10
1,886,10,603,1,6,1,9,P10
1,887,39,930,1,9,1,9,P10
1,888,76,493,1,6,1,9,P10
1,889,84,413,1,6,1,9,P10
1,890,119,769,1,7,1,9,P10
1,891,26,573,1,6,1,9,P10
1,892,38,772,1,12,1,9,P10
1,893,61,903,1,11,1,9,P10
1,894,80,895,1,6,1,9,P10
1,895,39,833,1,7,1,9,P10
1,896,48,536,1,11,1,9,P10
1,897,55,402,1,8,1,9,P10
1,898,17,900,1,8,1,9,P10
1,899,66,848,1,9,1,9,P10
1,900,73,499,1,6,1,9,P10
1,901,14,678,1,7,1,9,P10
1,902,59,484,1,7,1,9,P10
1,903,95,849,1,11,1,9,P10
1,904,108,710,1,3,1,9,P10
1,905,76,866,1,4,1,9,P10
1,906,31,468,1,8,1,9,P10
1,907,74,436,1,10,1,9,P10
1,908,52,508,1,6,1,9,P10
1,909,10,827,1,5,1,9,P10
1,910,11,421,1,9,1,9,P10
1,911,14,515,1,10,1,9,P10
1,912,58,921,1,10,1,9,P10
1,913,41,701,1,7,1,9,P10
1,914,45,415,1,8,1,9,P10
1,915,11,724,1,8,1,9,P10
1,916,76,891,1,8,1,9,P10
1,917,42,438,1,8,1,9,P10
1,918,34,805,1,9,1,9,P10
1,919,10,593,1,10,1,9,P10
1,920,39,590,1,11,1,9,P10
1,921,61,869,1,10,1,9,P10
1,922,22,516,1,5,1,9,P10
1,923,119,524,1,11,1,9,P10
1,924,32,710,1,5,1,9,P10
1,925,201,497,1,7,1,9,P10
1,926,42,626,1,8,1,9,P10
1,927,64,786,1,6,1,9,P10
1,928,53,780,1,7,1,9,P10
1,929,117,787,1,6,1,9,P10
1,930,53,412,1,11,1,9,P10
1,931,41,649,1,8,1,9,P10
1,932,57,678,1,7,1,9,P10
1,933,34,539,1,8,1,9,P10
1,934,27,614,1,11,1,9,P10
1,935,89,907,1,10,1,9,P10
1,936,47,771,1,8,1,9,P10
1,937,48,461,1,10,1,9,P10
1,938,84,794,1,8,1,9,P10
1,939,10,554,1,15,1,9,P10
1,940,31,581,1,9,1,9,P10
1,941,34,504,1,8,1,9,P10
1,942,59,781,1,16,1,9,P10
1,943,94,722,1,9,1,9,P10
1,944,40,501,1,12,1,9,P10
1,945,17,703,1,9,1,9,P10
1,946,329,560,1,3,1,9,P10
1,947,17,581,1,10,1,9,P10
1,948,92,531,1,11,1,9,P10
1,949,39,392,1,7,1,9,P10
1,950,49,595,1,6,1,9,P10
1,951,86,445,1,7,1,9,P10
1,952,17,462,1,9,1,9,P10
1,953,61,537,1,13,1,9,P10
1,954,20,921,1,8,1,9,P10
1,955,16,812,1,6,1,9,P10
1,956,67,488,1,14,1,9,P10
1,957,22,602,1,15,1,9,P10
1,958,100,763,1,7,1,9,P10
1,959,51,445,1,9,1,9,P10
1,960,76,662,1,7,1,9,P10
1,961,76,823,1,10,1,9,P10
1,962,11,665,1,15,1,9,P10
1,963,168,395,1,7,1,9,P10
1,964,70,753,1,7,1,9,P10
1,965,92,320,1,12,1,9,P10
1,966,165,436,1,4,1,9,P10
1,967,82,750,1,10,1,9,P10
1,968,13,625,1,9,1,9,P10
1,969,78,407,1,6,1,9,P10
1,970,32,946,1,9,1,9,P10
1,971,11,424,1,10,1,9,P10
1,972,91,364,1,9,1,9,P10
1,973,40,809,1,8,1,9,P10
1,974,89,692,1,12,1,9,P10
1,975,41,864,1,5,1,9,P10
1,976,140,541,1,7,1,9,P10
1,977,12,405,1,9,1,9,P10
1,978,196,795,1,5,1,9,P10
1,979,166,832,1,7,1,9,P10
1,980,47,861,1,11,1,9,P10
1,981,15,437,1,14,1,9,P10
1,982,152,836,1,10,1,9,P10
1,983,15,582,1,7,1,9,P10
1,984,140,707,1,10,1,9,P10
1,985,34,551,1,5,1,9,P10
1,986,47,427,1,8,1,9,P10
1,987,83,789,1,3,1,9,P10
1,988,106,335,1,10,1,9,P10
1,989,65,875,1,14,1,9,P10
1,990,124,760,1,7,1,9,P10
1,991,55,674,1,5,1,9,P10
1,992,24,714,1,8,1,9,P10
1,993,74,918,1,11,1,9,P10
1,994,33,715,1,9,1,9,P10
1,995,108,557,1,7,1,9,P10
1,996,16,565,1,8,1,9,P10
1,997,45,663,1,10,1,9,P10
1,998,108,457,1,8,1,9,P10
1,999,51,796,1,6,1,9,P10
1,1000,122,463,1,10,1,9,P10
2,1,73,735,1,1,1,3,P10
2,2,66,816,1,3,1,3,P10
2,3,194,559,1,4,1,3,P10
2,4,159,753,1,2,1,3,P10
2,5,122,711,1,3,1,3,P10
2,6,73,673,1,4,1,3,P10
2,7,64,389,1,2,1,3,P10
2,8,67,828,1,3,1,3,P10
2,9,82,774,1,2,1,3,P10
2,10,164,644,1,1,1,3,P10
2,11,283,562,1,3,1,3,P10
2,12,165,560,1,2,1,3,P10
2,13,111,562,1,1,1,3,P10
2,14,20,525,1,1,1,3,P10
2,15,256,728,1,1,1,3,P10
2,16,180,253,1,2,1,3,P10
2,17,55,553,1,2,1,3,P10
2,18,138,603,1,2,1,3,P10
2,19,253,743,1,1,1,3,P10
2,20,256,535,1,1,1,3,P10
2,21,165,753,1,1,1,3,P10
2,22,25,720,1,4,1,3,P10
2,23,50,684,1,3,1,3,P10
2,24,112,410,1,4,1,3,P10
2,25,44,386,1,2,1,3,P10
2,26,87,423,1,1,1,3,P10
2,27,126,396,1,3,1,3,P10
2,28,158,656,2,3,1,3,P10
2,29,207,378,1,1,1,3,P10
2,30,143,506,1,1,1,3,P10
2,31,114,801,1,2,1,3,P10
2,32,70,391,1,1,1,3,P10
2,33,14,402,1,1,1,3,P10
2,34,71,431,1,1,1,3,P10
2,35,18,773,1,2,1,3,P10
2,36,157,531,1,2,1,3,P10
2,37,57,403,1,2,1,3,P10
2,38,55,610,1,2,1,3,P10
2,39,84,655,1,1,1,3,P10
2,40,53,551,1,3,1,3,P10
2,41,60,637,1,2,1,3,P10
2,42,62,435,1,3,1,3,P10
2,43,91,485,1,2,1,3,P10
2,44,73,824,1,6,1,3,P10
2,45,92,807,1,2,1,3,P10
2,46,49,455,1,4,1,3,P10
2,47,85,609,1,4,1,3,P10
2,48,156,498,1,2,1,3,P10
2,49,73,839,1,2,1,3,P10
2,50,251,693,1,3,1,3,P10
2,51,165,610,1,2,1,3,P10
2,52,74,394,1,4,1,3,P10
2,53,205,480,1,2,1,3,P10
2,54,113,721,1,5,1,3,P10
2,55,71,398,1,3,1,3,P10
2,56,70,737,1,1,1,3,P10
2,57,73,422,1,3,1,3,P10
2,58,90,491,1,2,1,3,P10
2,59,81,874,1,4,1,3,P10
2,60,31,440,1,3,1,3,P10
2,61,20,431,1,4,1,3,P10
2,62,47,484,1,3,1,3,P10
2,63,27,407,1,2,1,3,P10
2,64,129,762,1,5,1,3,P10
2,65,21,589,1,5,1,3,P10
2,66,41,645,1,1,1,3,P10
2,67,20,424,1,1,1,3,P10
2,68,81,719,1,3,1,3,P10
2,69,258,739,1,5,1,3,P10
2,70,236,613,1,5,1,3,P10
2,71,204,699,1,4,1,3,P10
2,72,237,715,1,1,1,3,P10
2,73,173,288,1,1,1,3,P10
2,74,16,433,1,2,1,3,P10
2,75,69,440,1,2,1,3,P10
2,76,70,397,1,1,1,3,P10
2,77,199,647,1,1,1,3,P10
2,78,203,773,1,3,1,3,P10
2,79,31,812,1,1,1,3,P10
2,80,201,551,1,1,1,3,P10
2,81,55,790,1,4,1,3,P10
2,82,44,845,1,3,1,3,P10
2,83,76,497,1,3,1,3,P10
2,84,212,737,1,3,1,3,P10
2,85,178,431,1,1,1,3,P10
2,86,42,414,1,2,1,3,P10
2,87,191,580,1,1,1,3,P10
2,88,93,358,1,1,1,3,P10
2,89,64,898,1,2,1,3,P10
2,90,157,546,1,2,1,3,P10
2,91,49,568,1,1,1,3,P10
2,92,20,427,1,2,1,3,P10
2,93,157,771,1,3,1,3,P10
2,94,61,342,1,1,1,3,P10
2,95,71,487,1,2,1,3,P10
2,96,233,733,1,5,1,3,P10
2,97,173,469,1,4,1,3,P10
2,98,75,366,1,1,1,3,P10
2,99,99,823,1,6,1,3,P10
2,100,150,543,1,1,1,3,P10
2,101,90,907,1,1,1,3,P10
2,102,86,340,1,3,1,3,P10
2,103,91,817,1,5,1,3,P10
2,104,102,577,1,1,1,3,P10
2,105,26,606,1,2,1,3,P10
2,106,162,569,1,3,1,3,P10
2,107,70,556,1,4,1,3,P10
2,108,38,595,1,5,1,3,P10
2,109,52,574,1,4,1,3,P10
2,110,216,334,1,4,1,3,P10
2,111,114,456,1,4,1,3,P10
2,112,93,802,1,1,1,3,P10
2,113,31,468,1,3,1,3,P10
2,114,60,769,1,4,1,3,P10
2,115,59,582,1,4,1,3,P10
2,116,33,651,1,2,1,3,P10
2,117,40,377,1,2,1,3,P10
2,118,130,584,1,2,1,3,P10
2,119,43,589,1,4,1,3,P10
2,120,323,501,1,1,1,3,P10
2,121,52,599,1,4,1,3,P10
2,122,119,822,1,1,1,3,P10
2,123,135,841,1,1,1,3,P10
2,124,250,719,1,1,1,3,P10
2,125,67,637,1,1,1,3,P10
2,126,74,629,1,2,1,3,P10
2,127,182,418,1,2,1,3,P10
2,128,71,397,1,3,1,3,P10
2,129,100,604,1,2,1,3,P10
2,130,173,802,1,1,1,3,P10
2,131,71,696,1,6,1,3,P10
2,132,126,595,1,4,1,3,P10
2,133,315,624,1,2,1,3,P10
2,134,278,566,1,1,1,3,P10
2,135,73,685,1,7,1,3,P10
2,136,79,451,1,3,1,3,P10
2,137,42,384,1,3,1,3,P10
2,138,25,607,1,4,1,3,P10
2,139,61,481,1,5,1,3,P10
2,140,84,904,1,2,1,3,P10
2,141,131,542,2,2,1,3,P10
2,142,44,707,1,3,1,3,P10
2,143,112,683,1,5,1,3,P10
2,144,187,466,1,3,1,3,P10
2,145,61,519,1,4,1,3,P10
2,146,129,729,1,2,1,3,P10
2,147,45,536,1,3,1,3,P10
2,148,134,582,1,1,1,3,P10
2,149,198,761,1,1,1,3,P10
2,150,60,820,1,3,1,3,P10
2,151,108,631,1,6,1,3,P10
2,152,91,374,1,1,1,3,P10
2,153,63,771,1,1,1,3,P10
2,154,297,358,1,1,1,3,P10
2,155,81,447,1,2,1,3,P10
2,156,65,525,1,3,1,3,P10
2,157,80,602,1,2,1,3,P10
2,158,52,366,1,3,1,3,P10
2,159,160,591,1,3,1,3,P10
2,160,106,551,1,4,1,3,P10
2,161,79,822,1,1,1,3,P10
2,162,48,414,1,2,1,3,P10
2,163,97,900,1,3,1,3,P10
2,164,162,288,1,1,1,3,P10
2,165,57,664,1,7,1,3,P10
2,166,82,842,1,2,1,3,P10
2,167,47,647,1,1,1,3,P10
2,168,50,552,1,2,1,3,P10
2,169,23,480,1,2,1,3,P10
2,170,168,739,1,2,1,3,P10
2,171,63,702,1,3,1,3,P10
2,172,187,520,1,3,1,3,P10
2,173,78,359,1,4,1,3,P10
2,174,97,881,1,4,1,3,P10
2,175,12,525,1,2,1,3,P10
2,176,96,750,1,3,1,3,P10
2,177,203,760,1,2,1,3,P10
2,178,252,504,1,1,1,3,P10
2,179,48,608,1,2,1,3,P10
2,180,110,467,1,2,1,3,P10
2,181,160,699,1,3,1,3,P10
2,182,245,652,1,2,1,3,P10
2,183,42,840,1,5,1,3,P10
2,184,63,476,1,5,1,3,P10
2,185,84,441,1,3,1,3,P10
2,186,76,793,1,5,1,3,P10
2,187,76,535,1,3,1,3,P10
2,188,423,488,1,1,1,3,P10
2,189,158,590,1,2,1,3,P10
2,190,103,841,1,3,1,3,P10
2,191,116,674,1,1,1,3,P10
2,192,82,533,1,6,1,3,P10
2,193,17,453,1,6,1,3,P10
2,194,320,575,1,2,1,3,P10
2,195,53,743,1,3,1,3,P10
2,196,98,599,1,6,1,3,P10
2,197,98,433,1,1,1,3,P10
2,198,83,518,1,4,1,3,P10
2,199,88,708,1,1,1,3,P10
2,200,91,324,1,2,1,3,P10
2,201,36,374,1,4,1,3,P10
2,202,261,522,1,3,1,3,P10
2,203,30,534,1,1,1,3,P10
2,204,67,625,1,2,1,3,P10
2,205,64,746,1,3,1,3,P10
2,206,201,464,2,1,1,3,P10
2,207,279,549,1,2,1,3,P10
2,208,278,196,4,1,1,3,P10
2,209,79,422,1,3,1,3,P10
2,210,188,418,1,3,1,3,P10
2,211,86,502,1,4,1,3,P10
2,212,206,463,1,5,1,3,P10
2,213,81,890,1,3,1,3,P10
2,214,232,649,1,2,1,3,P10
2,215,246,530,1,4,1,3,P10
2,216,72,370,1,3,1,3,P10
2,217,242,332,1,3,1,3,P10
2,218,23,438,1,3,1,3,P10
2,219,289,379,1,1,1,3,P10
2,220,80,656,1,2,1,3,P10
2,221,125,777,1,5,1,3,P10
2,222,129,530,1,4,1,3,P10
2,223,60,838,1,3,1,3,P10
2,224,99,618,1,3,1,3,P10
2,225,46,637,1,5,1,3,P10
2,226,119,437,1,1,1,3,P10
2,227,111,411,1,2,1,3,P10
2,228,63,485,1,3,1,3,P10
2,229,131,757,1,4,1,3,P10
2,230,128,514,1,3,1,3,P10
2,231,49,607,1,1,1,3,P10
2,232,24,588,1,2,1,3,P10
2,233,86,477,1,2,1,3,P10
2,234,55,425,1,3,1,3,P10
2,235,63,624,1,2,1,3,P10
2,236,104,411,1,2,1,3,P10
2,237,195,596,1,3,1,3,P10
2,238,61,391,1,4,1,3,P10
2,239,85,845,1,4,1,3,P10
2,240,28,393,1,4,1,3,P10
2,241,66,388,1,2,1,3,P10
2,242,82,357,1,5,1,3,P10
2,243,186,729,1,3,1,3,P10
2,244,121,650,1,5,1,3,P10
2,245,69,675,1,5,1,3,P10
2,246,14,472,1,6,1,3,P10
2,247,354,590,1,4,1,3,P10
2,248,112,834,1,1,1,3,P10
2,249,149,316,1,2,1,3,P10
2,250,50,526,1,5,1,3,P10
2,251,76,537,1,1,1,3,P10
2,252,79,844,1,1,1,3,P10
2,253,209,429,1,6,1,3,P10
2,254,51,697,1,4,1,3,P10
2,255,148,686,1,4,1,3,P10
2,256,43,514,1,1,1,3,P10
2,257,91,657,1,2,1,3,P10
2,258,136,467,1,1,1,3,P10
2,259,63,496,1,1,1,3,P10
2,260,194,274,1,1,1,3,P10
2,261,70,831,1,2,1,3,P10
2,262,93,372,1,4,1,3,P10
2,263,52,633,1,4,1,3,P10
2,264,23,727,1,3,1,3,P10
2,265,71,452,1,3,1,3,P10
2,266,246,650,1,3,1,3,P10
2,267,73,542,1,5,1,3,P10
2,268,48,377,1,3,1,3,P10
2,269,61,503,1,3,1,3,P10
2,270,23,801,1,3,1,3,P10
2,271,31,421,1,2,1,3,P10
2,272,75,473,1,3,1,3,P10
2,273,89,465,1,7,1,3,P10
2,274,69,335,1,3,1,3,P10
2,275,37,639,1,1,1,3,P10
2,276,254,640,1,3,1,3,P10
2,277,46,534,1,1,1,3,P10
2,278,139,642,1,4,1,3,P10
2,279,118,562,1,2,1,3,P10
2,280,109,840,1,5,1,3,P10
2,281,42,403,1,1,1,3,P10
2,282,110,360,1,4,1,3,P10
2,283,260,713,1,2,1,3,P10
2,284,14,503,1,3,1,3,P10
2,285,357,512,1,4,1,3,P10
2,286,82,501,1,3,1,3,P10
2,287,11,485,1,7,1,3,P10
2,288,188,254,1,1,1,3,P10
2,289,138,356,1,1,1,3,P10
2,290,123,328,1,3,1,3,P10
2,291,18,598,1,1,1,3,P10
2,292,126,512,1,4,1,3,P10
2,293,33,542,1,2,1,3,P10
2,294,77,763,1,4,1,3,P10
2,295,183,587,1,5,1,3,P10
2,296,248,724,1,3,1,3,P10
2,297,271,365,1,2,1,3,P10
2,298,27,383,1,4,1,3,P10
2,299,254,644,1,2,1,3,P10
2,300,41,660,1,2,1,3,P10
2,301,343,551,1,2,1,3,P10
2,302,158,770,1,1,1,3,P10
2,303,36,650,1,6,1,3,P10
2,304,31,525,1,1,1,3,P10
2,305,147,813,1,3,1,3,P10
2,306,168,635,1,4,1,3,P10
2,307,31,397,1,4,1,3,P10
2,308,109,605,1,2,1,3,P10
2,309,89,757,1,1,1,3,P10
2,310,152,375,1,2,1,3,P10
2,311,38,507,1,1,1,3,P10
2,312,116,669,1,2,1,3,P10
2,313,145,702,1,2,1,3,P10
2,314,57,410,1,2,1,3,P10
2,315,43,530,1,6,1,3,P10
2,316,75,776,1,3,1,3,P10
2,317,62,641,1,1,1,3,P10
2,318,74,536,1,3,1,3,P10
2,319,184,386,1,3,1,3,P10
2,320,231,673,1,3,1,3,P10
2,321,61,569,1,2,1,3,P10
2,322,187,269,1,4,1,3,P10
2,323,156,462,1,2,1,3,P10
2,324,47,536,1,6,1,3,P10
2,325,154,537,1,2,1,3,P10
2,326,123,675,1,4,1,3,P10
2,327,101,790,1,5,1,3,P10
2,328,103,698,1,2,1,3,P10
2,329,20,392,1,1,1,3,P10
2,330,129,446,1,2,1,3,P10
2,331,33,489,1,3,1,3,P10
2,332,81,830,1,3,1,3,P10
2,333,61,380,1,5,1,3,P10
2,334,76,488,1,2,1,3,P10
2,335,76,729,1,2,1,3,P10
2,336,51,387,1,1,1,3,P10
2,337,180,801,1,2,1,3,P10
2,338,43,422,1,4,1,3,P10
2,339,57,804,1,2,1,3,P10
2,340,163,773,1,2,1,3,P10
2,341,185,714,1,1,1,3,P10
2,342,100,530,1,2,1,3,P10
2,343,79,448,1,4,1,3,P10
2,344,36,750,1,4,1,3,P10
2,345,74,762,1,1,1,3,P10
2,346,64,801,1,2,1,3,P10
2,347,166,538,1,1,1,3,P10
2,348,90,770,2,4,1,3,P10
2,349,39,653,1,2,1,3,P10
2,350,73,394,1,6,1,3,P10
2,351,77,349,1,3,1,3,P10
2,352,193,472,1,6,1,3,P10
2,353,173,531,1,3,1,3,P10
2,354,99,835,1,3,1,3,P10
2,355,154,398,1,1,1,3,P10
2,356,142,404,1,2,1,3,P10
2,357,50,910,1,7,1,3,P10
2,358,30,956,1,4,1,3,P10
2,359,85,661,1,1,1,3,P10
2,360,91,570,1,2,1,3,P10
2,361,59,805,1,6,1,3,P10
2,362,64,407,1,3,1,3,P10
2,363,242,619,1,2,1,3,P10
2,364,71,547,1,4,1,3,P10
2,365,85,480,1,4,1,3,P10
2,366,238,465,1,3,1,3,P10
2,367,24,469,1,3,1,3,P10
2,368,127,475,1,6,1,3,P10
2,369,162,817,1,3,1,3,P10
2,370,58,722,1,1,1,3,P10
2,371,45,470,1,3,1,3,P10
2,372,47,844,1,5,1,3,P10
2,373,255,699,1,5,1,3,P10
2,374,36,799,1,5,1,3,P10
2,375,40,821,1,4,1,3,P10
2,376,69,642,1,2,1,3,P10
2,377,193,466,1,3,1,3,P10
2,378,126,305,1,1,1,3,P10
2,379,33,438,1,1,1,3,P10
2,380,97,832,1,4,1,3,P10
2,381,46,530,1,4,1,3,P10
2,382,193,531,1,3,1,3,P10
2,383,59,418,1,3,1,3,P10
2,384,101,817,1,5,1,3,P10
2,385,162,544,1,2,1,3,P10
2,386,220,440,1,1,1,3,P10
2,387,201,482,1,2,1,3,P10
2,388,213,584,1,2,1,3,P10
2,389,104,878,1,1,1,3,P10
2,390,28,763,1,1,1,3,P10
2,391,285,643,2,2,1,3,P10
2,392,38,735,1,3,1,3,P10
2,393,240,707,1,2,1,3,P10
2,394,73,609,1,4,1,3,P10
2,395,16,459,1,1,1,3,P10
2,396,147,771,1,2,1,3,P10
2,397,129,473,1,3,1,3,P10
2,398,50,660,1,1,1,3,P10
2,399,82,829,1,3,1,3,P10
2,400,110,755,1,1,1,3,P10
2,401,94,648,1,4,1,3,P10
2,402,77,337,1,5,1,3,P10
2,403,68,414,1,1,1,3,P10
2,404,27,434,1,4,1,3,P10
2,405,48,562,1,2,1,3,P10
2,406,348,591,1,1,1,3,P10
2,407,148,646,1,1,1,3,P10
2,408,140,518,1,1,1,3,P10
2,409,24,484,1,1,1,3,P10
2,410,213,355,1,2,1,3,P10
2,411,37,469,1,1,1,3,P10
2,412,248,571,1,3,1,3,P10
2,413,191,674,1,1,1,3,P10
2,414,377,399,1,1,1,3,P10
2,415,20,415,1,5,1,3,P10
2,416,102,553,1,4,1,3,P10
2,417,106,798,1,2,1,3,P10
2,418,121,780,1,3,1,3,P10
2,419,82,682,1,4,1,3,P10
2,420,64,448,1,3,1,3,P10
2,421,117,674,1,3,1,3,P10
2,422,81,706,1,4,1,3,P10
2,423,39,448,1,1,1,3,P10
2,424,138,519,1,3,1,3,P10
2,425,55,619,1,3,1,3,P10
2,426,121,365,1,1,1,3,P10
2,427,191,758,1,4,1,3,P10
2,428,54,774,1,7,1,3,P10
2,429,79,848,1,2,1,3,P10
2,430,189,712,1,4,1,3,P10
2,431,20,389,1,5,1,3,P10
2,432,102,444,1,2,1,3,P10
2,433,146,645,1,3,1,3,P10
2,434,166,403,1,2,1,3,P10
2,435,205,725,1,1,1,3,P10
2,436,52,785,1,2,1,3,P10
2,437,384,511,1,2,1,3,P10
2,438,120,709,1,5,1,3,P10
2,439,81,320,1,4,1,3,P10
2,440,15,431,1,2,1,3,P10
2,441,157,575,1,2,1,3,P10
2,442,118,682,1,3,1,3,P10
2,443,246,281,1,3,1,3,P10
2,444,401,517,1,1,1,3,P10
2,445,293,550,1,3,1,3,P10
2,446,255,645,1,1,1,3,P10
2,447,77,588,1,2,1,3,P10
2,448,200,591,1,3,1,3,P10
2,449,110,832,1,1,1,3,P10
2,450,131,345,1,1,1,3,P10
2,451,110,563,1,3,1,3,P10
2,452,79,770,1,3,1,3,P10
2,453,68,617,1,1,1,3,P10
2,454,111,383,1,3,1,3,P10
2,455,97,567,1,4,1,3,P10
2,456,19,569,1,3,1,3,P10
2,457,45,355,1,1,1,3,P10
2,458,72,400,1,2,1,3,P10
2,459,155,654,1,1,1,3,P10
2,460,61,524,1,5,1,3,P10
2,461,38,528,1,2,1,3,P10
2,462,18,445,1,5,1,3,P10
2,463,135,753,1,4,1,3,P10
2,464,61,890,1,5,1,3,P10
2,465,39,372,1,3,1,3,P10
2,466,139,808,1,3,1,3,P10
2,467,107,564,1,4,1,3,P10
2,468,58,611,1,5,1,3,P10
2,469,362,619,1,2,1,3,P10
2,470,163,566,1,1,1,3,P10
2,471,88,627,1,2,1,3,P10
2,472,87,833,1,1,1,3,P10
2,473,247,462,1,2,1,3,P10
2,474,38,677,1,3,1,3,P10
2,475,67,510,1,1,1,3,P10
2,476,50,503,1,5,1,3,P10
2,477,38,418,1,1,1,3,P10
2,478,36,373,1,2,1,3,P10
2,479,42,497,1,2,1,3,P10
2,480,122,711,1,2,1,3,P10
2,481,355,639,1,1,1,3,P10
2,482,62,352,1,4,1,3,P10
2,483,101,380,1,2,1,3,P10
2,484,147,403,1,3,1,3,P10
2,485,185,735,1,3,1,3,P10
2,486,61,430,1,1,1,3,P10
2,487,224,739,1,3,1,3,P10
2,488,333,603,1,2,1,3,P10
2,489,212,390,1,1,1,3,P10
2,490,42,940,1,6,1,3,P10
2,491,221,536,1,2,1,3,P10
2,492,53,677,1,6,1,3,P10
2,493,173,682,1,5,1,3,P10
2,494,23,910,1,5,1,3,P10
2,495,22,639,1,2,1,3,P10
2,496,67,532,1,2,1,3,P10
2,497,124,632,1,4,1,3,P10
2,498,144,430,1,1,1,3,P10
2,499,65,767,1,2,1,3,P10
2,500,83,462,1,2,1,3,P10
2,501,95,406,1,2,1,3,P10
2,502,207,484,1,1,1,3,P10
2,503,43,732,1,1,1,3,P10
2,504,75,543,1,2,1,3,P10
2,505,115,705,1,2,1,3,P10
2,506,115,872,3,2,1,3,P10
2,507,118,380,1,4,1,3,P10
2,508,47,908,1,4,1,3,P10
2,509,190,597,1,3,1,3,P10
2,510,186,293,1,2,1,3,P10
2,511,104,837,1,1,1,3,P10
2,512,127,363,1,1,1,3,P10
2,513,75,391,1,1,1,3,P10
2,514,59,372,1,2,1,3,P10
2,515,71,572,1,3,1,3,P10
2,516,129,421,1,3,1,3,P10
2,517,54,389,1,2,1,3,P10
2,518,89,413,1,4,1,3,P10
2,519,131,623,1,1,1,3,P10
2,520,91,505,1,1,1,3,P10
2,521,171,694,1,1,1,3,P10
2,522,189,413,1,2,1,3,P10
2,523,134,420,1,1,1,3,P10
2,524,44,912,1,3,1,3,P10
2,525,102,446,1,6,1,3,P10
2,526,129,612,1,3,1,3,P10
2,527,155,304,1,1,1,3,P10
2,528,164,376,1,2,1,3,P10
2,529,155,452,1,2,1,3,P10
2,530,252,540,1,2,1,3,P10
2,531,76,859,1,1,1,3,P10
2,532,135,767,1,1,1,3,P10
2,533,191,364,1,1,1,3,P10
2,534,16,456,1,3,1,3,P10
2,535,40,541,1,4,1,3,P10
2,536,191,789,1,3,1,3,P10
2,537,46,371,1,4,1,3,P10
2,538,102,624,1,1,1,3,P10
2,539,75,707,1,2,1,3,P10
2,540,75,908,1,2,1,3,P10
2,541,72,891,1,2,1,3,P10
2,542,290,464,1,4,1,3,P10
2,543,156,768,1,3,1,3,P10
2,544,61,748,1,8,1,3,P10
2,545,108,812,1,4,1,3,P10
2,546,85,392,1,5,1,3,P10
2,547,34,643,1,4,1,3,P10
2,548,57,464,1,2,1,3,P10
2,549,59,809,1,1,1,3,P10
2,550,112,618,1,6,1,3,P10
2,551,58,797,1,5,1,3,P10
2,552,35,552,1,6,1,3,P10
2,553,90,403,1,7,1,3,P10
2,554,34,381,1,2,1,3,P10
2,555,46,623,1,5,1,3,P10
2,556,64,811,1,1,1,3,P10
2,557,119,577,1,3,1,3,P10
2,558,453,544,1,1,1,3,P10
2,559,56,502,1,1,1,3,P10
2,560,100,448,1,2,1,3,P10
2,561,119,523,1,1,1,3,P10
2,562,87,505,1,2,1,3,P10
2,563,54,531,1,2,1,3,P10
2,564,50,865,1,3,1,3,P10
2,565,64,788,1,4,1,3,P10
2,566,59,372,1,1,1,3,P10
2,567,94,678,1,2,1,3,P10
2,568,119,587,1,3,1,3,P10
2,569,370,577,2,3,1,3,P10
2,570,190,644,1,1,1,3,P10
2,571,162,773,1,2,1,3,P10
2,572,119,337,1,2,1,3,P10
2,573,172,681,1,1,1,3,P10
2,574,316,376,1,3,1,3,P10
2,575,102,336,1,2,1,3,P10
2,576,150,660,1,3,1,3,P10
2,577,62,464,1,1,1,3,P10
2,578,37,479,1,2,1,3,P10
2,579,145,676,1,3,1,3,P10
2,580,39,538,1,1,1,3,P10
2,581,74,469,1,2,1,3,P10
2,582,230,568,1,1,1,3,P10
2,583,37,420,1,2,1,3,P10
2,584,56,417,1,3,1,3,P10
2,585,27,404,1,4,1,3,P10
2,586,76,325,1,3,1,3,P10
2,587,133,357,1,4,1,3,P10
2,588,42,471,1,1,1,3,P10
2,589,71,597,1,3,1,3,P10
2,590,67,530,1,3,1,3,P10
2,591,58,601,1,1,1,3,P10
2,592,50,436,1,5,1,3,P10
2,593,47,430,1,1,1,3,P10
2,594,128,467,1,1,1,3,P10
2,595,227,685,1,1,1,3,P10
2,596,97,775,1,2,1,3,P10
2,597,126,458,1,2,1,3,P10
2,598,126,786,1,3,1,3,P10
2,599,74,528,1,3,1,3,P10
2,600,138,803,1,3,1,3,P10
2,601,56,574,1,1,1,3,P10
2,602,54,485,1,4,1,3,P10
2,603,172,245,1,2,1,3,P10
2,604,78,813,1,3,1,3,P10
2,605,36,495,1,3,1,3,P10
2,606,89,590,1,3,1,3,P10
2,607,50,459,1,4,1,3,P10
2,608,55,461,1,2,1,3,P10
2,609,140,746,1,2,1,3,P10
2,610,75,725,1,2,1,3,P10
2,611,28,391,1,5,1,3,P10
2,612,74,531,1,1,1,3,P10
2,613,132,776,1,2,1,3,P10
2,614,137,419,1,3,1,3,P10
2,615,292,556,1,1,1,3,P10
2,616,69,652,1,6,1,3,P10
2,617,86,636,1,3,1,3,P10
2,618,137,727,1,3,1,3,P10
2,619,15,829,1,6,1,3,P10
2,620,23,507,1,5,1,3,P10
2,621,75,618,1,4,1,3,P10
2,622,222,438,2,2,1,3,P10
2,623,111,533,1,3,1,3,P10
2,624,128,745,1,2,1,3,P10
2,625,58,684,1,5,1,3,P10
2,626,118,871,1,1,1,3,P10
2,627,69,433,1,5,1,3,P10
2,628,139,691,1,5,1,3,P10
2,629,138,519,1,1,1,3,P10
2,630,59,477,1,2,1,3,P10
2,631,100,814,1,3,1,3,P10
2,632,27,391,1,5,1,3,P10
2,633,51,377,1,4,1,3,P10
2,634,80,544,1,2,1,3,P10
2,635,93,651,1,2,1,3,P10
2,636,68,344,1,2,1,3,P10
2,637,198,622,1,1,1,3,P10
2,638,69,458,1,2,1,3,P10
2,639,120,395,1,3,1,3,P10
2,640,205,625,1,2,1,3,P10
2,641,38,419,1,1,1,3,P10
2,642,166,806,1,1,1,3,P10
2,643,75,821,1,5,1,3,P10
2,644,286,713,2,3,1,3,P10
2,645,141,847,1,5,1,3,P10
2,646,228,432,1,1,1,3,P10
2,647,25,454,1,4,1,3,P10
2,648,156,574,1,2,1,3,P10
2,649,78,780,1,5,1,3,P10
2,650,67,876,1,2,1,3,P10
2,651,98,631,1,1,1,3,P10
2,652,59,361,1,2,1,3,P10
2,653,88,487,1,4,1,3,P10
2,654,128,318,1,2,1,3,P10
2,655,70,377,1,1,1,3,P10
2,656,51,418,1,2,1,3,P10
2,657,197,638,1,3,1,3,P10
2,658,60,757,1,6,1,3,P10
2,659,54,792,1,3,1,3,P10
2,660,32,547,1,3,1,3,P10
2,661,34,440,1,6,1,3,P10
2,662,36,640,1,3,1,3,P10
2,663,225,586,1,3,1,3,P10
2,664,290,598,1,1,1,3,P10
2,665,75,361,1,1,1,3,P10
2,666,85,644,1,3,1,3,P10
2,667,52,859,1,4,1,3,P10
2,668,110,636,1,7,1,3,P10
2,669,37,387,1,5,1,3,P10
2,670,28,681,1,1,1,3,P10
2,671,62,425,1,6,1,3,P10
2,672,50,561,1,2,1,3,P10
2,673,146,652,1,2,1,3,P10
2,674,80,903,1,5,1,3,P10
2,675,123,405,1,3,1,3,P10
2,676,185,766,1,2,1,3,P10
2,677,187,811,2,3,1,3,P10
2,678,57,749,1,2,1,3,P10
2,679,262,476,1,1,1,3,P10
2,680,18,892,1,4,1,3,P10
2,681,154,490,1,4,1,3,P10
2,682,212,704,1,1,1,3,P10
2,683,183,383,1,1,1,3,P10
2,684,75,557,1,4,1,3,P10
2,685,112,879,1,1,1,3,P10
2,686,41,412,1,2,1,3,P10
2,687,218,760,1,1,1,3,P10
2,688,43,908,1,2,1,3,P10
2,689,62,598,1,4,1,3,P10
2,690,293,297,1,1,1,3,P10
2,691,127,853,1,3,1,3,P10
2,692,107,319,1,3,1,3,P10
2,693,69,562,1,3,1,3,P10
2,694,94,761,1,6,1,3,P10
2,695,48,483,1,3,1,3,P10
2,696,135,699,1,2,1,3,P10
2,697,162,433,1,2,1,3,P10
2,698,396,376,1,1,1,3,P10
2,699,78,439,1,1,1,3,P10
2,700,153,328,1,2,1,3,P10
2,701,52,618,1,3,1,3,P10
2,702,45,544,1,9,1,3,P10
2,703,125,436,1,2,1,3,P10
2,704,225,723,2,4,1,3,P10
2,705,23,510,1,4,1,3,P10
2,706,37,521,1,4,1,3,P10
2,707,21,602,1,4,1,3,P10
2,708,157,666,1,4,1,3,P10
2,709,104,823,1,3,1,3,P10
2,710,32,796,1,2,1,3,P10
2,711,254,470,1,2,1,3,P10
2,712,124,502,1,1,1,3,P10
2,713,73,704,1,1,1,3,P10
2,714,76,550,1,5,1,3,P10
2,715,54,424,1,2,1,3,P10
2,716,93,433,1,2,1,3,P10
2,717,90,752,1,2,1,3,P10
2,718,81,725,1,2,1,3,P10
2,719,104,801,1,1,1,3,P10
2,720,223,540,1,2,1,3,P10
2,721,43,447,1,4,1,3,P10
2,722,129,779,1,3,1,3,P10
2,723,142,460,1,2,1,3,P10
2,724,80,558,1,4,1,3,P10
2,725,155,531,1,4,1,3,P10
2,726,74,596,1,3,1,3,P10
2,727,198,427,1,2,1,3,P10
2,728,108,375,1,1,1,3,P10
2,729,59,811,1,3,1,3,P10
2,730,46,722,1,2,1,3,P10
2,731,59,898,1,2,1,3,P10
2,732,65,381,1,2,1,3,P10
2,733,103,713,1,1,1,3,P10
2,734,152,796,1,2,1,3,P10
2,735,67,479,1,3,1,3,P10
2,736,94,867,1,1,1,3,P10
2,737,83,800,1,2,1,3,P10
2,738,61,471,1,1,1,3,P10
2,739,70,437,1,4,1,3,P10
2,740,30,412,1,4,1,3,P10
2,741,64,404,1,2,1,3,P10
2,742,96,314,1,3,1,3,P10
2,743,192,448,1,2,1,3,P10
2,744,129,645,1,4,1,3,P10
2,745,279,432,1,3,1,3,P10
2,746,134,687,1,3,1,3,P10
2,747,72,431,1,2,1,3,P10
2,748,60,822,1,1,1,3,P10
2,749,123,494,1,5,1,3,P10
2,750,120,516,1,2,1,3,P10
2,751,71,347,1,2,1,3,P10
2,752,249,651,1,1,1,3,P10
2,753,69,420,1,8,1,3,P10
2,754,215,569,2,3,1,3,P10
2,755,134,516,1,5,1,3,P10
2,756,156,372,1,3,1,3,P10
2,757,180,537,1,1,1,3,P10
2,758,96,359,1,5,1,3,P10
2,759,48,562,1,3,1,3,P10
2,760,80,334,1,1,1,3,P10
2,761,52,594,1,4,1,3,P10
2,762,184,408,1,3,1,3,P10
2,763,71,665,1,7,1,3,P10
2,764,25,679,1,2,1,3,P10
2,765,106,717,1,3,1,3,P10
2,766,20,730,1,7,1,3,P10
2,767,139,371,1,4,1,3,P10
2,768,53,918,1,3,1,3,P10
2,769,24,598,1,5,1,3,P10
2,770,22,389,1,4,1,3,P10
2,771,79,686,1,3,1,3,P10
2,772,201,364,1,1,1,3,P10
2,773,118,717,1,1,1,3,P10
2,774,127,871,1,3,1,3,P10
2,775,147,746,1,5,1,3,P10
2,776,69,597,1,8,1,3,P10
2,777,70,459,1,3,1,3,P10
2,778,101,545,1,1,1,3,P10
2,779,206,624,1,3,1,3,P10
2,780,124,603,1,4,1,3,P10
2,781,223,476,1,1,1,3,P10
2,782,41,487,1,4,1,3,P10
2,783,107,809,1,3,1,3,P10
2,784,44,919,1,2,1,3,P10
2,785,39,476,1,3,1,3,P10
2,786,32,725,1,6,1,3,P10
2,787,66,512,1,2,1,3,P10
2,788,60,421,1,1,1,3,P10
2,789,75,410,1,3,1,3,P10
2,790,63,527,1,3,1,3,P10
2,791,59,535,1,4,1,3,P10
2,792,189,553,1,2,1,3,P10
2,793,174,502,1,3,1,3,P10
2,794,26,484,1,1,1,3,P10
2,795,87,331,1,1,1,3,P10
2,796,36,670,1,2,1,3,P10
2,797,60,892,1,3,1,3,P10
2,798,113,874,1,5,1,3,P10
2,799,218,492,1,1,1,3,P10
2,800,40,548,1,4,1,3,P10
2,801,239,512,1,1,1,3,P10
2,802,33,717,1,2,1,3,P10
2,803,23,432,1,3,1,3,P10
2,804,121,828,1,2,1,3,P10
2,805,82,639,1,2,1,3,P10
2,806,34,400,1,4,1,3,P10
2,807,26,738,1,3,1,3,P10
2,808,38,830,1,4,1,3,P10
2,809,26,578,1,1,1,3,P10
2,810,58,727,1,3,1,3,P10
2,811,62,771,1,5,1,3,P10
2,812,66,430,1,1,1,3,P10
2,813,49,738,1,4,1,3,P10
2,814,126,309,1,2,1,3,P10
2,815,81,834,1,2,1,3,P10
2,816,92,852,1,2,1,3,P10
2,817,98,312,1,2,1,3,P10
2,818,74,687,1,5,1,3,P10
2,819,122,574,1,2,1,3,P10
2,820,60,794,1,4,1,3,P10
2,821,64,511,1,2,1,3,P10
2,822,144,776,1,3,1,3,P10
2,823,42,400,1,1,1,3,P10
2,824,131,734,1,1,1,3,P10
2,825,65,768,1,2,1,3,P10
2,826,65,456,1,4,1,3,P10
2,827,140,641,1,2,1,3,P10
2,828,115,810,1,2,1,3,P10
2,829,100,656,1,1,1,3,P10
2,830,102,836,1,5,1,3,P10
2,831,53,709,1,5,1,3,P10
2,832,98,551,1,2,1,3,P10
2,833,105,618,1,1,1,3,P10
2,834,137,325,1,4,1,3,P10
2,835,55,490,1,3,1,3,P10
2,836,42,913,1,2,1,3,P10
2,837,122,450,1,1,1,3,P10
2,838,111,427,1,1,1,3,P10
2,839,171,270,1,1,1,3,P10
2,840,242,572,1,3,1,3,P10
2,841,143,413,1,3,1,3,P10
2,842,179,695,1,2,1,3,P10
2,843,64,344,1,2,1,3,P10
2,844,86,869,1,1,1,3,P10
2,845,185,772,1,1,1,3,P10
2,846,139,521,1,4,1,3,P10
2,847,40,397,1,1,1,3,P10
2,848,92,444,1,1,1,3,P10
2,849,71,907,1,8,1,3,P10
2,850,152,504,1,1,1,3,P10
2,851,95,330,1,3,1,3,P10
2,852,79,784,1,7,1,3,P10
2,853,115,621,1,2,1,3,P10
2,854,60,382,1,3,1,3,P10
2,855,285,708,1,1,1,3,P10
2,856,37,634,1,6,1,3,P10
2,857,95,478,1,5,1,3,P10
2,858,29,902,1,2,1,3,P10
2,859,190,568,1,4,1,3,P10
2,860,203,772,1,5,1,3,P10
2,861,93,743,1,2,1,3,P10
2,862,125,832,1,1,1,3,P10
2,863,292,584,1,2,1,3,P10
2,864,111,835,1,2,1,3,P10
2,865,450,412,1,3,1,3,P10
2,866,39,371,1,4,1,3,P10
2,867,135,823,1,3,1,3,P10
2,868,56,494,1,2,1,3,P10
2,869,61,557,1,1,1,3,P10
2,870,133,681,1,2,1,3,P10
2,871,79,430,1,3,1,3,P10
2,872,125,277,1,3,1,3,P10
2,873,85,567,1,4,1,3,P10
2,874,29,674,1,3,1,3,P10
2,875,48,614,1,6,1,3,P10
2,876,163,502,1,5,1,3,P10
2,877,59,592,1,5,1,3,P10
2,878,75,839,1,6,1,3,P10
2,879,43,629,1,1,1,3,P10
2,880,115,651,1,1,1,3,P10
2,881,181,641,1,1,1,3,P10
2,882,139,698,1,2,1,3,P10
2,883,121,372,1,3,1,3,P10
2,884,66,687,1,1,1,3,P10
2,885,328,404,1,1,1,3,P10
2,886,172,549,1,4,1,3,P10
2,887,144,360,1,2,1,3,P10
2,888,368,628,1,1,1,3,P10
2,889,238,683,1,1,1,3,P10
2,890,179,791,1,4,1,3,P10
2,891,17,622,1,1,1,3,P10
2,892,34,562,1,3,1,3,P10
2,893,134,648,1,2,1,3,P10
2,894,246,541,2,2,1,3,P10
2,895,235,265,1,1,1,3,P10
2,896,45,413,1,3,1,3,P10
2,897,94,530,1,1,1,3,P10
2,898,15,569,1,3,1,3,P10
2,899,88,522,1,1,1,3,P10
2,900,63,738,1,4,1,3,P10
2,901,109,474,1,5,1,3,P10
2,902,113,665,1,3,1,3,P10
2,903,43,778,1,3,1,3,P10
2,904,47,476,1,2,1,3,P10
2,905,42,410,1,5,1,3,P10
2,906,142,299,1,2,1,3,P10
2,907,50,469,1,3,1,3,P10
2,908,68,664,1,1,1,3,P10
2,909,136,673,1,4,1,3,P10
2,910,26,462,1,2,1,3,P10
2,911,133,692,1,3,1,3,P10
2,912,191,692,1,2,1,3,P10
2,913,16,395,1,1,1,3,P10
2,914,68,647,1,3,1,3,P10
2,915,134,726,1,3,1,3,P10
2,916,165,312,1,3,1,3,P10
2,917,268,714,1,2,1,3,P10
2,918,55,903,1,3,1,3,P10
2,919,75,644,1,2,1,3,P10
2,920,67,421,1,2,1,3,P10
2,921,182,566,1,4,1,3,P10
2,922,91,879,1,2,1,3,P10
2,923,133,419,1,2,1,3,P10
2,924,107,594,1,1,1,3,P10
2,925,54,938,1,3,1,3,P10
2,926,146,450,1,7,1,3,P10
2,927,89,556,1,1,1,3,P10
2,928,289,628,1,2,1,3,P10
2,929,60,572,1,4,1,3,P10
2,930,38,399,1,7,1,3,P10
2,931,64,678,1,3,1,3,P10
2,932,55,450,1,1,1,3,P10
2,933,105,306,1,1,1,3,P10
2,934,67,866,1,5,1,3,P10
2,935,24,525,1,3,1,3,P10
2,936,106,305,1,6,1,3,P10
2,937,66,648,1,4,1,3,P10
2,938,86,476,1,1,1,3,P10
2,939,120,718,1,1,1,3,P10
2,940,40,422,1,4,1,3,P10
2,941,308,368,1,1,1,3,P10
2,942,93,352,1,1,1,3,P10
2,943,238,600,1,5,1,3,P10
2,944,169,615,1,1,1,3,P10
2,945,107,434,1,3,1,3,P10
2,946,228,741,1,7,1,3,P10
2,947,39,382,1,1,1,3,P10
2,948,209,465,1,5,1,3,P10
2,949,194,581,1,1,1,3,P10
2,950,229,679,1,1,1,3,P10
2,951,72,909,1,4,1,3,P10
2,952,70,678,1,3,1,3,P10
2,953,38,861,1,2,1,3,P10
2,954,21,611,1,2,1,3,P10
2,955,42,771,1,2,1,3,P10
2,956,216,533,1,2,1,3,P10
2,957,45,630,1,1,1,3,P10
2,958,96,822,1,2,1,3,P10
2,959,149,844,1,2,1,3,P10
2,960,123,596,1,2,1,3,P10
2,961,50,512,1,2,1,3,P10
2,962,88,674,1,4,1,3,P10
2,963,63,363,1,1,1,3,P10
2,964,60,578,1,4,1,3,P10
2,965,86,810,1,3,1,3,P10
2,966,41,417,1,5,1,3,P10
2,967,44,450,1,5,1,3,P10
2,968,195,728,1,3,1,3,P10
2,969,48,612,1,1,1,3,P10
2,970,108,435,1,2,1,3,P10
2,971,225,558,1,1,1,3,P10
2,972,16,572,1,4,1,3,P10
2,973,117,839,1,2,1,3,P10
2,974,67,394,1,4,1,3,P10
2,975,147,664,1,2,1,3,P10
2,976,52,578,1,3,1,3,P10
2,977,130,787,1,1,1,3,P10
2,978,69,885,1,5,1,3,P10
2,979,73,755,1,1,1,3,P10
2,980,71,504,1,2,1,3,P10
2,981,45,805,1,3,1,3,P10
2,982,196,524,1,1,1,3,P10
2,983,41,469,1,2,1,3,P10
2,984,22,559,1,3,1,3,P10
2,985,70,436,1,2,1,3,P10
2,986,148,725,1,3,1,3,P10
2,987,159,358,1,4,1,3,P10
2,988,52,708,1,4,1,3,P10
2,989,200,618,2,1,1,3,P10
2,990,49,717,1,1,1,3,P10
2,991,135,507,1,1,1,3,P10
2,992,58,385,1,2,1,3,P10
2,993,339,246,1,3,1,3,P10
2,994,52,656,1,4,1,3,P10
2,995,79,918,1,3,1,3,P10
2,996,172,792,1,1,1,3,P10
2,997,217,407,1,1,1,3,P10
2,998,116,608,1,2,1,3,P10
2,999,80,371,1,2,1,3,P10
2,1000,194,592,1,2,1,3,P10
3,1,142,403,1,1,1,1,P10
3,2,106,312,1,1,1,1,P10
3,3,63,735,1,1,1,1,P10
3,4,109,303,1,1,1,1,P10
3,5,166,548,1,1,1,1,P10
3,6,287,579,2,1,1,1,P10
3,7,74,617,1,1,1,1,P10
3,8,53,807,1,2,1,1,P10
3,9,389,377,1,1,1,1,P10
3,10,60,445,1,1,1,1,P10
3,11,158,635,1,1,1,1,P10
3,12,89,530,1,1,1,1,P10
3,13,156,339,3,1,1,1,P10
3,14,104,364,1,1,1,1,P10
3,15,298,677,1,1,1,1,P10
3,16,116,440,1,1,1,1,P10
3,17,207,672,1,1,1,1,P10
3,18,252,385,1,1,1,1,P10
3,19,466,362,1,1,1,1,P10
3,20,105,757,1,3,1,1,P10
3,21,115,419,1,1,1,1,P10
3,22,150,456,1,2,1,1,P10
3,23,324,464,1,1,1,1,P10
3,24,131,587,1,1,1,1,P10
3,25,60,554,1,2,1,1,P10
3,26,105,361,1,1,1,1,P10
3,27,152,380,1,1,1,1,P10
3,28,155,610,1,1,1,1,P10
3,29,81,458,1,3,1,1,P10
3,30,340,620,2,1,1,1,P10
3,31,181,366,1,1,1,1,P10
3,32,60,719,1,1,1,1,P10
3,33,327,240,1,1,1,1,P10
3,34,107,349,1,1,1,1,P10
3,35,137,474,1,1,1,1,P10
3,36,619,372,1,1,1,1,P10
3,37,178,553,1,1,1,1,P10
3,38,180,509,1,1,1,1,P10
3,39,109,441,1,1,1,1,P10
3,40,191,537,1,1,1,1,P10
3,41,76,708,1,1,1,1,P10
3,42,146,683,1,1,1,1,P10
3,43,105,610,1,2,1,1,P10
3,44,180,435,1,1,1,1,P10
3,45,230,354,1,1,1,1,P10
3,46,76,897,1,1,1,1,P10
3,47,73,539,1,1,1,1,P10
3,48,97,362,1,1,1,1,P10
3,49,75,671,1,2,1,1,P10
3,50,101,730,1,1,1,1,P10
3,51,84,358,1,1,1,1,P10
3,52,54,452,1,1,1,1,P10
3,53,481,493,1,1,1,1,P10
3,54,92,422,1,2,1,1,P10
3,55,274,508,1,1,1,1,P10
3,56,393,393,1,1,1,1,P10
3,57,51,659,1,1,1,1,P10
3,58,163,711,1,1,1,1,P10
3,59,425,504,1,1,1,1,P10
3,60,100,498,1,1,1,1,P10
3,61,101,814,1,1,1,1,P10
3,62,83,443,1,1,1,1,P10
3,63,173,470,1,3,1,1,P10
3,64,292,452,1,1,1,1,P10
3,65,199,601,1,1,1,1,P10
3,66,490,443,1,1,1,1,P10
3,67,299,435,1,1,1,1,P10
3,68,335,304,1,1,1,1,P10
3,69,181,467,1,1,1,1,P10
3,70,135,795,1,1,1,1,P10
3,71,392,517,1,1,1,1,P10
3,72,127,872,1,1,1,1,P10
3,73,150,386,1,2,1,1,P10
3,74,155,312,1,2,1,1,P10
3,75,363,334,1,1,1,1,P10
3,76,251,183,1,1,1,1,P10
3,77,32,818,1,3,1,1,P10
3,78,85,351,1,1,1,1,P10
3,79,348,179,1,1,1,1,P10
3,80,375,550,1,1,1,1,P10
3,81,222,586,1,1,1,1,P10
3,82,112,416,1,2,1,1,P10
3,83,295,176,1,1,1,1,P10
3,84,160,585,1,1,1,1,P10
3,85,241,453,1,1,1,1,P10
3,86,168,786,1,1,1,1,P10
3,87,12,423,1,1,1,1,P10
3,88,73,332,1,1,1,1,P10
3,89,61,488,1,1,1,1,P10
3,90,171,706,1,1,1,1,P10
3,91,200,595,1,2,1,1,P10
3,92,132,290,1,1,1,1,P10
3,93,217,512,1,1,1,1,P10
3,94,115,420,1,1,1,1,P10
3,95,225,762,1,1,1,1,P10
3,96,139,483,1,2,1,1,P10
3,97,414,333,1,1,1,1,P10
3,98,196,642,1,1,1,1,P10
3,99,381,467,1,1,1,1,P10
3,100,65,507,1,1,1,1,P10
3,101,185,776,1,1,1,1,P10
3,102,103,298,1,1,1,1,P10
3,103,318,676,1,1,1,1,P10
3,104,96,491,1,1,1,1,P10
3,105,350,348,1,1,1,1,P10
3,106,59,436,1,1,1,1,P10
3,107,104,449,1,1,1,1,P10
3,108,136,789,1,1,1,1,P10
3,109,280,407,1,1,1,1,P10
3,110,215,508,1,1,1,1,P10
3,111,445,472,1,1,1,1,P10
3,112,221,272,1,1,1,1,P10
3,113,132,759,1,1,1,1,P10
3,114,255,163,1,1,1,1,P10
3,115,275,587,1,1,1,1,P10
3,116,198,388,1,1,1,1,P10
3,117,129,583,1,1,1,1,P10
3,118,148,451,1,1,1,1,P10
3,119,93,860,1,1,1,1,P10
3,120,176,408,1,1,1,1,P10
3,121,193,767,1,2,1,1,P10
3,122,197,527,1,1,1,1,P10
3,123,206,667,1,1,1,1,P10
3,124,300,589,1,1,1,1,P10
3,125,392,583,1,1,1,1,P10
3,126,60,598,1,1,1,1,P10
3,127,139,541,2,3,1,1,P10
3,128,311,544,1,1,1,1,P10
3,129,62,473,1,1,1,1,P10
3,130,170,716,1,2,1,1,P10
3,131,95,694,1,1,1,1,P10
3,132,116,840,1,1,1,1,P10
3,133,142,476,1,1,1,1,P10
3,134,78,467,1,1,1,1,P10
3,135,82,323,1,1,1,1,P10
3,136,194,788,1,1,1,1,P10
3,137,331,550,1,1,1,1,P10
3,138,140,782,1,1,1,1,P10
3,139,305,583,1,1,1,1,P10
3,140,299,522,1,1,1,1,P10
3,141,125,792,1,1,1,1,P10
3,142,234,755,1,1,1,1,P10
3,143,176,639,1,3,1,1,P10
3,144,184,688,1,1,1,1,P10
3,145,50,837,1,1,1,1,P10
3,146,406,248,1,1,1,1,P10
3,147,125,766,1,2,1,1,P10
3,148,187,739,1,1,1,1,P10
3,149,97,648,1,2,1,1,P10
3,150,390,374,1,1,1,1,P10
3,151,122,338,1,1,1,1,P10
3,152,47,907,1,2,1,1,P10
3,153,163,340,1,1,1,1,P10
3,154,198,374,1,1,1,1,P10
3,155,64,745,1,1,1,1,P10
3,156,190,779,1,1,1,1,P10
3,157,141,525,1,1,1,1,P10
3,158,130,571,1,1,1,1,P10
3,159,111,475,1,1,1,1,P10
3,160,49,642,1,1,1,1,P10
3,161,183,570,1,1,1,1,P10
3,162,126,308,1,1,1,1,P10
3,163,191,549,1,1,1,1,P10
3,164,132,758,1,1,1,1,P10
3,165,144,820,1,1,1,1,P10
3,166,274,628,1,1,1,1,P10
3,167,228,343,1,1,1,1,P10
3,168,165,627,1,1,1,1,P10
3,169,86,445,1,1,1,1,P10
3,170,109,302,1,2,1,1,P10
3,171,306,480,1,1,1,1,P10
3,172,64,481,1,1,1,1,P10
3,173,245,340,1,2,1,1,P10
3,174,223,535,3,1,1,1,P10
3,175,122,604,1,1,1,1,P10
3,176,244,488,1,1,1,1,P10
3,177,379,493,1,1,1,1,P10
3,178,167,645,1,1,1,1,P10
3,179,395,521,1,1,1,1,P10
3,180,228,466,1,1,1,1,P10
3,181,99,796,1,1,1,1,P10
3,182,165,739,1,1,1,1,P10
3,183,69,641,1,1,1,1,P10
3,184,50,402,1,3,1,1,P10
3,185,14,671,1,1,1,1,P10
3,186,179,249,1,1,1,1,P10
3,187,165,262,1,1,1,1,P10
3,188,178,555,1,1,1,1,P10
3,189,310,368,1,1,1,1,P10
3,190,353,424,1,1,1,1,P10
3,191,216,679,1,1,1,1,P10
3,192,179,570,1,2,1,1,P10
3,193,137,303,1,1,1,1,P10
3,194,425,274,1,1,1,1,P10
3,195,185,468,1,1,1,1,P10
3,196,251,672,1,1,1,1,P10
3,197,382,237,1,1,1,1,P10
3,198,199,741,1,1,1,1,P10
3,199,112,369,1,1,1,1,P10
3,200,300,692,1,1,1,1,P10
3,201,166,582,1,3,1,1,P10
3,202,151,736,1,1,1,1,P10
3,203,140,637,1,1,1,1,P10
3,204,167,831,1,1,1,1,P10
3,205,78,616,1,1,1,1,P10
3,206,184,742,1,1,1,1,P10
3,207,190,624,1,1,1,1,P10
3,208,167,384,1,1,1,1,P10
3,209,350,448,1,2,1,1,P10
3,210,379,465,1,1,1,1,P10
3,211,152,337,1,1,1,1,P10
3,212,46,747,1,2,1,1,P10
3,213,141,483,1,1,1,1,P10
3,214,156,505,1,1,1,1,P10
3,215,201,507,1,1,1,1,P10
3,216,561,333,1,1,1,1,P10
3,217,111,697,1,1,1,1,P10
3,218,129,441,1,1,1,1,P10
3,219,67,337,1,1,1,1,P10
3,220,261,496,1,1,1,1,P10
3,221,140,329,1,1,1,1,P10
3,222,227,690,1,1,1,1,P10
3,223,128,814,1,2,1,1,P10
3,224,191,493,1,1,1,1,P10
3,225,157,322,1,1,1,1,P10
3,226,174,419,1,2,1,1,P10
3,227,184,681,1,1,1,1,P10
3,228,171,550,1,1,1,1,P10
3,229,353,441,1,3,1,1,P10
3,230,71,734,1,1,1,1,P10
3,231,213,774,1,1,1,1,P10
3,232,143,786,1,1,1,1,P10
3,233,36,582,1,1,1,1,P10
3,234,72,563,1,2,1,1,P10
3,235,109,713,1,1,1,1,P10
3,236,200,288,1,3,1,1,P10
3,237,294,696,2,1,1,1,P10
3,238,447,513,1,1,1,1,P10
3,239,547,366,1,1,1,1,P10
3,240,183,220,1,1,1,1,P10
3,241,154,527,1,1,1,1,P10
3,242,191,751,1,2,1,1,P10
3,243,364,626,1,1,1,1,P10
3,244,184,749,1,1,1,1,P10
3,245,169,390,1,1,1,1,P10
3,246,156,577,1,1,1,1,P10
3,247,115,386,1,1,1,1,P10
3,248,384,387,1,1,1,1,P10
3,249,377,173,1,1,1,1,P10
3,250,230,461,1,2,1,1,P10
3,251,282,475,1,1,1,1,P10
3,252,186,541,1,1,1,1,P10
3,253,101,303,1,1,1,1,P10
3,254,275,712,1,2,1,1,P10
3,255,250,318,1,1,1,1,P10
3,256,186,661,1,3,1,1,P10
3,257,45,361,1,2,1,1,P10
3,258,86,801,1,1,1,1,P10
3,259,248,690,1,1,1,1,P10
3,260,88,467,1,1,1,1,P10
3,261,84,496,1,1,1,1,P10
3,262,97,445,1,2,1,1,P10
3,263,44,380,1,1,1,1,P10
3,264,405,558,1,1,1,1,P10
3,265,58,352,1,1,1,1,P10
3,266,168,285,1,1,1,1,P10
3,267,52,436,1,2,1,1,P10
3,268,111,354,1,1,1,1,P10
3,269,372,438,1,1,1,1,P10
3,270,135,814,1,2,1,1,P10
3,271,100,359,1,1,1,1,P10
3,272,276,579,1,1,1,1,P10
3,273,115,491,1,1,1,1,P10
3,274,330,586,1,1,1,1,P10
3,275,91,502,1,2,1,1,P10
3,276,447,323,1,1,1,1,P10
3,277,44,460,1,1,1,1,P10
3,278,201,510,1,1,1,1,P10
3,279,165,310,1,1,1,1,P10
3,280,381,394,1,1,1,1,P10
3,281,196,292,1,1,1,1,P10
3,282,58,771,1,3,1,1,P10
3,283,237,432,1,1,1,1,P10
3,284,62,762,1,2,1,1,P10
3,285,10,457,1,1,1,1,P10
3,286,372,531,1,1,1,1,P10
3,287,234,419,1,1,1,1,P10
3,288,131,449,1,1,1,1,P10
3,289,143,440,1,1,1,1,P10
3,290,218,765,1,1,1,1,P10
3,291,166,394,1,1,1,1,P10
3,292,290,703,1,1,1,1,P10
3,293,352,230,1,1,1,1,P10
3,294,71,354,1,1,1,1,P10
3,295,57,387,1,1,1,1,P10
3,296,149,606,1,1,1,1,P10
3,297,161,455,1,1,1,1,P10
3,298,113,878,1,1,1,1,P10
3,299,109,698,1,1,1,1,P10
3,300,66,418,1,1,1,1,P10
3,301,62,489,1,1,1,1,P10
3,302,101,770,1,1,1,1,P10
3,303,211,763,1,1,1,1,P10
3,304,98,475,1,1,1,1,P10
3,305,41,485,1,1,1,1,P10
3,306,127,455,1,1,1,1,P10
3,307,118,724,1,1,1,1,P10
3,308,85,369,1,2,1,1,P10
3,309,282,585,1,1,1,1,P10
3,310,126,814,1,1,1,1,P10
3,311,202,227,1,1,1,1,P10
3,312,92,350,1,1,1,1,P10
3,313,123,532,1,1,1,1,P10
3,314,448,340,1,1,1,1,P10
3,315,305,564,1,1,1,1,P10
3,316,83,554,1,2,1,1,P10
3,317,129,460,1,1,1,1,P10
3,318,195,273,1,1,1,1,P10
3,319,203,348,1,1,1,1,P10
3,320,139,409,1,1,1,1,P10
3,321,354,286,1,1,1,1,P10
3,322,483,233,1,1,1,1,P10
3,323,60,367,1,2,1,1,P10
3,324,190,613,1,1,1,1,P10
3,325,72,385,1,1,1,1,P10
3,326,126,556,2,1,1,1,P10
3,327,299,253,1,1,1,1,P10
3,328,129,609,1,1,1,1,P10
3,329,110,400,1,1,1,1,P10
3,330,298,451,1,1,1,1,P10
3,331,130,799,1,1,1,1,P10
3,332,91,540,1,1,1,1,P10
3,333,103,869,1,1,1,1,P10
3,334,306,569,1,1,1,1,P10
3,335,449,305,1,1,1,1,P10
3,336,104,632,1,1,1,1,P10
3,337,89,484,1,1,1,1,P10
3,338,555,420,1,1,1,1,P10
3,339,77,467,1,1,1,1,P10
3,340,106,666,1,1,1,1,P10
3,341,81,325,1,1,1,1,P10
3,342,127,403,1,1,1,1,P10
3,343,61,507,1,1,1,1,P10
3,344,170,325,1,1,1,1,P10
3,345,101,407,1,1,1,1,P10
3,346,122,602,1,1,1,1,P10
3,347,276,498,1,1,1,1,P10
3,348,215,783,1,1,1,1,P10
3,349,251,257,1,1,1,1,P10
3,350,118,560,1,1,1,1,P10
3,351,130,318,1,1,1,1,P10
3,352,62,893,1,1,1,1,P10
3,353,150,571,1,3,1,1,P10
3,354,111,407,1,1,1,1,P10
3,355,187,394,1,1,1,1,P10
3,356,333,291,1,1,1,1,P10
3,357,104,838,1,1,1,1,P10
3,358,305,590,1,1,1,1,P10
3,359,156,274,1,1,1,1,P10
3,360,354,454,1,3,1,1,P10
3,361,244,601,1,1,1,1,P10
3,362,128,416,1,1,1,1,P10
3,363,140,586,1,1,1,1,P10
3,364,201,787,1,1,1,1,P10
3,365,121,851,1,1,1,1,P10
3,366,29,637,1,1,1,1,P10
3,367,343,523,1,1,1,1,P10
3,368,63,881,1,1,1,1,P10
3,369,161,553,1,1,1,1,P10
3,370,212,439,1,1,1,1,P10
3,371,185,685,1,1,1,1,P10
3,372,97,599,1,1,1,1,P10
3,373,461,498,1,1,1,1,P10
3,374,105,433,1,1,1,1,P10
3,375,96,339,1,1,1,1,P10
3,376,378,491,1,1,1,1,P10
3,377,75,656,1,2,1,1,P10
3,378,397,209,1,1,1,1,P10
3,379,248,382,1,1,1,1,P10
3,380,256,681,1,1,1,1,P10
3,381,25,384,1,1,1,1,P10
3,382,131,614,1,1,1,1,P10
3,383,89,785,1,1,1,1,P10
3,384,256,629,1,1,1,1,P10
3,385,71,453,1,2,1,1,P10
3,386,76,333,1,1,1,1,P10
3,387,50,471,1,1,1,1,P10
3,388,89,418,1,1,1,1,P10
3,389,65,863,1,1,1,1,P10
3,390,93,715,1,1,1,1,P10
3,391,214,193,1,1,1,1,P10
3,392,108,357,2,1,1,1,P10
3,393,157,296,1,1,1,1,P10
3,394,225,542,1,1,1,1,P10
3,395,62,500,1,1,1,1,P10
3,396,343,456,2,1,1,1,P10
3,397,127,861,1,1,1,1,P10
3,398,161,713,1,1,1,1,P10
3,399,370,201,1,1,1,1,P10
3,400,241,677,1,2,1,1,P10
3,401,153,648,1,1,1,1,P10
3,402,485,423,1,1,1,1,P10
3,403,107,686,1,1,1,1,P10
3,404,277,618,1,1,1,1,P10
3,405,59,395,1,1,1,1,P10
3,406,164,532,1,1,1,1,P10
3,407,459,381,1,1,1,1,P10
3,408,100,327,1,3,1,1,P10
3,409,123,487,1,1,1,1,P10
3,410,35,408,1,1,1,1,P10
3,411,362,260,1,1,1,1,P10
3,412,463,279,1,1,1,1,P10
3,413,106,669,1,1,1,1,P10
3,414,214,741,1,1,1,1,P10
3,415,180,514,1,1,1,1,P10
3,416,266,486,1,1,1,1,P10
3,417,374,411,1,1,1,1,P10
3,418,138,466,1,2,1,1,P10
3,419,237,528,1,1,1,1,P10
3,420,276,581,1,1,1,1,P10
3,421,190,749,1,1,1,1,P10
3,422,62,373,1,1,1,1,P10
3,423,206,562,1,3,1,1,P10
3,424,207,314,1,1,1,1,P10
3,425,107,793,1,1,1,1,P10
3,426,56,771,1,3,1,1,P10
3,427,102,790,1,4,1,1,P10
3,428,73,767,1,1,1,1,P10
3,429,98,734,1,2,1,1,P10
3,430,37,388,1,1,1,1,P10
3,431,189,728,1,1,1,1,P10
3,432,280,431,1,1,1,1,P10
3,433,402,546,1,1,1,1,P10
3,434,168,573,1,1,1,1,P10
3,435,78,641,1,1,1,1,P10
3,436,198,410,1,1,1,1,P10
3,437,122,411,1,2,1,1,P10
3,438,112,455,1,1,1,1,P10
3,439,82,598,1,1,1,1,P10
3,440,120,689,1,2,1,1,P10
3,441,234,304,1,1,1,1,P10
3,442,324,513,1,2,1,1,P10
3,443,104,472,1,1,1,1,P10
3,444,114,297,1,3,1,1,P10
3,445,138,464,1,1,1,1,P10
3,446,106,680,1,1,1,1,P10
3,447,84,752,1,1,1,1,P10
3,448,100,568,1,2,1,1,P10
3,449,328,622,1,1,1,1,P10
3,450,229,191,1,1,1,1,P10
3,451,374,408,1,1,1,1,P10
3,452,142,258,1,1,1,1,P10
3,453,217,705,1,2,1,1,P10
3,454,164,513,1,2,1,1,P10
3,455,77,484,1,1,1,1,P10
3,456,185,429,1,1,1,1,P10
3,457,104,589,1,2,1,1,P10
3,458,463,454,1,1,1,1,P10
3,459,163,530,1,2,1,1,P10
3,460,53,620,1,1,1,1,P10
3,461,113,691,1,1,1,1,P10
3,462,65,845,1,1,1,1,P10
3,463,145,351,1,2,1,1,P10
3,464,234,762,1,1,1,1,P10
3,465,296,592,1,1,1,1,P10
3,466,110,457,1,1,1,1,P10
3,467,117,686,1,2,1,1,P10
3,468,218,653,1,1,1,1,P10
3,469,119,674,1,1,1,1,P10
3,470,143,616,1,2,1,1,P10
3,471,398,588,1,1,1,1,P10
3,472,108,488,1,2,1,1,P10
3,473,176,438,1,1,1,1,P10
3,474,60,417,1,1,1,1,P10
3,475,149,385,1,1,1,1,P10
3,476,69,336,1,3,1,1,P10
3,477,175,401,1,1,1,1,P10
3,478,152,580,1,1,1,1,P10
3,479,47,667,1,1,1,1,P10
3,480,296,623,1,1,1,1,P10
3,481,229,715,1,1,1,1,P10
3,482,63,813,1,1,1,1,P10
3,483,176,588,1,1,1,1,P10
3,484,113,607,1,1,1,1,P10
3,485,162,717,1,2,1,1,P10
3,486,205,630,1,1,1,1,P10
3,487,81,855,1,1,1,1,P10
3,488,302,662,1,1,1,1,P10
3,489,137,347,1,1,1,1,P10
3,490,199,541,1,1,1,1,P10
3,491,173,325,1,1,1,1,P10
3,492,108,430,1,1,1,1,P10
3,493,228,334,1,1,1,1,P10
3,494,73,523,1,1,1,1,P10
3,495,68,500,1,1,1,1,P10
3,496,120,619,1,2,1,1,P10
3,497,121,779,1,3,1,1,P10
3,498,82,508,1,1,1,1,P10
3,499,79,852,1,1,1,1,P10
3,500,84,482,1,2,1,1,P10
3,501,196,433,1,1,1,1,P10
3,502,44,379,1,1,1,1,P10
3,503,394,454,1,1,1,1,P10
3,504,46,700,1,1,1,1,P10
3,505,403,269,1,1,1,1,P10
3,506,182,369,1,1,1,1,P10
3,507,357,199,1,1,1,1,P10
3,508,35,731,1,2,1,1,P10
3,509,64,612,1,1,1,1,P10
3,510,45,858,1,1,1,1,P10
3,511,92,511,1,1,1,1,P10
3,512,61,553,1,1,1,1,P10
3,513,374,462,1,1,1,1,P10
3,514,101,591,1,1,1,1,P10
3,515,84,741,1,1,1,1,P10
3,516,121,767,1,1,1,1,P10
3,517,311,644,1,2,1,1,P10
3,518,155,251,1,1,1,1,P10
3,519,142,802,1,1,1,1,P10
3,520,285,435,1,1,1,1,P10
3,521,113,569,1,1,1,1,P10
3,522,201,404,1,1,1,1,P10
3,523,122,725,1,1,1,1,P10
3,524,203,383,1,1,1,1,P10
3,525,167,528,1,1,1,1,P10
3,526,157,348,1,1,1,1,P10
3,527,144,328,1,1,1,1,P10
3,528,45,386,1,3,1,1,P10
3,529,112,392,1,1,1,1,P10
3,530,137,433,1,2,1,1,P10
3,531,124,309,1,1,1,1,P10
3,532,120,670,1,2,1,1,P10
3,533,80,370,1,1,1,1,P10
3,534,87,585,1,1,1,1,P10
3,535,216,608,1,1,1,1,P10
3,536,191,606,1,1,1,1,P10
3,537,323,457,1,2,1,1,P10
3,538,141,566,1,1,1,1,P10
3,539,41,471,1,1,1,1,P10
3,540,94,411,1,1,1,1,P10
3,541,38,384,1,1,1,1,P10
3,542,91,684,1,1,1,1,P10
3,543,242,735,1,1,1,1,P10
3,544,279,710,1,1,1,1,P10
3,545,428,381,1,1,1,1,P10
3,546,138,491,1,1,1,1,P10
3,547,189,461,1,1,1,1,P10
3,548,240,600,1,1,1,1,P10
3,549,146,260,1,2,1,1,P10
3,550,251,273,1,1,1,1,P10
3,551,371,607,1,2,1,1,P10
3,552,114,341,1,1,1,1,P10
3,553,164,429,1,1,1,1,P10
3,554,80,337,1,2,1,1,P10
3,555,101,669,1,1,1,1,P10
3,556,60,345,1,1,1,1,P10
3,557,55,847,1,2,1,1,P10
3,558,236,338,1,1,1,1,P10
3,559,85,515,1,1,1,1,P10
3,560,58,411,1,1,1,1,P10
3,561,140,421,1,1,1,1,P10
3,562,283,632,1,1,1,1,P10
3,563,189,606,1,1,1,1,P10
3,564,136,567,1,1,1,1,P10
3,565,227,512,1,1,1,1,P10
3,566,177,660,1,1,1,1,P10
3,567,259,671,1,1,1,1,P10
3,568,113,448,1,1,1,1,P10
3,569,70,614,1,1,1,1,P10
3,570,275,420,1,1,1,1,P10
3,571,67,335,1,1,1,1,P10
3,572,190,550,1,1,1,1,P10
3,573,106,614,1,5,1,1,P10
3,574,162,299,1,2,1,1,P10
3,575,190,723,1,1,1,1,P10
3,576,55,400,1,1,1,1,P10
3,577,92,339,1,1,1,1,P10
3,578,172,513,1,1,1,1,P10
3,579,93,406,1,1,1,1,P10
3,580,272,469,1,2,1,1,P10
3,581,107,776,1,1,1,1,P10
3,582,405,417,1,1,1,1,P10
3,583,220,628,1,1,1,1,P10
3,584,213,634,1,1,1,1,P10
3,585,160,798,1,1,1,1,P10
3,586,52,417,1,1,1,1,P10
3,587,35,573,1,1,1,1,P10
3,588,263,390,1,1,1,1,P10
3,589,363,219,1,1,1,1,P10
3,590,205,335,1,2,1,1,P10
3,591,174,563,1,1,1,1,P10
3,592,171,626,1,1,1,1,P10
3,593,127,646,1,1,1,1,P10
3,594,277,498,1,1,1,1,P10
3,595,107,832,1,1,1,1,P10
3,596,73,336,1,1,1,1,P10
3,597,306,432,1,1,1,1,P10
3,598,333,541,1,1,1,1,P10
3,599,369,582,1,1,1,1,P10
3,600,163,705,1,1,1,1,P10
3,601,136,735,1,1,1,1,P10
3,602,54,534,1,1,1,1,P10
3,603,345,612,1,1,1,1,P10
3,604,216,607,1,1,1,1,P10
3,605,61,827,1,2,1,1,P10
3,606,302,626,1,1,1,1,P10
3,607,154,829,1,2,1,1,P10
3,608,83,368,1,1,1,1,P10
3,609,59,348,1,1,1,1,P10
3,610,181,741,1,2,1,1,P10
3,611,113,519,1,1,1,1,P10
3,612,118,309,1,1,1,1,P10
3,613,84,538,1,1,1,1,P10
3,614,221,723,1,1,1,1,P10
3,615,403,520,1,1,1,1,P10
3,616,215,228,1,1,1,1,P10
3,617,366,573,1,1,1,1,P10
3,618,107,576,1,1,1,1,P10
3,619,163,434,1,1,1,1,P10
3,620,208,317,1,1,1,1,P10
3,621,378,559,1,1,1,1,P10
3,622,275,354,1,1,1,1,P10
3,623,275,597,1,1,1,1,P10
3,624,247,316,1,1,1,1,P10
3,625,277,255,1,1,1,1,P10
3,626,119,488,1,1,1,1,P10
3,627,143,286,1,1,1,1,P10
3,628,129,599,1,1,1,1,P10
3,629,118,778,1,1,1,1,P10
3,630,70,589,1,2,1,1,P10
3,631,162,680,1,1,1,1,P10
3,632,155,720,1,1,1,1,P10
3,633,40,724,1,1,1,1,P10
3,634,142,360,1,1,1,1,P10
3,635,199,244,1,1,1,1,P10
3,636,114,326,1,1,1,1,P10
3,637,223,410,2,1,1,1,P10
3,638,164,365,1,1,1,1,P10
3,639,123,446,1,1,1,1,P10
3,640,117,763,1,1,1,1,P10
3,641,201,450,1,1,1,1,P10
3,642,155,523,1,1,1,1,P10
3,643,290,458,1,1,1,1,P10
3,644,100,610,2,1,1,1,P10
3,645,156,411,1,1,1,1,P10
3,646,69,899,1,1,1,1,P10
3,647,189,587,1,3,1,1,P10
3,648,113,374,1,1,1,1,P10
3,649,281,540,1,1,1,1,P10
3,650,38,387,1,1,1,1,P10
3,651,172,556,1,1,1,1,P10
3,652,60,558,1,1,1,1,P10
3,653,133,762,1,1,1,1,P10
3,654,361,527,1,2,1,1,P10
3,655,293,498,1,1,1,1,P10
3,656,76,861,1,3,1,1,P10
3,657,214,758,1,1,1,1,P10
3,658,43,437,1,1,1,1,P10
3,659,126,546,1,1,1,1,P10
3,660,106,351,1,1,1,1,P10
3,661,143,470,1,2,1,1,P10
3,662,113,363,1,1,1,1,P10
3,663,23,415,1,1,1,1,P10
3,664,26,527,1,1,1,1,P10
3,665,246,448,1,1,1,1,P10
3,666,199,642,1,1,1,1,P10
3,667,99,337,1,1,1,1,P10
3,668,212,445,1,3,1,1,P10
3,669,264,646,1,2,1,1,P10
3,670,53,536,1,2,1,1,P10
3,671,110,806,1,1,1,1,P10
3,672,243,616,1,2,1,1,P10
3,673,159,361,1,1,1,1,P10
3,674,144,785,1,1,1,1,P10
3,675,137,651,1,1,1,1,P10
3,676,153,716,1,1,1,1,P10
3,677,148,360,1,1,1,1,P10
3,678,160,812,1,1,1,1,P10
3,679,204,581,1,1,1,1,P10
3,680,206,431,1,1,1,1,P10
3,681,211,314,1,1,1,1,P10
3,682,105,871,1,1,1,1,P10
3,683,89,617,1,1,1,1,P10
3,684,56,786,1,1,1,1,P10
3,685,112,380,1,1,1,1,P10
3,686,357,566,1,2,1,1,P10
3,687,70,475,1,1,1,1,P10
3,688,100,487,1,1,1,1,P10
3,689,56,363,1,3,1,1,P10
3,690,97,594,1,1,1,1,P10
3,691,87,705,1,1,1,1,P10
3,692,188,424,2,1,1,1,P10
3,693,147,467,1,2,1,1,P10
3,694,152,249,1,1,1,1,P10
3,695,111,441,1,1,1,1,P10
3,696,206,472,1,1,1,1,P10
3,697,128,559,1,1,1,1,P10
3,698,85,499,1,1,1,1,P10
3,699,222,409,1,1,1,1,P10
3,700,65,568,1,1,1,1,P10
3,701,33,527,1,1,1,1,P10
3,702,95,597,1,1,1,1,P10
3,703,214,741,1,1,1,1,P10
3,704,123,544,1,1,1,1,P10
3,705,180,410,1,1,1,1,P10
3,706,124,822,1,1,1,1,P10
3,707,280,650,1,1,1,1,P10
3,708,120,508,1,2,1,1,P10
3,709,13,492,1,2,1,1,P10
3,710,225,288,1,1,1,1,P10
3,711,61,811,1,1,1,1,P10
3,712,226,435,1,1,1,1,P10
3,713,125,643,1,1,1,1,P10
3,714,134,421,1,3,1,1,P10
3,715,187,554,1,1,1,1,P10
3,716,204,619,1,1,1,1,P10
3,717,146,581,1,1,1,1,P10
3,718,45,411,1,1,1,1,P10
3,719,216,573,1,1,1,1,P10
3,720,157,789,1,1,1,1,P10
3,721,231,390,1,1,1,1,P10
3,722,174,795,1,1,1,1,P10
3,723,97,437,1,1,1,1,P10
3,724,192,532,1,1,1,1,P10
3,725,235,368,1,1,1,1,P10
3,726,162,444,1,1,1,1,P10
3,727,75,468,1,1,1,1,P10
3,728,177,486,1,1,1,1,P10
3,729,263,280,1,1,1,1,P10
3,730,214,463,1,1,1,1,P10
3,731,124,668,1,1,1,1,P10
3,732,163,611,1,1,1,1,P10
3,733,27,946,1,3,1,1,P10
3,734,115,798,1,1,1,1,P10
3,735,131,307,1,1,1,1,P10
3,736,80,443,1,1,1,1,P10
3,737,339,325,1,1,1,1,P10
3,738,151,736,1,1,1,1,P10
3,739,158,605,1,1,1,1,P10
3,740,181,735,1,1,1,1,P10
3,741,248,523,1,1,1,1,P10
3,742,250,313,1,1,1,1,P10
3,743,45,442,1,1,1,1,P10
3,744,99,849,1,1,1,1,P10
3,745,280,298,1,1,1,1,P10
3,746,80,518,1,1,1,1,P10
3,747,221,240,1,1,1,1,P10
3,748,122,820,1,3,1,1,P10
3,749,373,409,1,1,1,1,P10
3,750,358,397,1,1,1,1,P10
3,751,154,718,1,1,1,1,P10
3,752,344,170,1,1,1,1,P10
3,753,295,454,1,2,1,1,P10
3,754,240,415,1,1,1,1,P10
3,755,340,622,1,1,1,1,P10
3,756,454,327,1,1,1,1,P10
3,757,93,691,1,1,1,1,P10
3,758,314,492,1,1,1,1,P10
3,759,343,610,1,1,1,1,P10
3,760,318,483,1,1,1,1,P10
3,761,438,409,1,1,1,1,P10
3,762,88,338,1,1,1,1,P10
3,763,214,525,1,1,1,1,P10
3,764,227,387,1,1,1,1,P10
3,765,106,513,1,1,1,1,P10
3,766,524,424,1,1,1,1,P10
3,767,343,461,1,1,1,1,P10
3,768,217,692,1,1,1,1,P10
3,769,58,456,1,1,1,1,P10
3,770,257,500,1,1,1,1,P10
3,771,241,517,1,1,1,1,P10
3,772,501,493,1,1,1,1,P10
3,773,142,272,1,1,1,1,P10
3,774,176,447,1,1,1,1,P10
3,775,189,465,1,2,1,1,P10
3,776,240,618,1,1,1,1,P10
3,777,60,521,1,1,1,1,P10
3,778,154,576,1,1,1,1,P10
3,779,165,362,1,1,1,1,P10
3,780,133,622,1,1,1,1,P10
3,781,111,387,1,1,1,1,P10
3,782,326,544,1,2,1,1,P10
3,783,154,425,1,1,1,1,P10
3,784,314,426,2,1,1,1,P10
3,785,63,339,1,1,1,1,P10
3,786,91,491,1,1,1,1,P10
3,787,83,858,1,1,1,1,P10
3,788,277,247,1,1,1,1,P10
3,789,21,570,1,3,1,1,P10
3,790,415,378,3,1,1,1,P10
3,791,136,717,1,1,1,1,P10
3,792,155,799,1,1,1,1,P10
3,793,165,466,1,1,1,1,P10
3,794,214,620,1,1,1,1,P10
3,795,249,618,1,1,1,1,P10
3,796,39,456,1,1,1,1,P10
3,797,264,674,1,1,1,1,P10
3,798,252,326,1,1,1,1,P10
3,799,149,689,1,1,1,1,P10
3,800,39,451,1,1,1,1,P10
3,801,204,234,1,1,1,1,P10
3,802,404,498,1,3,1,1,P10
3,803,131,681,1,1,1,1,P10
3,804,236,761,1,1,1,1,P10
3,805,181,479,1,1,1,1,P10
3,806,92,472,1,1,1,1,P10
3,807,363,335,1,1,1,1,P10
3,808,38,447,1,1,1,1,P10
3,809,208,765,1,1,1,1,P10
3,810,44,526,1,2,1,1,P10
3,811,72,438,1,1,1,1,P10
3,812,229,662,1,1,1,1,P10
3,813,145,307,1,1,1,1,P10
3,814,109,412,1,1,1,1,P10
3,815,329,543,1,1,1,1,P10
3,816,70,419,1,1,1,1,P10
3,817,83,551,1,1,1,1,P10
3,818,97,341,1,1,1,1,P10
3,819,145,668,1,1,1,1,P10
3,820,67,558,1,1,1,1,P10
3,821,55,835,1,2,1,1,P10
3,822,167,295,1,1,1,1,P10
3,823,235,281,1,1,1,1,P10
3,824,192,719,1,1,1,1,P10
3,825,102,790,1,1,1,1,P10
3,826,289,658,1,1,1,1,P10
3,827,100,621,1,2,1,1,P10
3,828,244,734,1,1,1,1,P10
3,829,215,740,1,2,1,1,P10
3,830,94,470,1,1,1,1,P10
3,831,39,657,1,1,1,1,P10
3,832,257,569,1,3,1,1,P10
3,833,182,337,1,1,1,1,P10
3,834,271,702,1,1,1,1,P10
3,835,239,274,2,1,1,1,P10
3,836,143,611,1,1,1,1,P10
3,837,162,556,1,1,1,1,P10
3,838,31,526,1,1,1,1,P10
3,839,172,641,1,1,1,1,P10
3,840,168,404,1,1,1,1,P10
3,841,284,634,1,1,1,1,P10
3,842,166,639,1,1,1,1,P10
3,843,167,828,1,1,1,1,P10
3,844,73,367,1,1,1,1,P10
3,845,297,334,1,1,1,1,P10
3,846,56,489,1,1,1,1,P10
3,847,545,380,1,1,1,1,P10
3,848,239,755,1,1,1,1,P10
3,849,132,486,1,1,1,1,P10
3,850,59,514,1,1,1,1,P10
3,851,405,522,1,1,1,1,P10
3,852,147,638,1,1,1,1,P10
3,853,211,514,1,1,1,1,P10
3,854,168,498,1,1,1,1,P10
3,855,152,393,1,1,1,1,P10
3,856,227,729,1,1,1,1,P10
3,857,330,291,1,1,1,1,P10
3,858,84,669,1,2,1,1,P10
3,859,295,378,1,1,1,1,P10
3,860,441,301,1,1,1,1,P10
3,861,216,439,1,1,1,1,P10
3,862,661,305,1,1,1,1,P10
3,863,140,682,1,2,1,1,P10
3,864,111,749,1,1,1,1,P10
3,865,174,661,1,2,1,1,P10
3,866,113,797,1,1,1,1,P10
3,867,99,535,1,2,1,1,P10
3,868,316,660,1,1,1,1,P10
3,869,116,793,1,1,1,1,P10
3,870,125,309,1,1,1,1,P10
3,871,131,757,1,1,1,1,P10
3,872,57,469,1,1,1,1,P10
3,873,209,585,1,1,1,1,P10
3,874,76,452,1,1,1,1,P10
3,875,246,661,1,1,1,1,P10
3,876,196,365,1,1,1,1,P10
3,877,128,395,1,1,1,1,P10
3,878,156,283,1,1,1,1,P10
3,879,162,441,1,1,1,1,P10
3,880,116,679,1,1,1,1,P10
3,881,34,434,1,1,1,1,P10
3,882,158,431,1,1,1,1,P10
3,883,39,542,1,1,1,1,P10
3,884,125,850,1,1,1,1,P10
3,885,391,323,4,1,1,1,P10
3,886,240,694,1,1,1,1,P10
3,887,136,820,1,1,1,1,P10
3,888,194,729,1,2,1,1,P10
3,889,359,287,1,1,1,1,P10
3,890,74,851,1,1,1,1,P10
3,891,64,666,1,1,1,1,P10
3,892,170,235,1,1,1,1,P10
3,893,334,347,1,1,1,1,P10
3,894,299,546,1,1,1,1,P10
3,895,286,671,1,1,1,1,P10
3,896,83,459,1,1,1,1,P10
3,897,314,452,1,1,1,1,P10
3,898,172,442,2,1,1,1,P10
3,899,164,822,1,2,1,1,P10
3,900,204,454,1,1,1,1,P10
3,901,324,435,1,1,1,1,P10
3,902,147,761,1,1,1,1,P10
3,903,498,487,2,1,1,1,P10
3,904,125,369,1,2,1,1,P10
3,905,58,835,1,1,1,1,P10
3,906,190,621,1,2,1,1,P10
3,907,40,557,1,1,1,1,P10
3,908,230,648,1,1,1,1,P10
3,909,206,568,1,1,1,1,P10
3,910,255,356,1,1,1,1,P10
3,911,397,597,1,1,1,1,P10
3,912,355,377,1,1,1,1,P10
3,913,142,469,1,1,1,1,P10
3,914,90,676,1,1,1,1,P10
3,915,316,224,1,1,1,1,P10
3,916,171,647,1,1,1,1,P10
3,917,156,327,1,1,1,1,P10
3,918,94,379,1,1,1,1,P10
3,919,129,641,1,1,1,1,P10
3,920,113,290,1,1,1,1,P10
3,921,182,697,1,1,1,1,P10
3,922,138,553,1,2,1,1,P10
3,923,133,413,1,1,1,1,P10
3,924,55,480,1,1,1,1,P10
3,925,309,652,1,1,1,1,P10
3,926,253,283,2,1,1,1,P10
3,927,91,698,1,2,1,1,P10
3,928,314,331,1,1,1,1,P10
3,929,237,640,1,1,1,1,P10
3,930,269,727,1,1,1,1,P10
3,931,90,426,1,1,1,1,P10
3,932,115,781,1,2,1,1,P10
3,933,454,262,2,2,1,1,P10
3,934,356,364,1,1,1,1,P10
3,935,200,689,1,1,1,1,P10
3,936,251,214,1,1,1,1,P10
3,937,64,636,1,1,1,1,P10
3,938,218,688,1,1,1,1,P10
3,939,265,348,1,1,1,1,P10
3,940,201,256,1,1,1,1,P10
3,941,130,339,1,1,1,1,P10
3,942,63,407,1,1,1,1,P10
3,943,94,561,1,3,1,1,P10
3,944,170,713,1,1,1,1,P10
3,945,402,349,1,1,1,1,P10
3,946,361,520,1,2,1,1,P10
3,947,212,500,1,1,1,1,P10
3,948,89,437,1,1,1,1,P10
3,949,80,788,1,2,1,1,P10
3,950,76,580,1,1,1,1,P10
3,951,69,352,1,1,1,1,P10
3,952,82,364,1,4,1,1,P10
3,953,106,323,1,1,1,1,P10
3,954,88,335,1,1,1,1,P10
3,955,120,311,1,1,1,1,P10
3,956,168,419,1,1,1,1,P10
3,957,75,589,1,1,1,1,P10
3,958,226,610,1,1,1,1,P10
3,959,112,345,1,1,1,1,P10
3,960,170,670,1,1,1,1,P10
3,961,380,498,1,1,1,1,P10
3,962,233,391,1,3,1,1,P10
3,963,298,651,1,1,1,1,P10
3,964,131,608,1,1,1,1,P10
3,965,174,459,1,3,1,1,P10
3,966,74,709,1,1,1,1,P10
3,967,421,548,1,1,1,1,P10
3,968,203,599,1,2,1,1,P10
3,969,146,700,1,1,1,1,P10
3,970,596,308,1,1,1,1,P10
3,971,79,508,1,1,1,1,P10
3,972,165,549,1,1,1,1,P10
3,973,170,482,1,1,1,1,P10
3,974,247,284,1,1,1,1,P10
3,975,102,471,1,1,1,1,P10
3,976,83,512,1,2,1,1,P10
3,977,81,575,1,1,1,1,P10
3,978,378,520,1,1,1,1,P10
3,979,166,675,1,1,1,1,P10
3,980,165,300,1,1,1,1,P10
3,981,240,451,1,2,1,1,P10
3,982,336,540,1,1,1,1,P10
3,983,132,292,1,1,1,1,P10
3,984,255,263,1,1,1,1,P10
3,985,117,500,1,1,1,1,P10
3,986,79,496,1,1,1,1,P10
3,987,134,508,1,1,1,1,P10
3,988,157,507,1,2,1,1,P10
3,989,147,758,1,1,1,1,P10
3,990,179,742,1,1,1,1,P10
3,991,232,727,1,1,1,1,P10
3,992,265,376,1,1,1,1,P10
3,993,219,604,1,1,1,1,P10
3,994,105,664,1,1,1,1,P10
3,995,62,363,1,1,1,1,P10
3,996,184,310,1,1,1,1,P10
3,997,76,344,1,1,1,1,P10
3,998,90,705,1,1,1,1,P10
3,999,318,486,1,1,1,1,P10
3,1000,68,446,1,1,1,1,P10
4,1,623,307,2,1,3,1,P10
4,2,69,407,1,2,3,1,P10
4,3,292,491,1,1,3,1,P10
4,4,201,228,2,1,3,1,P10
4,5,288,235,1,1,3,1,P10
4,6,358,145,2,1,3,1,P10
4,7,184,322,1,1,3,1,P10
4,8,59,364,1,1,3,1,P10
4,9,141,508,2,1,3,1,P10
4,10,210,273,1,1,3,1,P10
4,11,195,326,2,1,3,1,P10
4,12,408,305,3,1,3,1,P10
4,13,380,129,1,1,3,1,P10
4,14,92,454,1,1,3,1,P10
4,15,228,681,1,1,3,1,P10
4,16,257,485,2,1,3,1,P10
4,17,148,356,4,1,3,1,P10
4,18,401,210,3,1,3,1,P10
4,19,437,291,1,1,3,1,P10
4,20,217,242,1,1,3,1,P10
4,21,315,197,3,1,3,1,P10
4,22,132,398,2,1,3,1,P10
4,23,147,492,1,2,3,1,P10
4,24,243,577,1,1,3,1,P10
4,25,234,305,2,2,3,1,P10
4,26,321,136,3,1,3,1,P10
4,27,85,511,1,1,3,1,P10
4,28,215,610,1,1,3,1,P10
4,29,365,598,1,3,3,1,P10
4,30,162,282,1,1,3,1,P10
4,31,182,617,1,1,3,1,P10
4,32,382,439,5,1,3,1,P10
4,33,86,414,2,1,3,1,P10
4,34,299,374,1,3,3,1,P10
4,35,304,483,2,1,3,1,P10
4,36,440,437,3,1,3,1,P10
4,37,251,528,1,1,3,1,P10
4,38,99,656,1,1,3,1,P10
4,39,271,439,1,1,3,1,P10
4,40,180,816,1,1,3,1,P10
4,41,94,628,1,1,3,1,P10
4,42,449,412,1,1,3,1,P10
4,43,259,391,1,1,3,1,P10
4,44,222,417,1,1,3,1,P10
4,45,122,395,1,1,3,1,P10
4,46,460,117,2,1,3,1,P10
4,47,137,549,1,1,3,1,P10
4,48,553,299,2,1,3,1,P10
4,49,173,305,2,1,3,1,P10
4,50,63,385,1,2,3,1,P10
4,51,284,413,1,1,3,1,P10
4,52,237,470,1,1,3,1,P10
4,53,301,369,1,1,3,1,P10
4,54,669,277,2,2,3,1,P10
4,55,243,704,3,2,3,1,P10
4,56,275,488,3,1,3,1,P10
4,57,674,304,3,2,3,1,P10
4,58,226,579,1,1,3,1,P10
4,59,369,614,1,1,3,1,P10
4,60,390,228,4,1,3,1,P10
4,61,216,590,1,1,3,1,P10
4,62,483,498,3,1,3,1,P10
4,63,160,587,1,1,3,1,P10
4,64,215,678,1,2,3,1,P10
4,65,59,469,1,1,3,1,P10
4,66,212,596,1,2,3,1,P10
4,67,164,311,1,1,3,1,P10
4,68,420,326,3,1,3,1,P10
4,69,119,598,1,1,3,1,P10
4,70,305,348,2,1,3,1,P10
4,71,353,413,2,1,3,1,P10
4,72,217,666,2,1,3,1,P10
4,73,234,430,1,4,3,1,P10
4,74,76,556,1,1,3,1,P10
4,75,167,240,1,1,3,1,P10
4,76,456,504,1,1,3,1,P10
4,77,342,292,1,1,3,1,P10
4,78,471,478,1,1,3,1,P10
4,79,161,741,1,1,3,1,P10
4,80,221,333,2,1,3,1,P10
4,81,274,425,2,1,3,1,P10
4,82,322,257,1,2,3,1,P10
4,83,358,589,1,2,3,1,P10
4,84,318,519,3,1,3,1,P10
4,85,401,497,3,1,3,1,P10
4,86,268,302,1,1,3,1,P10
4,87,120,819,1,1,3,1,P10
4,88,256,268,1,1,3,1,P10
4,89,100,308,1,1,3,1,P10
4,90,221,318,1,1,3,1,P10
4,91,153,402,2,1,3,1,P10
4,92,200,649,2,1,3,1,P10
4,93,326,435,1,2,3,1,P10
4,94,101,363,1,1,3,1,P10
4,95,369,408,1,1,3,1,P10
4,96,154,299,1,1,3,1,P10
4,97,250,622,1,1,3,1,P10
4,98,170,401,1,1,3,1,P10
4,99,254,263,1,1,3,1,P10
4,100,387,564,1,1,3,1,P10
4,101,166,349,1,1,3,1,P10
4,102,305,452,1,1,3,1,P10
4,103,281,554,1,1,3,1,P10
4,104,155,828,1,3,3,1,P10
4,105,189,404,1,1,3,1,P10
4,106,194,278,1,1,3,1,P10
4,107,291,505,1,1,3,1,P10
4,108,235,538,1,1,3,1,P10
4,109,394,545,1,1,3,1,P10
4,110,268,290,2,2,3,1,P10
4,111,338,442,1,1,3,1,P10
4,112,155,794,1,1,3,1,P10
4,113,177,427,1,1,3,1,P10
4,114,221,310,1,1,3,1,P10
4,115,227,464,1,1,3,1,P10
4,116,269,400,1,1,3,1,P10
4,117,179,622,1,1,3,1,P10
4,118,255,183,3,1,3,1,P10
4,119,250,531,2,3,3,1,P10
4,120,338,146,4,1,3,1,P10
4,121,175,637,2,1,3,1,P10
4,122,404,491,2,1,3,1,P10
4,123,242,674,1,1,3,1,P10
4,124,332,425,1,1,3,1,P10
4,125,268,318,1,1,3,1,P10
4,126,134,506,1,1,3,1,P10
4,127,246,726,1,1,3,1,P10
4,128,117,469,1,2,3,1,P10
4,129,362,187,1,1,3,1,P10
4,130,150,591,1,3,3,1,P10
4,131,121,473,1,1,3,1,P10
4,132,305,529,1,1,3,1,P10
4,133,140,518,1,1,3,1,P10
4,134,506,379,1,1,3,1,P10
4,135,147,359,1,2,3,1,P10
4,136,210,483,1,1,3,1,P10
4,137,296,376,2,1,3,1,P10
4,138,369,572,1,1,3,1,P10
4,139,275,558,1,1,3,1,P10
4,140,213,292,1,1,3,1,P10
4,141,330,354,1,1,3,1,P10
4,142,151,341,1,1,3,1,P10
4,143,165,666,1,1,3,1,P10
4,144,281,661,1,1,3,1,P10
4,145,339,135,1,1,3,1,P10
4,146,158,477,1,1,3,1,P10
4,147,121,329,1,1,3,1,P10
4,148,521,251,2,1,3,1,P10
4,149,105,302,1,1,3,1,P10
4,150,319,413,3,1,3,1,P10
4,151,157,362,1,2,3,1,P10
4,152,211,202,2,1,3,1,P10
4,153,99,317,1,1,3,1,P10
4,154,91,542,2,1,3,1,P10
4,155,114,521,1,2,3,1,P10
4,156,163,558,1,1,3,1,P10
4,157,247,573,1,1,3,1,P10
4,158,603,207,1,1,3,1,P10
4,159,272,679,1,1,3,1,P10
4,160,229,240,2,1,3,1,P10
4,161,476,522,1,1,3,1,P10
4,162,438,404,3,1,3,1,P10
4,163,420,328,5,1,3,1,P10
4,164,238,703,1,3,3,1,P10
4,165,156,321,3,1,3,1,P10
4,166,260,244,1,1,3,1,P10
4,167,179,438,1,1,3,1,P10
4,168,119,463,1,2,3,1,P10
4,169,229,182,1,1,3,1,P10
4,170,171,237,1,1,3,1,P10
4,171,477,340,1,1,3,1,P10
4,172,375,503,1,1,3,1,P10
4,173,158,721,1,1,3,1,P10
4,174,213,277,5,1,3,1,P10
4,175,266,540,1,1,3,1,P10
4,176,125,683,1,1,3,1,P10
4,177,553,372,4,1,3,1,P10
4,178,95,342,1,1,3,1,P10
4,179,350,310,1,1,3,1,P10
4,180,157,829,1,1,3,1,P10
4,181,233,328,2,1,3,1,P10
4,182,339,357,1,1,3,1,P10
4,183,174,301,1,1,3,1,P10
4,184,313,527,1,1,3,1,P10
4,185,416,269,4,1,3,1,P10
4,186,290,469,1,1,3,1,P10
4,187,567,248,1,1,3,1,P10
4,188,540,294,1,1,3,1,P10
4,189,156,245,1,1,3,1,P10
4,190,250,393,1,1,3,1,P10
4,191,271,719,1,1,3,1,P10
4,192,388,191,3,1,3,1,P10
4,193,208,780,1,2,3,1,P10
4,194,296,329,1,1,3,1,P10
4,195,250,315,1,1,3,1,P10
4,196,154,607,1,2,3,1,P10
4,197,520,443,2,1,3,1,P10
4,198,212,669,1,2,3,1,P10
4,199,281,621,3,1,3,1,P10
4,200,564,267,1,1,3,1,P10
4,201,502,360,1,1,3,1,P10
4,202,188,532,1,2,3,1,P10
4,203,677,151,5,2,3,1,P10
4,204,197,316,1,1,3,1,P10
4,205,484,348,4,1,3,1,P10
4,206,267,356,3,1,3,1,P10
4,207,170,633,1,1,3,1,P10
4,208,230,172,1,1,3,1,P10
4,209,112,290,2,1,3,1,P10
4,210,166,439,1,1,3,1,P10
4,211,123,309,1,1,3,1,P10
4,212,190,619,1,1,3,1,P10
4,213,268,146,1,1,3,1,P10
4,214,255,401,2,1,3,1,P10
4,215,293,487,1,1,3,1,P10
4,216,192,788,1,1,3,1,P10
4,217,95,788,1,1,3,1,P10
4,218,333,571,1,1,3,1,P10
4,219,181,356,1,1,3,1,P10
4,220,418,385,1,1,3,1,P10
4,221,272,550,1,1,3,1,P10
4,222,227,383,2,1,3,1,P10
4,223,239,386,1,1,3,1,P10
4,224,98,654,1,1,3,1,P10
4,225,108,858,1,1,3,1,P10
4,226,134,641,1,1,3,1,P10
4,227,331,276,2,1,3,1,P10
4,228,405,534,1,1,3,1,P10
4,229,330,430,1,1,3,1,P10
4,230,255,568,2,1,3,1,P10
4,231,168,354,1,1,3,1,P10
4,232,132,410,1,1,3,1,P10
4,233,115,374,1,1,3,1,P10
4,234,287,466,1,1,3,1,P10
4,235,600,269,3,1,3,1,P10
4,236,155,398,1,1,3,1,P10
4,237,155,750,1,1,3,1,P10
4,238,104,485,1,1,3,1,P10
4,239,145,660,1,1,3,1,P10
4,240,356,624,1,1,3,1,P10
4,241,201,203,3,1,3,1,P10
4,242,410,516,1,1,3,1,P10
4,243,514,457,1,1,3,1,P10
4,244,656,297,2,1,3,1,P10
4,245,498,441,1,1,3,1,P10
4,246,515,362,1,1,3,1,P10
4,247,175,343,2,1,3,1,P10
4,248,358,494,1,1,3,1,P10
4,249,360,266,2,1,3,1,P10
4,250,149,298,2,2,3,1,P10
4,251,128,329,1,1,3,1,P10
4,252,456,373,2,1,3,1,P10
4,253,158,645,1,1,3,1,P10
4,254,343,187,5,1,3,1,P10
4,255,100,745,1,1,3,1,P10
4,256,217,415,1,1,3,1,P10
4,257,471,393,1,1,3,1,P10
4,258,90,587,1,1,3,1,P10
4,259,141,586,1,1,3,1,P10
4,260,246,484,1,1,3,1,P10
4,261,171,354,1,1,3,1,P10
4,262,266,556,1,1,3,1,P10
4,263,252,269,1,1,3,1,P10
4,264,186,392,1,1,3,1,P10
4,265,346,346,2,2,3,1,P10
4,266,129,401,1,2,3,1,P10
4,267,124,337,1,1,3,1,P10
4,268,240,296,1,1,3,1,P10
4,269,248,198,1,1,3,1,P10
4,270,233,378,1,1,3,1,P10
4,271,115,346,1,1,3,1,P10
4,272,169,315,2,1,3,1,P10
4,273,43,585,1,3,3,1,P10
4,274,106,579,1,3,3,1,P10
4,275,102,390,1,1,3,1,P10
4,276,229,468,1,1,3,1,P10
4,277,111,633,1,1,3,1,P10
4,278,417,454,3,1,3,1,P10
4,279,299,591,1,1,3,1,P10
4,280,442,359,2,1,3,1,P10
4,281,77,396,1,1,3,1,P10
4,282,279,698,1,1,3,1,P10
4,283,193,562,1,1,3,1,P10
4,284,92,477,3,1,3,1,P10
4,285,413,552,2,1,3,1,P10
4,286,142,692,1,1,3,1,P10
4,287,180,637,1,1,3,1,P10
4,288,332,283,3,1,3,1,P10
4,289,374,530,1,1,3,1,P10
4,290,138,512,1,1,3,1,P10
4,291,518,339,1,1,3,1,P10
4,292,325,181,4,1,3,1,P10
4,293,494,265,4,1,3,1,P10
4,294,207,213,1,1,3,1,P10
4,295,326,484,2,1,3,1,P10
4,296,176,235,1,1,3,1,P10
4,297,356,320,1,1,3,1,P10
4,298,165,591,1,1,3,1,P10
4,299,329,539,1,1,3,1,P10
4,300,305,428,1,1,3,1,P10
4,301,157,606,1,1,3,1,P10
4,302,223,372,1,1,3,1,P10
4,303,316,250,4,1,3,1,P10
4,304,147,709,1,1,3,1,P10
4,305,162,457,1,1,3,1,P10
4,306,297,382,1,1,3,1,P10
4,307,284,603,1,1,3,1,P10
4,308,249,572,2,1,3,1,P10
4,309,293,602,1,1,3,1,P10
4,310,464,338,1,1,3,1,P10
4,311,278,639,1,1,3,1,P10
4,312,118,430,1,1,3,1,P10
4,313,171,257,1,1,3,1,P10
4,314,539,280,2,1,3,1,P10
4,315,52,387,3,1,3,1,P10
4,316,592,346,1,1,3,1,P10
4,317,318,636,1,1,3,1,P10
4,318,201,258,1,1,3,1,P10
4,319,152,755,1,1,3,1,P10
4,320,254,486,1,1,3,1,P10
4,321,151,495,1,1,3,1,P10
4,322,95,838,1,3,3,1,P10
4,323,408,559,2,1,3,1,P10
4,324,244,462,2,1,3,1,P10
4,325,178,431,3,1,3,1,P10
4,326,260,219,1,1,3,1,P10
4,327,129,447,1,1,3,1,P10
4,328,396,373,4,1,3,1,P10
4,329,221,778,1,1,3,1,P10
4,330,471,378,1,1,3,1,P10
4,331,340,614,1,1,3,1,P10
4,332,306,527,1,1,3,1,P10
4,333,230,499,1,1,3,1,P10
4,334,495,362,3,1,3,1,P10
4,335,46,523,1,1,3,1,P10
4,336,101,341,1,1,3,1,P10
4,337,131,723,1,1,3,1,P10
4,338,340,434,1,2,3,1,P10
4,339,249,382,2,1,3,1,P10
4,340,201,453,1,1,3,1,P10
4,341,100,352,1,1,3,1,P10
4,342,315,437,1,1,3,1,P10
4,343,97,401,1,2,3,1,P10
4,344,89,375,1,1,3,1,P10
4,345,480,417,1,1,3,1,P10
4,346,80,341,1,1,3,1,P10
4,347,164,397,1,2,3,1,P10
4,348,429,556,1,1,3,1,P10
4,349,386,190,7,1,3,1,P10
4,350,493,411,2,1,3,1,P10
4,351,511,328,4,2,3,1,P10
4,352,612,133,3,1,3,1,P10
4,353,548,291,1,1,3,1,P10
4,354,263,474,1,1,3,1,P10
4,355,288,368,1,1,3,1,P10
4,356,219,223,3,1,3,1,P10
4,357,225,421,1,1,3,1,P10
4,358,296,187,1,1,3,1,P10
4,359,361,252,2,1,3,1,P10
4,360,294,131,1,1,3,1,P10
4,361,295,398,1,1,3,1,P10
4,362,436,296,2,1,3,1,P10
4,363,335,337,4,1,3,1,P10
4,364,275,457,2,1,3,1,P10
4,365,106,703,1,1,3,1,P10
4,366,109,394,1,1,3,1,P10
4,367,93,451,1,1,3,1,P10
4,368,289,535,1,1,3,1,P10
4,369,257,192,1,1,3,1,P10
4,370,265,425,2,1,3,1,P10
4,371,501,467,1,1,3,1,P10
4,372,266,445,1,1,3,1,P10
4,373,195,309,4,1,3,1,P10
4,374,544,353,1,1,3,1,P10
4,375,385,397,2,2,3,1,P10
4,376,438,483,1,2,3,1,P10
4,377,184,323,1,1,3,1,P10
4,378,135,718,1,2,3,1,P10
4,379,236,168,1,1,3,1,P10
4,380,211,553,1,1,3,1,P10
4,381,261,545,3,1,3,1,P10
4,382,297,209,3,2,3,1,P10
4,383,302,390,1,1,3,1,P10
4,384,190,494,1,1,3,1,P10
4,385,345,495,1,1,3,1,P10
4,386,223,716,1,1,3,1,P10
4,387,374,261,1,1,3,1,P10
4,388,622,272,1,1,3,1,P10
4,389,124,320,3,2,3,1,P10
4,390,596,163,5,1,3,1,P10
4,391,514,189,2,1,3,1,P10
4,392,64,436,1,1,3,1,P10
4,393,298,489,2,1,3,1,P10
4,394,197,554,2,1,3,1,P10
4,395,303,351,3,1,3,1,P10
4,396,459,441,2,1,3,1,P10
4,397,226,545,1,1,3,1,P10
4,398,108,599,1,1,3,1,P10
4,399,414,488,3,1,3,1,P10
4,400,345,286,2,1,3,1,P10
4,401,83,391,1,1,3,1,P10
4,402,141,334,1,1,3,1,P10
4,403,401,474,1,1,3,1,P10
4,404,316,250,1,1,3,1,P10
4,405,479,216,1,1,3,1,P10
4,406,244,465,1,1,3,1,P10
4,407,400,561,1,1,3,1,P10
4,408,165,630,1,1,3,1,P10
4,409,195,429,1,1,3,1,P10
4,410,65,391,1,1,3,1,P10
4,411,339,435,2,1,3,1,P10
4,412,152,368,4,1,3,1,P10
4,413,175,319,1,1,3,1,P10
4,414,494,418,1,1,3,1,P10
4,415,153,529,1,1,3,1,P10
4,416,397,588,1,1,3,1,P10
4,417,261,355,2,1,3,1,P10
4,418,347,614,2,1,3,1,P10
4,419,313,425,1,1,3,1,P10
4,420,533,418,4,1,3,1,P10
4,421,199,396,1,1,3,1,P10
4,422,285,331,1,1,3,1,P10
4,423,304,338,1,1,3,1,P10
4,424,272,205,5,2,3,1,P10
4,425,142,756,1,2,3,1,P10
4,426,243,180,3,1,3,1,P10
4,427,57,359,1,1,3,1,P10
4,428,479,302,3,1,3,1,P10
4,429,326,636,3,1,3,1,P10
4,430,73,371,1,2,3,1,P10
4,431,207,418,1,2,3,1,P10
4,432,340,482,3,1,3,1,P10
4,433,46,370,1,1,3,1,P10
4,434,381,564,1,1,3,1,P10
4,435,210,566,1,1,3,1,P10
4,436,76,339,1,3,3,1,P10
4,437,165,317,1,1,3,1,P10
4,438,168,525,1,1,3,1,P10
4,439,455,525,1,1,3,1,P10
4,440,347,504,1,1,3,1,P10
4,441,532,281,2,1,3,1,P10
4,442,443,294,2,1,3,1,P10
4,443,186,292,1,1,3,1,P10
4,444,295,213,1,1,3,1,P10
4,445,115,831,1,3,3,1,P10
4,446,271,517,1,2,3,1,P10
4,447,80,475,1,1,3,1,P10
4,448,248,487,3,1,3,1,P10
4,449,406,517,1,1,3,1,P10
4,450,360,556,3,1,3,1,P10
4,451,128,515,1,3,3,1,P10
4,452,470,395,2,1,3,1,P10
4,453,162,617,1,1,3,1,P10
4,454,199,309,1,2,3,1,P10
4,455,131,708,1,2,3,1,P10
4,456,220,554,1,1,3,1,P10
4,457,236,746,1,1,3,1,P10
4,458,190,444,1,1,3,1,P10
4,459,182,397,1,1,3,1,P10
4,460,156,572,1,1,3,1,P10
4,461,166,282,1,1,3,1,P10
4,462,206,569,1,1,3,1,P10
4,463,329,645,1,1,3,1,P10
4,464,55,658,1,3,3,1,P10
4,465,236,177,4,1,3,1,P10
4,466,571,286,3,1,3,1,P10
4,467,459,380,1,1,3,1,P10
4,468,342,657,1,1,3,1,P10
4,469,387,327,2,1,3,1,P10
4,470,86,337,1,1,3,1,P10
4,471,269,381,1,1,3,1,P10
4,472,140,744,1,1,3,1,P10
4,473,450,382,1,1,3,1,P10
4,474,437,306,3,1,3,1,P10
4,475,203,216,2,1,3,1,P10
4,476,89,878,1,2,3,1,P10
4,477,285,187,3,1,3,1,P10
4,478,529,448,1,1,3,1,P10
4,479,62,854,1,1,3,1,P10
4,480,220,455,1,1,3,1,P10
4,481,328,232,2,1,3,1,P10
4,482,143,376,1,1,3,1,P10
4,483,627,174,2,1,3,1,P10
4,484,658,335,1,1,3,1,P10
4,485,492,326,3,1,3,1,P10
4,486,197,410,1,1,3,1,P10
4,487,277,450,1,1,3,1,P10
4,488,175,518,1,3,3,1,P10
4,489,413,547,1,1,3,1,P10
4,490,423,479,1,1,3,1,P10
4,491,242,340,1,1,3,1,P10
4,492,222,267,2,1,3,1,P10
4,493,682,261,2,1,3,1,P10
4,494,335,624,2,1,3,1,P10
4,495,155,348,1,2,3,1,P10
4,496,159,275,1,1,3,1,P10
4,497,312,237,1,1,3,1,P10
4,498,394,378,2,1,3,1,P10
4,499,350,375,2,1,3,1,P10
4,500,165,338,1,3,3,1,P10
4,501,388,248,2,1,3,1,P10
4,502,221,597,3,1,3,1,P10
4,503,171,784,1,1,3,1,P10
4,504,291,119,2,1,3,1,P10
4,505,221,479,1,1,3,1,P10
4,506,134,321,1,1,3,1,P10
4,507,55,383,1,2,3,1,P10
4,508,200,247,2,2,3,1,P10
4,509,334,535,1,1,3,1,P10
4,510,532,216,2,1,3,1,P10
4,511,68,427,1,1,3,1,P10
4,512,313,488,1,4,3,1,P10
4,513,461,484,3,1,3,1,P10
4,514,263,339,1,1,3,1,P10
4,515,75,424,1,3,3,1,P10
4,516,290,168,1,3,3,1,P10
4,517,91,589,1,1,3,1,P10
4,518,115,501,1,1,3,1,P10
4,519,109,342,1,1,3,1,P10
4,520,183,308,1,1,3,1,P10
4,521,280,663,1,1,3,1,P10
4,522,416,448,1,1,3,1,P10
4,523,186,257,2,1,3,1,P10
4,524,126,444,1,3,3,1,P10
4,525,87,628,1,1,3,1,P10
4,526,49,388,1,2,3,1,P10
4,527,160,626,1,1,3,1,P10
4,528,160,261,1,1,3,1,P10
4,529,335,507,2,1,3,1,P10
4,530,242,200,1,1,3,1,P10
4,531,340,609,1,1,3,1,P10
4,532,185,477,1,2,3,1,P10
4,533,449,245,1,1,3,1,P10
4,534,177,386,2,1,3,1,P10
4,535,148,275,1,1,3,1,P10
4,536,254,698,2,1,3,1,P10
4,537,105,571,1,1,3,1,P10
4,538,71,397,1,3,3,1,P10
4,539,206,200,3,1,3,1,P10
4,540,172,606,1,2,3,1,P10
4,541,292,571,2,1,3,1,P10
4,542,128,515,1,1,3,1,P10
4,543,431,255,1,1,3,1,P10
4,544,114,606,1,2,3,1,P10
4,545,329,279,4,1,3,1,P10
4,546,771,148,1,1,3,1,P10
4,547,130,662,1,1,3,1,P10
4,548,404,329,1,1,3,1,P10
4,549,307,581,2,2,3,1,P10
4,550,369,594,2,1,3,1,P10
4,551,519,182,2,1,3,1,P10
4,552,289,366,3,1,3,1,P10
4,553,164,794,1,1,3,1,P10
4,554,526,190,3,1,3,1,P10
4,555,136,433,1,2,3,1,P10
4,556,335,556,1,1,3,1,P10
4,557,667,222,4,1,3,1,P10
4,558,581,364,1,2,3,1,P10
4,559,210,267,1,1,3,1,P10
4,560,294,466,3,1,3,1,P10
4,561,122,306,1,1,3,1,P10
4,562,228,433,1,1,3,1,P10
4,563,274,656,1,1,3,1,P10
4,564,127,825,1,2,3,1,P10
4,565,549,414,2,1,3,1,P10
4,566,551,322,7,1,3,1,P10
4,567,168,480,1,1,3,1,P10
4,568,247,354,1,1,3,1,P10
4,569,334,372,1,1,3,1,P10
4,570,153,345,1,1,3,1,P10
4,571,84,388,1,1,3,1,P10
4,572,300,698,1,1,3,1,P10
4,573,166,358,1,1,3,1,P10
4,574,352,462,4,1,3,1,P10
4,575,338,630,1,1,3,1,P10
4,576,342,630,1,2,3,1,P10
4,577,252,167,2,1,3,1,P10
4,578,315,302,1,1,3,1,P10
4,579,158,464,2,1,3,1,P10
4,580,179,519,1,1,3,1,P10
4,581,540,142,2,1,3,1,P10
4,582,293,569,2,1,3,1,P10
4,583,110,563,1,2,3,1,P10
4,584,177,790,1,2,3,1,P10
4,585,95,846,1,3,3,1,P10
4,586,79,825,1,1,3,1,P10
4,587,117,756,1,2,3,1,P10
4,588,228,508,1,1,3,1,P10
4,589,388,351,1,1,3,1,P10
4,590,224,706,3,1,3,1,P10
4,591,277,599,1,1,3,1,P10
4,592,238,556,2,1,3,1,P10
4,593,443,506,1,1,3,1,P10
4,594,81,431,1,1,3,1,P10
4,595,177,440,1,1,3,1,P10
4,596,430,299,2,1,3,1,P10
4,597,259,206,1,1,3,1,P10
4,598,385,484,1,1,3,1,P10
4,599,253,173,1,1,3,1,P10
4,600,488,490,3,1,3,1,P10
4,601,208,592,1,2,3,1,P10
4,602,349,351,1,1,3,1,P10
4,603,365,471,2,1,3,1,P10
4,604,151,521,1,2,3,1,P10
4,605,110,322,1,1,3,1,P10
4,606,161,334,1,1,3,1,P10
4,607,101,391,1,1,3,1,P10
4,608,292,504,1,1,3,1,P10
4,609,432,369,1,1,3,1,P10
4,610,155,430,1,1,3,1,P10
4,611,410,377,1,1,3,1,P10
4,612,356,620,1,1,3,1,P10
4,613,263,246,1,1,3,1,P10
4,614,298,514,1,1,3,1,P10
4,615,241,163,2,1,3,1,P10
4,616,349,415,1,1,3,1,P10
4,617,67,853,1,1,3,1,P10
4,618,285,586,1,1,3,1,P10
4,619,495,327,3,1,3,1,P10
4,620,363,571,4,2,3,1,P10
4,621,181,501,1,1,3,1,P10
4,622,63,455,1,1,3,1,P10
4,623,218,376,3,1,3,1,P10
4,624,302,510,1,1,3,1,P10
4,625,189,651,1,1,3,1,P10
4,626,302,318,2,1,3,1,P10
4,627,260,372,1,1,3,1,P10
4,628,175,295,2,3,3,1,P10
4,629,304,642,2,1,3,1,P10
4,630,148,437,1,1,3,1,P10
4,631,205,665,1,2,3,1,P10
4,632,110,364,2,1,3,1,P10
4,633,288,403,1,1,3,1,P10
4,634,455,323,1,2,3,1,P10
4,635,415,513,1,1,3,1,P10
4,636,322,207,3,1,3,1,P10
4,637,210,266,3,3,3,1,P10
4,638,90,365,1,1,3,1,P10
4,639,226,194,1,1,3,1,P10
4,640,248,295,1,1,3,1,P10
4,641,248,732,1,1,3,1,P10
4,642,173,249,3,1,3,1,P10
4,643,226,452,2,1,3,1,P10
4,644,101,333,1,1,3,1,P10
4,645,244,193,3,1,3,1,P10
4,646,271,678,1,1,3,1,P10
4,647,234,598,1,1,3,1,P10
4,648,427,490,1,1,3,1,P10
4,649,159,604,2,1,3,1,P10
4,650,116,435,2,1,3,1,P10
4,651,187,698,1,2,3,1,P10
4,652,392,301,1,1,3,1,P10
4,653,65,386,1,1,3,1,P10
4,654,299,301,3,1,3,1,P10
4,655,79,427,1,1,3,1,P10
4,656,323,293,1,2,3,1,P10
4,657,502,371,2,1,3,1,P10
4,658,315,301,2,1,3,1,P10
4,659,467,189,1,1,3,1,P10
4,660,186,236,2,1,3,1,P10
4,661,194,505,1,1,3,1,P10
4,662,387,517,1,1,3,1,P10
4,663,176,614,1,1,3,1,P10
4,664,182,274,1,1,3,1,P10
4,665,91,542,2,1,3,1,P10
4,666,81,358,4,1,3,1,P10
4,667,258,658,1,1,3,1,P10
4,668,94,687,1,1,3,1,P10
4,669,526,424,1,1,3,1,P10
4,670,144,435,1,1,3,1,P10
4,671,195,455,1,1,3,1,P10
4,672,173,245,1,1,3,1,P10
4,673,168,404,1,1,3,1,P10
4,674,436,486,3,1,3,1,P10
4,675,187,613,1,1,3,1,P10
4,676,123,394,1,1,3,1,P10
4,677,83,406,1,2,3,1,P10
4,678,484,166,1,1,3,1,P10
4,679,116,520,1,1,3,1,P10
4,680,218,524,1,1,3,1,P10
4,681,168,572,1,2,3,1,P10
4,682,330,217,1,1,3,1,P10
4,683,235,489,1,1,3,1,P10
4,684,245,158,2,1,3,1,P10
4,685,420,271,2,1,3,1,P10
4,686,62,685,1,2,3,1,P10
4,687,364,423,1,1,3,1,P10
4,688,292,461,1,1,3,1,P10
4,689,355,608,1,1,3,1,P10
4,690,269,556,1,1,3,1,P10
4,691,145,481,1,1,3,1,P10
4,692,289,212,3,1,3,1,P10
4,693,590,216,1,1,3,1,P10
4,694,387,85,1,1,3,1,P10
4,695,38,391,1,1,3,1,P10
4,696,294,433,2,1,3,1,P10
4,697,591,388,1,1,3,1,P10
4,698,392,564,1,1,3,1,P10
4,699,101,743,1,1,3,1,P10
4,700,140,421,1,1,3,1,P10
4,701,162,627,2,1,3,1,P10
4,702,281,629,1,1,3,1,P10
4,703,117,333,1,1,3,1,P10
4,704,220,521,2,1,3,1,P10
4,705,320,342,2,2,3,1,P10
4,706,91,351,1,1,3,1,P10
4,707,240,455,1,1,3,1,P10
4,708,208,468,1,1,3,1,P10
4,709,251,494,1,2,3,1,P10
4,710,290,212,1,1,3,1,P10
4,711,337,595,1,2,3,1,P10
4,712,144,713,1,1,3,1,P10
4,713,174,274,1,1,3,1,P10
4,714,107,516,1,1,3,1,P10
4,715,545,277,1,1,3,1,P10
4,716,150,478,1,1,3,1,P10
4,717,118,397,1,1,3,1,P10
4,718,364,368,4,1,3,1,P10
4,719,62,493,1,1,3,1,P10
4,720,236,204,4,1,3,1,P10
4,721,246,698,1,1,3,1,P10
4,722,218,365,1,1,3,1,P10
4,723,425,538,2,1,3,1,P10
4,724,108,345,1,2,3,1,P10
4,725,242,745,1,1,3,1,P10
4,726,514,471,2,1,3,1,P10
4,727,315,310,2,1,3,1,P10
4,728,130,371,1,2,3,1,P10
4,729,88,321,1,1,3,1,P10
4,730,104,501,1,1,3,1,P10
4,731,586,386,2,1,3,1,P10
4,732,317,320,3,1,3,1,P10
4,733,333,576,1,1,3,1,P10
4,734,195,348,1,1,3,1,P10
4,735,164,345,1,1,3,1,P10
4,736,309,211,1,1,3,1,P10
4,737,116,286,2,1,3,1,P10
4,738,259,527,1,1,3,1,P10
4,739,208,356,1,1,3,1,P10
4,740,497,501,1,1,3,1,P10
4,741,128,666,1,1,3,1,P10
4,742,370,601,1,1,3,1,P10
4,743,373,197,1,1,3,1,P10
4,744,282,436,1,1,3,1,P10
4,745,472,172,1,1,3,1,P10
4,746,469,484,1,1,3,1,P10
4,747,140,509,1,1,3,1,P10
4,748,102,303,1,1,3,1,P10
4,749,103,350,2,3,3,1,P10
4,750,334,89,6,1,3,1,P10
4,751,520,430,2,1,3,1,P10
4,752,327,394,2,1,3,1,P10
4,753,92,424,2,1,3,1,P10
4,754,628,245,3,1,3,1,P10
4,755,161,312,2,1,3,1,P10
4,756,438,275,4,1,3,1,P10
4,757,537,330,3,1,3,1,P10
4,758,439,521,1,2,3,1,P10
4,759,312,338,2,1,3,1,P10
4,760,456,539,2,2,3,1,P10
4,761,108,885,1,2,3,1,P10
4,762,424,442,1,1,3,1,P10
4,763,248,460,1,1,3,1,P10
4,764,155,423,1,1,3,1,P10
4,765,125,373,1,1,3,1,P10
4,766,283,291,1,1,3,1,P10
4,767,94,335,1,2,3,1,P10
4,768,367,621,1,1,3,1,P10
4,769,268,237,1,1,3,1,P10
4,770,367,324,4,1,3,1,P10
4,771,140,482,1,1,3,1,P10
4,772,358,294,3,1,3,1,P10
4,773,58,561,1,1,3,1,P10
4,774,344,446,1,1,3,1,P10
4,775,223,327,1,1,3,1,P10
4,776,374,150,3,2,3,1,P10
4,777,50,373,1,2,3,1,P10
4,778,457,447,2,1,3,1,P10
4,779,395,306,4,2,3,1,P10
4,780,240,569,1,1,3,1,P10
4,781,198,378,1,2,3,1,P10
4,782,133,419,1,1,3,1,P10
4,783,95,321,1,1,3,1,P10
4,784,363,197,2,1,3,1,P10
4,785,156,347,1,1,3,1,P10
4,786,132,855,1,1,3,1,P10
4,787,366,495,1,2,3,1,P10
4,788,99,450,1,1,3,1,P10
4,789,110,569,1,1,3,1,P10
4,790,172,547,1,1,3,1,P10
4,791,337,274,1,1,3,1,P10
4,792,406,570,1,2,3,1,P10
4,793,305,334,1,1,3,1,P10
4,794,284,288,4,2,3,1,P10
4,795,466,434,1,1,3,1,P10
4,796,181,266,1,1,3,1,P10
4,797,360,276,1,2,3,1,P10
4,798,280,293,1,1,3,1,P10
4,799,188,396,1,1,3,1,P10
4,800,131,548,1,1,3,1,P10
4,801,316,276,1,1,3,1,P10
4,802,110,320,1,2,3,1,P10
4,803,197,442,1,1,3,1,P10
4,804,65,430,1,1,3,1,P10
4,805,373,407,1,1,3,1,P10
4,806,170,257,1,1,3,1,P10
4,807,196,208,3,1,3,1,P10
4,808,162,241,1,2,3,1,P10
4,809,170,296,1,3,3,1,P10
4,810,254,713,1,1,3,1,P10
4,811,242,278,3,2,3,1,P10
4,812,196,250,1,1,3,1,P10
4,813,310,353,1,1,3,1,P10
4,814,362,424,1,1,3,1,P10
4,815,132,379,2,1,3,1,P10
4,816,428,294,1,1,3,1,P10
4,817,174,511,1,1,3,1,P10
4,818,280,516,1,1,3,1,P10
4,819,239,632,1,1,3,1,P10
4,820,367,299,3,1,3,1,P10
4,821,247,302,1,1,3,1,P10
4,822,188,489,1,2,3,1,P10
4,823,271,408,1,1,3,1,P10
4,824,160,692,1,1,3,1,P10
4,825,636,268,1,1,3,1,P10
4,826,418,508,1,1,3,1,P10
4,827,248,305,2,1,3,1,P10
4,828,236,178,3,1,3,1,P10
4,829,265,212,4,2,3,1,P10
4,830,178,328,1,1,3,1,P10
4,831,306,241,2,1,3,1,P10
4,832,290,518,1,1,3,1,P10
4,833,222,608,1,1,3,1,P10
4,834,124,612,3,1,3,1,P10
4,835,142,276,1,2,3,1,P10
4,836,187,214,1,1,3,1,P10
4,837,168,259,1,1,3,1,P10
4,838,222,519,1,1,3,1,P10
4,839,210,229,4,4,3,1,P10
4,840,178,472,3,1,3,1,P10
4,841,427,521,1,1,3,1,P10
4,842,100,351,1,1,3,1,P10
4,843,350,370,1,1,3,1,P10
4,844,215,347,3,1,3,1,P10
4,845,197,410,2,1,3,1,P10
4,846,247,576,1,1,3,1,P10
4,847,196,241,1,1,3,1,P10
4,848,219,553,4,2,3,1,P10
4,849,211,554,1,1,3,1,P10
4,850,169,242,1,1,3,1,P10
4,851,334,143,3,1,3,1,P10
4,852,542,243,1,1,3,1,P10
4,853,169,315,4,2,3,1,P10
4,854,343,370,3,2,3,1,P10
4,855,101,329,1,1,3,1,P10
4,856,308,337,1,1,3,1,P10
4,857,481,226,2,1,3,1,P10
4,858,198,586,1,1,3,1,P10
4,859,296,582,1,1,3,1,P10
4,860,127,525,1,1,3,1,P10
4,861,552,416,5,1,3,1,P10
4,862,103,809,1,1,3,1,P10
4,863,141,381,1,1,3,1,P10
4,864,220,480,1,1,3,1,P10
4,865,341,648,1,1,3,1,P10
4,866,301,273,4,2,3,1,P10
4,867,332,438,2,1,3,1,P10
4,868,148,368,1,1,3,1,P10
4,869,236,658,1,1,3,1,P10
4,870,431,350,5,1,3,1,P10
4,871,252,592,1,1,3,1,P10
4,872,264,401,2,1,3,1,P10
4,873,201,713,1,1,3,1,P10
4,874,453,412,4,1,3,1,P10
4,875,222,522,1,1,3,1,P10
4,876,125,412,1,1,3,1,P10
4,877,135,330,1,1,3,1,P10
4,878,68,385,2,1,3,1,P10
4,879,268,702,1,1,3,1,P10
4,880,155,712,2,1,3,1,P10
4,881,107,720,1,1,3,1,P10
4,882,155,609,1,1,3,1,P10
4,883,409,458,5,1,3,1,P10
4,884,137,394,1,2,3,1,P10
4,885,248,712,1,1,3,1,P10
4,886,165,370,3,1,3,1,P10
4,887,115,848,1,1,3,1,P10
4,888,281,652,1,2,3,1,P10
4,889,321,377,1,2,3,1,P10
4,890,53,588,1,1,3,1,P10
4,891,94,382,1,1,3,1,P10
4,892,512,418,1,1,3,1,P10
4,893,168,309,1,1,3,1,P10
4,894,452,281,2,1,3,1,P10
4,895,147,817,1,2,3,1,P10
4,896,133,361,1,1,3,1,P10
4,897,72,393,1,1,3,1,P10
4,898,272,656,1,2,3,1,P10
4,899,237,275,1,1,3,1,P10
4,900,145,285,3,1,3,1,P10
4,901,305,394,1,3,3,1,P10
4,902,330,628,1,1,3,1,P10
4,903,209,391,2,1,3,1,P10
4,904,160,473,1,1,3,1,P10
4,905,406,571,1,3,3,1,P10
4,906,406,588,2,1,3,1,P10
4,907,411,378,3,1,3,1,P10
4,908,414,399,2,1,3,1,P10
4,909,289,446,1,1,3,1,P10
4,910,333,571,1,1,3,1,P10
4,911,421,263,1,1,3,1,P10
4,912,176,632,1,1,3,1,P10
4,913,252,468,1,1,3,1,P10
4,914,264,160,1,1,3,1,P10
4,915,130,453,1,2,3,1,P10
4,916,147,389,2,1,3,1,P10
4,917,261,429,1,1,3,1,P10
4,918,376,226,1,1,3,1,P10
4,919,492,379,1,1,3,1,P10
4,920,123,465,1,2,3,1,P10
4,921,195,779,2,1,3,1,P10
4,922,267,534,2,1,3,1,P10
4,923,148,833,1,1,3,1,P10
4,924,268,376,1,1,3,1,P10
4,925,288,689,2,1,3,1,P10
4,926,626,360,7,1,3,1,P10
4,927,334,408,1,1,3,1,P10
4,928,125,373,1,1,3,1,P10
4,929,200,297,1,1,3,1,P10
4,930,266,270,1,1,3,1,P10
4,931,470,455,1,2,3,1,P10
4,932,120,727,1,1,3,1,P10
4,933,124,755,1,1,3,1,P10
4,934,212,307,3,1,3,1,P10
4,935,321,533,1,1,3,1,P10
4,936,163,343,1,1,3,1,P10
4,937,470,397,1,1,3,1,P10
4,938,382,368,2,1,3,1,P10
4,939,353,474,1,1,3,1,P10
4,940,179,341,1,1,3,1,P10
4,941,310,336,4,1,3,1,P10
4,942,312,173,1,1,3,1,P10
4,943,163,655,1,1,3,1,P10
4,944,446,433,1,1,3,1,P10
4,945,116,788,2,1,3,1,P10
4,946,90,746,1,1,3,1,P10
4,947,541,330,2,1,3,1,P10
4,948,340,478,1,1,3,1,P10
4,949,295,588,1,1,3,1,P10
4,950,395,495,3,1,3,1,P10
4,951,80,636,1,4,3,1,P10
4,952,239,263,1,1,3,1,P10
4,953,302,634,1,1,3,1,P10
4,954,276,295,1,1,3,1,P10
4,955,185,436,1,1,3,1,P10
4,956,122,489,1,1,3,1,P10
4,957,283,178,1,1,3,1,P10
4,958,222,268,1,1,3,1,P10
4,959,516,409,1,2,3,1,P10
4,960,297,553,1,1,3,1,P10
4,961,108,554,1,4,3,1,P10
4,962,313,479,2,1,3,1,P10
4,963,191,690,1,1,3,1,P10
4,964,194,542,1,1,3,1,P10
4,965,314,425,2,2,3,1,P10
4,966,370,319,3,1,3,1,P10
4,967,547,209,2,1,3,1,P10
4,968,123,444,1,1,3,1,P10
4,969,192,327,2,1,3,1,P10
4,970,101,367,1,1,3,1,P10
4,971,198,274,1,1,3,1,P10
4,972,191,239,1,2,3,1,P10
4,973,196,733,1,1,3,1,P10
4,974,271,496,1,1,3,1,P10
4,975,367,399,3,1,3,1,P10
4,976,48,493,1,1,3,1,P10
4,977,111,418,1,1,3,1,P10
4,978,245,175,2,2,3,1,P10
4,979,132,411,1,1,3,1,P10
4,980,356,309,1,1,3,1,P10
4,981,152,349,1,1,3,1,P10
4,982,212,575,1,1,3,1,P10
4,983,249,725,1,1,3,1,P10
4,984,267,445,1,1,3,1,P10
4,985,172,383,1,1,3,1,P10
4,986,293,329,2,1,3,1,P10
4,987,164,566,1,1,3,1,P10
4,988,219,694,2,1,3,1,P10
4,989,229,277,1,1,3,1,P10
4,990,157,730,1,1,3,1,P10
4,991,340,363,2,1,3,1,P10
4,992,407,425,1,1,3,1,P10
4,993,134,770,1,2,3,1,P10
4,994,169,293,1,1,3,1,P10
4,995,534,255,4,1,3,1,P10
4,996,524,427,1,1,3,1,P10
4,997,421,493,2,1,3,1,P10
4,998,111,368,3,2,3,1,P10
4,999,414,520,1,1,3,1,P10
4,1000,142,310,1,1,3,1,P10
5,1,421,453,3,1,9,1,P10
5,2,431,212,9,1,9,1,P10
5,3,313,361,6,1,9,1,P10
5,4,496,70,5,1,9,1,P10
5,5,363,501,2,1,9,1,P10
5,6,563,416,7,1,9,1,P10
5,7,351,231,4,1,9,1,P10
5,8,454,158,7,1,9,1,P10
5,9,585,301,10,1,9,1,P10
5,10,432,403,3,1,9,1,P10
5,11,289,371,3,1,9,1,P10
5,12,204,276,4,1,9,1,P10
5,13,484,211,3,1,9,1,P10
5,14,480,288,10,1,9,1,P10
5,15,292,369,3,1,9,1,P10
5,16,312,159,3,1,9,1,P10
5,17,244,248,9,1,9,1,P10
5,18,183,252,3,1,9,1,P10
5,19,542,250,9,1,9,1,P10
5,20,261,244,7,1,9,1,P10
5,21,522,266,2,1,9,1,P10
5,22,716,272,9,1,9,1,P10
5,23,128,453,1,1,9,1,P10
5,24,560,333,5,1,9,1,P10
5,25,401,123,8,1,9,1,P10
5,26,556,367,5,1,9,1,P10
5,27,127,559,5,1,9,1,P10
5,28,267,197,7,1,9,1,P10
5,29,301,207,4,1,9,1,P10
5,30,461,228,4,1,9,1,P10
5,31,285,352,1,1,9,1,P10
5,32,177,585,3,1,9,1,P10
5,33,409,168,4,1,9,1,P10
5,34,146,380,1,1,9,1,P10
5,35,359,286,3,1,9,1,P10
5,36,506,392,5,1,9,1,P10
5,37,316,459,4,1,9,1,P10
5,38,279,377,2,1,9,1,P10
5,39,345,257,1,1,9,1,P10
5,40,400,133,5,1,9,1,P10
5,41,403,161,8,1,9,1,P10
5,42,159,429,3,1,9,1,P10
5,43,434,523,3,4,9,1,P10
5,44,257,443,2,1,9,1,P10
5,45,296,369,7,1,9,1,P10
5,46,230,318,2,1,9,1,P10
5,47,470,402,4,1,9,1,P10
5,48,85,382,1,1,9,1,P10
5,49,224,344,4,1,9,1,P10
5,50,258,496,2,2,9,1,P10
5,51,231,365,3,1,9,1,P10
5,52,364,362,7,1,9,1,P10
5,53,333,126,3,1,9,1,P10
5,54,238,279,6,1,9,1,P10
5,55,513,270,4,1,9,1,P10
5,56,90,318,1,1,9,1,P10
5,57,413,354,6,1,9,1,P10
5,58,774,220,4,1,9,1,P10
5,59,269,501,3,2,9,1,P10
5,60,224,336,1,1,9,1,P10
5,61,527,362,1,1,9,1,P10
5,62,433,285,5,2,9,1,P10
5,63,142,395,3,1,9,1,P10
5,64,262,383,5,1,9,1,P10
5,65,362,67,8,1,9,1,P10
5,66,420,524,4,1,9,1,P10
5,67,314,160,9,1,9,1,P10
5,68,133,466,2,1,9,1,P10
5,69,418,546,5,2,9,1,P10
5,70,319,680,2,1,9,1,P10
5,71,366,284,7,1,9,1,P10
5,72,400,370,2,1,9,1,P10
5,73,283,305,3,1,9,1,P10
5,74,464,104,11,1,9,1,P10
5,75,410,286,5,1,9,1,P10
5,76,205,612,3,1,9,1,P10
5,77,249,308,4,1,9,1,P10
5,78,437,182,12,1,9,1,P10
5,79,393,147,5,1,9,1,P10
5,80,433,175,5,1,9,1,P10
5,81,438,244,7,1,9,1,P10
5,82,531,456,6,2,9,1,P10
5,83,275,311,9,1,9,1,P10
5,84,246,313,4,1,9,1,P10
5,85,159,346,2,2,9,1,P10
5,86,407,368,6,1,9,1,P10
5,87,120,866,1,5,9,1,P10
5,88,200,520,2,1,9,1,P10
5,89,315,405,4,1,9,1,P10
5,90,324,237,5,1,9,1,P10
5,91,273,130,8,1,9,1,P10
5,92,256,592,1,1,9,1,P10
5,93,340,576,5,1,9,1,P10
5,94,252,183,8,1,9,1,P10
5,95,750,238,13,1,9,1,P10
5,96,377,188,8,1,9,1,P10
5,97,252,530,5,1,9,1,P10
5,98,253,419,6,1,9,1,P10
5,99,378,189,6,1,9,1,P10
5,100,180,258,5,1,9,1,P10
5,101,394,272,6,1,9,1,P10
5,102,358,392,8,1,9,1,P10
5,103,237,199,4,1,9,1,P10
5,104,288,616,1,1,9,1,P10
5,105,516,420,7,1,9,1,P10
5,106,491,424,1,2,9,1,P10
5,107,475,468,3,1,9,1,P10
5,108,287,347,2,1,9,1,P10
5,109,630,199,7,1,9,1,P10
5,110,303,618,3,1,9,1,P10
5,111,343,460,4,1,9,1,P10
5,112,317,470,3,1,9,1,P10
5,113,441,115,8,1,9,1,P10
5,114,535,447,5,1,9,1,P10
5,115,393,228,3,1,9,1,P10
5,116,630,313,4,1,9,1,P10
5,117,300,461,5,1,9,1,P10
5,118,389,246,4,1,9,1,P10
5,119,236,226,2,1,9,1,P10
5,120,424,331,8,1,9,1,P10
5,121,252,347,5,1,9,1,P10
5,122,317,255,8,2,9,1,P10
5,123,552,358,4,1,9,1,P10
5,124,672,284,11,1,9,1,P10
5,125,300,288,5,2,9,1,P10
5,126,592,320,8,1,9,1,P10
5,127,522,71,9,1,9,1,P10
5,128,373,274,8,1,9,1,P10
5,129,244,323,6,1,9,1,P10
5,130,119,527,1,3,9,1,P10
5,131,274,471,6,1,9,1,P10
5,132,439,459,2,1,9,1,P10
5,133,673,88,8,1,9,1,P10
5,134,474,287,3,2,9,1,P10
5,135,383,254,5,1,9,1,P10
5,136,484,322,5,1,9,1,P10
5,137,354,571,4,1,9,1,P10
5,138,497,71,4,1,9,1,P10
5,139,799,176,6,1,9,1,P10
5,140,178,447,2,1,9,1,P10
5,141,226,196,5,1,9,1,P10
5,142,219,252,2,1,9,1,P10
5,143,390,437,1,1,9,1,P10
5,144,316,495,2,1,9,1,P10
5,145,202,210,3,2,9,1,P10
5,146,191,686,1,1,9,1,P10
5,147,485,196,3,1,9,1,P10
5,148,315,327,6,1,9,1,P10
5,149,745,146,9,2,9,1,P10
5,150,406,258,9,1,9,1,P10
5,151,592,223,7,1,9,1,P10
5,152,539,329,3,1,9,1,P10
5,153,199,458,1,1,9,1,P10
5,154,557,403,5,1,9,1,P10
5,155,322,499,2,1,9,1,P10
5,156,636,190,5,1,9,1,P10
5,157,87,381,1,1,9,1,P10
5,158,382,129,8,1,9,1,P10
5,159,157,254,4,1,9,1,P10
5,160,447,392,7,1,9,1,P10
5,161,386,332,10,1,9,1,P10
5,162,184,712,3,2,9,1,P10
5,163,405,305,8,1,9,1,P10
5,164,390,212,6,1,9,1,P10
5,165,444,301,9,1,9,1,P10
5,166,174,367,5,1,9,1,P10
5,167,535,362,4,1,9,1,P10
5,168,327,192,4,1,9,1,P10
5,169,129,271,4,1,9,1,P10
5,170,279,474,2,3,9,1,P10
5,171,480,421,6,1,9,1,P10
5,172,203,266,4,1,9,1,P10
5,173,155,257,7,1,9,1,P10
5,174,510,362,6,1,9,1,P10
5,175,396,447,4,1,9,1,P10
5,176,633,290,5,1,9,1,P10
5,177,357,588,4,1,9,1,P10
5,178,481,197,8,1,9,1,P10
5,179,467,251,4,1,9,1,P10
5,180,373,279,6,1,9,1,P10
5,181,550,428,5,1,9,1,P10
5,182,217,604,2,1,9,1,P10
5,183,165,334,2,1,9,1,P10
5,184,232,634,2,1,9,1,P10
5,185,265,628,3,1,9,1,P10
5,186,197,266,7,1,9,1,P10
5,187,92,394,2,1,9,1,P10
5,188,460,279,2,1,9,1,P10
5,189,352,470,4,4,9,1,P10
5,190,675,185,5,1,9,1,P10
5,191,576,371,1,1,9,1,P10
5,192,224,223,5,1,9,1,P10
5,193,371,285,3,1,9,1,P10
5,194,237,326,4,2,9,1,P10
5,195,390,351,4,1,9,1,P10
5,196,491,283,5,2,9,1,P10
5,197,347,341,6,2,9,1,P10
5,198,287,252,3,1,9,1,P10
5,199,172,282,5,2,9,1,P10
5,200,136,364,2,1,9,1,P10
5,201,506,172,4,1,9,1,P10
5,202,260,463,8,1,9,1,P10
5,203,307,440,5,2,9,1,P10
5,204,266,300,8,1,9,1,P10
5,205,672,86,6,1,9,1,P10
5,206,487,338,4,1,9,1,P10
5,207,238,431,7,1,9,1,P10
5,208,312,520,4,1,9,1,P10
5,209,155,568,1,1,9,1,P10
5,210,246,619,2,1,9,1,P10
5,211,399,119,11,1,9,1,P10
5,212,721,185,5,1,9,1,P10
5,213,726,126,8,1,9,1,P10
5,214,323,131,5,1,9,1,P10
5,215,244,497,3,1,9,1,P10
5,216,287,664,7,1,9,1,P10
5,217,715,205,5,1,9,1,P10
5,218,495,427,5,1,9,1,P10
5,219,72,335,1,2,9,1,P10
5,220,531,154,8,1,9,1,P10
5,221,390,597,2,1,9,1,P10
5,222,562,357,4,1,9,1,P10
5,223,146,584,1,1,9,1,P10
5,224,349,269,6,1,9,1,P10
5,225,462,393,8,1,9,1,P10
5,226,231,383,7,1,9,1,P10
5,227,299,324,6,1,9,1,P10
5,228,521,334,8,1,9,1,P10
5,229,304,484,3,1,9,1,P10
5,230,579,341,9,1,9,1,P10
5,231,223,506,4,1,9,1,P10
5,232,290,591,3,2,9,1,P10
5,233,412,408,3,1,9,1,P10
5,234,240,435,2,1,9,1,P10
5,235,266,250,9,1,9,1,P10
5,236,298,152,9,1,9,1,P10
5,237,525,313,7,1,9,1,P10
5,238,405,202,5,1,9,1,P10
5,239,251,160,4,1,9,1,P10
5,240,356,259,4,1,9,1,P10
5,241,499,364,5,1,9,1,P10
5,242,692,301,2,1,9,1,P10
5,243,544,327,3,1,9,1,P10
5,244,398,193,6,2,9,1,P10
5,245,304,373,5,1,9,1,P10
5,246,375,396,11,1,9,1,P10
5,247,217,293,7,1,9,1,P10
5,248,307,685,3,1,9,1,P10
5,249,278,334,5,1,9,1,P10
5,250,175,554,1,1,9,1,P10
5,251,278,454,2,1,9,1,P10
5,252,453,308,3,1,9,1,P10
5,253,315,273,5,1,9,1,P10
5,254,324,469,4,1,9,1,P10
5,255,315,424,3,1,9,1,P10
5,256,340,156,3,1,9,1,P10
5,257,158,294,1,1,9,1,P10
5,258,259,145,7,1,9,1,P10
5,259,623,203,10,1,9,1,P10
5,260,235,368,5,2,9,1,P10
5,261,115,303,4,1,9,1,P10
5,262,372,114,7,1,9,1,P10
5,263,661,287,6,1,9,1,P10
5,264,186,242,5,1,9,1,P10
5,265,409,375,7,1,9,1,P10
5,266,371,353,4,1,9,1,P10
5,267,285,122,6,1,9,1,P10
5,268,232,183,5,2,9,1,P10
5,269,459,416,5,1,9,1,P10
5,270,366,278,4,1,9,1,P10
5,271,462,345,6,1,9,1,P10
5,272,291,204,6,1,9,1,P10
5,273,448,58,6,1,9,1,P10
5,274,438,501,4,1,9,1,P10
5,275,293,130,3,1,9,1,P10
5,276,145,273,1,1,9,1,P10
5,277,200,364,2,2,9,1,P10
5,278,236,200,3,2,9,1,P10
5,279,224,347,3,1,9,1,P10
5,280,220,284,6,1,9,1,P10
5,281,408,219,7,1,9,1,P10
5,282,625,212,10,1,9,1,P10
5,283,341,224,1,1,9,1,P10
5,284,230,210,2,1,9,1,P10
5,285,687,104,3,1,9,1,P10
5,286,369,180,6,1,9,1,P10
5,287,168,480,5,1,9,1,P10
5,288,296,473,5,2,9,1,P10
5,289,762,227,5,1,9,1,P10
5,290,382,598,2,1,9,1,P10
5,291,217,189,7,2,9,1,P10
5,292,261,213,6,1,9,1,P10
5,293,517,255,5,1,9,1,P10
5,294,329,193,5,1,9,1,P10
5,295,558,318,4,1,9,1,P10
5,296,261,517,6,1,9,1,P10
5,297,261,556,2,1,9,1,P10
5,298,176,346,2,1,9,1,P10
5,299,342,164,5,1,9,1,P10
5,300,759,232,5,1,9,1,P10
5,301,227,605,2,1,9,1,P10
5,302,253,559,2,1,9,1,P10
5,303,349,375,2,1,9,1,P10
5,304,254,268,2,1,9,1,P10
5,305,440,399,3,1,9,1,P10
5,306,639,269,5,1,9,1,P10
5,307,277,412,3,1,9,1,P10
5,308,288,391,1,1,9,1,P10
5,309,334,304,8,2,9,1,P10
5,310,726,122,8,1,9,1,P10
5,311,386,109,7,1,9,1,P10
5,312,292,265,5,1,9,1,P10
5,313,288,165,5,1,9,1,P10
5,314,240,210,3,1,9,1,P10
5,315,203,286,4,1,9,1,P10
5,316,351,601,4,1,9,1,P10
5,317,401,352,3,1,9,1,P10
5,318,701,276,8,2,9,1,P10
5,319,452,125,5,1,9,1,P10
5,320,435,126,6,1,9,1,P10
5,321,513,348,8,2,9,1,P10
5,322,399,281,7,1,9,1,P10
5,323,301,462,2,1,9,1,P10
5,324,468,317,3,1,9,1,P10
5,325,527,422,3,2,9,1,P10
5,326,153,469,1,1,9,1,P10
5,327,293,638,2,1,9,1,P10
5,328,255,226,7,2,9,1,P10
5,329,393,279,4,1,9,1,P10
5,330,485,378,5,2,9,1,P10
5,331,153,283,3,1,9,1,P10
5,332,464,297,5,2,9,1,P10
5,333,499,209,6,1,9,1,P10
5,334,473,306,3,1,9,1,P10
5,335,626,223,8,1,9,1,P10
5,336,286,176,8,1,9,1,P10
5,337,248,384,2,1,9,1,P10
5,338,211,192,5,1,9,1,P10
5,339,502,332,12,1,9,1,P10
5,340,400,370,8,1,9,1,P10
5,341,708,198,5,1,9,1,P10
5,342,402,200,10,1,9,1,P10
5,343,223,177,2,1,9,1,P10
5,344,234,268,8,1,9,1,P10
5,345,187,266,4,1,9,1,P10
5,346,173,232,4,1,9,1,P10
5,347,334,327,6,1,9,1,P10
5,348,364,208,4,1,9,1,P10
5,349,291,499,1,2,9,1,P10
5,350,157,549,2,1,9,1,P10
5,351,141,286,4,1,9,1,P10
5,352,384,98,10,1,9,1,P10
5,353,495,316,8,1,9,1,P10
5,354,437,340,3,1,9,1,P10
5,355,642,81,7,1,9,1,P10
5,356,238,434,3,1,9,1,P10
5,357,390,469,1,1,9,1,P10
5,358,762,214,9,1,9,1,P10
5,359,247,397,3,1,9,1,P10
5,360,638,278,7,1,9,1,P10
5,361,359,218,5,1,9,1,P10
5,362,483,260,7,1,9,1,P10
5,363,129,301,4,1,9,1,P10
5,364,186,456,2,1,9,1,P10
5,365,708,144,10,1,9,1,P10
5,366,378,511,2,1,9,1,P10
5,367,395,349,4,1,9,1,P10
5,368,294,272,2,1,9,1,P10
5,369,291,262,5,1,9,1,P10
5,370,485,154,5,1,9,1,P10
5,371,431,377,4,1,9,1,P10
5,372,433,397,5,1,9,1,P10
5,373,345,320,1,1,9,1,P10
5,374,148,324,3,1,9,1,P10
5,375,419,417,6,1,9,1,P10
5,376,214,767,1,1,9,1,P10
5,377,283,308,3,1,9,1,P10
5,378,404,490,6,1,9,1,P10
5,379,250,535,1,1,9,1,P10
5,380,339,128,7,1,9,1,P10
5,381,402,285,5,1,9,1,P10
5,382,460,279,5,1,9,1,P10
5,383,698,201,6,1,9,1,P10
5,384,260,413,2,1,9,1,P10
5,385,686,225,7,1,9,1,P10
5,386,348,362,5,1,9,1,P10
5,387,316,389,5,1,9,1,P10
5,388,557,329,7,1,9,1,P10
5,389,384,448,1,1,9,1,P10
5,390,184,272,4,1,9,1,P10
5,391,357,448,5,1,9,1,P10
5,392,377,326,5,1,9,1,P10
5,393,134,341,5,4,9,1,P10
5,394,599,357,5,2,9,1,P10
5,395,654,281,11,1,9,1,P10
5,396,496,332,5,1,9,1,P10
5,397,310,374,5,1,9,1,P10
5,398,579,140,10,1,9,1,P10
5,399,359,309,4,1,9,1,P10
5,400,161,335,3,2,9,1,P10
5,401,212,482,3,1,9,1,P10
5,402,521,188,6,1,9,1,P10
5,403,617,215,9,1,9,1,P10
5,404,283,317,8,1,9,1,P10
5,405,240,416,1,1,9,1,P10
5,406,579,311,7,1,9,1,P10
5,407,631,269,7,1,9,1,P10
5,408,264,318,4,1,9,1,P10
5,409,191,335,3,1,9,1,P10
5,410,238,498,5,1,9,1,P10
5,411,85,849,1,1,9,1,P10
5,412,336,335,6,1,9,1,P10
5,413,213,385,3,1,9,1,P10
5,414,659,230,11,1,9,1,P10
5,415,476,126,5,1,9,1,P10
5,416,565,260,1,1,9,1,P10
5,417,543,161,5,1,9,1,P10
5,418,236,683,4,3,9,1,P10
5,419,144,600,1,1,9,1,P10
5,420,302,244,5,1,9,1,P10
5,421,356,479,2,1,9,1,P10
5,422,302,474,4,2,9,1,P10
5,423,427,261,2,1,9,1,P10
5,424,272,328,3,1,9,1,P10
5,425,712,265,6,2,9,1,P10
5,426,525,283,3,1,9,1,P10
5,427,336,260,2,1,9,1,P10
5,428,326,338,8,1,9,1,P10
5,429,285,334,6,1,9,1,P10
5,430,696,232,8,1,9,1,P10
5,431,599,118,8,1,9,1,P10
5,432,214,270,1,1,9,1,P10
5,433,173,513,1,1,9,1,P10
5,434,345,243,6,1,9,1,P10
5,435,87,371,4,1,9,1,P10
5,436,270,174,6,1,9,1,P10
5,437,616,371,6,1,9,1,P10
5,438,283,442,4,1,9,1,P10
5,439,214,259,3,1,9,1,P10
5,440,760,138,7,1,9,1,P10
5,441,219,303,5,1,9,1,P10
5,442,138,432,4,1,9,1,P10
5,443,261,232,8,1,9,1,P10
5,444,402,153,5,1,9,1,P10
5,445,271,242,5,1,9,1,P10
5,446,452,229,6,1,9,1,P10
5,447,475,131,8,1,9,1,P10
5,448,425,273,5,1,9,1,P10
5,449,637,286,9,1,9,1,P10
5,450,73,330,1,1,9,1,P10
5,451,443,476,5,1,9,1,P10
5,452,250,209,8,1,9,1,P10
5,453,264,429,6,1,9,1,P10
5,454,293,536,2,1,9,1,P10
5,455,285,237,5,2,9,1,P10
5,456,336,266,6,2,9,1,P10
5,457,638,223,7,1,9,1,P10
5,458,462,318,6,1,9,1,P10
5,459,301,367,4,1,9,1,P10
5,460,337,634,2,1,9,1,P10
5,461,385,288,9,1,9,1,P10
5,462,258,187,8,1,9,1,P10
5,463,394,75,5,1,9,1,P10
5,464,285,321,5,1,9,1,P10
5,465,583,283,6,1,9,1,P10
5,466,345,136,7,1,9,1,P10
5,467,357,497,7,1,9,1,P10
5,468,138,794,1,1,9,1,P10
5,469,174,323,2,2,9,1,P10
5,470,163,502,4,1,9,1,P10
5,471,414,385,5,1,9,1,P10
5,472,745,167,11,1,9,1,P10
5,473,480,436,2,1,9,1,P10
5,474,193,534,4,1,9,1,P10
5,475,273,429,6,1,9,1,P10
5,476,357,546,3,1,9,1,P10
5,477,590,214,4,1,9,1,P10
5,478,335,168,6,1,9,1,P10
5,479,353,202,3,1,9,1,P10
5,480,541,426,8,1,9,1,P10
5,481,301,529,2,1,9,1,P10
5,482,464,382,4,2,9,1,P10
5,483,153,505,3,1,9,1,P10
5,484,374,420,3,1,9,1,P10
5,485,469,375,7,1,9,1,P10
5,486,122,718,1,1,9,1,P10
5,487,239,474,3,1,9,1,P10
5,488,722,264,7,1,9,1,P10
5,489,498,281,7,3,9,1,P10
5,490,309,237,6,1,9,1,P10
5,491,291,474,6,1,9,1,P10
5,492,454,232,3,1,9,1,P10
5,493,602,218,6,1,9,1,P10
5,494,294,182,3,1,9,1,P10
5,495,412,469,4,1,9,1,P10
5,496,213,234,4,1,9,1,P10
5,497,428,104,8,1,9,1,P10
5,498,372,520,3,1,9,1,P10
5,499,170,250,3,1,9,1,P10
5,500,605,239,6,1,9,1,P10
5,501,621,134,9,1,9,1,P10
5,502,670,127,9,1,9,1,P10
5,503,421,183,5,1,9,1,P10
5,504,195,461,4,1,9,1,P10
5,505,367,244,4,1,9,1,P10
5,506,647,261,5,1,9,1,P10
5,507,332,422,4,1,9,1,P10
5,508,326,265,4,1,9,1,P10
5,509,162,240,3,1,9,1,P10
5,510,322,527,3,1,9,1,P10
5,511,299,167,6,1,9,1,P10
5,512,181,359,5,1,9,1,P10
5,513,437,255,3,1,9,1,P10
5,514,192,425,4,1,9,1,P10
5,515,626,361,8,1,9,1,P10
5,516,156,326,2,1,9,1,P10
5,517,291,605,4,1,9,1,P10
5,518,508,386,5,1,9,1,P10
5,519,192,232,5,1,9,1,P10
5,520,124,326,3,2,9,1,P10
5,521,472,104,10,1,9,1,P10
5,522,556,200,7,1,9,1,P10
5,523,403,198,10,1,9,1,P10
5,524,140,296,2,1,9,1,P10
5,525,522,193,5,1,9,1,P10
5,526,222,452,3,1,9,1,P10
5,527,219,294,1,1,9,1,P10
5,528,334,555,5,1,9,1,P10
5,529,405,361,5,1,9,1,P10
5,530,210,527,1,1,9,1,P10
5,531,705,252,5,1,9,1,P10
5,532,181,220,9,1,9,1,P10
5,533,139,290,4,1,9,1,P10
5,534,156,380,1,1,9,1,P10
5,535,138,456,1,1,9,1,P10
5,536,283,549,3,1,9,1,P10
5,537,374,229,3,1,9,1,P10
5,538,396,270,2,1,9,1,P10
5,539,309,92,6,1,9,1,P10
5,540,351,161,6,1,9,1,P10
5,541,376,364,1,1,9,1,P10
5,542,559,256,3,1,9,1,P10
5,543,280,172,10,1,9,1,P10
5,544,551,299,6,1,9,1,P10
5,545,141,424,6,1,9,1,P10
5,546,204,299,4,1,9,1,P10
5,547,628,252,9,1,9,1,P10
5,548,223,434,1,1,9,1,P10
5,549,294,427,1,1,9,1,P10
5,550,412,297,6,1,9,1,P10
5,551,351,75,5,1,9,1,P10
5,552,570,349,9,1,9,1,P10
5,553,304,294,6,1,9,1,P10
5,554,603,394,2,1,9,1,P10
5,555,243,357,2,1,9,1,P10
5,556,323,147,4,1,9,1,P10
5,557,259,195,6,1,9,1,P10
5,558,694,261,4,1,9,1,P10
5,559,443,365,10,1,9,1,P10
5,560,615,249,8,1,9,1,P10
5,561,203,360,2,1,9,1,P10
5,562,310,146,12,1,9,1,P10
5,563,494,470,6,1,9,1,P10
5,564,409,311,7,1,9,1,P10
5,565,365,126,4,1,9,1,P10
5,566,409,451,8,1,9,1,P10
5,567,194,255,5,1,9,1,P10
5,568,283,271,1,1,9,1,P10
5,569,241,666,2,1,9,1,P10
5,570,722,249,8,1,9,1,P10
5,571,213,634,2,1,9,1,P10
5,572,564,285,4,1,9,1,P10
5,573,631,365,6,1,9,1,P10
5,574,404,454,1,1,9,1,P10
5,575,626,238,7,1,9,1,P10
5,576,459,161,12,1,9,1,P10
5,577,161,252,3,1,9,1,P10
5,578,424,175,7,2,9,1,P10
5,579,325,197,7,1,9,1,P10
5,580,513,110,6,1,9,1,P10
5,581,463,242,10,1,9,1,P10
5,582,391,352,7,1,9,1,P10
5,583,571,278,4,1,9,1,P10
5,584,413,221,3,1,9,1,P10
5,585,268,707,4,1,9,1,P10
5,586,583,310,7,1,9,1,P10
5,587,273,295,1,1,9,1,P10
5,588,343,241,7,1,9,1,P10
5,589,411,253,5,1,9,1,P10
5,590,603,233,5,1,9,1,P10
5,591,144,606,4,1,9,1,P10
5,592,208,275,3,1,9,1,P10
5,593,455,73,10,1,9,1,P10
5,594,548,78,4,1,9,1,P10
5,595,224,370,7,1,9,1,P10
5,596,461,222,7,1,9,1,P10
5,597,355,353,2,1,9,1,P10
5,598,265,152,4,1,9,1,P10
5,599,381,149,8,1,9,1,P10
5,600,646,327,7,1,9,1,P10
5,601,498,240,2,1,9,1,P10
5,602,368,622,6,1,9,1,P10
5,603,205,247,3,1,9,1,P10
5,604,498,407,12,1,9,1,P10
5,605,689,113,8,1,9,1,P10
5,606,485,447,4,1,9,1,P10
5,607,208,236,1,1,9,1,P10
5,608,397,522,2,1,9,1,P10
5,609,324,170,7,1,9,1,P10
5,610,339,623,2,1,9,1,P10
5,611,415,443,6,1,9,1,P10
5,612,435,357,8,1,9,1,P10
5,613,297,398,6,1,9,1,P10
5,614,302,263,7,1,9,1,P10
5,615,377,359,8,1,9,1,P10
5,616,735,99,5,1,9,1,P10
5,617,198,271,5,1,9,1,P10
5,618,319,234,5,1,9,1,P10
5,619,427,319,9,1,9,1,P10
5,620,225,354,3,1,9,1,P10
5,621,468,489,4,2,9,1,P10
5,622,432,132,9,1,9,1,P10
5,623,540,296,5,1,9,1,P10
5,624,301,168,5,1,9,1,P10
5,625,325,216,6,1,9,1,P10
5,626,606,244,9,1,9,1,P10
5,627,253,324,3,1,9,1,P10
5,628,405,187,9,1,9,1,P10
5,629,125,308,3,1,9,1,P10
5,630,496,383,4,1,9,1,P10
5,631,265,482,4,1,9,1,P10
5,632,366,160,5,1,9,1,P10
5,633,433,480,4,2,9,1,P10
5,634,204,570,1,1,9,1,P10
5,635,628,357,4,1,9,1,P10
5,636,471,344,10,3,9,1,P10
5,637,233,686,1,1,9,1,P10
5,638,300,212,2,2,9,1,P10
5,639,276,180,10,1,9,1,P10
5,640,380,306,7,1,9,1,P10
5,641,451,148,8,1,9,1,P10
5,642,175,368,3,1,9,1,P10
5,643,446,429,1,1,9,1,P10
5,644,438,297,2,1,9,1,P10
5,645,349,558,2,1,9,1,P10
5,646,328,384,5,3,9,1,P10
5,647,456,285,7,1,9,1,P10
5,648,216,226,3,1,9,1,P10
5,649,386,97,6,1,9,1,P10
5,650,338,408,1,1,9,1,P10
5,651,630,298,5,1,9,1,P10
5,652,268,627,3,1,9,1,P10
5,653,340,319,3,1,9,1,P10
5,654,605,184,5,1,9,1,P10
5,655,571,139,9,1,9,1,P10
5,656,416,191,4,1,9,1,P10
5,657,64,485,1,1,9,1,P10
5,658,350,371,3,1,9,1,P10
5,659,473,89,7,1,9,1,P10
5,660,202,482,2,2,9,1,P10
5,661,228,351,4,1,9,1,P10
5,662,585,378,5,1,9,1,P10
5,663,585,357,5,1,9,1,P10
5,664,420,304,6,1,9,1,P10
5,665,457,276,5,1,9,1,P10
5,666,571,324,1,1,9,1,P10
5,667,287,477,1,1,9,1,P10
5,668,379,103,6,1,9,1,P10
5,669,428,268,5,1,9,1,P10
5,670,240,216,4,1,9,1,P10
5,671,223,224,9,2,9,1,P10
5,672,510,205,6,1,9,1,P10
5,673,427,566,3,1,9,1,P10
5,674,336,553,2,1,9,1,P10
5,675,301,162,6,1,9,1,P10
5,676,242,407,2,1,9,1,P10
5,677,330,276,3,1,9,1,P10
5,678,384,209,8,1,9,1,P10
5,679,449,181,4,1,9,1,P10
5,680,142,301,7,2,9,1,P10
5,681,130,317,3,1,9,1,P10
5,682,286,141,6,1,9,1,P10
5,683,222,339,5,3,9,1,P10
5,684,315,353,4,2,9,1,P10
5,685,258,215,5,2,9,1,P10
5,686,319,588,3,1,9,1,P10
5,687,447,112,11,1,9,1,P10
5,688,393,276,9,1,9,1,P10
5,689,408,496,4,1,9,1,P10
5,690,465,495,7,2,9,1,P10
5,691,517,158,7,1,9,1,P10
5,692,633,149,6,1,9,1,P10
5,693,422,421,6,1,9,1,P10
5,694,390,451,4,1,9,1,P10
5,695,670,167,8,1,9,1,P10
5,696,633,256,8,1,9,1,P10
5,697,326,253,4,1,9,1,P10
5,698,195,207,2,1,9,1,P10
5,699,214,339,5,1,9,1,P10
5,700,238,518,1,1,9,1,P10
5,701,330,346,6,1,9,1,P10
5,702,466,484,4,1,9,1,P10
5,703,251,190,1,1,9,1,P10
5,704,407,456,1,1,9,1,P10
5,705,470,145,7,1,9,1,P10
5,706,277,172,4,1,9,1,P10
5,707,288,116,4,1,9,1,P10
5,708,673,303,9,1,9,1,P10
5,709,402,104,5,1,9,1,P10
5,710,293,527,4,2,9,1,P10
5,711,218,288,4,1,9,1,P10
5,712,214,450,5,1,9,1,P10
5,713,431,152,8,1,9,1,P10
5,714,481,349,8,1,9,1,P10
5,715,335,73,4,1,9,1,P10
5,716,163,252,5,1,9,1,P10
5,717,345,157,6,1,9,1,P10
5,718,364,357,5,1,9,1,P10
5,719,515,457,6,1,9,1,P10
5,720,339,467,1,1,9,1,P10
5,721,588,155,5,1,9,1,P10
5,722,331,394,4,1,9,1,P10
5,723,268,227,6,1,9,1,P10
5,724,384,211,8,1,9,1,P10
5,725,241,281,4,1,9,1,P10
5,726,218,305,2,1,9,1,P10
5,727,390,66,5,1,9,1,P10
5,728,335,216,4,1,9,1,P10
5,729,775,169,10,1,9,1,P10
5,730,433,409,4,1,9,1,P10
5,731,257,286,3,1,9,1,P10
5,732,528,419,5,1,9,1,P10
5,733,599,190,3,1,9,1,P10
5,734,110,296,3,1,9,1,P10
5,735,361,174,10,1,9,1,P10
5,736,344,77,6,1,9,1,P10
5,737,217,599,1,1,9,1,P10
5,738,471,514,6,1,9,1,P10
5,739,346,365,2,1,9,1,P10
5,740,254,155,5,1,9,1,P10
5,741,583,161,9,1,9,1,P10
5,742,207,310,3,2,9,1,P10
5,743,812,114,5,1,9,1,P10
5,744,480,415,4,1,9,1,P10
5,745,206,676,3,1,9,1,P10
5,746,563,241,4,1,9,1,P10
5,747,296,261,5,2,9,1,P10
5,748,433,349,6,1,9,1,P10
5,749,395,591,5,1,9,1,P10
5,750,260,572,1,1,9,1,P10
5,751,318,442,4,1,9,1,P10
5,752,284,343,5,1,9,1,P10
5,753,222,433,1,1,9,1,P10
5,754,538,421,6,1,9,1,P10
5,755,428,464,6,1,9,1,P10
5,756,203,336,1,1,9,1,P10
5,757,234,764,3,2,9,1,P10
5,758,157,676,1,1,9,1,P10
5,759,125,329,3,2,9,1,P10
5,760,491,456,3,1,9,1,P10
5,761,487,467,1,1,9,1,P10
5,762,290,323,5,1,9,1,P10
5,763,385,332,6,1,9,1,P10
5,764,396,144,6,1,9,1,P10
5,765,213,477,4,1,9,1,P10
5,766,315,387,2,1,9,1,P10
5,767,421,444,3,1,9,1,P10
5,768,314,319,2,1,9,1,P10
5,769,365,51,11,1,9,1,P10
5,770,197,624,1,1,9,1,P10
5,771,414,300,6,1,9,1,P10
5,772,323,118,9,1,9,1,P10
5,773,312,492,3,2,9,1,P10
5,774,114,597,1,1,9,1,P10
5,775,413,200,14,1,9,1,P10
5,776,420,115,2,1,9,1,P10
5,777,732,129,14,1,9,1,P10
5,778,234,463,4,1,9,1,P10
5,779,480,208,10,1,9,1,P10
5,780,342,497,3,1,9,1,P10
5,781,594,267,8,1,9,1,P10
5,782,333,110,3,2,9,1,P10
5,783,485,424,7,1,9,1,P10
5,784,345,328,8,1,9,1,P10
5,785,187,281,1,1,9,1,P10
5,786,228,312,6,1,9,1,P10
5,787,283,618,2,1,9,1,P10
5,788,199,516,4,1,9,1,P10
5,789,406,365,3,1,9,1,P10
5,790,276,387,3,1,9,1,P10
5,791,337,490,5,1,9,1,P10
5,792,449,367,3,1,9,1,P10
5,793,246,361,4,1,9,1,P10
5,794,289,256,5,1,9,1,P10
5,795,446,237,6,1,9,1,P10
5,796,252,194,5,1,9,1,P10
5,797,596,330,7,1,9,1,P10
5,798,302,181,5,1,9,1,P10
5,799,305,256,1,2,9,1,P10
5,800,496,440,5,1,9,1,P10
5,801,471,183,5,1,9,1,P10
5,802,768,216,5,1,9,1,P10
5,803,345,141,8,1,9,1,P10
5,804,216,341,4,1,9,1,P10
5,805,391,443,1,1,9,1,P10
5,806,443,396,4,1,9,1,P10
5,807,184,335,7,1,9,1,P10
5,808,336,584,5,1,9,1,P10
5,809,378,126,9,2,9,1,P10
5,810,367,412,6,1,9,1,P10
5,811,629,245,3,1,9,1,P10
5,812,593,260,7,1,9,1,P10
5,813,348,264,3,1,9,1,P10
5,814,366,124,7,1,9,1,P10
5,815,456,410,5,2,9,1,P10
5,816,310,339,6,1,9,1,P10
5,817,444,181,9,1,9,1,P10
5,818,232,434,2,2,9,1,P10
5,819,453,444,5,1,9,1,P10
5,820,308,272,8,1,9,1,P10
5,821,163,778,4,1,9,1,P10
5,822,455,105,9,1,9,1,P10
5,823,188,710,3,1,9,1,P10
5,824,433,141,14,1,9,1,P10
5,825,252,303,7,1,9,1,P10
5,826,658,301,8,1,9,1,P10
5,827,223,202,8,1,9,1,P10
5,828,319,301,6,1,9,1,P10
5,829,358,568,2,1,9,1,P10
5,830,275,372,2,1,9,1,P10
5,831,58,538,1,2,9,1,P10
5,832,437,494,5,1,9,1,P10
5,833,371,390,3,1,9,1,P10
5,834,82,533,1,1,9,1,P10
5,835,533,275,9,1,9,1,P10
5,836,439,480,7,1,9,1,P10
5,837,302,211,5,1,9,1,P10
5,838,451,205,3,1,9,1,P10
5,839,170,304,4,1,9,1,P10
5,840,270,407,1,1,9,1,P10
5,841,335,447,2,3,9,1,P10
5,842,311,335,3,2,9,1,P10
5,843,113,383,5,1,9,1,P10
5,844,459,514,4,1,9,1,P10
5,845,360,245,3,1,9,1,P10
5,846,220,261,6,1,9,1,P10
5,847,191,400,3,1,9,1,P10
5,848,161,639,1,1,9,1,P10
5,849,420,319,4,1,9,1,P10
5,850,543,347,7,1,9,1,P10
5,851,311,328,5,1,9,1,P10
5,852,157,616,1,2,9,1,P10
5,853,644,242,9,1,9,1,P10
5,854,750,220,12,1,9,1,P10
5,855,130,487,3,1,9,1,P10
5,856,273,216,7,1,9,1,P10
5,857,661,238,9,1,9,1,P10
5,858,336,236,6,1,9,1,P10
5,859,263,243,6,1,9,1,P10
5,860,256,390,1,1,9,1,P10
5,861,237,245,3,1,9,1,P10
5,862,199,546,2,1,9,1,P10
5,863,136,444,4,1,9,1,P10
5,864,109,311,5,1,9,1,P10
5,865,260,310,6,2,9,1,P10
5,866,616,335,3,1,9,1,P10
5,867,375,270,8,1,9,1,P10
5,868,340,108,5,2,9,1,P10
5,869,241,477,2,1,9,1,P10
5,870,190,375,4,1,9,1,P10
5,871,413,563,3,1,9,1,P10
5,872,83,434,1,3,9,1,P10
5,873,310,146,8,1,9,1,P10
5,874,252,450,4,1,9,1,P10
5,875,469,234,13,2,9,1,P10
5,876,218,417,3,1,9,1,P10
5,877,276,546,1,1,9,1,P10
5,878,231,194,1,1,9,1,P10
5,879,600,359,6,1,9,1,P10
5,880,73,344,2,1,9,1,P10
5,881,271,250,4,1,9,1,P10
5,882,388,144,4,1,9,1,P10
5,883,140,261,5,1,9,1,P10
5,884,363,365,6,1,9,1,P10
5,885,369,87,4,1,9,1,P10
5,886,659,262,1,1,9,1,P10
5,887,463,221,11,1,9,1,P10
5,888,351,164,2,1,9,1,P10
5,889,585,406,5,1,9,1,P10
5,890,349,209,5,1,9,1,P10
5,891,596,371,3,1,9,1,P10
5,892,379,374,10,2,9,1,P10
5,893,426,177,8,1,9,1,P10
5,894,176,457,3,1,9,1,P10
5,895,654,255,10,1,9,1,P10
5,896,165,668,2,2,9,1,P10
5,897,302,98,17,1,9,1,P10
5,898,338,278,6,1,9,1,P10
5,899,156,327,3,1,9,1,P10
5,900,404,397,1,1,9,1,P10
5,901,284,317,3,1,9,1,P10
5,902,328,307,7,1,9,1,P10
5,903,482,264,8,1,9,1,P10
5,904,359,352,7,1,9,1,P10
5,905,181,223,4,1,9,1,P10
5,906,515,359,9,1,9,1,P10
5,907,114,415,6,1,9,1,P10
5,908,533,318,3,1,9,1,P10
5,909,172,250,5,1,9,1,P10
5,910,620,368,9,1,9,1,P10
5,911,268,636,3,1,9,1,P10
5,912,638,126,9,1,9,1,P10
5,913,300,631,2,1,9,1,P10
5,914,271,356,2,1,9,1,P10
5,915,556,86,7,1,9,1,P10
5,916,323,245,5,1,9,1,P10
5,917,507,489,3,1,9,1,P10
5,918,217,437,1,1,9,1,P10
5,919,146,274,4,1,9,1,P10
5,920,393,425,5,1,9,1,P10
5,921,125,582,1,1,9,1,P10
5,922,335,69,3,1,9,1,P10
5,923,312,593,4,2,9,1,P10
5,924,227,303,3,1,9,1,P10
5,925,518,366,5,2,9,1,P10
5,926,117,569,1,1,9,1,P10
5,927,356,400,4,1,9,1,P10
5,928,330,195,5,1,9,1,P10
5,929,343,396,1,1,9,1,P10
5,930,340,450,5,1,9,1,P10
5,931,465,138,8,1,9,1,P10
5,932,191,274,4,1,9,1,P10
5,933,193,409,2,1,9,1,P10
5,934,753,187,3,1,9,1,P10
5,935,157,497,1,1,9,1,P10
5,936,475,150,9,1,9,1,P10
5,937,545,185,5,1,9,1,P10
5,938,387,420,3,1,9,1,P10
5,939,313,322,2,1,9,1,P10
5,940,251,235,7,1,9,1,P10
5,941,27,781,1,1,9,1,P10
5,942,138,507,1,2,9,1,P10
5,943,335,519,2,1,9,1,P10
5,944,644,279,5,1,9,1,P10
5,945,536,422,6,2,9,1,P10
5,946,484,345,4,1,9,1,P10
5,947,166,264,4,1,9,1,P10
5,948,387,272,10,1,9,1,P10
5,949,311,228,4,1,9,1,P10
5,950,258,346,7,1,9,1,P10
5,951,398,437,6,1,9,1,P10
5,952,660,199,8,1,9,1,P10
5,953,415,401,10,1,9,1,P10
5,954,374,75,4,1,9,1,P10
5,955,358,347,2,1,9,1,P10
5,956,362,120,9,1,9,1,P10
5,957,518,353,4,1,9,1,P10
5,958,621,318,10,1,9,1,P10
5,959,293,460,2,1,9,1,P10
5,960,246,192,6,2,9,1,P10
5,961,208,273,4,1,9,1,P10
5,962,631,340,7,1,9,1,P10
5,963,257,316,4,1,9,1,P10
5,964,180,307,2,1,9,1,P10
5,965,484,447,5,1,9,1,P10
5,966,300,472,5,1,9,1,P10
5,967,252,509,1,2,9,1,P10
5,968,576,295,8,1,9,1,P10
5,969,402,232,5,1,9,1,P10
5,970,725,165,6,1,9,1,P10
5,971,323,131,4,1,9,1,P10
5,972,338,379,4,2,9,1,P10
5,973,475,184,3,1,9,1,P10
5,974,457,472,13,1,9,1,P10
5,975,314,173,10,1,9,1,P10
5,976,454,119,11,1,9,1,P10
5,977,386,182,2,1,9,1,P10
5,978,472,264,5,1,9,1,P10
5,979,190,284,2,1,9,1,P10
5,980,568,197,6,1,9,1,P10
5,981,309,115,1,1,9,1,P10
5,982,579,196,4,1,9,1,P10
5,983,624,286,6,1,9,1,P10
5,984,404,208,9,1,9,1,P10
5,985,207,346,4,1,9,1,P10
5,986,316,274,4,1,9,1,P10
5,987,311,254,2,1,9,1,P10
5,988,310,338,4,2,9,1,P10
5,989,305,546,3,1,9,1,P10
5,990,389,149,7,1,9,1,P10
5,991,341,322,5,1,9,1,P10
5,992,510,447,3,1,9,1,P10
5,993,555,335,8,1,9,1,P10
5,994,304,645,2,1,9,1,P10
5,995,212,338,1,1,9,1,P10
5,996,389,303,4,2,9,1,P10
5,997,381,508,1,1,9,1,P10
5,998,243,267,7,1,9,1,P10
5,999,352,595,2,1,9,1,P10
5,1000,312,628,4,1,9,1,P10
