condition,session,b1,b2,r1,r2,schedule_r1,schedule_r2,PID
1,1,224,247,1,4,1,9,P02
1,2,263,628,1,5,1,9,P02
1,3,56,848,1,8,1,9,P02
1,4,337,97,1,2,1,9,P02
1,5,434,427,1,4,1,9,P02
1,6,293,599,1,3,1,9,P02
1,7,319,369,1,5,1,9,P02
1,8,471,390,1,1,1,9,P02
1,9,186,788,1,10,1,9,P02
1,10,367,588,1,5,1,9,P02
1,11,72,738,1,11,1,9,P02
1,12,55,457,1,8,1,9,P02
1,13,225,318,1,3,1,9,P02
1,14,172,374,1,8,1,9,P02
1,15,242,461,1,14,1,9,P02
1,16,207,355,1,7,1,9,P02
1,17,79,550,1,7,1,9,P02
1,18,115,796,1,8,1,9,P02
1,19,78,339,1,17,1,9,P02
1,20,286,256,1,2,1,9,P02
1,21,330,374,1,4,1,9,P02
1,22,39,710,1,5,1,9,P02
1,23,143,769,1,8,1,9,P02
1,24,371,114,1,1,1,9,P02
1,25,264,353,1,4,1,9,P02
1,26,407,317,1,6,1,9,P02
1,27,428,527,1,3,1,9,P02
1,28,305,209,1,5,1,9,P02
1,29,29,560,1,8,1,9,P02
1,30,71,773,1,10,1,9,P02
1,31,24,610,1,12,1,9,P02
1,32,547,179,1,1,1,9,P02
1,33,349,581,1,2,1,9,P02
1,34,292,108,1,1,1,9,P02
1,35,28,927,1,6,1,9,P02
1,36,398,234,2,4,1,9,P02
1,37,155,592,1,4,1,9,P02
1,38,123,737,1,7,1,9,P02
1,39,417,221,1,5,1,9,P02
1,40,185,690,1,7,1,9,P02
1,41,258,447,1,2,1,9,P02
1,42,392,82,1,1,1,9,P02
1,43,59,648,1,8,1,9,P02
1,44,32,817,1,4,1,9,P02
1,45,46,548,1,6,1,9,P02
1,46,345,400,1,4,1,9,P02
1,47,104,321,1,8,1,9,P02
1,48,39,363,1,4,1,9,P02
1,49,49,476,1,9,1,9,P02
1,50,99,582,1,4,1,9,P02
1,51,498,251,1,3,1,9,P02
1,52,281,586,1,7,1,9,P02
1,53,143,788,1,5,1,9,P02
1,54,25,635,1,14,1,9,P02
1,55,228,520,1,7,1,9,P02
1,56,161,533,1,5,1,9,P02
1,57,24,766,1,12,1,9,P02
1,58,392,166,1,4,1,9,P02
1,59,313,155,1,3,1,9,P02
1,60,726,133,1,2,1,9,P02
1,61,109,472,1,7,1,9,P02
1,62,186,750,1,4,1,9,P02
1,63,132,736,1,9,1,9,P02
1,64,407,297,1,5,1,9,P02
1,65,193,664,1,14,1,9,P02
1,66,157,572,1,8,1,9,P02
1,67,313,312,2,6,1,9,P02
1,68,55,625,1,6,1,9,P02
1,69,32,520,1,12,1,9,P02
1,70,351,419,1,8,1,9,P02
1,71,129,635,1,7,1,9,P02
1,72,188,383,2,12,1,9,P02
1,73,114,301,1,10,1,9,P02
1,74,132,540,1,13,1,9,P02
1,75,193,347,1,1,1,9,P02
1,76,216,501,2,5,1,9,P02
1,77,79,752,1,11,1,9,P02
1,78,104,866,1,4,1,9,P02
1,79,231,267,1,7,1,9,P02
1,80,507,249,1,5,1,9,P02
1,81,57,380,1,5,1,9,P02
1,82,238,479,1,14,1,9,P02
1,83,119,362,1,10,1,9,P02
1,84,124,847,1,7,1,9,P02
1,85,714,145,1,3,1,9,P02
1,86,133,551,1,8,1,9,P02
1,87,393,459,1,1,1,9,P02
1,88,250,420,1,2,1,9,P02
1,89,589,197,2,1,1,9,P02
1,90,15,657,1,9,1,9,P02
1,91,68,497,1,6,1,9,P02
1,92,554,155,1,2,1,9,P02
1,93,114,388,1,6,1,9,P02
1,94,229,529,2,8,1,9,P02
1,95,112,374,1,6,1,9,P02
1,96,65,686,1,12,1,9,P02
1,97,208,769,1,9,1,9,P02
1,98,339,586,1,6,1,9,P02
1,99,207,355,1,4,1,9,P02
1,100,187,469,1,10,1,9,P02
1,101,88,312,1,5,1,9,P02
1,102,165,540,1,5,1,9,P02
1,103,223,517,1,10,1,9,P02
1,104,128,272,1,5,1,9,P02
1,105,574,414,1,7,1,9,P02
1,106,116,348,1,5,1,9,P02
1,107,352,132,1,3,1,9,P02
1,108,432,310,2,3,1,9,P02
1,109,289,674,1,9,1,9,P02
1,110,94,750,1,9,1,9,P02
1,111,47,504,1,8,1,9,P02
1,112,382,125,1,1,1,9,P02
1,113,603,319,1,3,1,9,P02
1,114,430,136,1,5,1,9,P02
1,115,472,280,1,2,1,9,P02
1,116,431,128,1,1,1,9,P02
1,117,454,416,1,4,1,9,P02
1,118,367,87,3,1,1,9,P02
1,119,334,149,1,3,1,9,P02
1,120,178,335,1,8,1,9,P02
1,121,23,615,1,8,1,9,P02
1,122,595,270,1,2,1,9,P02
1,123,190,326,1,3,1,9,P02
1,124,267,675,1,5,1,9,P02
1,125,145,507,1,4,1,9,P02
1,126,496,163,1,1,1,9,P02
1,127,491,393,1,5,1,9,P02
1,128,429,544,1,4,1,9,P02
1,129,87,620,1,9,1,9,P02
1,130,207,585,1,8,1,9,P02
1,131,214,652,1,3,1,9,P02
1,132,468,339,1,7,1,9,P02
1,133,462,257,1,5,1,9,P02
1,134,323,666,1,4,1,9,P02
1,135,349,338,1,5,1,9,P02
1,136,156,415,1,12,1,9,P02
1,137,323,542,1,7,1,9,P02
1,138,128,294,1,6,1,9,P02
1,139,357,108,1,1,1,9,P02
1,140,178,235,1,4,1,9,P02
1,141,260,341,1,5,1,9,P02
1,142,69,492,1,8,1,9,P02
1,143,117,758,1,7,1,9,P02
1,144,338,315,2,5,1,9,P02
1,145,246,448,1,6,1,9,P02
1,146,295,446,1,5,1,9,P02
1,147,15,454,1,11,1,9,P02
1,148,397,373,1,2,1,9,P02
1,149,521,471,1,6,1,9,P02
1,150,168,745,1,10,1,9,P02
1,151,204,409,1,7,1,9,P02
1,152,306,190,1,2,1,9,P02
1,153,74,911,1,8,1,9,P02
1,154,177,481,1,5,1,9,P02
1,155,144,830,1,7,1,9,P02
1,156,408,218,1,4,1,9,P02
1,157,285,702,1,4,1,9,P02
1,158,22,691,1,8,1,9,P02
1,159,247,343,1,5,1,9,P02
1,160,117,833,1,1,1,9,P02
1,161,203,746,1,5,1,9,P02
1,162,69,756,1,4,1,9,P02
1,163,45,688,1,8,1,9,P02
1,164,431,544,1,4,1,9,P02
1,165,200,787,1,7,1,9,P02
1,166,177,298,1,5,1,9,P02
1,167,141,638,1,9,1,9,P02
1,168,224,493,1,6,1,9,P02
1,169,124,402,1,8,1,9,P02
1,170,225,517,1,8,1,9,P02
1,171,113,488,1,9,1,9,P02
1,172,484,183,1,1,1,9,P02
1,173,451,242,1,4,1,9,P02
1,174,86,508,1,7,1,9,P02
1,175,148,453,1,8,1,9,P02
1,176,396,347,1,1,1,9,P02
1,177,43,481,1,11,1,9,P02
1,178,97,371,1,6,1,9,P02
1,179,42,496,1,11,1,9,P02
1,180,127,789,1,12,1,9,P02
1,181,260,367,1,10,1,9,P02
1,182,140,375,1,3,1,9,P02
1,183,439,309,1,8,1,9,P02
1,184,455,432,2,7,1,9,P02
1,185,102,557,1,7,1,9,P02
1,186,166,395,1,7,1,9,P02
1,187,51,785,1,11,1,9,P02
1,188,129,300,1,4,1,9,P02
1,189,61,492,1,11,1,9,P02
1,190,633,334,1,2,1,9,P02
1,191,247,253,2,3,1,9,P02
1,192,149,752,1,5,1,9,P02
1,193,617,310,1,2,1,9,P02
1,194,141,532,1,6,1,9,P02
1,195,203,298,1,5,1,9,P02
1,196,159,649,1,6,1,9,P02
1,197,271,262,1,7,1,9,P02
1,198,400,456,1,3,1,9,P02
1,199,331,480,1,7,1,9,P02
1,200,305,586,1,9,1,9,P02
1,201,51,353,1,12,1,9,P02
1,202,154,338,1,5,1,9,P02
1,203,265,580,1,9,1,9,P02
1,204,563,83,1,1,1,9,P02
1,205,718,281,1,2,1,9,P02
1,206,180,541,1,3,1,9,P02
1,207,773,30,3,1,1,9,P02
1,208,36,445,1,5,1,9,P02
1,209,237,418,1,10,1,9,P02
1,210,240,712,1,7,1,9,P02
1,211,238,165,1,2,1,9,P02
1,212,304,276,1,3,1,9,P02
1,213,71,712,1,14,1,9,P02
1,214,102,868,1,9,1,9,P02
1,215,265,215,1,7,1,9,P02
1,216,582,399,2,4,1,9,P02
1,217,229,213,2,5,1,9,P02
1,218,481,371,1,3,1,9,P02
1,219,42,379,1,5,1,9,P02
1,220,112,852,1,8,1,9,P02
1,221,161,527,1,6,1,9,P02
1,222,71,345,1,5,1,9,P02
1,223,776,209,1,1,1,9,P02
1,224,189,358,1,3,1,9,P02
1,225,462,263,1,2,1,9,P02
1,226,432,282,1,1,1,9,P02
1,227,33,449,1,7,1,9,P02
1,228,177,265,1,3,1,9,P02
1,229,107,591,1,13,1,9,P02
1,230,152,737,1,11,1,9,P02
1,231,188,274,1,3,1,9,P02
1,232,107,421,1,3,1,9,P02
1,233,295,407,1,5,1,9,P02
1,234,71,481,1,7,1,9,P02
1,235,133,527,1,5,1,9,P02
1,236,509,340,1,5,1,9,P02
1,237,577,362,1,5,1,9,P02
1,238,697,183,1,3,1,9,P02
1,239,72,572,1,7,1,9,P02
1,240,177,393,1,3,1,9,P02
1,241,356,548,1,6,1,9,P02
1,242,352,104,1,2,1,9,P02
1,243,179,777,1,7,1,9,P02
1,244,253,402,1,7,1,9,P02
1,245,387,553,1,4,1,9,P02
1,246,121,763,1,12,1,9,P02
1,247,35,733,1,9,1,9,P02
1,248,27,760,1,12,1,9,P02
1,249,149,354,1,7,1,9,P02
1,250,66,733,1,6,1,9,P02
1,251,308,298,1,2,1,9,P02
1,252,542,240,1,3,1,9,P02
1,253,10,502,1,11,1,9,P02
1,254,59,600,1,5,1,9,P02
1,255,123,394,1,6,1,9,P02
1,256,39,405,1,8,1,9,P02
1,257,47,416,1,6,1,9,P02
1,258,28,455,1,8,1,9,P02
1,259,358,142,1,2,1,9,P02
1,260,74,700,1,3,1,9,P02
1,261,212,626,1,12,1,9,P02
1,262,504,342,1,4,1,9,P02
1,263,187,400,1,5,1,9,P02
1,264,547,264,2,3,1,9,P02
1,265,441,213,1,3,1,9,P02
1,266,116,808,1,11,1,9,P02
1,267,471,439,1,2,1,9,P02
1,268,511,355,1,2,1,9,P02
1,269,17,383,1,10,1,9,P02
1,270,689,191,2,1,1,9,P02
1,271,552,218,3,6,1,9,P02
1,272,184,392,1,7,1,9,P02
1,273,118,741,1,6,1,9,P02
1,274,69,840,1,8,1,9,P02
1,275,255,284,1,3,1,9,P02
1,276,366,502,1,3,1,9,P02
1,277,425,338,1,1,1,9,P02
1,278,202,400,1,4,1,9,P02
1,279,369,138,1,5,1,9,P02
1,280,309,337,1,6,1,9,P02
1,281,115,450,1,10,1,9,P02
1,282,174,230,1,6,1,9,P02
1,283,181,340,1,5,1,9,P02
1,284,153,436,1,7,1,9,P02
1,285,17,695,1,7,1,9,P02
1,286,74,329,1,10,1,9,P02
1,287,344,589,1,7,1,9,P02
1,288,202,322,1,4,1,9,P02
1,289,99,634,1,7,1,9,P02
1,290,196,534,1,7,1,9,P02
1,291,167,304,1,5,1,9,P02
1,292,72,417,1,5,1,9,P02
1,293,30,800,1,8,1,9,P02
1,294,69,375,1,5,1,9,P02
1,295,472,368,1,2,1,9,P02
1,296,254,445,1,11,1,9,P02
1,297,549,273,1,1,1,9,P02
1,298,236,388,1,5,1,9,P02
1,299,390,383,1,4,1,9,P02
1,300,220,501,1,13,1,9,P02
1,301,217,496,1,9,1,9,P02
1,302,196,603,1,5,1,9,P02
1,303,98,702,1,3,1,9,P02
1,304,169,585,1,9,1,9,P02
1,305,222,743,2,7,1,9,P02
1,306,140,447,1,7,1,9,P02
1,307,119,491,1,8,1,9,P02
1,308,53,757,1,8,1,9,P02
1,309,494,326,1,6,1,9,P02
1,310,358,389,1,4,1,9,P02
1,311,60,612,1,2,1,9,P02
1,312,308,650,1,5,1,9,P02
1,313,307,605,1,4,1,9,P02
1,314,36,654,1,11,1,9,P02
1,315,257,420,1,6,1,9,P02
1,316,10,408,1,12,1,9,P02
1,317,190,433,1,5,1,9,P02
1,318,367,419,1,3,1,9,P02
1,319,337,237,1,5,1,9,P02
1,320,131,494,1,5,1,9,P02
1,321,30,503,1,3,1,9,P02
1,322,170,340,1,2,1,9,P02
1,323,290,596,1,6,1,9,P02
1,324,219,291,1,6,1,9,P02
1,325,134,554,1,7,1,9,P02
1,326,608,349,1,2,1,9,P02
1,327,370,187,1,2,1,9,P02
1,328,66,421,1,10,1,9,P02
1,329,370,87,1,1,1,9,P02
1,330,56,846,1,7,1,9,P02
1,331,25,399,1,7,1,9,P02
1,332,249,198,1,1,1,9,P02
1,333,374,216,1,3,1,9,P02
1,334,29,449,1,9,1,9,P02
1,335,756,151,1,3,1,9,P02
1,336,207,389,1,7,1,9,P02
1,337,102,664,1,7,1,9,P02
1,338,463,436,3,4,1,9,P02
1,339,58,456,1,2,1,9,P02
1,340,309,274,1,6,1,9,P02
1,341,50,632,1,14,1,9,P02
1,342,263,186,1,6,1,9,P02
1,343,218,403,1,4,1,9,P02
1,344,153,260,1,7,1,9,P02
1,345,498,383,1,1,1,9,P02
1,346,121,766,1,11,1,9,P02
1,347,220,463,1,5,1,9,P02
1,348,144,484,1,7,1,9,P02
1,349,182,738,1,3,1,9,P02
1,350,302,338,1,2,1,9,P02
1,351,77,534,1,8,1,9,P02
1,352,36,684,1,10,1,9,P02
1,353,60,545,1,8,1,9,P02
1,354,54,442,2,5,1,9,P02
1,355,620,326,1,5,1,9,P02
1,356,172,800,1,6,1,9,P02
1,357,556,396,1,4,1,9,P02
1,358,57,786,1,5,1,9,P02
1,359,106,423,1,7,1,9,P02
1,360,157,516,1,3,1,9,P02
1,361,465,41,1,1,1,9,P02
1,362,168,385,1,11,1,9,P02
1,363,414,174,1,1,1,9,P02
1,364,413,428,1,3,1,9,P02
1,365,175,660,1,9,1,9,P02
1,366,140,346,1,9,1,9,P02
1,367,272,178,1,2,1,9,P02
1,368,159,763,1,10,1,9,P02
1,369,282,236,1,4,1,9,P02
1,370,49,435,1,8,1,9,P02
1,371,523,112,2,1,1,9,P02
1,372,67,418,1,9,1,9,P02
1,373,192,793,1,3,1,9,P02
1,374,381,495,1,8,1,9,P02
1,375,303,621,1,6,1,9,P02
1,376,262,194,1,3,1,9,P02
1,377,396,597,1,9,1,9,P02
1,378,284,481,2,5,1,9,P02
1,379,161,475,1,5,1,9,P02
1,380,168,531,1,11,1,9,P02
1,381,357,143,2,2,1,9,P02
1,382,83,597,1,9,1,9,P02
1,383,379,533,1,3,1,9,P02
1,384,193,652,1,4,1,9,P02
1,385,268,691,1,10,1,9,P02
1,386,138,572,1,5,1,9,P02
1,387,333,468,2,1,1,9,P02
1,388,555,390,1,1,1,9,P02
1,389,30,497,1,3,1,9,P02
1,390,99,358,1,3,1,9,P02
1,391,401,553,1,10,1,9,P02
1,392,171,285,1,3,1,9,P02
1,393,33,475,1,12,1,9,P02
1,394,297,677,1,3,1,9,P02
1,395,144,401,1,4,1,9,P02
1,396,172,498,1,6,1,9,P02
1,397,98,328,1,7,1,9,P02
1,398,196,750,1,6,1,9,P02
1,399,99,388,1,6,1,9,P02
1,400,132,389,1,4,1,9,P02
1,401,554,202,1,1,1,9,P02
1,402,64,428,1,6,1,9,P02
1,403,56,495,1,9,1,9,P02
1,404,66,922,1,12,1,9,P02
1,405,407,539,1,5,1,9,P02
1,406,349,120,1,2,1,9,P02
1,407,91,474,1,6,1,9,P02
1,408,346,532,1,5,1,9,P02
1,409,35,456,1,3,1,9,P02
1,410,529,429,1,4,1,9,P02
1,411,35,428,1,6,1,9,P02
1,412,276,166,1,3,1,9,P02
1,413,82,732,1,9,1,9,P02
1,414,13,509,1,12,1,9,P02
1,415,174,489,1,5,1,9,P02
1,416,206,535,1,8,1,9,P02
1,417,404,384,1,4,1,9,P02
1,418,81,385,1,7,1,9,P02
1,419,93,411,1,8,1,9,P02
1,420,164,442,1,7,1,9,P02
1,421,30,376,1,9,1,9,P02
1,422,183,252,1,4,1,9,P02
1,423,334,131,1,5,1,9,P02
1,424,59,578,1,7,1,9,P02
1,425,74,399,1,4,1,9,P02
1,426,303,558,1,7,1,9,P02
1,427,306,625,1,8,1,9,P02
1,428,87,426,1,8,1,9,P02
1,429,267,484,1,5,1,9,P02
1,430,122,844,1,10,1,9,P02
1,431,50,604,1,8,1,9,P02
1,432,248,234,1,6,1,9,P02
1,433,246,286,1,6,1,9,P02
1,434,50,718,1,8,1,9,P02
1,435,280,574,1,3,1,9,P02
1,436,177,273,1,4,1,9,P02
1,437,35,497,1,4,1,9,P02
1,438,82,447,1,9,1,9,P02
1,439,73,492,1,6,1,9,P02
1,440,446,236,1,5,1,9,P02
1,441,205,263,1,4,1,9,P02
1,442,88,342,1,1,1,9,P02
1,443,23,396,1,9,1,9,P02
1,444,400,290,1,6,1,9,P02
1,445,596,135,3,1,1,9,P02
1,446,653,130,1,3,1,9,P02
1,447,69,409,1,11,1,9,P02
1,448,265,730,1,7,1,9,P02
1,449,414,273,1,1,1,9,P02
1,450,48,454,1,9,1,9,P02
1,451,254,641,1,2,1,9,P02
1,452,43,493,1,5,1,9,P02
1,453,137,725,1,10,1,9,P02
1,454,98,419,1,11,1,9,P02
1,455,356,414,1,3,1,9,P02
1,456,219,394,1,5,1,9,P02
1,457,97,531,1,6,1,9,P02
1,458,129,386,1,6,1,9,P02
1,459,54,638,1,11,1,9,P02
1,460,56,798,1,8,1,9,P02
1,461,203,480,1,9,1,9,P02
1,462,140,495,1,11,1,9,P02
1,463,188,674,1,8,1,9,P02
1,464,86,661,1,9,1,9,P02
1,465,250,425,1,4,1,9,P02
1,466,740,105,1,1,1,9,P02
1,467,217,597,1,5,1,9,P02
1,468,60,570,1,8,1,9,P02
1,469,99,845,1,7,1,9,P02
1,470,93,353,1,8,1,9,P02
1,471,46,861,1,6,1,9,P02
1,472,221,510,1,9,1,9,P02
1,473,78,407,1,10,1,9,P02
1,474,377,184,1,6,1,9,P02
1,475,48,769,1,14,1,9,P02
1,476,552,170,1,1,1,9,P02
1,477,246,665,1,3,1,9,P02
1,478,298,310,1,5,1,9,P02
1,479,319,535,1,11,1,9,P02
1,480,150,478,1,6,1,9,P02
1,481,143,383,1,5,1,9,P02
1,482,34,766,1,7,1,9,P02
1,483,39,521,1,12,1,9,P02
1,484,42,768,1,10,1,9,P02
1,485,18,744,1,7,1,9,P02
1,486,397,81,1,1,1,9,P02
1,487,449,218,1,2,1,9,P02
1,488,194,389,1,7,1,9,P02
1,489,524,469,1,3,1,9,P02
1,490,204,260,1,6,1,9,P02
1,491,253,170,1,2,1,9,P02
1,492,163,733,1,9,1,9,P02
1,493,369,86,1,1,1,9,P02
1,494,131,359,1,9,1,9,P02
1,495,44,726,1,7,1,9,P02
1,496,141,460,1,2,1,9,P02
1,497,144,297,1,4,1,9,P02
1,498,72,489,1,10,1,9,P02
1,499,26,474,1,13,1,9,P02
1,500,200,739,1,3,1,9,P02
1,501,29,865,1,6,1,9,P02
1,502,76,679,1,11,1,9,P02
1,503,398,326,1,4,1,9,P02
1,504,168,346,1,7,1,9,P02
1,505,47,697,1,9,1,9,P02
1,506,555,222,1,4,1,9,P02
1,507,86,644,1,5,1,9,P02
1,508,94,324,1,5,1,9,P02
1,509,264,229,1,5,1,9,P02
1,510,436,238,1,4,1,9,P02
1,511,187,564,1,10,1,9,P02
1,512,204,502,2,6,1,9,P02
1,513,327,229,1,6,1,9,P02
1,514,244,401,1,6,1,9,P02
1,515,196,786,1,3,1,9,P02
1,516,224,454,1,7,1,9,P02
1,517,476,445,1,7,1,9,P02
1,518,530,175,1,1,1,9,P02
1,519,182,364,1,10,1,9,P02
1,520,388,294,1,1,1,9,P02
1,521,139,454,1,5,1,9,P02
1,522,230,520,1,2,1,9,P02
1,523,37,497,1,10,1,9,P02
1,524,244,264,1,3,1,9,P02
1,525,116,313,1,7,1,9,P02
1,526,197,365,1,4,1,9,P02
1,527,315,466,1,6,1,9,P02
1,528,387,198,1,2,1,9,P02
1,529,293,686,1,8,1,9,P02
1,530,56,614,1,6,1,9,P02
1,531,583,298,1,3,1,9,P02
1,532,119,607,1,8,1,9,P02
1,533,105,481,1,8,1,9,P02
1,534,173,393,1,6,1,9,P02
1,535,167,691,1,6,1,9,P02
1,536,480,145,1,5,1,9,P02
1,537,548,284,2,7,1,9,P02
1,538,268,551,1,6,1,9,P02
1,539,42,445,1,8,1,9,P02
1,540,197,383,2,6,1,9,P02
1,541,355,599,1,1,1,9,P02
1,542,61,460,1,6,1,9,P02
1,543,233,545,1,4,1,9,P02
1,544,615,357,1,2,1,9,P02
1,545,703,190,1,1,1,9,P02
1,546,105,856,1,6,1,9,P02
1,547,38,894,1,7,1,9,P02
1,548,124,866,1,5,1,9,P02
1,549,194,622,1,12,1,9,P02
1,550,316,534,1,8,1,9,P02
1,551,249,181,1,1,1,9,P02
1,552,192,796,1,9,1,9,P02
1,553,395,313,1,4,1,9,P02
1,554,17,421,1,8,1,9,P02
1,555,313,558,1,6,1,9,P02
1,556,16,895,1,14,1,9,P02
1,557,268,624,1,5,1,9,P02
1,558,431,236,1,3,1,9,P02
1,559,90,889,1,2,1,9,P02
1,560,255,152,1,4,1,9,P02
1,561,173,732,1,8,1,9,P02
1,562,467,277,1,1,1,9,P02
1,563,252,316,1,2,1,9,P02
1,564,68,348,1,8,1,9,P02
1,565,472,105,3,3,1,9,P02
1,566,258,722,1,5,1,9,P02
1,567,261,553,1,7,1,9,P02
1,568,335,513,1,7,1,9,P02
1,569,581,157,1,1,1,9,P02
1,570,324,391,1,4,1,9,P02
1,571,80,769,1,4,1,9,P02
1,572,194,674,1,7,1,9,P02
1,573,183,471,1,6,1,9,P02
1,574,125,843,1,14,1,9,P02
1,575,33,577,1,9,1,9,P02
1,576,323,220,1,4,1,9,P02
1,577,485,139,1,1,1,9,P02
1,578,80,849,1,8,1,9,P02
1,579,625,94,1,1,1,9,P02
1,580,101,605,1,10,1,9,P02
1,581,182,419,1,6,1,9,P02
1,582,199,636,1,9,1,9,P02
1,583,105,467,1,7,1,9,P02
1,584,542,457,1,8,1,9,P02
1,585,111,639,1,9,1,9,P02
1,586,243,361,1,5,1,9,P02
1,587,577,225,1,1,1,9,P02
1,588,312,295,1,3,1,9,P02
1,589,389,269,2,3,1,9,P02
1,590,184,535,1,4,1,9,P02
1,591,209,688,1,7,1,9,P02
1,592,74,915,1,13,1,9,P02
1,593,442,200,1,5,1,9,P02
1,594,135,290,1,4,1,9,P02
1,595,479,355,1,4,1,9,P02
1,596,478,499,1,7,1,9,P02
1,597,43,863,1,12,1,9,P02
1,598,455,276,1,4,1,9,P02
1,599,59,406,1,6,1,9,P02
1,600,365,95,1,2,1,9,P02
1,601,455,355,1,2,1,9,P02
1,602,61,778,1,9,1,9,P02
1,603,78,914,1,9,1,9,P02
1,604,16,874,1,9,1,9,P02
1,605,383,232,1,3,1,9,P02
1,606,83,829,1,5,1,9,P02
1,607,40,657,1,7,1,9,P02
1,608,462,520,1,7,1,9,P02
1,609,43,649,1,3,1,9,P02
1,610,108,751,1,6,1,9,P02
1,611,20,644,1,14,1,9,P02
1,612,34,502,1,14,1,9,P02
1,613,358,414,2,10,1,9,P02
1,614,14,632,1,10,1,9,P02
1,615,120,303,1,6,1,9,P02
1,616,491,374,1,4,1,9,P02
1,617,212,209,1,2,1,9,P02
1,618,410,584,1,5,1,9,P02
1,619,237,547,1,9,1,9,P02
1,620,50,833,1,5,1,9,P02
1,621,71,803,1,7,1,9,P02
1,622,136,398,1,12,1,9,P02
1,623,442,347,1,4,1,9,P02
1,624,55,885,1,8,1,9,P02
1,625,306,350,1,3,1,9,P02
1,626,176,469,1,8,1,9,P02
1,627,637,336,1,3,1,9,P02
1,628,237,587,1,10,1,9,P02
1,629,80,333,1,8,1,9,P02
1,630,201,534,1,6,1,9,P02
1,631,177,701,1,6,1,9,P02
1,632,71,493,1,4,1,9,P02
1,633,622,107,2,1,1,9,P02
1,634,218,667,1,6,1,9,P02
1,635,557,319,1,7,1,9,P02
1,636,543,313,1,2,1,9,P02
1,637,99,378,1,9,1,9,P02
1,638,38,448,1,5,1,9,P02
1,639,74,594,1,5,1,9,P02
1,640,231,464,1,1,1,9,P02
1,641,107,890,1,11,1,9,P02
1,642,19,545,1,14,1,9,P02
1,643,13,906,1,6,1,9,P02
1,644,111,867,1,9,1,9,P02
1,645,291,365,1,5,1,9,P02
1,646,42,618,1,8,1,9,P02
1,647,294,265,1,3,1,9,P02
1,648,234,386,1,6,1,9,P02
1,649,200,789,1,6,1,9,P02
1,650,36,417,1,5,1,9,P02
1,651,386,386,1,1,1,9,P02
1,652,555,361,1,1,1,9,P02
1,653,89,841,1,12,1,9,P02
1,654,190,459,1,4,1,9,P02
1,655,486,303,1,4,1,9,P02
1,656,92,507,1,13,1,9,P02
1,657,552,88,3,1,1,9,P02
1,658,10,530,1,13,1,9,P02
1,659,36,643,1,13,1,9,P02
1,660,328,360,1,5,1,9,P02
1,661,86,586,1,7,1,9,P02
1,662,629,230,1,2,1,9,P02
1,663,46,922,1,10,1,9,P02
1,664,279,298,1,2,1,9,P02
1,665,705,216,1,3,1,9,P02
1,666,184,249,1,11,1,9,P02
1,667,198,342,1,6,1,9,P02
1,668,161,615,1,4,1,9,P02
1,669,328,540,1,7,1,9,P02
1,670,111,653,1,16,1,9,P02
1,671,352,115,1,2,1,9,P02
1,672,328,273,1,5,1,9,P02
1,673,170,582,1,5,1,9,P02
1,674,420,19,1,1,1,9,P02
1,675,55,368,1,4,1,9,P02
1,676,228,756,1,3,1,9,P02
1,677,273,269,1,5,1,9,P02
1,678,716,205,1,3,1,9,P02
1,679,131,279,1,3,1,9,P02
1,680,104,572,1,5,1,9,P02
1,681,567,311,2,4,1,9,P02
1,682,180,339,1,4,1,9,P02
1,683,55,476,1,9,1,9,P02
1,684,576,220,2,3,1,9,P02
1,685,286,697,1,11,1,9,P02
1,686,30,641,1,11,1,9,P02
1,687,438,98,3,1,1,9,P02
1,688,201,765,1,8,1,9,P02
1,689,482,23,1,1,1,9,P02
1,690,421,498,1,1,1,9,P02
1,691,463,455,1,6,1,9,P02
1,692,343,144,1,1,1,9,P02
1,693,137,492,1,7,1,9,P02
1,694,170,711,1,9,1,9,P02
1,695,68,443,1,7,1,9,P02
1,696,317,296,1,5,1,9,P02
1,697,245,675,1,6,1,9,P02
1,698,516,148,1,1,1,9,P02
1,699,167,697,1,8,1,9,P02
1,700,326,478,2,2,1,9,P02
1,701,135,312,1,8,1,9,P02
1,702,209,779,2,8,1,9,P02
1,703,124,495,1,4,1,9,P02
1,704,55,490,1,10,1,9,P02
1,705,417,253,1,1,1,9,P02
1,706,137,408,1,4,1,9,P02
1,707,71,396,1,7,1,9,P02
1,708,112,296,1,4,1,9,P02
1,709,235,508,2,7,1,9,P02
1,710,170,392,1,13,1,9,P02
1,711,165,383,1,13,1,9,P02
1,712,72,533,1,10,1,9,P02
1,713,458,217,1,2,1,9,P02
1,714,124,822,1,11,1,9,P02
1,715,293,679,1,3,1,9,P02
1,716,262,685,1,7,1,9,P02
1,717,52,795,1,4,1,9,P02
1,718,133,470,1,4,1,9,P02
1,719,440,163,1,2,1,9,P02
1,720,145,373,1,6,1,9,P02
1,721,230,378,1,2,1,9,P02
1,722,131,295,1,7,1,9,P02
1,723,156,465,1,4,1,9,P02
1,724,178,725,1,11,1,9,P02
1,725,414,41,2,1,1,9,P02
1,726,53,849,1,7,1,9,P02
1,727,329,117,1,1,1,9,P02
1,728,254,389,1,2,1,9,P02
1,729,109,578,1,11,1,9,P02
1,730,238,248,2,8,1,9,P02
1,731,191,518,1,7,1,9,P02
1,732,242,270,1,6,1,9,P02
1,733,146,726,1,7,1,9,P02
1,734,171,604,1,9,1,9,P02
1,735,91,367,1,11,1,9,P02
1,736,213,307,1,7,1,9,P02
1,737,375,580,1,3,1,9,P02
1,738,111,326,1,4,1,9,P02
1,739,87,718,1,8,1,9,P02
1,740,406,321,1,1,1,9,P02
1,741,123,428,1,12,1,9,P02
1,742,450,114,1,1,1,9,P02
1,743,542,82,1,1,1,9,P02
1,744,276,397,1,7,1,9,P02
1,745,190,307,1,7,1,9,P02
1,746,21,456,1,7,1,9,P02
1,747,121,703,1,9,1,9,P02
1,748,412,107,1,1,1,9,P02
1,749,168,632,1,6,1,9,P02
1,750,404,209,1,5,1,9,P02
1,751,46,811,1,7,1,9,P02
1,752,38,916,1,17,1,9,P02
1,753,54,476,1,11,1,9,P02
1,754,410,270,1,4,1,9,P02
1,755,366,345,1,5,1,9,P02
1,756,129,375,1,5,1,9,P02
1,757,657,312,1,1,1,9,P02
1,758,285,424,1,6,1,9,P02
1,759,133,720,1,1,1,9,P02
1,760,449,442,1,5,1,9,P02
1,761,42,693,1,8,1,9,P02
1,762,170,243,1,8,1,9,P02
1,763,433,134,1,2,1,9,P02
1,764,337,353,1,7,1,9,P02
1,765,179,414,1,10,1,9,P02
1,766,204,344,1,5,1,9,P02
1,767,79,363,1,8,1,9,P02
1,768,149,800,1,13,1,9,P02
1,769,165,293,1,11,1,9,P02
1,770,126,415,1,4,1,9,P02
1,771,492,92,1,1,1,9,P02
1,772,100,799,1,6,1,9,P02
1,773,275,378,1,4,1,9,P02
1,774,294,165,1,2,1,9,P02
1,775,579,397,1,4,1,9,P02
1,776,424,441,2,6,1,9,P02
1,777,193,372,1,6,1,9,P02
1,778,356,415,1,2,1,9,P02
1,779,33,717,1,17,1,9,P02
1,780,222,222,1,6,1,9,P02
1,781,453,494,1,4,1,9,P02
1,782,111,701,1,6,1,9,P02
1,783,245,417,1,8,1,9,P02
1,784,59,383,1,13,1,9,P02
1,785,255,727,1,4,1,9,P02
1,786,291,200,1,4,1,9,P02
1,787,101,645,1,8,1,9,P02
1,788,220,545,1,6,1,9,P02
1,789,298,290,1,3,1,9,P02
1,790,84,685,1,7,1,9,P02
1,791,434,333,1,5,1,9,P02
1,792,341,623,2,5,1,9,P02
1,793,220,529,1,7,1,9,P02
1,794,160,323,1,5,1,9,P02
1,795,347,212,1,4,1,9,P02
1,796,484,196,1,3,1,9,P02
1,797,92,429,1,5,1,9,P02
1,798,310,617,1,10,1,9,P02
1,799,25,833,1,9,1,9,P02
1,800,266,632,1,10,1,9,P02
1,801,30,841,1,10,1,9,P02
1,802,469,243,1,2,1,9,P02
1,803,163,517,1,5,1,9,P02
1,804,42,534,1,5,1,9,P02
1,805,503,312,1,8,1,9,P02
1,806,213,339,2,8,1,9,P02
1,807,123,743,1,11,1,9,P02
1,808,342,466,1,7,1,9,P02
1,809,51,870,1,13,1,9,P02
1,810,305,287,1,1,1,9,P02
1,811,85,534,1,7,1,9,P02
1,812,182,552,1,7,1,9,P02
1,813,130,394,1,5,1,9,P02
1,814,122,495,1,5,1,9,P02
1,815,24,748,1,12,1,9,P02
1,816,295,622,1,5,1,9,P02
1,817,77,722,1,6,1,9,P02
1,818,180,609,1,8,1,9,P02
1,819,225,595,1,4,1,9,P02
1,820,134,472,1,4,1,9,P02
1,821,17,494,1,8,1,9,P02
1,822,247,567,1,6,1,9,P02
1,823,140,520,1,7,1,9,P02
1,824,113,596,1,6,1,9,P02
1,825,152,403,1,7,1,9,P02
1,826,109,504,1,7,1,9,P02
1,827,245,399,1,4,1,9,P02
1,828,557,334,1,7,1,9,P02
1,829,149,457,1,5,1,9,P02
1,830,353,253,1,3,1,9,P02
1,831,96,368,1,10,1,9,P02
1,832,298,205,1,1,1,9,P02
1,833,520,408,1,4,1,9,P02
1,834,509,241,1,5,1,9,P02
1,835,334,521,1,9,1,9,P02
1,836,114,439,1,6,1,9,P02
1,837,74,553,1,11,1,9,P02
1,838,350,192,1,2,1,9,P02
1,839,40,688,1,8,1,9,P02
1,840,159,836,1,6,1,9,P02
1,841,251,513,1,7,1,9,P02
1,842,221,345,1,2,1,9,P02
1,843,66,536,1,10,1,9,P02
1,844,342,365,2,6,1,9,P02
1,845,611,151,1,1,1,9,P02
1,846,143,506,1,10,1,9,P02
1,847,657,246,1,2,1,9,P02
1,848,348,474,1,8,1,9,P02
1,849,429,363,1,6,1,9,P02
1,850,376,462,1,4,1,9,P02
1,851,363,410,1,4,1,9,P02
1,852,205,344,2,7,1,9,P02
1,853,102,556,1,10,1,9,P02
1,854,534,307,1,6,1,9,P02
1,855,674,282,1,2,1,9,P02
1,856,74,911,1,9,1,9,P02
1,857,623,339,3,2,1,9,P02
1,858,202,237,1,4,1,9,P02
1,859,103,706,1,7,1,9,P02
1,860,557,297,1,6,1,9,P02
1,861,99,677,1,8,1,9,P02
1,862,717,205,1,3,1,9,P02
1,863,383,184,1,1,1,9,P02
1,864,454,333,2,3,1,9,P02
1,865,376,615,2,3,1,9,P02
1,866,328,588,1,6,1,9,P02
1,867,390,338,1,4,1,9,P02
1,868,359,185,1,4,1,9,P02
1,869,161,662,1,6,1,9,P02
1,870,138,499,1,8,1,9,P02
1,871,279,695,1,10,1,9,P02
1,872,155,461,1,9,1,9,P02
1,873,101,426,1,1,1,9,P02
1,874,182,738,1,5,1,9,P02
1,875,59,792,1,9,1,9,P02
1,876,49,425,2,9,1,9,P02
1,877,122,312,1,9,1,9,P02
1,878,170,653,1,3,1,9,P02
1,879,270,518,1,2,1,9,P02
1,880,178,289,1,7,1,9,P02
1,881,303,319,1,5,1,9,P02
1,882,215,199,1,5,1,9,P02
1,883,274,293,1,7,1,9,P02
1,884,91,481,1,9,1,9,P02
1,885,627,321,1,5,1,9,P02
1,886,110,626,1,14,1,9,P02
1,887,111,515,1,6,1,9,P02
1,888,36,872,1,10,1,9,P02
1,889,87,569,1,15,1,9,P02
1,890,132,457,1,7,1,9,P02
1,891,418,575,1,7,1,9,P02
1,892,588,331,1,2,1,9,P02
1,893,295,268,1,3,1,9,P02
1,894,744,129,1,2,1,9,P02
1,895,207,485,1,8,1,9,P02
1,896,648,308,1,1,1,9,P02
1,897,19,387,2,6,1,9,P02
1,898,334,249,1,3,1,9,P02
1,899,207,494,1,4,1,9,P02
1,900,37,491,1,14,1,9,P02
1,901,252,603,2,10,1,9,P02
1,902,133,468,1,11,1,9,P02
1,903,52,431,1,6,1,9,P02
1,904,43,430,1,8,1,9,P02
1,905,258,494,1,7,1,9,P02
1,906,190,429,2,9,1,9,P02
1,907,123,502,1,7,1,9,P02
1,908,219,675,1,12,1,9,P02
1,909,51,396,1,4,1,9,P02
1,910,193,245,1,3,1,9,P02
1,911,362,146,1,4,1,9,P02
1,912,236,311,1,5,1,9,P02
1,913,36,379,1,9,1,9,P02
1,914,176,465,1,8,1,9,P02
1,915,305,391,1,3,1,9,P02
1,916,412,363,1,3,1,9,P02
1,917,372,367,1,6,1,9,P02
1,918,281,544,1,7,1,9,P02
1,919,205,313,1,3,1,9,P02
1,920,380,264,1,6,1,9,P02
1,921,183,621,1,12,1,9,P02
1,922,18,824,1,6,1,9,P02
1,923,203,378,1,8,1,9,P02
1,924,178,269,1,6,1,9,P02
1,925,304,508,1,7,1,9,P02
1,926,201,711,1,4,1,9,P02
1,927,282,348,1,3,1,9,P02
1,928,136,583,1,5,1,9,P02
1,929,595,255,1,4,1,9,P02
1,930,237,456,1,5,1,9,P02
1,931,516,348,1,6,1,9,P02
1,932,249,720,1,6,1,9,P02
1,933,32,509,1,6,1,9,P02
1,934,644,196,1,1,1,9,P02
1,935,96,408,1,9,1,9,P02
1,936,51,565,1,10,1,9,P02
1,937,452,82,2,1,1,9,P02
1,938,455,378,1,4,1,9,P02
1,939,212,552,1,8,1,9,P02
1,940,256,394,1,4,1,9,P02
1,941,184,238,2,5,1,9,P02
1,942,13,453,1,13,1,9,P02
1,943,51,547,1,10,1,9,P02
1,944,66,632,1,7,1,9,P02
1,945,51,666,1,6,1,9,P02
1,946,56,463,1,13,1,9,P02
1,947,479,496,1,3,1,9,P02
1,948,39,846,1,9,1,9,P02
1,949,187,803,1,2,1,9,P02
1,950,32,513,1,11,1,9,P02
1,951,153,461,1,4,1,9,P02
1,952,161,484,1,6,1,9,P02
1,953,262,583,1,13,1,9,P02
1,954,407,548,1,5,1,9,P02
1,955,62,370,1,7,1,9,P02
1,956,508,255,1,2,1,9,P02
1,957,153,380,1,11,1,9,P02
1,958,221,432,1,6,1,9,P02
1,959,209,560,1,7,1,9,P02
1,960,215,761,1,5,1,9,P02
1,961,82,625,1,8,1,9,P02
1,962,152,354,1,5,1,9,P02
1,963,338,233,1,1,1,9,P02
1,964,244,207,1,4,1,9,P02
1,965,630,278,2,2,1,9,P02
1,966,819,165,1,1,1,9,P02
1,967,193,701,2,2,1,9,P02
1,968,376,241,1,3,1,9,P02
1,969,177,228,1,6,1,9,P02
1,970,376,248,1,1,1,9,P02
1,971,374,195,1,4,1,9,P02
1,972,245,732,1,6,1,9,P02
1,973,176,595,1,5,1,9,P02
1,974,141,802,1,8,1,9,P02
1,975,377,419,1,3,1,9,P02
1,976,273,507,1,7,1,9,P02
1,977,138,514,1,8,1,9,P02
1,978,254,567,1,8,1,9,P02
1,979,30,599,1,9,1,9,P02
1,980,78,889,1,6,1,9,P02
1,981,623,324,1,4,1,9,P02
1,982,332,85,1,5,1,9,P02
1,983,586,306,1,4,1,9,P02
1,984,29,707,1,4,1,9,P02
1,985,205,445,1,8,1,9,P02
1,986,536,452,1,5,1,9,P02
1,987,148,592,1,2,1,9,P02
1,988,48,511,1,5,1,9,P02
1,989,54,362,1,10,1,9,P02
1,990,653,330,1,1,1,9,P02
1,991,102,626,1,8,1,9,P02
1,992,69,490,1,11,1,9,P02
1,993,135,722,1,8,1,9,P02
1,994,28,452,1,10,1,9,P02
1,995,112,369,1,6,1,9,P02
1,996,81,502,1,11,1,9,P02
1,997,88,786,1,8,1,9,P02
1,998,48,600,1,14,1,9,P02
1,999,256,183,1,8,1,9,P02
1,1000,200,411,1,5,1,9,P02
2,1,619,59,1,1,1,3,P02
2,2,504,129,1,1,1,3,P02
2,3,183,302,1,4,1,3,P02
2,4,289,645,1,3,1,3,P02
2,5,342,439,1,4,1,3,P02
2,6,360,502,1,1,1,3,P02
2,7,144,314,1,1,1,3,P02
2,8,327,317,4,1,1,3,P02
2,9,82,480,1,1,1,3,P02
2,10,114,479,1,2,1,3,P02
2,11,602,296,1,1,1,3,P02
2,12,84,821,1,1,1,3,P02
2,13,171,642,1,6,1,3,P02
2,14,269,364,1,4,1,3,P02
2,15,92,681,1,3,1,3,P02
2,16,545,419,1,2,1,3,P02
2,17,207,476,2,3,1,3,P02
2,18,524,255,1,2,1,3,P02
2,19,171,511,1,1,1,3,P02
2,20,416,54,1,1,1,3,P02
2,21,264,256,1,2,1,3,P02
2,22,101,519,1,4,1,3,P02
2,23,191,571,1,2,1,3,P02
2,24,588,226,2,1,1,3,P02
2,25,552,194,1,1,1,3,P02
2,26,548,279,1,1,1,3,P02
2,27,528,61,1,1,1,3,P02
2,28,379,408,1,1,1,3,P02
2,29,674,211,1,2,1,3,P02
2,30,82,342,1,3,1,3,P02
2,31,220,453,1,8,1,3,P02
2,32,262,434,1,2,1,3,P02
2,33,331,159,1,2,1,3,P02
2,34,520,246,1,1,1,3,P02
2,35,153,381,1,1,1,3,P02
2,36,513,285,1,2,1,3,P02
2,37,202,392,2,5,1,3,P02
2,38,367,458,1,3,1,3,P02
2,39,367,311,1,1,1,3,P02
2,40,98,541,1,1,1,3,P02
2,41,45,792,1,1,1,3,P02
2,42,72,748,1,4,1,3,P02
2,43,286,491,1,5,1,3,P02
2,44,418,111,1,1,1,3,P02
2,45,800,176,1,1,1,3,P02
2,46,120,791,1,7,1,3,P02
2,47,515,227,1,2,1,3,P02
2,48,141,424,1,1,1,3,P02
2,49,128,702,1,1,1,3,P02
2,50,547,130,1,1,1,3,P02
2,51,274,608,1,3,1,3,P02
2,52,355,612,1,1,1,3,P02
2,53,725,249,2,1,1,3,P02
2,54,256,212,3,1,1,3,P02
2,55,431,153,1,2,1,3,P02
2,56,319,356,1,2,1,3,P02
2,57,663,336,2,1,1,3,P02
2,58,553,243,1,1,1,3,P02
2,59,251,613,1,5,1,3,P02
2,60,144,410,1,1,1,3,P02
2,61,89,639,1,3,1,3,P02
2,62,358,518,1,1,1,3,P02
2,63,410,111,1,1,1,3,P02
2,64,197,326,1,1,1,3,P02
2,65,380,519,1,1,1,3,P02
2,66,75,465,1,1,1,3,P02
2,67,636,344,1,1,1,3,P02
2,68,313,166,1,1,1,3,P02
2,69,119,298,1,1,1,3,P02
2,70,89,579,1,5,1,3,P02
2,71,245,704,1,1,1,3,P02
2,72,155,711,1,4,1,3,P02
2,73,294,228,1,6,1,3,P02
2,74,104,788,1,1,1,3,P02
2,75,235,297,2,1,1,3,P02
2,76,567,376,1,1,1,3,P02
2,77,497,482,1,1,1,3,P02
2,78,412,488,1,3,1,3,P02
2,79,109,402,1,1,1,3,P02
2,80,677,65,1,2,1,3,P02
2,81,508,133,1,1,1,3,P02
2,82,185,688,2,3,1,3,P02
2,83,159,322,1,3,1,3,P02
2,84,300,518,1,1,1,3,P02
2,85,154,282,1,3,1,3,P02
2,86,418,374,2,2,1,3,P02
2,87,299,418,1,2,1,3,P02
2,88,341,570,2,2,1,3,P02
2,89,542,198,1,1,1,3,P02
2,90,248,576,1,3,1,3,P02
2,91,332,176,1,1,1,3,P02
2,92,365,395,1,1,1,3,P02
2,93,62,789,1,1,1,3,P02
2,94,117,684,1,3,1,3,P02
2,95,396,117,1,1,1,3,P02
2,96,251,469,1,1,1,3,P02
2,97,681,278,1,1,1,3,P02
2,98,145,522,1,4,1,3,P02
2,99,570,246,1,1,1,3,P02
2,100,368,628,1,3,1,3,P02
2,101,391,222,1,1,1,3,P02
2,102,454,238,1,1,1,3,P02
2,103,365,577,1,1,1,3,P02
2,104,56,657,1,4,1,3,P02
2,105,357,369,1,1,1,3,P02
2,106,201,422,1,1,1,3,P02
2,107,110,530,1,5,1,3,P02
2,108,492,98,1,1,1,3,P02
2,109,272,372,1,1,1,3,P02
2,110,114,421,1,3,1,3,P02
2,111,461,311,1,2,1,3,P02
2,112,144,335,1,3,1,3,P02
2,113,383,68,2,1,1,3,P02
2,114,495,340,1,3,1,3,P02
2,115,245,342,1,2,1,3,P02
2,116,549,292,1,3,1,3,P02
2,117,272,231,1,1,1,3,P02
2,118,10,737,1,4,1,3,P02
2,119,438,457,1,2,1,3,P02
2,120,410,432,1,1,1,3,P02
2,121,466,164,1,1,1,3,P02
2,122,362,501,1,1,1,3,P02
2,123,44,640,1,1,1,3,P02
2,124,121,815,1,3,1,3,P02
2,125,245,493,1,3,1,3,P02
2,126,854,100,1,1,1,3,P02
2,127,440,299,1,1,1,3,P02
2,128,64,655,1,2,1,3,P02
2,129,342,271,1,2,1,3,P02
2,130,57,488,1,1,1,3,P02
2,131,133,555,1,2,1,3,P02
2,132,298,613,2,3,1,3,P02
2,133,353,625,1,2,1,3,P02
2,134,171,582,1,3,1,3,P02
2,135,223,405,1,1,1,3,P02
2,136,305,313,1,1,1,3,P02
2,137,256,499,1,3,1,3,P02
2,138,408,411,2,1,1,3,P02
2,139,121,693,1,4,1,3,P02
2,140,686,294,1,1,1,3,P02
2,141,364,326,1,1,1,3,P02
2,142,105,546,1,2,1,3,P02
2,143,253,504,1,1,1,3,P02
2,144,66,506,1,1,1,3,P02
2,145,58,377,1,5,1,3,P02
2,146,203,563,1,2,1,3,P02
2,147,79,896,1,2,1,3,P02
2,148,335,514,1,1,1,3,P02
2,149,18,666,1,1,1,3,P02
2,150,64,548,1,2,1,3,P02
2,151,170,390,2,1,1,3,P02
2,152,461,49,4,1,1,3,P02
2,153,390,355,1,2,1,3,P02
2,154,130,346,1,3,1,3,P02
2,155,573,141,1,1,1,3,P02
2,156,235,384,1,1,1,3,P02
2,157,280,243,1,3,1,3,P02
2,158,331,396,1,1,1,3,P02
2,159,21,497,1,2,1,3,P02
2,160,301,607,1,1,1,3,P02
2,161,303,158,1,1,1,3,P02
2,162,258,669,1,1,1,3,P02
2,163,23,446,1,4,1,3,P02
2,164,162,498,1,1,1,3,P02
2,165,63,510,1,5,1,3,P02
2,166,399,478,1,2,1,3,P02
2,167,19,608,1,10,1,3,P02
2,168,285,630,1,3,1,3,P02
2,169,25,422,1,2,1,3,P02
2,170,319,212,1,3,1,3,P02
2,171,275,226,1,1,1,3,P02
2,172,92,650,1,1,1,3,P02
2,173,172,679,1,2,1,3,P02
2,174,575,122,1,1,1,3,P02
2,175,249,402,1,3,1,3,P02
2,176,600,340,1,2,1,3,P02
2,177,421,211,1,1,1,3,P02
2,178,366,598,1,1,1,3,P02
2,179,232,350,1,1,1,3,P02
2,180,562,119,1,1,1,3,P02
2,181,180,227,1,1,1,3,P02
2,182,156,389,1,1,1,3,P02
2,183,407,297,1,1,1,3,P02
2,184,345,305,1,1,1,3,P02
2,185,716,57,1,1,1,3,P02
2,186,310,257,1,2,1,3,P02
2,187,279,645,1,2,1,3,P02
2,188,558,219,1,1,1,3,P02
2,189,136,832,1,4,1,3,P02
2,190,253,198,1,1,1,3,P02
2,191,184,282,1,2,1,3,P02
2,192,225,229,1,1,1,3,P02
2,193,254,259,1,1,1,3,P02
2,194,621,226,1,1,1,3,P02
2,195,162,324,1,2,1,3,P02
2,196,340,522,2,3,1,3,P02
2,197,162,457,1,1,1,3,P02
2,198,297,213,2,1,1,3,P02
2,199,34,454,1,1,1,3,P02
2,200,187,256,1,2,1,3,P02
2,201,257,283,1,4,1,3,P02
2,202,434,547,1,2,1,3,P02
2,203,272,239,2,1,1,3,P02
2,204,266,403,1,1,1,3,P02
2,205,169,791,1,1,1,3,P02
2,206,523,325,1,2,1,3,P02
2,207,109,858,1,1,1,3,P02
2,208,110,488,1,4,1,3,P02
2,209,357,194,1,4,1,3,P02
2,210,298,285,1,1,1,3,P02
2,211,335,338,1,1,1,3,P02
2,212,33,512,1,2,1,3,P02
2,213,213,708,1,4,1,3,P02
2,214,616,177,1,1,1,3,P02
2,215,101,360,1,2,1,3,P02
2,216,505,170,1,1,1,3,P02
2,217,754,139,1,1,1,3,P02
2,218,623,222,1,1,1,3,P02
2,219,344,256,1,2,1,3,P02
2,220,432,422,1,1,1,3,P02
2,221,318,266,1,1,1,3,P02
2,222,379,534,1,1,1,3,P02
2,223,71,596,1,5,1,3,P02
2,224,752,65,2,1,1,3,P02
2,225,402,484,1,2,1,3,P02
2,226,241,391,1,1,1,3,P02
2,227,134,552,1,1,1,3,P02
2,228,479,378,1,1,1,3,P02
2,229,273,350,1,2,1,3,P02
2,230,407,322,1,1,1,3,P02
2,231,277,392,1,2,1,3,P02
2,232,196,442,1,2,1,3,P02
2,233,295,496,1,1,1,3,P02
2,234,191,497,1,1,1,3,P02
2,235,79,344,1,2,1,3,P02
2,236,236,429,1,1,1,3,P02
2,237,558,212,1,1,1,3,P02
2,238,45,520,1,1,1,3,P02
2,239,184,625,1,3,1,3,P02
2,240,219,608,1,2,1,3,P02
2,241,425,528,1,1,1,3,P02
2,242,379,197,1,1,1,3,P02
2,243,216,230,1,6,1,3,P02
2,244,424,76,1,1,1,3,P02
2,245,175,782,1,1,1,3,P02
2,246,93,884,1,4,1,3,P02
2,247,269,425,1,2,1,3,P02
2,248,563,185,1,2,1,3,P02
2,249,362,75,1,1,1,3,P02
2,250,438,355,1,3,1,3,P02
2,251,342,204,1,2,1,3,P02
2,252,411,408,1,5,1,3,P02
2,253,320,525,2,3,1,3,P02
2,254,407,416,1,4,1,3,P02
2,255,242,246,1,3,1,3,P02
2,256,199,476,1,1,1,3,P02
2,257,100,458,1,3,1,3,P02
2,258,266,421,1,2,1,3,P02
2,259,177,356,1,2,1,3,P02
2,260,171,782,1,3,1,3,P02
2,261,128,491,1,1,1,3,P02
2,262,239,659,1,1,1,3,P02
2,263,574,401,1,4,1,3,P02
2,264,342,634,1,1,1,3,P02
2,265,62,372,1,2,1,3,P02
2,266,291,284,1,1,1,3,P02
2,267,132,271,1,1,1,3,P02
2,268,277,276,1,2,1,3,P02
2,269,192,394,1,1,1,3,P02
2,270,651,300,1,2,1,3,P02
2,271,45,384,1,4,1,3,P02
2,272,738,111,2,1,1,3,P02
2,273,398,251,1,1,1,3,P02
2,274,518,90,2,1,1,3,P02
2,275,186,314,1,2,1,3,P02
2,276,263,186,1,1,1,3,P02
2,277,203,306,1,2,1,3,P02
2,278,215,252,1,1,1,3,P02
2,279,584,262,1,1,1,3,P02
2,280,674,302,1,3,1,3,P02
2,281,62,781,1,1,1,3,P02
2,282,522,230,1,1,1,3,P02
2,283,142,703,1,3,1,3,P02
2,284,108,862,1,2,1,3,P02
2,285,148,784,1,4,1,3,P02
2,286,241,218,1,1,1,3,P02
2,287,125,748,1,6,1,3,P02
2,288,280,269,1,2,1,3,P02
2,289,305,118,2,1,1,3,P02
2,290,126,475,1,1,1,3,P02
2,291,138,741,1,2,1,3,P02
2,292,300,453,1,1,1,3,P02
2,293,418,345,1,1,1,3,P02
2,294,637,145,1,1,1,3,P02
2,295,302,284,1,1,1,3,P02
2,296,320,105,1,1,1,3,P02
2,297,273,655,1,1,1,3,P02
2,298,84,390,1,4,1,3,P02
2,299,506,52,1,1,1,3,P02
2,300,796,170,1,1,1,3,P02
2,301,165,248,1,1,1,3,P02
2,302,385,314,1,1,1,3,P02
2,303,210,721,1,1,1,3,P02
2,304,105,607,1,1,1,3,P02
2,305,55,440,1,2,1,3,P02
2,306,363,452,1,2,1,3,P02
2,307,37,425,1,1,1,3,P02
2,308,423,433,1,3,1,3,P02
2,309,162,772,1,2,1,3,P02
2,310,543,204,1,1,1,3,P02
2,311,218,261,1,3,1,3,P02
2,312,178,464,1,2,1,3,P02
2,313,354,311,1,1,1,3,P02
2,314,133,576,1,5,1,3,P02
2,315,153,323,1,1,1,3,P02
2,316,179,581,1,5,1,3,P02
2,317,160,256,1,2,1,3,P02
2,318,663,153,1,1,1,3,P02
2,319,636,193,1,1,1,3,P02
2,320,365,440,1,1,1,3,P02
2,321,712,125,1,1,1,3,P02
2,322,25,788,1,2,1,3,P02
2,323,31,431,1,5,1,3,P02
2,324,135,397,1,3,1,3,P02
2,325,154,258,1,1,1,3,P02
2,326,655,173,2,1,1,3,P02
2,327,679,186,1,2,1,3,P02
2,328,330,353,1,1,1,3,P02
2,329,93,460,1,5,1,3,P02
2,330,23,450,1,2,1,3,P02
2,331,426,560,1,2,1,3,P02
2,332,53,544,1,1,1,3,P02
2,333,205,499,1,1,1,3,P02
2,334,286,417,1,2,1,3,P02
2,335,436,164,1,1,1,3,P02
2,336,366,397,1,1,1,3,P02
2,337,255,654,1,3,1,3,P02
2,338,440,336,1,1,1,3,P02
2,339,290,127,1,1,1,3,P02
2,340,286,600,1,1,1,3,P02
2,341,58,532,1,1,1,3,P02
2,342,161,285,1,1,1,3,P02
2,343,584,404,1,1,1,3,P02
2,344,275,425,1,3,1,3,P02
2,345,314,444,1,4,1,3,P02
2,346,245,725,1,1,1,3,P02
2,347,76,741,1,1,1,3,P02
2,348,244,388,2,1,1,3,P02
2,349,167,262,1,1,1,3,P02
2,350,323,100,2,1,1,3,P02
2,351,964,24,1,1,1,3,P02
2,352,262,147,1,2,1,3,P02
2,353,272,684,1,1,1,3,P02
2,354,209,542,1,1,1,3,P02
2,355,276,185,1,1,1,3,P02
2,356,404,180,1,2,1,3,P02
2,357,520,349,1,1,1,3,P02
2,358,212,192,1,3,1,3,P02
2,359,450,380,1,3,1,3,P02
2,360,410,19,1,1,1,3,P02
2,361,247,386,1,2,1,3,P02
2,362,133,489,1,1,1,3,P02
2,363,284,248,1,1,1,3,P02
2,364,242,218,1,1,1,3,P02
2,365,754,194,2,1,1,3,P02
2,366,247,261,1,6,1,3,P02
2,367,362,184,1,1,1,3,P02
2,368,208,325,1,2,1,3,P02
2,369,127,774,1,3,1,3,P02
2,370,221,589,1,1,1,3,P02
2,371,218,253,1,1,1,3,P02
2,372,287,322,2,1,1,3,P02
2,373,88,797,1,2,1,3,P02
2,374,222,679,1,1,1,3,P02
2,375,196,266,1,1,1,3,P02
2,376,192,321,1,1,1,3,P02
2,377,562,94,1,1,1,3,P02
2,378,726,29,1,1,1,3,P02
2,379,167,554,1,7,1,3,P02
2,380,243,681,1,1,1,3,P02
2,381,50,804,1,5,1,3,P02
2,382,511,443,1,2,1,3,P02
2,383,315,87,1,1,1,3,P02
2,384,383,120,1,1,1,3,P02
2,385,309,594,1,2,1,3,P02
2,386,194,427,1,1,1,3,P02
2,387,55,553,1,3,1,3,P02
2,388,460,358,1,3,1,3,P02
2,389,633,137,1,1,1,3,P02
2,390,784,77,1,1,1,3,P02
2,391,302,153,1,1,1,3,P02
2,392,655,149,1,1,1,3,P02
2,393,252,246,1,1,1,3,P02
2,394,233,427,1,5,1,3,P02
2,395,190,597,1,3,1,3,P02
2,396,166,687,1,2,1,3,P02
2,397,149,636,1,3,1,3,P02
2,398,703,194,2,1,1,3,P02
2,399,388,565,1,3,1,3,P02
2,400,165,820,1,2,1,3,P02
2,401,302,648,1,2,1,3,P02
2,402,208,215,1,1,1,3,P02
2,403,352,470,1,1,1,3,P02
2,404,85,386,1,1,1,3,P02
2,405,219,511,1,1,1,3,P02
2,406,349,378,1,2,1,3,P02
2,407,291,397,1,1,1,3,P02
2,408,731,267,1,2,1,3,P02
2,409,457,127,1,1,1,3,P02
2,410,412,528,1,3,1,3,P02
2,411,624,65,4,1,1,3,P02
2,412,560,179,2,1,1,3,P02
2,413,419,480,1,1,1,3,P02
2,414,203,262,1,4,1,3,P02
2,415,478,436,1,1,1,3,P02
2,416,195,356,1,5,1,3,P02
2,417,263,533,1,4,1,3,P02
2,418,606,386,1,3,1,3,P02
2,419,47,397,1,1,1,3,P02
2,420,793,195,2,1,1,3,P02
2,421,375,189,1,1,1,3,P02
2,422,493,437,1,1,1,3,P02
2,423,403,407,1,1,1,3,P02
2,424,284,537,1,4,1,3,P02
2,425,803,25,2,1,1,3,P02
2,426,465,260,1,1,1,3,P02
2,427,486,221,2,1,1,3,P02
2,428,317,576,1,1,1,3,P02
2,429,231,180,1,2,1,3,P02
2,430,571,210,1,1,1,3,P02
2,431,229,366,1,1,1,3,P02
2,432,361,98,2,1,1,3,P02
2,433,421,31,1,1,1,3,P02
2,434,521,316,1,1,1,3,P02
2,435,327,217,1,4,1,3,P02
2,436,32,386,1,1,1,3,P02
2,437,107,636,1,1,1,3,P02
2,438,573,373,1,1,1,3,P02
2,439,79,583,1,1,1,3,P02
2,440,415,235,2,1,1,3,P02
2,441,238,363,2,2,1,3,P02
2,442,500,332,1,2,1,3,P02
2,443,504,232,1,1,1,3,P02
2,444,179,556,1,1,1,3,P02
2,445,174,236,1,4,1,3,P02
2,446,208,215,1,1,1,3,P02
2,447,337,552,2,2,1,3,P02
2,448,283,648,1,3,1,3,P02
2,449,43,507,1,3,1,3,P02
2,450,299,262,1,2,1,3,P02
2,451,164,833,1,1,1,3,P02
2,452,70,660,1,2,1,3,P02
2,453,285,115,1,3,1,3,P02
2,454,64,557,1,3,1,3,P02
2,455,722,191,2,1,1,3,P02
2,456,31,485,1,1,1,3,P02
2,457,31,372,1,2,1,3,P02
2,458,110,496,1,2,1,3,P02
2,459,764,186,1,1,1,3,P02
2,460,287,507,1,3,1,3,P02
2,461,350,281,1,1,1,3,P02
2,462,373,418,1,2,1,3,P02
2,463,303,179,2,2,1,3,P02
2,464,238,458,1,3,1,3,P02
2,465,268,150,2,1,1,3,P02
2,466,141,407,1,3,1,3,P02
2,467,403,87,2,1,1,3,P02
2,468,298,225,1,1,1,3,P02
2,469,134,513,2,2,1,3,P02
2,470,283,559,1,3,1,3,P02
2,471,169,545,1,1,1,3,P02
2,472,509,377,1,1,1,3,P02
2,473,808,136,1,2,1,3,P02
2,474,241,452,1,3,1,3,P02
2,475,192,788,1,2,1,3,P02
2,476,434,131,2,1,1,3,P02
2,477,358,289,2,1,1,3,P02
2,478,460,463,1,1,1,3,P02
2,479,534,104,2,1,1,3,P02
2,480,141,710,1,2,1,3,P02
2,481,133,316,1,1,1,3,P02
2,482,96,544,1,2,1,3,P02
2,483,123,760,1,1,1,3,P02
2,484,229,613,1,1,1,3,P02
2,485,452,211,1,1,1,3,P02
2,486,90,476,1,2,1,3,P02
2,487,47,573,1,3,1,3,P02
2,488,231,750,1,1,1,3,P02
2,489,190,411,1,1,1,3,P02
2,490,192,242,1,2,1,3,P02
2,491,317,89,1,1,1,3,P02
2,492,362,555,1,3,1,3,P02
2,493,57,734,1,4,1,3,P02
2,494,253,643,1,3,1,3,P02
2,495,221,394,1,4,1,3,P02
2,496,155,270,1,3,1,3,P02
2,497,201,363,1,1,1,3,P02
2,498,53,805,1,4,1,3,P02
2,499,562,81,1,1,1,3,P02
2,500,476,216,1,1,1,3,P02
2,501,554,171,1,1,1,3,P02
2,502,141,655,1,6,1,3,P02
2,503,354,231,1,1,1,3,P02
2,504,549,286,2,2,1,3,P02
2,505,786,211,2,1,1,3,P02
2,506,76,792,1,1,1,3,P02
2,507,385,473,1,2,1,3,P02
2,508,317,363,1,2,1,3,P02
2,509,195,256,3,1,1,3,P02
2,510,205,240,1,1,1,3,P02
2,511,680,132,1,1,1,3,P02
2,512,84,332,1,3,1,3,P02
2,513,586,153,1,1,1,3,P02
2,514,217,650,2,2,1,3,P02
2,515,429,83,1,1,1,3,P02
2,516,220,189,1,1,1,3,P02
2,517,660,110,1,2,1,3,P02
2,518,299,143,1,1,1,3,P02
2,519,347,147,1,1,1,3,P02
2,520,676,254,1,1,1,3,P02
2,521,349,314,1,1,1,3,P02
2,522,535,103,1,1,1,3,P02
2,523,413,84,1,1,1,3,P02
2,524,555,72,1,1,1,3,P02
2,525,275,523,1,2,1,3,P02
2,526,174,315,1,1,1,3,P02
2,527,324,495,1,1,1,3,P02
2,528,238,737,1,6,1,3,P02
2,529,172,238,1,1,1,3,P02
2,530,319,190,1,1,1,3,P02
2,531,572,414,1,2,1,3,P02
2,532,256,370,1,1,1,3,P02
2,533,767,127,1,1,1,3,P02
2,534,303,226,2,1,1,3,P02
2,535,331,250,1,3,1,3,P02
2,536,321,668,3,1,1,3,P02
2,537,203,386,1,2,1,3,P02
2,538,290,513,1,3,1,3,P02
2,539,294,312,1,3,1,3,P02
2,540,423,331,2,3,1,3,P02
2,541,215,685,1,3,1,3,P02
2,542,596,350,1,1,1,3,P02
2,543,138,663,1,1,1,3,P02
2,544,178,277,1,1,1,3,P02
2,545,923,56,1,1,1,3,P02
2,546,278,569,1,2,1,3,P02
2,547,294,386,1,1,1,3,P02
2,548,177,621,1,1,1,3,P02
2,549,473,202,1,2,1,3,P02
2,550,411,443,1,1,1,3,P02
2,551,329,293,1,1,1,3,P02
2,552,234,646,1,2,1,3,P02
2,553,652,330,1,2,1,3,P02
2,554,280,285,1,3,1,3,P02
2,555,24,454,1,2,1,3,P02
2,556,145,296,1,1,1,3,P02
2,557,375,287,1,1,1,3,P02
2,558,361,47,1,1,1,3,P02
2,559,273,310,1,6,1,3,P02
2,560,225,484,1,2,1,3,P02
2,561,313,533,1,1,1,3,P02
2,562,96,894,1,2,1,3,P02
2,563,301,590,1,4,1,3,P02
2,564,336,549,1,3,1,3,P02
2,565,200,399,1,1,1,3,P02
2,566,132,650,1,1,1,3,P02
2,567,224,502,1,2,1,3,P02
2,568,353,73,1,1,1,3,P02
2,569,220,221,1,3,1,3,P02
2,570,548,275,1,1,1,3,P02
2,571,407,326,2,2,1,3,P02
2,572,599,212,1,1,1,3,P02
2,573,164,315,1,3,1,3,P02
2,574,66,412,1,5,1,3,P02
2,575,212,328,1,1,1,3,P02
2,576,241,234,1,1,1,3,P02
2,577,127,503,1,2,1,3,P02
2,578,98,659,1,5,1,3,P02
2,579,174,585,1,2,1,3,P02
2,580,23,478,1,2,1,3,P02
2,581,359,477,1,2,1,3,P02
2,582,245,213,1,2,1,3,P02
2,583,218,238,1,3,1,3,P02
2,584,305,569,1,3,1,3,P02
2,585,439,416,2,1,1,3,P02
2,586,563,191,1,1,1,3,P02
2,587,502,478,1,1,1,3,P02
2,588,474,372,1,2,1,3,P02
2,589,179,377,1,1,1,3,P02
2,590,262,634,1,3,1,3,P02
2,591,680,53,2,1,1,3,P02
2,592,472,285,1,1,1,3,P02
2,593,441,111,1,1,1,3,P02
2,594,550,195,1,1,1,3,P02
2,595,341,256,1,1,1,3,P02
2,596,290,670,1,3,1,3,P02
2,597,384,537,1,1,1,3,P02
2,598,102,594,2,1,1,3,P02
2,599,627,119,1,1,1,3,P02
2,600,280,663,1,1,1,3,P02
2,601,315,417,1,1,1,3,P02
2,602,276,501,1,2,1,3,P02
2,603,109,573,1,5,1,3,P02
2,604,352,209,1,1,1,3,P02
2,605,137,449,1,3,1,3,P02
2,606,654,249,1,1,1,3,P02
2,607,272,336,1,5,1,3,P02
2,608,210,235,1,2,1,3,P02
2,609,300,615,1,2,1,3,P02
2,610,158,630,1,1,1,3,P02
2,611,528,451,1,1,1,3,P02
2,612,260,661,1,1,1,3,P02
2,613,292,391,1,1,1,3,P02
2,614,337,184,1,1,1,3,P02
2,615,207,410,1,3,1,3,P02
2,616,178,540,1,1,1,3,P02
2,617,339,191,1,1,1,3,P02
2,618,172,309,1,1,1,3,P02
2,619,352,58,1,1,1,3,P02
2,620,135,566,1,1,1,3,P02
2,621,92,713,1,4,1,3,P02
2,622,194,449,1,3,1,3,P02
2,623,617,310,1,1,1,3,P02
2,624,173,298,1,1,1,3,P02
2,625,234,552,1,3,1,3,P02
2,626,149,361,1,2,1,3,P02
2,627,633,91,1,1,1,3,P02
2,628,233,340,1,1,1,3,P02
2,629,183,294,1,1,1,3,P02
2,630,205,388,2,1,1,3,P02
2,631,103,603,1,3,1,3,P02
2,632,224,344,1,2,1,3,P02
2,633,690,136,1,1,1,3,P02
2,634,453,344,1,2,1,3,P02
2,635,390,592,1,1,1,3,P02
2,636,59,732,1,3,1,3,P02
2,637,362,363,1,1,1,3,P02
2,638,281,492,1,1,1,3,P02
2,639,367,626,1,4,1,3,P02
2,640,600,82,2,1,1,3,P02
2,641,202,737,1,1,1,3,P02
2,642,400,518,1,1,1,3,P02
2,643,90,862,1,3,1,3,P02
2,644,219,491,1,1,1,3,P02
2,645,183,224,1,1,1,3,P02
2,646,174,616,1,2,1,3,P02
2,647,929,67,1,1,1,3,P02
2,648,462,441,1,2,1,3,P02
2,649,257,625,1,1,1,3,P02
2,650,553,380,1,2,1,3,P02
2,651,92,390,1,1,1,3,P02
2,652,448,13,1,1,1,3,P02
2,653,55,555,1,2,1,3,P02
2,654,297,642,1,1,1,3,P02
2,655,438,356,1,1,1,3,P02
2,656,420,238,1,1,1,3,P02
2,657,67,441,1,3,1,3,P02
2,658,526,57,1,2,1,3,P02
2,659,124,382,1,1,1,3,P02
2,660,435,384,1,3,1,3,P02
2,661,557,308,1,1,1,3,P02
2,662,504,28,1,1,1,3,P02
2,663,39,491,1,3,1,3,P02
2,664,337,470,1,1,1,3,P02
2,665,130,270,1,5,1,3,P02
2,666,316,601,1,1,1,3,P02
2,667,321,274,1,1,1,3,P02
2,668,203,279,1,5,1,3,P02
2,669,161,386,1,2,1,3,P02
2,670,422,428,2,1,1,3,P02
2,671,333,145,1,1,1,3,P02
2,672,191,296,1,3,1,3,P02
2,673,235,552,1,4,1,3,P02
2,674,61,732,1,2,1,3,P02
2,675,369,352,1,1,1,3,P02
2,676,365,477,1,2,1,3,P02
2,677,468,459,1,2,1,3,P02
2,678,544,161,1,1,1,3,P02
2,679,571,371,1,1,1,3,P02
2,680,623,216,1,1,1,3,P02
2,681,359,134,1,1,1,3,P02
2,682,106,492,1,1,1,3,P02
2,683,232,691,1,3,1,3,P02
2,684,631,14,2,1,1,3,P02
2,685,274,709,1,2,1,3,P02
2,686,415,422,1,1,1,3,P02
2,687,804,91,1,1,1,3,P02
2,688,311,480,1,5,1,3,P02
2,689,290,142,1,1,1,3,P02
2,690,80,533,1,1,1,3,P02
2,691,97,324,1,1,1,3,P02
2,692,243,611,1,3,1,3,P02
2,693,312,547,1,3,1,3,P02
2,694,240,678,1,1,1,3,P02
2,695,116,541,1,3,1,3,P02
2,696,496,496,1,2,1,3,P02
2,697,634,301,1,1,1,3,P02
2,698,230,709,1,2,1,3,P02
2,699,267,322,1,1,1,3,P02
2,700,465,300,1,2,1,3,P02
2,701,181,687,1,3,1,3,P02
2,702,71,388,1,6,1,3,P02
2,703,496,397,1,1,1,3,P02
2,704,374,60,1,1,1,3,P02
2,705,250,676,1,2,1,3,P02
2,706,656,313,1,1,1,3,P02
2,707,274,184,1,1,1,3,P02
2,708,337,92,2,1,1,3,P02
2,709,196,256,2,2,1,3,P02
2,710,517,286,1,1,1,3,P02
2,711,172,675,1,2,1,3,P02
2,712,162,332,1,1,1,3,P02
2,713,373,261,1,1,1,3,P02
2,714,100,515,1,4,1,3,P02
2,715,222,271,1,2,1,3,P02
2,716,439,444,1,3,1,3,P02
2,717,380,123,2,1,1,3,P02
2,718,217,431,1,2,1,3,P02
2,719,156,773,1,1,1,3,P02
2,720,103,313,1,2,1,3,P02
2,721,260,723,1,1,1,3,P02
2,722,399,582,1,2,1,3,P02
2,723,256,689,1,1,1,3,P02
2,724,539,176,1,2,1,3,P02
2,725,157,414,1,3,1,3,P02
2,726,586,78,3,1,1,3,P02
2,727,249,181,1,1,1,3,P02
2,728,355,222,1,1,1,3,P02
2,729,433,86,1,1,1,3,P02
2,730,511,203,2,1,1,3,P02
2,731,57,842,1,1,1,3,P02
2,732,332,77,1,1,1,3,P02
2,733,122,630,1,2,1,3,P02
2,734,276,273,1,1,1,3,P02
2,735,676,260,1,1,1,3,P02
2,736,291,453,1,4,1,3,P02
2,737,437,79,1,1,1,3,P02
2,738,234,743,1,1,1,3,P02
2,739,300,109,5,2,1,3,P02
2,740,298,241,2,1,1,3,P02
2,741,535,117,1,1,1,3,P02
2,742,285,678,1,3,1,3,P02
2,743,271,455,1,1,1,3,P02
2,744,269,492,1,1,1,3,P02
2,745,197,684,1,3,1,3,P02
2,746,123,456,1,5,1,3,P02
2,747,414,446,1,2,1,3,P02
2,748,426,386,1,1,1,3,P02
2,749,659,274,1,1,1,3,P02
2,750,91,648,1,1,1,3,P02
2,751,462,208,1,2,1,3,P02
2,752,527,229,2,1,1,3,P02
2,753,351,563,1,2,1,3,P02
2,754,208,691,1,3,1,3,P02
2,755,342,374,1,2,1,3,P02
2,756,69,602,1,2,1,3,P02
2,757,364,176,1,1,1,3,P02
2,758,569,356,1,2,1,3,P02
2,759,61,558,1,3,1,3,P02
2,760,367,512,1,1,1,3,P02
2,761,650,183,1,2,1,3,P02
2,762,212,572,1,3,1,3,P02
2,763,196,317,1,2,1,3,P02
2,764,443,267,2,1,1,3,P02
2,765,115,364,1,2,1,3,P02
2,766,445,81,1,1,1,3,P02
2,767,179,311,1,1,1,3,P02
2,768,271,489,1,1,1,3,P02
2,769,481,31,1,1,1,3,P02
2,770,215,284,1,1,1,3,P02
2,771,853,138,1,1,1,3,P02
2,772,386,132,4,3,1,3,P02
2,773,296,129,2,1,1,3,P02
2,774,242,614,1,1,1,3,P02
2,775,290,210,1,1,1,3,P02
2,776,433,70,1,1,1,3,P02
2,777,21,465,1,5,1,3,P02
2,778,485,405,1,1,1,3,P02
2,779,272,232,1,1,1,3,P02
2,780,84,439,1,3,1,3,P02
2,781,241,521,1,5,1,3,P02
2,782,561,180,1,1,1,3,P02
2,783,213,769,1,2,1,3,P02
2,784,259,590,1,1,1,3,P02
2,785,409,286,1,3,1,3,P02
2,786,323,469,1,2,1,3,P02
2,787,220,715,1,1,1,3,P02
2,788,459,520,1,3,1,3,P02
2,789,78,592,1,3,1,3,P02
2,790,555,442,1,4,1,3,P02
2,791,294,686,1,3,1,3,P02
2,792,350,228,1,1,1,3,P02
2,793,23,727,1,5,1,3,P02
2,794,374,273,1,1,1,3,P02
2,795,353,112,3,1,1,3,P02
2,796,37,519,1,1,1,3,P02
2,797,162,761,1,3,1,3,P02
2,798,110,559,1,3,1,3,P02
2,799,398,413,1,1,1,3,P02
2,800,113,327,1,2,1,3,P02
2,801,600,320,1,3,1,3,P02
2,802,337,64,1,1,1,3,P02
2,803,180,241,1,1,1,3,P02
2,804,29,602,1,4,1,3,P02
2,805,729,157,1,1,1,3,P02
2,806,497,145,1,1,1,3,P02
2,807,240,665,1,3,1,3,P02
2,808,200,568,1,3,1,3,P02
2,809,179,756,1,1,1,3,P02
2,810,131,716,1,3,1,3,P02
2,811,350,545,1,2,1,3,P02
2,812,254,238,1,1,1,3,P02
2,813,55,412,1,5,1,3,P02
2,814,304,327,1,1,1,3,P02
2,815,278,283,1,1,1,3,P02
2,816,678,258,1,1,1,3,P02
2,817,670,82,1,1,1,3,P02
2,818,621,335,1,1,1,3,P02
2,819,209,267,2,6,1,3,P02
2,820,346,216,2,1,1,3,P02
2,821,436,250,1,1,1,3,P02
2,822,198,736,1,2,1,3,P02
2,823,503,146,1,1,1,3,P02
2,824,504,482,1,2,1,3,P02
2,825,338,256,1,3,1,3,P02
2,826,400,191,1,3,1,3,P02
2,827,376,417,1,4,1,3,P02
2,828,196,294,1,3,1,3,P02
2,829,279,502,1,3,1,3,P02
2,830,263,193,1,2,1,3,P02
2,831,587,266,1,1,1,3,P02
2,832,420,64,2,1,1,3,P02
2,833,362,261,2,3,1,3,P02
2,834,580,315,1,1,1,3,P02
2,835,223,474,1,1,1,3,P02
2,836,138,470,1,1,1,3,P02
2,837,163,353,1,1,1,3,P02
2,838,252,245,1,3,1,3,P02
2,839,177,400,2,1,1,3,P02
2,840,296,321,1,1,1,3,P02
2,841,165,685,1,1,1,3,P02
2,842,339,118,1,2,1,3,P02
2,843,708,241,2,1,1,3,P02
2,844,233,198,1,1,1,3,P02
2,845,172,439,1,1,1,3,P02
2,846,329,357,1,1,1,3,P02
2,847,108,500,1,3,1,3,P02
2,848,527,328,1,1,1,3,P02
2,849,110,778,1,2,1,3,P02
2,850,342,442,1,1,1,3,P02
2,851,223,596,1,3,1,3,P02
2,852,418,498,1,2,1,3,P02
2,853,319,617,1,2,1,3,P02
2,854,778,152,1,1,1,3,P02
2,855,141,529,1,1,1,3,P02
2,856,82,790,1,3,1,3,P02
2,857,471,477,1,1,1,3,P02
2,858,473,439,1,1,1,3,P02
2,859,243,359,1,3,1,3,P02
2,860,410,531,2,2,1,3,P02
2,861,145,485,1,1,1,3,P02
2,862,165,374,1,3,1,3,P02
2,863,234,587,3,2,1,3,P02
2,864,51,441,1,2,1,3,P02
2,865,556,355,1,1,1,3,P02
2,866,227,452,1,2,1,3,P02
2,867,101,706,1,4,1,3,P02
2,868,174,257,1,2,1,3,P02
2,869,413,444,1,1,1,3,P02
2,870,109,734,1,3,1,3,P02
2,871,106,694,1,1,1,3,P02
2,872,473,146,1,2,1,3,P02
2,873,190,298,1,3,1,3,P02
2,874,285,325,1,1,1,3,P02
2,875,493,179,1,2,1,3,P02
2,876,110,689,1,2,1,3,P02
2,877,85,801,1,2,1,3,P02
2,878,264,500,1,2,1,3,P02
2,879,187,367,1,4,1,3,P02
2,880,69,478,1,3,1,3,P02
2,881,585,389,1,1,1,3,P02
2,882,540,408,1,2,1,3,P02
2,883,340,265,1,1,1,3,P02
2,884,623,132,1,1,1,3,P02
2,885,433,85,1,1,1,3,P02
2,886,524,318,1,1,1,3,P02
2,887,42,700,1,5,1,3,P02
2,888,286,703,1,1,1,3,P02
2,889,157,345,1,2,1,3,P02
2,890,449,381,2,2,1,3,P02
2,891,450,207,2,3,1,3,P02
2,892,293,455,1,1,1,3,P02
2,893,121,856,1,1,1,3,P02
2,894,69,349,1,4,1,3,P02
2,895,92,442,1,1,1,3,P02
2,896,157,636,1,2,1,3,P02
2,897,98,782,1,4,1,3,P02
2,898,484,120,1,1,1,3,P02
2,899,121,447,1,2,1,3,P02
2,900,84,339,1,3,1,3,P02
2,901,493,331,1,1,1,3,P02
2,902,209,548,1,1,1,3,P02
2,903,381,161,1,2,1,3,P02
2,904,355,170,1,2,1,3,P02
2,905,27,377,1,3,1,3,P02
2,906,110,319,1,4,1,3,P02
2,907,443,117,3,1,1,3,P02
2,908,22,413,1,5,1,3,P02
2,909,382,599,1,2,1,3,P02
2,910,302,286,1,2,1,3,P02
2,911,289,433,1,2,1,3,P02
2,912,70,536,1,2,1,3,P02
2,913,168,322,1,2,1,3,P02
2,914,469,522,1,1,1,3,P02
2,915,153,576,1,3,1,3,P02
2,916,54,687,1,1,1,3,P02
2,917,419,77,1,1,1,3,P02
2,918,94,475,1,2,1,3,P02
2,919,563,157,1,1,1,3,P02
2,920,338,450,1,1,1,3,P02
2,921,437,134,2,1,1,3,P02
2,922,343,340,1,1,1,3,P02
2,923,674,140,1,1,1,3,P02
2,924,672,174,1,1,1,3,P02
2,925,60,519,1,3,1,3,P02
2,926,222,359,1,4,1,3,P02
2,927,342,110,1,1,1,3,P02
2,928,92,552,1,6,1,3,P02
2,929,362,356,1,1,1,3,P02
2,930,444,275,1,2,1,3,P02
2,931,324,638,1,2,1,3,P02
2,932,167,554,1,1,1,3,P02
2,933,409,465,1,2,1,3,P02
2,934,98,331,1,6,1,3,P02
2,935,90,334,1,1,1,3,P02
2,936,35,618,1,5,1,3,P02
2,937,73,578,1,5,1,3,P02
2,938,177,347,1,1,1,3,P02
2,939,298,407,1,1,1,3,P02
2,940,547,436,1,5,1,3,P02
2,941,328,441,1,2,1,3,P02
2,942,73,473,1,1,1,3,P02
2,943,96,520,1,3,1,3,P02
2,944,420,358,1,1,1,3,P02
2,945,187,597,1,1,1,3,P02
2,946,565,79,1,1,1,3,P02
2,947,413,516,1,3,1,3,P02
2,948,127,469,1,3,1,3,P02
2,949,166,596,1,1,1,3,P02
2,950,33,382,1,2,1,3,P02
2,951,684,158,1,1,1,3,P02
2,952,171,820,1,1,1,3,P02
2,953,121,423,1,4,1,3,P02
2,954,172,604,1,1,1,3,P02
2,955,501,258,3,1,1,3,P02
2,956,141,519,3,2,1,3,P02
2,957,252,655,1,4,1,3,P02
2,958,857,86,2,1,1,3,P02
2,959,779,161,1,1,1,3,P02
2,960,195,266,1,6,1,3,P02
2,961,647,313,1,1,1,3,P02
2,962,245,563,1,1,1,3,P02
2,963,121,637,1,1,1,3,P02
2,964,288,546,1,3,1,3,P02
2,965,487,108,1,1,1,3,P02
2,966,686,42,1,1,1,3,P02
2,967,319,474,1,2,1,3,P02
2,968,69,586,1,2,1,3,P02
2,969,104,348,1,4,1,3,P02
2,970,545,44,2,1,1,3,P02
2,971,520,207,1,1,1,3,P02
2,972,626,322,2,1,1,3,P02
2,973,233,251,1,4,1,3,P02
2,974,271,247,1,2,1,3,P02
2,975,262,543,1,2,1,3,P02
2,976,376,303,1,1,1,3,P02
2,977,296,274,1,1,1,3,P02
2,978,343,162,1,2,1,3,P02
2,979,453,259,1,2,1,3,P02
2,980,249,662,1,1,1,3,P02
2,981,356,56,1,1,1,3,P02
2,982,128,612,1,1,1,3,P02
2,983,648,99,1,1,1,3,P02
2,984,346,404,1,1,1,3,P02
2,985,183,343,1,1,1,3,P02
2,986,207,410,1,1,1,3,P02
2,987,613,305,1,1,1,3,P02
2,988,527,325,2,2,1,3,P02
2,989,487,276,1,1,1,3,P02
2,990,248,452,1,1,1,3,P02
2,991,83,340,1,4,1,3,P02
2,992,815,160,1,1,1,3,P02
2,993,598,182,1,1,1,3,P02
2,994,218,391,1,3,1,3,P02
2,995,698,108,1,1,1,3,P02
2,996,185,304,1,2,1,3,P02
2,997,334,589,1,1,1,3,P02
2,998,351,260,1,1,1,3,P02
2,999,499,212,1,1,1,3,P02
2,1000,362,79,1,1,1,3,P02
3,1,325,255,1,1,1,1,P02
3,2,599,298,1,1,1,1,P02
3,3,476,447,1,1,1,1,P02
3,4,619,197,1,1,1,1,P02
3,5,65,536,1,1,1,1,P02
3,6,617,277,1,1,1,1,P02
3,7,283,486,1,1,1,1,P02
3,8,626,305,1,1,1,1,P02
3,9,93,333,1,1,1,1,P02
3,10,512,219,1,1,1,1,P02
3,11,387,489,1,1,1,1,P02
3,12,211,294,1,1,1,1,P02
3,13,865,113,2,1,1,1,P02
3,14,636,332,3,1,1,1,P02
3,15,712,48,1,1,1,1,P02
3,16,712,90,1,1,1,1,P02
3,17,410,456,1,1,1,1,P02
3,18,224,338,1,1,1,1,P02
3,19,508,329,1,1,1,1,P02
3,20,302,118,2,1,1,1,P02
3,21,345,342,1,1,1,1,P02
3,22,393,227,2,1,1,1,P02
3,23,314,593,1,1,1,1,P02
3,24,202,501,1,3,1,1,P02
3,25,267,151,1,1,1,1,P02
3,26,532,78,1,1,1,1,P02
3,27,254,512,1,1,1,1,P02
3,28,547,298,1,1,1,1,P02
3,29,537,336,1,1,1,1,P02
3,30,108,465,1,1,1,1,P02
3,31,594,397,1,1,1,1,P02
3,32,442,324,1,1,1,1,P02
3,33,413,218,1,1,1,1,P02
3,34,426,495,1,1,1,1,P02
3,35,120,591,1,2,1,1,P02
3,36,82,357,1,2,1,1,P02
3,37,185,319,1,1,1,1,P02
3,38,341,398,1,1,1,1,P02
3,39,427,78,1,1,1,1,P02
3,40,360,376,2,1,1,1,P02
3,41,407,221,3,1,1,1,P02
3,42,530,55,1,1,1,1,P02
3,43,255,341,1,1,1,1,P02
3,44,318,432,1,3,1,1,P02
3,45,563,280,1,1,1,1,P02
3,46,247,224,1,1,1,1,P02
3,47,592,29,1,1,1,1,P02
3,48,297,438,1,1,1,1,P02
3,49,272,251,2,1,1,1,P02
3,50,129,282,1,1,1,1,P02
3,51,638,352,1,1,1,1,P02
3,52,440,30,1,1,1,1,P02
3,53,166,399,1,1,1,1,P02
3,54,622,91,1,1,1,1,P02
3,55,374,588,1,1,1,1,P02
3,56,183,297,1,1,1,1,P02
3,57,376,249,1,1,1,1,P02
3,58,187,565,1,1,1,1,P02
3,59,503,244,1,1,1,1,P02
3,60,395,189,1,1,1,1,P02
3,61,893,43,1,1,1,1,P02
3,62,144,432,1,2,1,1,P02
3,63,458,66,1,1,1,1,P02
3,64,199,372,1,1,1,1,P02
3,65,525,423,1,1,1,1,P02
3,66,891,78,1,1,1,1,P02
3,67,550,372,1,1,1,1,P02
3,68,310,239,1,1,1,1,P02
3,69,208,412,1,1,1,1,P02
3,70,202,220,1,1,1,1,P02
3,71,459,67,1,1,1,1,P02
3,72,654,343,1,1,1,1,P02
3,73,162,319,1,1,1,1,P02
3,74,214,478,1,1,1,1,P02
3,75,481,31,1,1,1,1,P02
3,76,129,763,1,1,1,1,P02
3,77,428,166,1,1,1,1,P02
3,78,277,202,1,1,1,1,P02
3,79,254,368,1,1,1,1,P02
3,80,198,733,1,2,1,1,P02
3,81,350,180,1,1,1,1,P02
3,82,495,189,1,1,1,1,P02
3,83,691,273,1,1,1,1,P02
3,84,323,629,1,1,1,1,P02
3,85,379,608,1,1,1,1,P02
3,86,402,105,1,1,1,1,P02
3,87,657,159,1,1,1,1,P02
3,88,621,123,1,2,1,1,P02
3,89,297,149,1,1,1,1,P02
3,90,621,261,1,1,1,1,P02
3,91,106,349,1,1,1,1,P02
3,92,456,340,1,1,1,1,P02
3,93,602,138,1,1,1,1,P02
3,94,779,169,1,1,1,1,P02
3,95,285,302,1,1,1,1,P02
3,96,385,489,1,1,1,1,P02
3,97,463,22,1,1,1,1,P02
3,98,439,333,1,1,1,1,P02
3,99,577,151,3,1,1,1,P02
3,100,104,405,1,1,1,1,P02
3,101,113,606,1,1,1,1,P02
3,102,710,123,1,1,1,1,P02
3,103,529,220,1,1,1,1,P02
3,104,80,707,1,2,1,1,P02
3,105,93,342,1,1,1,1,P02
3,106,217,250,1,2,1,1,P02
3,107,529,257,1,1,1,1,P02
3,108,238,261,1,1,1,1,P02
3,109,200,312,1,2,1,1,P02
3,110,363,271,1,1,1,1,P02
3,111,607,356,1,1,1,1,P02
3,112,351,380,2,1,1,1,P02
3,113,37,544,1,1,1,1,P02
3,114,114,606,1,2,1,1,P02
3,115,143,422,1,1,1,1,P02
3,116,166,754,1,1,1,1,P02
3,117,459,178,1,1,1,1,P02
3,118,234,256,1,1,1,1,P02
3,119,242,524,1,1,1,1,P02
3,120,507,374,1,1,1,1,P02
3,121,99,449,1,1,1,1,P02
3,122,347,178,1,1,1,1,P02
3,123,429,187,2,1,1,1,P02
3,124,445,21,1,1,1,1,P02
3,125,553,151,2,1,1,1,P02
3,126,603,282,2,2,1,1,P02
3,127,607,384,1,1,1,1,P02
3,128,460,189,1,1,1,1,P02
3,129,616,195,1,1,1,1,P02
3,130,439,540,1,1,1,1,P02
3,131,801,94,1,1,1,1,P02
3,132,444,251,1,1,1,1,P02
3,133,329,626,2,1,1,1,P02
3,134,268,397,1,1,1,1,P02
3,135,130,408,1,1,1,1,P02
3,136,456,367,1,1,1,1,P02
3,137,209,434,1,1,1,1,P02
3,138,56,381,1,1,1,1,P02
3,139,790,84,1,1,1,1,P02
3,140,229,513,1,1,1,1,P02
3,141,259,309,1,1,1,1,P02
3,142,153,506,1,1,1,1,P02
3,143,360,569,1,1,1,1,P02
3,144,702,199,1,1,1,1,P02
3,145,521,324,2,1,1,1,P02
3,146,70,367,1,1,1,1,P02
3,147,260,175,1,1,1,1,P02
3,148,318,154,1,1,1,1,P02
3,149,341,215,1,2,1,1,P02
3,150,430,121,1,1,1,1,P02
3,151,243,485,1,1,1,1,P02
3,152,404,118,3,1,1,1,P02
3,153,179,343,1,1,1,1,P02
3,154,181,316,1,1,1,1,P02
3,155,584,193,1,1,1,1,P02
3,156,527,276,1,1,1,1,P02
3,157,548,144,1,1,1,1,P02
3,158,374,402,1,1,1,1,P02
3,159,316,592,1,1,1,1,P02
3,160,649,87,1,1,1,1,P02
3,161,622,250,1,1,1,1,P02
3,162,345,538,1,2,1,1,P02
3,163,154,661,2,1,1,1,P02
3,164,797,142,1,1,1,1,P02
3,165,187,547,1,1,1,1,P02
3,166,543,145,1,1,1,1,P02
3,167,141,558,1,1,1,1,P02
3,168,359,68,1,1,1,1,P02
3,169,360,76,2,1,1,1,P02
3,170,492,477,1,1,1,1,P02
3,171,76,346,1,2,1,1,P02
3,172,148,599,1,2,1,1,P02
3,173,65,420,1,1,1,1,P02
3,174,53,501,1,1,1,1,P02
3,175,407,234,1,1,1,1,P02
3,176,351,83,1,1,1,1,P02
3,177,214,327,1,1,1,1,P02
3,178,292,552,1,1,1,1,P02
3,179,564,249,1,1,1,1,P02
3,180,642,147,2,1,1,1,P02
3,181,412,257,1,1,1,1,P02
3,182,464,281,1,1,1,1,P02
3,183,278,564,1,3,1,1,P02
3,184,521,245,1,1,1,1,P02
3,185,131,653,1,1,1,1,P02
3,186,457,233,1,1,1,1,P02
3,187,494,45,1,1,1,1,P02
3,188,448,482,1,1,1,1,P02
3,189,326,167,1,1,1,1,P02
3,190,403,578,1,1,1,1,P02
3,191,386,528,1,1,1,1,P02
3,192,429,494,1,1,1,1,P02
3,193,209,630,1,2,1,1,P02
3,194,390,270,1,1,1,1,P02
3,195,326,423,1,1,1,1,P02
3,196,612,245,2,1,1,1,P02
3,197,101,331,1,1,1,1,P02
3,198,214,753,1,1,1,1,P02
3,199,255,384,1,1,1,1,P02
3,200,726,62,1,1,1,1,P02
3,201,321,447,1,1,1,1,P02
3,202,605,339,1,1,1,1,P02
3,203,507,208,1,1,1,1,P02
3,204,210,228,1,1,1,1,P02
3,205,230,300,1,1,1,1,P02
3,206,524,461,1,1,1,1,P02
3,207,821,82,1,1,1,1,P02
3,208,404,133,1,1,1,1,P02
3,209,39,792,1,2,1,1,P02
3,210,130,356,1,1,1,1,P02
3,211,247,229,1,1,1,1,P02
3,212,363,185,2,1,1,1,P02
3,213,292,180,1,1,1,1,P02
3,214,356,91,1,1,1,1,P02
3,215,334,241,1,1,1,1,P02
3,216,306,135,1,1,1,1,P02
3,217,198,381,1,1,1,1,P02
3,218,337,259,2,1,1,1,P02
3,219,272,247,1,1,1,1,P02
3,220,456,499,1,1,1,1,P02
3,221,91,423,1,1,1,1,P02
3,222,267,617,1,1,1,1,P02
3,223,188,346,1,2,1,1,P02
3,224,704,172,1,1,1,1,P02
3,225,120,651,1,1,1,1,P02
3,226,163,489,1,1,1,1,P02
3,227,305,264,1,1,1,1,P02
3,228,293,512,1,1,1,1,P02
3,229,201,317,1,1,1,1,P02
3,230,364,60,1,1,1,1,P02
3,231,293,161,1,1,1,1,P02
3,232,602,260,1,1,1,1,P02
3,233,467,21,1,1,1,1,P02
3,234,755,206,1,1,1,1,P02
3,235,405,230,1,1,1,1,P02
3,236,628,283,1,1,1,1,P02
3,237,584,82,2,1,1,1,P02
3,238,582,66,2,1,1,1,P02
3,239,111,293,1,1,1,1,P02
3,240,188,238,1,1,1,1,P02
3,241,337,424,1,3,1,1,P02
3,242,182,340,1,1,1,1,P02
3,243,543,385,1,1,1,1,P02
3,244,383,359,1,1,1,1,P02
3,245,243,202,1,1,1,1,P02
3,246,188,249,1,2,1,1,P02
3,247,275,487,1,1,1,1,P02
3,248,607,172,1,1,1,1,P02
3,249,416,129,1,1,1,1,P02
3,250,56,643,1,1,1,1,P02
3,251,518,56,1,1,1,1,P02
3,252,359,122,1,1,1,1,P02
3,253,424,354,1,1,1,1,P02
3,254,61,350,1,2,1,1,P02
3,255,291,182,1,1,1,1,P02
3,256,297,137,1,1,1,1,P02
3,257,278,284,1,1,1,1,P02
3,258,625,359,1,1,1,1,P02
3,259,239,223,2,1,1,1,P02
3,260,348,242,1,1,1,1,P02
3,261,588,134,1,1,1,1,P02
3,262,167,565,1,1,1,1,P02
3,263,571,44,3,1,1,1,P02
3,264,241,317,1,1,1,1,P02
3,265,321,220,1,1,1,1,P02
3,266,481,203,1,1,1,1,P02
3,267,764,112,1,1,1,1,P02
3,268,167,570,1,1,1,1,P02
3,269,331,343,1,2,1,1,P02
3,270,253,184,1,2,1,1,P02
3,271,562,346,1,1,1,1,P02
3,272,341,411,1,1,1,1,P02
3,273,885,69,1,1,1,1,P02
3,274,365,285,1,1,1,1,P02
3,275,710,42,1,1,1,1,P02
3,276,363,567,1,1,1,1,P02
3,277,371,432,1,1,1,1,P02
3,278,109,403,1,1,1,1,P02
3,279,454,482,1,1,1,1,P02
3,280,330,277,1,1,1,1,P02
3,281,348,419,1,1,1,1,P02
3,282,305,197,1,1,1,1,P02
3,283,508,116,1,1,1,1,P02
3,284,344,60,2,1,1,1,P02
3,285,530,15,1,1,1,1,P02
3,286,289,159,2,1,1,1,P02
3,287,685,117,3,1,1,1,P02
3,288,222,520,2,1,1,1,P02
3,289,464,220,1,1,1,1,P02
3,290,540,75,1,1,1,1,P02
3,291,478,256,1,1,1,1,P02
3,292,181,433,1,1,1,1,P02
3,293,415,453,1,1,1,1,P02
3,294,118,795,1,1,1,1,P02
3,295,250,481,1,1,1,1,P02
3,296,773,101,1,1,1,1,P02
3,297,330,226,1,1,1,1,P02
3,298,828,38,1,1,1,1,P02
3,299,602,291,2,1,1,1,P02
3,300,87,707,1,1,1,1,P02
3,301,453,147,1,1,1,1,P02
3,302,265,352,1,1,1,1,P02
3,303,599,167,1,1,1,1,P02
3,304,263,319,1,1,1,1,P02
3,305,454,149,1,1,1,1,P02
3,306,534,56,1,1,1,1,P02
3,307,670,234,1,1,1,1,P02
3,308,422,170,1,1,1,1,P02
3,309,349,467,1,1,1,1,P02
3,310,471,31,2,1,1,1,P02
3,311,250,622,1,1,1,1,P02
3,312,384,126,2,1,1,1,P02
3,313,447,133,1,1,1,1,P02
3,314,338,207,1,1,1,1,P02
3,315,566,18,2,1,1,1,P02
3,316,260,216,3,1,1,1,P02
3,317,164,623,1,1,1,1,P02
3,318,453,160,1,1,1,1,P02
3,319,221,251,2,1,1,1,P02
3,320,607,36,1,1,1,1,P02
3,321,174,508,1,1,1,1,P02
3,322,220,533,1,4,1,1,P02
3,323,241,315,1,2,1,1,P02
3,324,600,211,3,1,1,1,P02
3,325,429,445,1,2,1,1,P02
3,326,462,96,4,1,1,1,P02
3,327,207,356,1,1,1,1,P02
3,328,371,46,1,1,1,1,P02
3,329,601,345,1,1,1,1,P02
3,330,281,249,1,1,1,1,P02
3,331,251,644,1,1,1,1,P02
3,332,370,528,1,3,1,1,P02
3,333,664,294,1,1,1,1,P02
3,334,532,300,1,1,1,1,P02
3,335,103,676,1,1,1,1,P02
3,336,245,619,1,3,1,1,P02
3,337,175,683,1,2,1,1,P02
3,338,308,383,1,1,1,1,P02
3,339,517,190,1,1,1,1,P02
3,340,511,416,1,1,1,1,P02
3,341,140,392,1,1,1,1,P02
3,342,544,173,1,1,1,1,P02
3,343,437,301,1,1,1,1,P02
3,344,444,95,1,1,1,1,P02
3,345,820,35,1,1,1,1,P02
3,346,429,39,1,1,1,1,P02
3,347,351,56,3,1,1,1,P02
3,348,585,99,2,1,1,1,P02
3,349,31,523,1,1,1,1,P02
3,350,528,151,1,1,1,1,P02
3,351,341,626,1,1,1,1,P02
3,352,150,447,1,1,1,1,P02
3,353,249,219,1,1,1,1,P02
3,354,162,444,1,2,1,1,P02
3,355,670,118,1,1,1,1,P02
3,356,317,401,1,1,1,1,P02
3,357,119,495,1,2,1,1,P02
3,358,264,202,1,1,1,1,P02
3,359,338,194,1,1,1,1,P02
3,360,404,361,1,1,1,1,P02
3,361,172,367,1,3,1,1,P02
3,362,786,174,3,1,1,1,P02
3,363,194,375,1,1,1,1,P02
3,364,595,367,2,1,1,1,P02
3,365,758,52,1,1,1,1,P02
3,366,337,88,1,1,1,1,P02
3,367,72,381,1,1,1,1,P02
3,368,600,391,1,1,1,1,P02
3,369,426,305,1,1,1,1,P02
3,370,379,222,1,1,1,1,P02
3,371,131,423,1,1,1,1,P02
3,372,368,203,1,1,1,1,P02
3,373,359,369,1,1,1,1,P02
3,374,599,108,2,1,1,1,P02
3,375,173,359,1,1,1,1,P02
3,376,291,176,1,1,1,1,P02
3,377,278,437,1,1,1,1,P02
3,378,138,268,1,3,1,1,P02
3,379,330,174,1,1,1,1,P02
3,380,478,38,1,1,1,1,P02
3,381,213,399,1,1,1,1,P02
3,382,176,352,1,1,1,1,P02
3,383,300,206,2,1,1,1,P02
3,384,30,696,1,1,1,1,P02
3,385,348,626,1,1,1,1,P02
3,386,687,307,1,1,1,1,P02
3,387,498,288,1,1,1,1,P02
3,388,149,261,1,1,1,1,P02
3,389,407,437,1,1,1,1,P02
3,390,148,295,1,1,1,1,P02
3,391,370,416,1,1,1,1,P02
3,392,497,73,1,1,1,1,P02
3,393,309,443,1,1,1,1,P02
3,394,441,138,1,1,1,1,P02
3,395,402,196,1,1,1,1,P02
3,396,134,782,1,1,1,1,P02
3,397,464,341,1,1,1,1,P02
3,398,557,366,1,1,1,1,P02
3,399,418,319,1,1,1,1,P02
3,400,317,96,1,2,1,1,P02
3,401,433,126,1,1,1,1,P02
3,402,343,289,1,1,1,1,P02
3,403,516,123,1,1,1,1,P02
3,404,358,58,1,1,1,1,P02
3,405,755,139,1,1,1,1,P02
3,406,138,356,1,1,1,1,P02
3,407,380,102,2,1,1,1,P02
3,408,737,194,3,1,1,1,P02
3,409,344,71,1,1,1,1,P02
3,410,174,247,1,1,1,1,P02
3,411,430,93,1,1,1,1,P02
3,412,48,465,1,2,1,1,P02
3,413,279,264,1,2,1,1,P02
3,414,106,607,1,2,1,1,P02
3,415,508,19,1,1,1,1,P02
3,416,508,103,1,1,1,1,P02
3,417,358,48,1,1,1,1,P02
3,418,480,374,2,1,1,1,P02
3,419,364,285,1,1,1,1,P02
3,420,763,96,2,1,1,1,P02
3,421,518,176,1,1,1,1,P02
3,422,421,533,1,1,1,1,P02
3,423,17,418,1,1,1,1,P02
3,424,159,246,1,1,1,1,P02
3,425,129,420,1,1,1,1,P02
3,426,414,463,1,1,1,1,P02
3,427,482,313,1,1,1,1,P02
3,428,334,88,2,1,1,1,P02
3,429,284,137,1,1,1,1,P02
3,430,525,126,1,1,1,1,P02
3,431,630,311,1,1,1,1,P02
3,432,393,590,1,1,1,1,P02
3,433,756,121,1,1,1,1,P02
3,434,825,26,2,1,1,1,P02
3,435,336,458,1,1,1,1,P02
3,436,171,449,1,1,1,1,P02
3,437,537,184,1,1,1,1,P02
3,438,447,14,1,1,1,1,P02
3,439,307,549,1,1,1,1,P02
3,440,366,243,1,1,1,1,P02
3,441,511,80,1,1,1,1,P02
3,442,360,145,1,1,1,1,P02
3,443,614,84,1,1,1,1,P02
3,444,84,411,1,1,1,1,P02
3,445,860,129,2,1,1,1,P02
3,446,230,695,1,1,1,1,P02
3,447,593,94,1,1,1,1,P02
3,448,504,219,1,1,1,1,P02
3,449,126,355,1,1,1,1,P02
3,450,579,163,1,1,1,1,P02
3,451,174,293,1,1,1,1,P02
3,452,308,110,2,1,1,1,P02
3,453,372,262,1,1,1,1,P02
3,454,96,715,1,2,1,1,P02
3,455,321,290,1,1,1,1,P02
3,456,449,287,2,1,1,1,P02
3,457,319,170,1,1,1,1,P02
3,458,311,397,1,3,1,1,P02
3,459,432,310,1,1,1,1,P02
3,460,86,408,1,2,1,1,P02
3,461,790,185,1,1,1,1,P02
3,462,111,547,1,1,1,1,P02
3,463,352,328,3,2,1,1,P02
3,464,665,190,1,1,1,1,P02
3,465,137,398,1,1,1,1,P02
3,466,390,496,1,1,1,1,P02
3,467,196,593,1,1,1,1,P02
3,468,223,733,1,1,1,1,P02
3,469,495,347,1,1,1,1,P02
3,470,236,750,1,2,1,1,P02
3,471,169,317,1,1,1,1,P02
3,472,334,223,1,2,1,1,P02
3,473,274,197,4,3,1,1,P02
3,474,597,304,1,1,1,1,P02
3,475,686,51,3,1,1,1,P02
3,476,373,68,2,1,1,1,P02
3,477,321,494,1,2,1,1,P02
3,478,552,320,2,1,1,1,P02
3,479,84,803,1,1,1,1,P02
3,480,613,41,1,1,1,1,P02
3,481,561,330,1,1,1,1,P02
3,482,243,287,1,1,1,1,P02
3,483,239,506,1,1,1,1,P02
3,484,631,62,1,1,1,1,P02
3,485,245,728,1,1,1,1,P02
3,486,452,83,2,1,1,1,P02
3,487,279,536,1,3,1,1,P02
3,488,394,248,1,1,1,1,P02
3,489,464,131,1,1,1,1,P02
3,490,338,116,1,1,1,1,P02
3,491,349,383,1,2,1,1,P02
3,492,319,468,2,2,1,1,P02
3,493,272,314,1,1,1,1,P02
3,494,66,625,1,2,1,1,P02
3,495,495,258,1,1,1,1,P02
3,496,480,179,1,1,1,1,P02
3,497,764,183,3,1,1,1,P02
3,498,380,264,2,1,1,1,P02
3,499,279,570,1,1,1,1,P02
3,500,128,451,1,2,1,1,P02
3,501,442,273,1,1,1,1,P02
3,502,490,182,1,1,1,1,P02
3,503,293,209,1,3,1,1,P02
3,504,414,179,1,1,1,1,P02
3,505,253,174,1,1,1,1,P02
3,506,322,85,1,1,1,1,P02
3,507,688,98,1,1,1,1,P02
3,508,327,218,1,1,1,1,P02
3,509,500,85,1,1,1,1,P02
3,510,330,125,1,1,1,1,P02
3,511,74,829,1,2,1,1,P02
3,512,367,210,1,1,1,1,P02
3,513,458,173,1,1,1,1,P02
3,514,163,354,1,1,1,1,P02
3,515,472,308,1,1,1,1,P02
3,516,241,564,1,1,1,1,P02
3,517,590,351,1,1,1,1,P02
3,518,37,602,1,1,1,1,P02
3,519,59,358,1,2,1,1,P02
3,520,132,728,1,1,1,1,P02
3,521,280,276,1,1,1,1,P02
3,522,500,213,2,1,1,1,P02
3,523,175,242,1,1,1,1,P02
3,524,478,230,1,1,1,1,P02
3,525,355,491,1,1,1,1,P02
3,526,565,410,1,1,1,1,P02
3,527,592,299,1,1,1,1,P02
3,528,335,222,1,1,1,1,P02
3,529,218,343,1,1,1,1,P02
3,530,202,214,1,1,1,1,P02
3,531,346,269,1,1,1,1,P02
3,532,516,91,1,1,1,1,P02
3,533,248,234,1,1,1,1,P02
3,534,171,602,1,1,1,1,P02
3,535,203,624,1,1,1,1,P02
3,536,434,88,1,1,1,1,P02
3,537,156,620,1,2,1,1,P02
3,538,837,89,1,1,1,1,P02
3,539,481,333,1,1,1,1,P02
3,540,493,165,1,2,1,1,P02
3,541,421,530,1,1,1,1,P02
3,542,403,94,1,1,1,1,P02
3,543,201,329,1,1,1,1,P02
3,544,193,396,1,1,1,1,P02
3,545,257,165,1,1,1,1,P02
3,546,438,479,1,1,1,1,P02
3,547,124,352,1,1,1,1,P02
3,548,641,67,2,1,1,1,P02
3,549,482,78,1,1,1,1,P02
3,550,457,472,1,1,1,1,P02
3,551,403,68,1,1,1,1,P02
3,552,479,50,1,1,1,1,P02
3,553,676,90,1,1,1,1,P02
3,554,390,367,1,1,1,1,P02
3,555,332,137,2,1,1,1,P02
3,556,279,163,1,1,1,1,P02
3,557,261,388,1,1,1,1,P02
3,558,339,190,2,1,1,1,P02
3,559,303,360,1,1,1,1,P02
3,560,35,666,1,2,1,1,P02
3,561,672,314,1,1,1,1,P02
3,562,475,254,1,1,1,1,P02
3,563,184,762,1,1,1,1,P02
3,564,286,669,1,1,1,1,P02
3,565,588,341,1,1,1,1,P02
3,566,191,496,1,1,1,1,P02
3,567,444,174,1,1,1,1,P02
3,568,304,331,1,1,1,1,P02
3,569,730,103,3,1,1,1,P02
3,570,749,250,2,2,1,1,P02
3,571,676,314,3,2,1,1,P02
3,572,777,145,1,1,1,1,P02
3,573,254,575,1,1,1,1,P02
3,574,175,261,1,1,1,1,P02
3,575,152,344,1,1,1,1,P02
3,576,669,159,1,1,1,1,P02
3,577,210,241,1,1,1,1,P02
3,578,367,403,3,1,1,1,P02
3,579,268,606,1,1,1,1,P02
3,580,774,104,1,1,1,1,P02
3,581,393,394,1,1,1,1,P02
3,582,239,207,1,2,1,1,P02
3,583,576,375,1,1,1,1,P02
3,584,96,691,1,1,1,1,P02
3,585,494,233,2,1,1,1,P02
3,586,197,207,1,1,1,1,P02
3,587,409,63,1,1,1,1,P02
3,588,105,330,1,1,1,1,P02
3,589,220,227,1,1,1,1,P02
3,590,300,189,1,1,1,1,P02
3,591,71,596,1,1,1,1,P02
3,592,132,755,1,1,1,1,P02
3,593,620,318,1,1,1,1,P02
3,594,217,338,2,1,1,1,P02
3,595,736,193,1,1,1,1,P02
3,596,633,275,1,1,1,1,P02
3,597,193,372,1,1,1,1,P02
3,598,338,214,2,1,1,1,P02
3,599,473,468,1,1,1,1,P02
3,600,120,867,1,1,1,1,P02
3,601,638,277,1,1,1,1,P02
3,602,153,599,1,1,1,1,P02
3,603,228,351,2,1,1,1,P02
3,604,566,82,1,1,1,1,P02
3,605,257,177,1,1,1,1,P02
3,606,98,599,1,2,1,1,P02
3,607,661,220,1,1,1,1,P02
3,608,239,697,1,1,1,1,P02
3,609,321,218,1,1,1,1,P02
3,610,331,173,1,1,1,1,P02
3,611,516,91,1,1,1,1,P02
3,612,214,257,1,2,1,1,P02
3,613,735,40,2,1,1,1,P02
3,614,292,405,1,1,1,1,P02
3,615,606,234,1,1,1,1,P02
3,616,382,442,1,2,1,1,P02
3,617,10,457,1,1,1,1,P02
3,618,509,117,1,1,1,1,P02
3,619,438,262,1,1,1,1,P02
3,620,647,248,1,1,1,1,P02
3,621,442,296,1,1,1,1,P02
3,622,302,681,1,1,1,1,P02
3,623,387,173,1,1,1,1,P02
3,624,677,316,1,1,1,1,P02
3,625,549,33,1,1,1,1,P02
3,626,174,251,1,1,1,1,P02
3,627,325,433,1,2,1,1,P02
3,628,219,536,1,1,1,1,P02
3,629,585,406,1,1,1,1,P02
3,630,320,377,1,1,1,1,P02
3,631,257,268,1,1,1,1,P02
3,632,542,62,1,1,1,1,P02
3,633,599,22,1,1,1,1,P02
3,634,235,666,1,1,1,1,P02
3,635,204,233,1,1,1,1,P02
3,636,233,256,1,1,1,1,P02
3,637,371,248,1,1,1,1,P02
3,638,67,515,1,1,1,1,P02
3,639,272,570,1,1,1,1,P02
3,640,214,240,1,1,1,1,P02
3,641,537,96,1,1,1,1,P02
3,642,461,351,1,1,1,1,P02
3,643,831,86,1,1,1,1,P02
3,644,136,450,1,1,1,1,P02
3,645,188,620,1,1,1,1,P02
3,646,506,171,1,1,1,1,P02
3,647,655,212,1,1,1,1,P02
3,648,591,278,1,1,1,1,P02
3,649,475,524,1,1,1,1,P02
3,650,793,172,1,1,1,1,P02
3,651,497,219,1,1,1,1,P02
3,652,380,119,1,1,1,1,P02
3,653,290,119,1,1,1,1,P02
3,654,245,342,1,1,1,1,P02
3,655,684,270,1,1,1,1,P02
3,656,336,653,1,1,1,1,P02
3,657,108,338,1,1,1,1,P02
3,658,420,43,1,1,1,1,P02
3,659,431,135,1,1,1,1,P02
3,660,489,431,1,1,1,1,P02
3,661,135,776,1,1,1,1,P02
3,662,299,516,1,2,1,1,P02
3,663,328,322,1,1,1,1,P02
3,664,278,200,1,1,1,1,P02
3,665,510,72,1,1,1,1,P02
3,666,674,306,2,1,1,1,P02
3,667,246,284,1,1,1,1,P02
3,668,458,144,1,1,1,1,P02
3,669,159,462,1,1,1,1,P02
3,670,716,59,1,1,1,1,P02
3,671,302,103,1,1,1,1,P02
3,672,95,529,1,3,1,1,P02
3,673,399,573,1,1,1,1,P02
3,674,62,467,1,1,1,1,P02
3,675,417,28,1,1,1,1,P02
3,676,309,205,1,1,1,1,P02
3,677,638,212,1,1,1,1,P02
3,678,185,671,1,1,1,1,P02
3,679,204,304,1,1,1,1,P02
3,680,367,357,1,1,1,1,P02
3,681,595,293,1,1,1,1,P02
3,682,519,262,1,1,1,1,P02
3,683,800,85,1,1,1,1,P02
3,684,325,123,1,1,1,1,P02
3,685,374,341,1,1,1,1,P02
3,686,345,376,1,2,1,1,P02
3,687,51,574,1,1,1,1,P02
3,688,333,276,1,1,1,1,P02
3,689,479,88,1,1,1,1,P02
3,690,133,348,1,1,1,1,P02
3,691,333,395,1,1,1,1,P02
3,692,699,250,1,1,1,1,P02
3,693,202,555,1,1,1,1,P02
3,694,593,307,2,1,1,1,P02
3,695,414,188,1,1,1,1,P02
3,696,151,635,1,1,1,1,P02
3,697,371,29,1,1,1,1,P02
3,698,476,250,1,1,1,1,P02
3,699,462,121,1,1,1,1,P02
3,700,498,474,1,1,1,1,P02
3,701,285,381,1,1,1,1,P02
3,702,522,87,1,1,1,1,P02
3,703,723,143,1,1,1,1,P02
3,704,109,835,1,1,1,1,P02
3,705,412,302,1,1,1,1,P02
3,706,445,148,1,1,1,1,P02
3,707,210,258,1,1,1,1,P02
3,708,437,99,1,1,1,1,P02
3,709,666,274,2,1,1,1,P02
3,710,374,172,1,1,1,1,P02
3,711,171,541,1,1,1,1,P02
3,712,171,614,2,3,1,1,P02
3,713,541,65,1,1,1,1,P02
3,714,218,693,1,1,1,1,P02
3,715,72,352,2,1,1,1,P02
3,716,81,328,1,2,1,1,P02
3,717,118,282,1,1,1,1,P02
3,718,221,430,1,1,1,1,P02
3,719,208,659,1,1,1,1,P02
3,720,725,70,1,1,1,1,P02
3,721,512,108,3,1,1,1,P02
3,722,206,593,1,3,1,1,P02
3,723,774,154,1,1,1,1,P02
3,724,568,213,1,1,1,1,P02
3,725,321,477,1,1,1,1,P02
3,726,288,341,1,1,1,1,P02
3,727,105,348,1,1,1,1,P02
3,728,492,288,1,1,1,1,P02
3,729,680,92,1,1,1,1,P02
3,730,26,483,1,1,1,1,P02
3,731,618,102,1,1,1,1,P02
3,732,367,490,1,1,1,1,P02
3,733,491,197,1,1,1,1,P02
3,734,269,352,1,1,1,1,P02
3,735,735,35,1,1,1,1,P02
3,736,365,261,1,1,1,1,P02
3,737,688,252,1,1,1,1,P02
3,738,439,464,1,1,1,1,P02
3,739,308,231,1,1,1,1,P02
3,740,415,64,1,1,1,1,P02
3,741,355,375,2,1,1,1,P02
3,742,426,157,1,1,1,1,P02
3,743,572,268,1,1,1,1,P02
3,744,395,32,3,1,1,1,P02
3,745,290,320,1,1,1,1,P02
3,746,71,372,1,2,1,1,P02
3,747,582,40,1,1,1,1,P02
3,748,546,40,1,1,1,1,P02
3,749,209,566,1,1,1,1,P02
3,750,166,789,1,1,1,1,P02
3,751,478,216,1,1,1,1,P02
3,752,561,191,1,1,1,1,P02
3,753,687,98,1,1,1,1,P02
3,754,336,268,2,1,1,1,P02
3,755,527,238,1,1,1,1,P02
3,756,658,199,1,1,1,1,P02
3,757,232,686,1,1,1,1,P02
3,758,367,379,1,1,1,1,P02
3,759,272,164,1,1,1,1,P02
3,760,471,400,1,1,1,1,P02
3,761,683,146,1,1,1,1,P02
3,762,170,456,1,1,1,1,P02
3,763,589,370,1,1,1,1,P02
3,764,52,871,1,2,1,1,P02
3,765,747,145,2,2,1,1,P02
3,766,272,568,1,1,1,1,P02
3,767,237,595,1,2,1,1,P02
3,768,71,354,1,1,1,1,P02
3,769,453,464,1,1,1,1,P02
3,770,486,107,1,1,1,1,P02
3,771,509,96,1,1,1,1,P02
3,772,423,184,2,1,1,1,P02
3,773,300,653,1,1,1,1,P02
3,774,506,102,1,1,1,1,P02
3,775,258,275,2,1,1,1,P02
3,776,290,277,1,1,1,1,P02
3,777,179,501,1,1,1,1,P02
3,778,301,508,1,2,1,1,P02
3,779,448,90,1,1,1,1,P02
3,780,659,178,2,1,1,1,P02
3,781,216,360,1,1,1,1,P02
3,782,393,173,1,1,1,1,P02
3,783,472,153,1,1,1,1,P02
3,784,292,485,1,1,1,1,P02
3,785,445,174,2,1,1,1,P02
3,786,537,40,1,1,1,1,P02
3,787,562,106,1,1,1,1,P02
3,788,376,48,1,1,1,1,P02
3,789,208,212,1,1,1,1,P02
3,790,150,266,1,1,1,1,P02
3,791,154,286,1,1,1,1,P02
3,792,489,465,1,3,1,1,P02
3,793,503,119,1,1,1,1,P02
3,794,383,234,1,1,1,1,P02
3,795,116,476,1,1,1,1,P02
3,796,317,481,1,1,1,1,P02
3,797,362,307,1,1,1,1,P02
3,798,487,350,1,1,1,1,P02
3,799,372,321,1,1,1,1,P02
3,800,75,598,1,1,1,1,P02
3,801,360,293,1,1,1,1,P02
3,802,395,427,2,1,1,1,P02
3,803,243,425,1,1,1,1,P02
3,804,323,466,1,1,1,1,P02
3,805,783,131,1,1,1,1,P02
3,806,447,166,1,1,1,1,P02
3,807,498,91,1,1,1,1,P02
3,808,302,568,1,1,1,1,P02
3,809,346,298,2,1,1,1,P02
3,810,559,234,1,1,1,1,P02
3,811,488,420,1,1,1,1,P02
3,812,436,369,1,1,1,1,P02
3,813,859,124,1,1,1,1,P02
3,814,300,247,1,1,1,1,P02
3,815,520,258,2,1,1,1,P02
3,816,147,256,1,1,1,1,P02
3,817,283,359,1,1,1,1,P02
3,818,227,377,1,1,1,1,P02
3,819,808,103,1,1,1,1,P02
3,820,575,169,1,1,1,1,P02
3,821,188,391,1,1,1,1,P02
3,822,608,113,3,1,1,1,P02
3,823,338,394,1,1,1,1,P02
3,824,374,57,2,1,1,1,P02
3,825,716,254,1,1,1,1,P02
3,826,255,414,1,1,1,1,P02
3,827,366,433,1,1,1,1,P02
3,828,360,339,1,2,1,1,P02
3,829,174,539,1,1,1,1,P02
3,830,610,355,1,1,1,1,P02
3,831,331,126,1,1,1,1,P02
3,832,172,372,1,1,1,1,P02
3,833,852,56,1,1,1,1,P02
3,834,527,112,1,1,1,1,P02
3,835,90,700,1,1,1,1,P02
3,836,197,700,1,1,1,1,P02
3,837,401,173,2,2,1,1,P02
3,838,467,352,1,1,1,1,P02
3,839,187,475,1,2,1,1,P02
3,840,189,287,1,1,1,1,P02
3,841,241,450,1,1,1,1,P02
3,842,485,392,1,1,1,1,P02
3,843,439,47,1,1,1,1,P02
3,844,131,541,1,1,1,1,P02
3,845,343,362,1,1,1,1,P02
3,846,241,315,1,1,1,1,P02
3,847,465,472,1,1,1,1,P02
3,848,430,17,1,1,1,1,P02
3,849,118,317,1,1,1,1,P02
3,850,175,383,1,1,1,1,P02
3,851,155,755,1,1,1,1,P02
3,852,604,164,1,3,1,1,P02
3,853,228,246,1,1,1,1,P02
3,854,455,84,1,1,1,1,P02
3,855,481,79,1,1,1,1,P02
3,856,430,151,2,1,1,1,P02
3,857,340,195,1,1,1,1,P02
3,858,751,248,2,1,1,1,P02
3,859,327,617,1,1,1,1,P02
3,860,600,120,1,1,1,1,P02
3,861,278,404,1,1,1,1,P02
3,862,425,180,1,1,1,1,P02
3,863,271,576,1,1,1,1,P02
3,864,434,152,1,1,1,1,P02
3,865,461,234,1,1,1,1,P02
3,866,657,263,1,1,1,1,P02
3,867,185,322,1,1,1,1,P02
3,868,178,593,1,2,1,1,P02
3,869,549,319,1,1,1,1,P02
3,870,233,261,1,1,1,1,P02
3,871,384,88,3,1,1,1,P02
3,872,656,281,1,1,1,1,P02
3,873,495,179,1,1,1,1,P02
3,874,423,336,1,1,1,1,P02
3,875,788,207,2,1,1,1,P02
3,876,583,43,1,1,1,1,P02
3,877,484,113,4,1,1,1,P02
3,878,809,156,1,1,1,1,P02
3,879,358,334,1,1,1,1,P02
3,880,235,253,1,1,1,1,P02
3,881,78,344,1,1,1,1,P02
3,882,205,570,1,1,1,1,P02
3,883,618,359,1,1,1,1,P02
3,884,750,239,2,1,1,1,P02
3,885,739,70,1,1,1,1,P02
3,886,308,245,1,1,1,1,P02
3,887,435,110,1,1,1,1,P02
3,888,483,139,1,1,1,1,P02
3,889,369,138,2,1,1,1,P02
3,890,355,184,1,1,1,1,P02
3,891,628,151,1,1,1,1,P02
3,892,397,216,1,1,1,1,P02
3,893,44,373,1,2,1,1,P02
3,894,636,36,2,1,1,1,P02
3,895,328,329,1,1,1,1,P02
3,896,212,420,1,3,1,1,P02
3,897,254,301,1,1,1,1,P02
3,898,236,233,1,1,1,1,P02
3,899,278,283,1,1,1,1,P02
3,900,533,213,1,1,1,1,P02
3,901,663,133,1,1,1,1,P02
3,902,175,344,1,1,1,1,P02
3,903,465,60,1,1,1,1,P02
3,904,329,418,2,1,1,1,P02
3,905,448,262,2,1,1,1,P02
3,906,306,371,1,1,1,1,P02
3,907,415,128,1,1,1,1,P02
3,908,221,180,1,1,1,1,P02
3,909,585,253,1,1,1,1,P02
3,910,202,441,1,1,1,1,P02
3,911,424,299,1,1,1,1,P02
3,912,419,63,1,1,1,1,P02
3,913,396,59,1,1,1,1,P02
3,914,430,124,1,1,1,1,P02
3,915,478,267,2,1,1,1,P02
3,916,234,228,1,1,1,1,P02
3,917,209,281,1,1,1,1,P02
3,918,321,199,1,1,1,1,P02
3,919,136,527,1,1,1,1,P02
3,920,584,371,1,1,1,1,P02
3,921,433,251,1,1,1,1,P02
3,922,215,581,1,1,1,1,P02
3,923,369,584,1,1,1,1,P02
3,924,617,179,1,1,1,1,P02
3,925,605,219,1,1,1,1,P02
3,926,683,194,1,2,1,1,P02
3,927,636,114,1,1,1,1,P02
3,928,358,152,1,1,1,1,P02
3,929,515,272,1,1,1,1,P02
3,930,576,146,1,1,1,1,P02
3,931,234,275,2,1,1,1,P02
3,932,523,365,1,1,1,1,P02
3,933,94,663,1,3,1,1,P02
3,934,651,261,1,1,1,1,P02
3,935,434,123,1,1,1,1,P02
3,936,322,175,1,1,1,1,P02
3,937,228,581,1,3,1,1,P02
3,938,93,674,1,1,1,1,P02
3,939,192,679,1,1,1,1,P02
3,940,446,142,1,1,1,1,P02
3,941,703,254,3,1,1,1,P02
3,942,250,162,1,1,1,1,P02
3,943,464,314,1,1,1,1,P02
3,944,354,242,1,1,1,1,P02
3,945,27,457,1,1,1,1,P02
3,946,83,368,1,1,1,1,P02
3,947,102,305,1,1,1,1,P02
3,948,194,236,1,2,1,1,P02
3,949,56,558,1,1,1,1,P02
3,950,97,535,1,1,1,1,P02
3,951,93,552,1,1,1,1,P02
3,952,718,263,1,1,1,1,P02
3,953,435,270,1,1,1,1,P02
3,954,794,129,1,1,1,1,P02
3,955,725,82,1,1,1,1,P02
3,956,351,143,1,2,1,1,P02
3,957,337,191,1,1,1,1,P02
3,958,298,587,2,1,1,1,P02
3,959,337,85,1,1,1,1,P02
3,960,94,533,1,2,1,1,P02
3,961,412,493,1,1,1,1,P02
3,962,371,247,1,1,1,1,P02
3,963,106,457,1,1,1,1,P02
3,964,788,119,1,1,1,1,P02
3,965,643,207,2,1,1,1,P02
3,966,692,300,2,1,1,1,P02
3,967,290,381,2,1,1,1,P02
3,968,344,516,2,1,1,1,P02
3,969,757,51,1,1,1,1,P02
3,970,589,300,1,1,1,1,P02
3,971,496,268,1,1,1,1,P02
3,972,92,674,1,3,1,1,P02
3,973,357,405,1,1,1,1,P02
3,974,267,561,1,1,1,1,P02
3,975,686,109,1,1,1,1,P02
3,976,537,146,2,1,1,1,P02
3,977,382,357,1,1,1,1,P02
3,978,785,141,4,1,1,1,P02
3,979,180,405,1,1,1,1,P02
3,980,490,220,1,1,1,1,P02
3,981,822,155,2,1,1,1,P02
3,982,396,321,1,1,1,1,P02
3,983,486,199,1,1,1,1,P02
3,984,355,132,1,1,1,1,P02
3,985,406,46,1,1,1,1,P02
3,986,378,418,1,1,1,1,P02
3,987,272,525,1,1,1,1,P02
3,988,649,79,1,1,1,1,P02
3,989,249,665,1,2,1,1,P02
3,990,301,379,1,1,1,1,P02
3,991,851,104,1,1,1,1,P02
3,992,189,314,1,1,1,1,P02
3,993,180,771,1,1,1,1,P02
3,994,420,92,1,1,1,1,P02
3,995,83,889,1,3,1,1,P02
3,996,349,268,2,1,1,1,P02
3,997,217,722,1,1,1,1,P02
3,998,88,567,1,1,1,1,P02
3,999,626,321,2,1,1,1,P02
3,1000,278,612,1,1,1,1,P02
4,1,330,133,1,1,3,1,P02
4,2,488,399,1,1,3,1,P02
4,3,602,260,1,1,3,1,P02
4,4,716,190,1,1,3,1,P02
4,5,700,141,3,1,3,1,P02
4,6,147,289,1,1,3,1,P02
4,7,131,551,1,1,3,1,P02
4,8,703,245,2,1,3,1,P02
4,9,343,59,2,1,3,1,P02
4,10,400,135,2,1,3,1,P02
4,11,682,159,2,1,3,1,P02
4,12,451,167,2,1,3,1,P02
4,13,147,512,1,2,3,1,P02
4,14,356,210,1,1,3,1,P02
4,15,385,113,1,1,3,1,P02
4,16,469,183,2,1,3,1,P02
4,17,394,391,1,1,3,1,P02
4,18,327,377,1,1,3,1,P02
4,19,692,40,1,1,3,1,P02
4,20,342,431,1,2,3,1,P02
4,21,424,159,1,1,3,1,P02
4,22,735,124,6,1,3,1,P02
4,23,382,541,3,1,3,1,P02
4,24,464,226,4,1,3,1,P02
4,25,446,277,1,1,3,1,P02
4,26,580,66,9,1,3,1,P02
4,27,418,58,3,1,3,1,P02
4,28,518,87,1,1,3,1,P02
4,29,498,189,1,1,3,1,P02
4,30,721,131,3,1,3,1,P02
4,31,863,82,3,1,3,1,P02
4,32,319,368,1,1,3,1,P02
4,33,276,440,1,1,3,1,P02
4,34,573,258,1,1,3,1,P02
4,35,331,505,1,1,3,1,P02
4,36,202,583,1,1,3,1,P02
4,37,872,35,3,1,3,1,P02
4,38,615,38,2,1,3,1,P02
4,39,598,185,1,1,3,1,P02
4,40,644,159,1,1,3,1,P02
4,41,43,585,1,2,3,1,P02
4,42,425,452,1,1,3,1,P02
4,43,373,29,3,1,3,1,P02
4,44,561,127,3,1,3,1,P02
4,45,447,110,1,1,3,1,P02
4,46,390,54,3,1,3,1,P02
4,47,463,210,3,1,3,1,P02
4,48,456,155,3,1,3,1,P02
4,49,530,34,1,1,3,1,P02
4,50,122,572,1,1,3,1,P02
4,51,365,192,1,1,3,1,P02
4,52,719,78,7,1,3,1,P02
4,53,287,479,1,2,3,1,P02
4,54,592,40,1,1,3,1,P02
4,55,452,265,3,1,3,1,P02
4,56,160,383,1,1,3,1,P02
4,57,435,71,2,1,3,1,P02
4,58,618,374,4,1,3,1,P02
4,59,517,94,2,1,3,1,P02
4,60,306,312,2,1,3,1,P02
4,61,481,235,1,1,3,1,P02
4,62,106,867,1,3,3,1,P02
4,63,204,490,1,1,3,1,P02
4,64,479,209,4,1,3,1,P02
4,65,328,336,1,1,3,1,P02
4,66,719,168,2,1,3,1,P02
4,67,404,93,1,1,3,1,P02
4,68,736,103,4,1,3,1,P02
4,69,210,253,1,1,3,1,P02
4,70,80,620,1,1,3,1,P02
4,71,428,205,2,1,3,1,P02
4,72,526,175,3,1,3,1,P02
4,73,325,317,2,1,3,1,P02
4,74,219,650,1,1,3,1,P02
4,75,741,149,5,1,3,1,P02
4,76,415,138,2,1,3,1,P02
4,77,490,382,1,1,3,1,P02
4,78,446,12,1,1,3,1,P02
4,79,643,257,5,1,3,1,P02
4,80,434,435,1,2,3,1,P02
4,81,647,35,2,1,3,1,P02
4,82,464,85,2,1,3,1,P02
4,83,547,168,2,1,3,1,P02
4,84,510,197,2,1,3,1,P02
4,85,235,203,1,1,3,1,P02
4,86,238,181,1,1,3,1,P02
4,87,449,522,2,1,3,1,P02
4,88,463,214,2,1,3,1,P02
4,89,576,60,2,1,3,1,P02
4,90,406,235,4,1,3,1,P02
4,91,393,21,1,1,3,1,P02
4,92,373,237,3,1,3,1,P02
4,93,329,108,2,1,3,1,P02
4,94,373,32,2,1,3,1,P02
4,95,294,247,2,1,3,1,P02
4,96,494,160,3,1,3,1,P02
4,97,479,118,3,1,3,1,P02
4,98,573,126,3,1,3,1,P02
4,99,699,50,1,1,3,1,P02
4,100,317,352,1,1,3,1,P02
4,101,277,159,1,1,3,1,P02
4,102,364,134,2,1,3,1,P02
4,103,318,330,1,1,3,1,P02
4,104,170,246,1,2,3,1,P02
4,105,375,71,2,1,3,1,P02
4,106,475,107,2,1,3,1,P02
4,107,352,481,3,1,3,1,P02
4,108,364,169,1,1,3,1,P02
4,109,392,203,3,1,3,1,P02
4,110,535,258,3,1,3,1,P02
4,111,440,413,1,1,3,1,P02
4,112,280,252,2,1,3,1,P02
4,113,475,12,1,1,3,1,P02
4,114,685,53,4,1,3,1,P02
4,115,258,206,2,1,3,1,P02
4,116,376,305,1,1,3,1,P02
4,117,115,369,2,1,3,1,P02
4,118,537,109,2,1,3,1,P02
4,119,175,637,1,1,3,1,P02
4,120,374,116,2,1,3,1,P02
4,121,786,179,4,1,3,1,P02
4,122,566,173,3,1,3,1,P02
4,123,260,579,1,3,3,1,P02
4,124,224,441,1,1,3,1,P02
4,125,379,185,1,1,3,1,P02
4,126,307,113,1,1,3,1,P02
4,127,464,89,3,1,3,1,P02
4,128,229,425,1,1,3,1,P02
4,129,442,118,2,1,3,1,P02
4,130,419,91,1,1,3,1,P02
4,131,562,329,1,1,3,1,P02
4,132,271,252,3,1,3,1,P02
4,133,357,116,6,1,3,1,P02
4,134,930,23,1,1,3,1,P02
4,135,479,386,3,1,3,1,P02
4,136,595,139,1,1,3,1,P02
4,137,355,61,5,1,3,1,P02
4,138,642,277,3,1,3,1,P02
4,139,365,459,3,1,3,1,P02
4,140,196,207,2,1,3,1,P02
4,141,317,575,2,1,3,1,P02
4,142,738,209,2,1,3,1,P02
4,143,567,129,1,1,3,1,P02
4,144,749,101,2,1,3,1,P02
4,145,281,534,2,1,3,1,P02
4,146,500,42,3,1,3,1,P02
4,147,283,543,2,1,3,1,P02
4,148,303,410,3,1,3,1,P02
4,149,844,129,3,1,3,1,P02
4,150,434,79,4,1,3,1,P02
4,151,407,311,2,1,3,1,P02
4,152,516,41,2,1,3,1,P02
4,153,238,427,1,1,3,1,P02
4,154,616,258,3,1,3,1,P02
4,155,321,112,5,1,3,1,P02
4,156,452,543,1,1,3,1,P02
4,157,719,164,1,1,3,1,P02
4,158,455,199,1,1,3,1,P02
4,159,344,166,1,1,3,1,P02
4,160,285,145,6,1,3,1,P02
4,161,412,161,1,1,3,1,P02
4,162,367,64,2,2,3,1,P02
4,163,281,168,3,1,3,1,P02
4,164,615,68,3,1,3,1,P02
4,165,456,531,1,1,3,1,P02
4,166,711,245,1,1,3,1,P02
4,167,597,24,4,1,3,1,P02
4,168,270,399,3,1,3,1,P02
4,169,855,104,2,1,3,1,P02
4,170,516,176,2,1,3,1,P02
4,171,382,584,1,1,3,1,P02
4,172,563,292,1,1,3,1,P02
4,173,217,207,1,1,3,1,P02
4,174,838,90,3,1,3,1,P02
4,175,519,391,2,1,3,1,P02
4,176,553,81,6,1,3,1,P02
4,177,756,9,4,1,3,1,P02
4,178,427,151,2,1,3,1,P02
4,179,498,215,2,1,3,1,P02
4,180,450,313,2,1,3,1,P02
4,181,549,234,1,1,3,1,P02
4,182,523,75,6,1,3,1,P02
4,183,328,501,1,2,3,1,P02
4,184,362,100,3,1,3,1,P02
4,185,509,80,1,1,3,1,P02
4,186,485,198,3,1,3,1,P02
4,187,163,296,3,1,3,1,P02
4,188,429,58,2,1,3,1,P02
4,189,473,525,1,1,3,1,P02
4,190,652,197,1,1,3,1,P02
4,191,351,295,1,1,3,1,P02
4,192,291,126,1,1,3,1,P02
4,193,387,135,2,1,3,1,P02
4,194,636,301,2,2,3,1,P02
4,195,666,107,1,1,3,1,P02
4,196,730,227,3,1,3,1,P02
4,197,354,77,1,1,3,1,P02
4,198,242,670,1,1,3,1,P02
4,199,348,606,1,1,3,1,P02
4,200,99,893,1,1,3,1,P02
4,201,418,369,1,1,3,1,P02
4,202,645,74,6,1,3,1,P02
4,203,470,114,3,1,3,1,P02
4,204,505,359,3,1,3,1,P02
4,205,247,262,1,1,3,1,P02
4,206,416,472,1,1,3,1,P02
4,207,445,302,2,1,3,1,P02
4,208,456,321,2,1,3,1,P02
4,209,384,292,2,1,3,1,P02
4,210,564,165,1,1,3,1,P02
4,211,225,551,1,1,3,1,P02
4,212,855,142,4,1,3,1,P02
4,213,250,220,2,1,3,1,P02
4,214,549,432,1,1,3,1,P02
4,215,73,410,1,1,3,1,P02
4,216,439,34,4,1,3,1,P02
4,217,504,343,4,1,3,1,P02
4,218,196,333,2,1,3,1,P02
4,219,483,54,4,1,3,1,P02
4,220,257,549,1,2,3,1,P02
4,221,338,66,1,1,3,1,P02
4,222,455,52,3,1,3,1,P02
4,223,819,123,2,1,3,1,P02
4,224,558,122,1,1,3,1,P02
4,225,667,111,1,1,3,1,P02
4,226,647,36,5,1,3,1,P02
4,227,687,190,1,1,3,1,P02
4,228,626,230,1,1,3,1,P02
4,229,657,147,1,1,3,1,P02
4,230,743,232,1,1,3,1,P02
4,231,690,26,3,1,3,1,P02
4,232,910,59,2,1,3,1,P02
4,233,885,42,4,1,3,1,P02
4,234,398,28,3,1,3,1,P02
4,235,336,74,3,1,3,1,P02
4,236,144,762,1,2,3,1,P02
4,237,834,75,2,1,3,1,P02
4,238,389,127,1,1,3,1,P02
4,239,424,362,1,1,3,1,P02
4,240,593,354,2,1,3,1,P02
4,241,414,286,2,1,3,1,P02
4,242,499,30,2,1,3,1,P02
4,243,298,204,3,1,3,1,P02
4,244,368,73,5,1,3,1,P02
4,245,754,151,1,1,3,1,P02
4,246,315,94,2,1,3,1,P02
4,247,259,276,2,1,3,1,P02
4,248,204,623,1,1,3,1,P02
4,249,642,274,1,1,3,1,P02
4,250,315,92,2,1,3,1,P02
4,251,580,40,1,1,3,1,P02
4,252,664,168,1,1,3,1,P02
4,253,256,195,3,1,3,1,P02
4,254,631,248,2,1,3,1,P02
4,255,348,150,1,1,3,1,P02
4,256,565,62,2,1,3,1,P02
4,257,250,371,1,2,3,1,P02
4,258,354,524,1,1,3,1,P02
4,259,541,153,5,2,3,1,P02
4,260,706,273,4,1,3,1,P02
4,261,213,382,1,1,3,1,P02
4,262,534,325,1,1,3,1,P02
4,263,208,585,2,1,3,1,P02
4,264,293,123,3,1,3,1,P02
4,265,714,132,3,1,3,1,P02
4,266,596,295,1,1,3,1,P02
4,267,302,300,1,1,3,1,P02
4,268,100,493,1,1,3,1,P02
4,269,169,549,1,1,3,1,P02
4,270,360,70,2,1,3,1,P02
4,271,574,272,1,1,3,1,P02
4,272,285,506,1,1,3,1,P02
4,273,555,136,2,1,3,1,P02
4,274,275,246,1,1,3,1,P02
4,275,468,240,1,1,3,1,P02
4,276,370,126,4,1,3,1,P02
4,277,457,255,3,2,3,1,P02
4,278,480,38,3,1,3,1,P02
4,279,122,565,1,1,3,1,P02
4,280,75,365,1,1,3,1,P02
4,281,328,124,2,1,3,1,P02
4,282,349,633,2,1,3,1,P02
4,283,563,326,2,1,3,1,P02
4,284,291,290,3,1,3,1,P02
4,285,339,138,4,1,3,1,P02
4,286,289,121,1,1,3,1,P02
4,287,198,443,1,1,3,1,P02
4,288,457,93,3,1,3,1,P02
4,289,722,271,2,1,3,1,P02
4,290,564,68,2,1,3,1,P02
4,291,862,56,3,1,3,1,P02
4,292,410,86,2,1,3,1,P02
4,293,613,78,4,1,3,1,P02
4,294,716,48,4,1,3,1,P02
4,295,404,107,5,1,3,1,P02
4,296,599,131,2,1,3,1,P02
4,297,59,838,1,2,3,1,P02
4,298,848,19,2,1,3,1,P02
4,299,346,137,3,1,3,1,P02
4,300,472,524,2,1,3,1,P02
4,301,214,382,1,2,3,1,P02
4,302,531,103,3,1,3,1,P02
4,303,487,400,1,1,3,1,P02
4,304,323,587,1,2,3,1,P02
4,305,655,60,8,1,3,1,P02
4,306,571,318,1,1,3,1,P02
4,307,649,170,2,1,3,1,P02
4,308,446,165,1,1,3,1,P02
4,309,140,300,2,1,3,1,P02
4,310,333,152,1,1,3,1,P02
4,311,651,54,1,1,3,1,P02
4,312,661,158,1,1,3,1,P02
4,313,348,263,1,1,3,1,P02
4,314,670,148,4,1,3,1,P02
4,315,445,281,2,1,3,1,P02
4,316,730,95,2,1,3,1,P02
4,317,774,103,6,1,3,1,P02
4,318,394,80,2,1,3,1,P02
4,319,387,115,1,1,3,1,P02
4,320,356,126,2,1,3,1,P02
4,321,494,70,2,1,3,1,P02
4,322,887,82,4,1,3,1,P02
4,323,441,161,1,1,3,1,P02
4,324,788,89,4,1,3,1,P02
4,325,808,33,4,1,3,1,P02
4,326,579,369,3,1,3,1,P02
4,327,677,217,2,1,3,1,P02
4,328,205,273,2,1,3,1,P02
4,329,418,55,1,1,3,1,P02
4,330,551,122,5,1,3,1,P02
4,331,145,494,1,1,3,1,P02
4,332,307,249,1,1,3,1,P02
4,333,211,366,2,1,3,1,P02
4,334,832,146,1,1,3,1,P02
4,335,252,250,1,1,3,1,P02
4,336,790,46,4,1,3,1,P02
4,337,609,110,2,1,3,1,P02
4,338,467,208,1,1,3,1,P02
4,339,376,488,2,1,3,1,P02
4,340,209,383,1,1,3,1,P02
4,341,212,283,2,1,3,1,P02
4,342,120,633,1,3,3,1,P02
4,343,314,234,2,1,3,1,P02
4,344,702,13,2,1,3,1,P02
4,345,505,54,2,1,3,1,P02
4,346,572,41,3,1,3,1,P02
4,347,274,172,1,1,3,1,P02
4,348,362,49,3,1,3,1,P02
4,349,599,34,2,1,3,1,P02
4,350,263,178,6,1,3,1,P02
4,351,929,49,3,1,3,1,P02
4,352,328,273,2,1,3,1,P02
4,353,331,144,1,1,3,1,P02
4,354,661,85,4,1,3,1,P02
4,355,312,577,1,1,3,1,P02
4,356,459,296,1,1,3,1,P02
4,357,283,299,1,1,3,1,P02
4,358,524,100,4,1,3,1,P02
4,359,383,358,1,1,3,1,P02
4,360,217,435,1,2,3,1,P02
4,361,253,429,1,1,3,1,P02
4,362,676,108,4,1,3,1,P02
4,363,440,215,1,1,3,1,P02
4,364,855,47,2,1,3,1,P02
4,365,693,71,3,1,3,1,P02
4,366,630,49,3,1,3,1,P02
4,367,376,121,1,1,3,1,P02
4,368,695,68,4,1,3,1,P02
4,369,593,79,2,1,3,1,P02
4,370,493,81,3,1,3,1,P02
4,371,104,445,1,1,3,1,P02
4,372,324,329,2,1,3,1,P02
4,373,555,380,4,1,3,1,P02
4,374,314,187,3,1,3,1,P02
4,375,287,268,3,2,3,1,P02
4,376,275,350,1,1,3,1,P02
4,377,278,169,2,1,3,1,P02
4,378,327,151,4,1,3,1,P02
4,379,764,81,4,1,3,1,P02
4,380,805,71,2,1,3,1,P02
4,381,489,290,3,1,3,1,P02
4,382,492,56,2,1,3,1,P02
4,383,328,187,1,1,3,1,P02
4,384,519,238,2,1,3,1,P02
4,385,330,598,1,1,3,1,P02
4,386,434,521,4,1,3,1,P02
4,387,517,346,2,1,3,1,P02
4,388,471,123,3,1,3,1,P02
4,389,256,517,1,1,3,1,P02
4,390,400,104,3,1,3,1,P02
4,391,420,138,4,1,3,1,P02
4,392,477,67,1,1,3,1,P02
4,393,439,12,3,1,3,1,P02
4,394,190,323,1,1,3,1,P02
4,395,343,165,2,1,3,1,P02
4,396,313,644,1,1,3,1,P02
4,397,497,172,1,1,3,1,P02
4,398,320,87,1,1,3,1,P02
4,399,419,495,2,3,3,1,P02
4,400,779,32,7,1,3,1,P02
4,401,216,622,2,4,3,1,P02
4,402,819,112,4,1,3,1,P02
4,403,314,100,3,1,3,1,P02
4,404,777,136,1,1,3,1,P02
4,405,705,232,5,1,3,1,P02
4,406,312,236,2,1,3,1,P02
4,407,477,495,1,1,3,1,P02
4,408,312,570,3,1,3,1,P02
4,409,533,79,2,1,3,1,P02
4,410,86,681,1,2,3,1,P02
4,411,286,308,1,1,3,1,P02
4,412,559,336,3,1,3,1,P02
4,413,517,141,1,1,3,1,P02
4,414,205,781,1,1,3,1,P02
4,415,404,259,2,1,3,1,P02
4,416,412,68,3,1,3,1,P02
4,417,233,318,2,1,3,1,P02
4,418,230,243,1,1,3,1,P02
4,419,325,431,1,1,3,1,P02
4,420,390,54,4,1,3,1,P02
4,421,482,508,1,1,3,1,P02
4,422,385,88,1,1,3,1,P02
4,423,429,533,1,1,3,1,P02
4,424,92,436,1,1,3,1,P02
4,425,267,700,1,1,3,1,P02
4,426,479,438,1,1,3,1,P02
4,427,218,287,2,1,3,1,P02
4,428,196,429,1,1,3,1,P02
4,429,694,242,1,1,3,1,P02
4,430,265,149,1,1,3,1,P02
4,431,340,564,1,1,3,1,P02
4,432,918,60,2,1,3,1,P02
4,433,482,293,1,1,3,1,P02
4,434,618,369,1,1,3,1,P02
4,435,405,73,1,1,3,1,P02
4,436,701,291,4,1,3,1,P02
4,437,421,389,1,1,3,1,P02
4,438,680,211,3,1,3,1,P02
4,439,400,432,2,1,3,1,P02
4,440,329,141,2,1,3,1,P02
4,441,481,368,1,1,3,1,P02
4,442,464,253,1,1,3,1,P02
4,443,140,381,1,2,3,1,P02
4,444,697,120,4,1,3,1,P02
4,445,96,324,2,1,3,1,P02
4,446,119,594,1,1,3,1,P02
4,447,398,210,1,1,3,1,P02
4,448,146,258,4,1,3,1,P02
4,449,365,45,1,1,3,1,P02
4,450,146,704,1,1,3,1,P02
4,451,331,299,2,1,3,1,P02
4,452,280,614,1,1,3,1,P02
4,453,294,173,4,1,3,1,P02
4,454,565,215,2,1,3,1,P02
4,455,769,39,5,1,3,1,P02
4,456,765,160,5,1,3,1,P02
4,457,694,157,3,1,3,1,P02
4,458,210,567,2,3,3,1,P02
4,459,344,379,2,1,3,1,P02
4,460,165,340,1,1,3,1,P02
4,461,302,531,1,1,3,1,P02
4,462,375,465,1,1,3,1,P02
4,463,451,158,4,1,3,1,P02
4,464,558,56,2,1,3,1,P02
4,465,90,316,2,1,3,1,P02
4,466,227,460,1,1,3,1,P02
4,467,317,84,3,1,3,1,P02
4,468,401,242,2,1,3,1,P02
4,469,530,187,1,1,3,1,P02
4,470,653,137,1,3,3,1,P02
4,471,252,279,1,1,3,1,P02
4,472,677,80,3,1,3,1,P02
4,473,484,435,1,1,3,1,P02
4,474,780,208,3,1,3,1,P02
4,475,88,825,1,1,3,1,P02
4,476,546,275,3,1,3,1,P02
4,477,566,146,4,1,3,1,P02
4,478,673,81,4,1,3,1,P02
4,479,325,401,1,1,3,1,P02
4,480,266,329,4,1,3,1,P02
4,481,750,199,2,1,3,1,P02
4,482,643,140,5,1,3,1,P02
4,483,116,306,2,1,3,1,P02
4,484,351,498,1,2,3,1,P02
4,485,392,86,3,1,3,1,P02
4,486,322,80,4,1,3,1,P02
4,487,538,40,2,1,3,1,P02
4,488,477,255,1,1,3,1,P02
4,489,755,123,2,1,3,1,P02
4,490,689,87,5,1,3,1,P02
4,491,699,296,2,1,3,1,P02
4,492,442,314,1,1,3,1,P02
4,493,311,318,1,1,3,1,P02
4,494,311,415,1,1,3,1,P02
4,495,306,130,1,1,3,1,P02
4,496,393,226,1,1,3,1,P02
4,497,294,215,1,1,3,1,P02
4,498,295,203,1,1,3,1,P02
4,499,510,471,3,1,3,1,P02
4,500,386,75,2,1,3,1,P02
4,501,440,203,5,1,3,1,P02
4,502,541,97,1,1,3,1,P02
4,503,571,189,2,1,3,1,P02
4,504,489,329,2,1,3,1,P02
4,505,376,227,3,1,3,1,P02
4,506,459,359,3,1,3,1,P02
4,507,333,172,3,1,3,1,P02
4,508,643,40,1,1,3,1,P02
4,509,505,69,2,1,3,1,P02
4,510,369,621,1,1,3,1,P02
4,511,377,212,1,1,3,1,P02
4,512,747,179,4,1,3,1,P02
4,513,748,207,3,1,3,1,P02
4,514,434,444,1,1,3,1,P02
4,515,138,262,1,1,3,1,P02
4,516,345,561,2,1,3,1,P02
4,517,332,112,3,1,3,1,P02
4,518,566,245,3,1,3,1,P02
4,519,485,428,1,1,3,1,P02
4,520,170,671,1,1,3,1,P02
4,521,475,80,5,1,3,1,P02
4,522,480,186,1,1,3,1,P02
4,523,787,188,4,1,3,1,P02
4,524,225,202,1,1,3,1,P02
4,525,409,11,1,1,3,1,P02
4,526,675,104,2,1,3,1,P02
4,527,382,85,3,1,3,1,P02
4,528,468,111,1,1,3,1,P02
4,529,206,218,2,1,3,1,P02
4,530,524,225,4,1,3,1,P02
4,531,327,346,1,1,3,1,P02
4,532,496,231,2,1,3,1,P02
4,533,734,62,1,1,3,1,P02
4,534,225,304,1,2,3,1,P02
4,535,468,354,1,1,3,1,P02
4,536,355,99,3,1,3,1,P02
4,537,346,391,1,1,3,1,P02
4,538,417,383,1,1,3,1,P02
4,539,416,87,4,1,3,1,P02
4,540,712,61,2,1,3,1,P02
4,541,812,150,2,1,3,1,P02
4,542,53,646,1,1,3,1,P02
4,543,398,325,1,1,3,1,P02
4,544,651,256,2,1,3,1,P02
4,545,542,116,1,1,3,1,P02
4,546,710,264,3,1,3,1,P02
4,547,271,346,1,1,3,1,P02
4,548,298,176,1,1,3,1,P02
4,549,404,23,4,1,3,1,P02
4,550,492,17,2,1,3,1,P02
4,551,691,286,2,1,3,1,P02
4,552,162,529,1,1,3,1,P02
4,553,464,164,2,1,3,1,P02
4,554,810,154,1,1,3,1,P02
4,555,275,235,2,1,3,1,P02
4,556,240,334,1,1,3,1,P02
4,557,497,234,4,1,3,1,P02
4,558,590,355,3,1,3,1,P02
4,559,617,176,3,1,3,1,P02
4,560,444,149,4,1,3,1,P02
4,561,644,260,1,1,3,1,P02
4,562,256,394,3,1,3,1,P02
4,563,96,705,1,1,3,1,P02
4,564,436,149,3,1,3,1,P02
4,565,269,451,1,1,3,1,P02
4,566,398,72,2,1,3,1,P02
4,567,558,371,2,1,3,1,P02
4,568,619,191,2,1,3,1,P02
4,569,498,256,1,1,3,1,P02
4,570,419,408,1,2,3,1,P02
4,571,257,163,1,2,3,1,P02
4,572,620,248,3,1,3,1,P02
4,573,409,409,1,1,3,1,P02
4,574,638,86,4,1,3,1,P02
4,575,435,405,1,3,3,1,P02
4,576,507,308,1,1,3,1,P02
4,577,601,78,4,1,3,1,P02
4,578,189,288,2,1,3,1,P02
4,579,678,127,1,1,3,1,P02
4,580,479,459,1,1,3,1,P02
4,581,574,115,1,1,3,1,P02
4,582,730,34,2,1,3,1,P02
4,583,390,229,3,1,3,1,P02
4,584,549,101,4,1,3,1,P02
4,585,539,185,2,1,3,1,P02
4,586,392,546,1,1,3,1,P02
4,587,621,333,1,1,3,1,P02
4,588,363,96,3,1,3,1,P02
4,589,514,476,1,1,3,1,P02
4,590,397,370,1,1,3,1,P02
4,591,641,61,1,1,3,1,P02
4,592,388,151,2,1,3,1,P02
4,593,561,29,6,1,3,1,P02
4,594,140,770,1,1,3,1,P02
4,595,568,149,3,1,3,1,P02
4,596,685,124,1,1,3,1,P02
4,597,474,235,3,1,3,1,P02
4,598,251,613,1,1,3,1,P02
4,599,687,46,2,1,3,1,P02
4,600,867,61,2,1,3,1,P02
4,601,514,440,2,1,3,1,P02
4,602,199,735,1,1,3,1,P02
4,603,747,171,1,1,3,1,P02
4,604,505,464,2,1,3,1,P02
4,605,594,88,1,1,3,1,P02
4,606,366,515,2,1,3,1,P02
4,607,219,635,1,1,3,1,P02
4,608,597,177,2,1,3,1,P02
4,609,437,194,4,1,3,1,P02
4,610,355,244,6,1,3,1,P02
4,611,411,198,4,1,3,1,P02
4,612,448,50,3,1,3,1,P02
4,613,166,538,1,1,3,1,P02
4,614,444,361,3,1,3,1,P02
4,615,713,250,3,1,3,1,P02
4,616,961,24,3,1,3,1,P02
4,617,353,609,1,1,3,1,P02
4,618,660,90,2,1,3,1,P02
4,619,306,533,3,1,3,1,P02
4,620,351,70,2,1,3,1,P02
4,621,337,238,1,1,3,1,P02
4,622,359,61,3,1,3,1,P02
4,623,420,373,2,1,3,1,P02
4,624,353,79,3,1,3,1,P02
4,625,384,98,1,1,3,1,P02
4,626,489,25,5,1,3,1,P02
4,627,118,413,1,1,3,1,P02
4,628,696,165,3,1,3,1,P02
4,629,640,338,2,1,3,1,P02
4,630,835,50,1,1,3,1,P02
4,631,393,218,4,1,3,1,P02
4,632,505,299,1,2,3,1,P02
4,633,594,104,1,1,3,1,P02
4,634,302,261,3,1,3,1,P02
4,635,338,196,1,1,3,1,P02
4,636,657,305,1,1,3,1,P02
4,637,611,297,3,1,3,1,P02
4,638,173,314,1,1,3,1,P02
4,639,483,445,1,1,3,1,P02
4,640,358,74,2,1,3,1,P02
4,641,710,207,2,1,3,1,P02
4,642,408,196,1,1,3,1,P02
4,643,374,618,1,2,3,1,P02
4,644,522,260,2,2,3,1,P02
4,645,729,244,1,1,3,1,P02
4,646,390,188,1,1,3,1,P02
4,647,309,186,1,1,3,1,P02
4,648,533,237,3,1,3,1,P02
4,649,466,440,3,1,3,1,P02
4,650,433,225,2,1,3,1,P02
4,651,934,22,4,1,3,1,P02
4,652,592,192,1,1,3,1,P02
4,653,590,332,3,1,3,1,P02
4,654,515,283,1,1,3,1,P02
4,655,318,262,1,1,3,1,P02
4,656,421,65,3,1,3,1,P02
4,657,490,319,1,1,3,1,P02
4,658,349,524,1,1,3,1,P02
4,659,204,289,1,1,3,1,P02
4,660,490,190,2,1,3,1,P02
4,661,494,62,3,1,3,1,P02
4,662,588,197,4,1,3,1,P02
4,663,524,227,2,1,3,1,P02
4,664,759,83,2,1,3,1,P02
4,665,268,133,2,1,3,1,P02
4,666,257,339,2,1,3,1,P02
4,667,677,30,2,1,3,1,P02
4,668,589,341,1,1,3,1,P02
4,669,149,338,1,1,3,1,P02
4,670,613,105,1,1,3,1,P02
4,671,139,335,1,1,3,1,P02
4,672,260,215,1,1,3,1,P02
4,673,739,136,3,1,3,1,P02
4,674,481,58,1,1,3,1,P02
4,675,528,146,3,1,3,1,P02
4,676,261,594,1,2,3,1,P02
4,677,505,169,1,1,3,1,P02
4,678,497,127,2,1,3,1,P02
4,679,290,232,1,1,3,1,P02
4,680,549,225,3,1,3,1,P02
4,681,679,186,2,1,3,1,P02
4,682,451,383,2,1,3,1,P02
4,683,424,31,3,1,3,1,P02
4,684,520,162,1,1,3,1,P02
4,685,790,66,3,1,3,1,P02
4,686,160,456,2,1,3,1,P02
4,687,293,119,5,1,3,1,P02
4,688,601,199,3,1,3,1,P02
4,689,205,763,1,2,3,1,P02
4,690,685,135,1,1,3,1,P02
4,691,285,618,1,2,3,1,P02
4,692,408,91,3,1,3,1,P02
4,693,271,454,1,1,3,1,P02
4,694,650,266,1,2,3,1,P02
4,695,540,241,4,1,3,1,P02
4,696,188,464,2,1,3,1,P02
4,697,349,158,1,1,3,1,P02
4,698,288,337,1,2,3,1,P02
4,699,833,56,3,1,3,1,P02
4,700,472,206,2,1,3,1,P02
4,701,184,421,1,1,3,1,P02
4,702,438,275,1,1,3,1,P02
4,703,352,67,3,1,3,1,P02
4,704,240,204,3,1,3,1,P02
4,705,715,265,2,1,3,1,P02
4,706,774,80,2,1,3,1,P02
4,707,759,54,3,1,3,1,P02
4,708,649,83,2,1,3,1,P02
4,709,395,562,1,1,3,1,P02
4,710,522,18,4,1,3,1,P02
4,711,167,765,1,1,3,1,P02
4,712,621,119,2,1,3,1,P02
4,713,577,53,3,1,3,1,P02
4,714,600,12,1,1,3,1,P02
4,715,836,145,1,1,3,1,P02
4,716,426,104,3,1,3,1,P02
4,717,331,76,3,1,3,1,P02
4,718,518,282,1,1,3,1,P02
4,719,605,296,2,1,3,1,P02
4,720,486,193,3,1,3,1,P02
4,721,342,166,1,1,3,1,P02
4,722,495,471,2,1,3,1,P02
4,723,759,15,1,1,3,1,P02
4,724,334,89,3,1,3,1,P02
4,725,494,486,1,1,3,1,P02
4,726,337,76,6,1,3,1,P02
4,727,598,73,3,1,3,1,P02
4,728,274,458,1,1,3,1,P02
4,729,469,519,1,1,3,1,P02
4,730,374,514,2,1,3,1,P02
4,731,328,152,4,1,3,1,P02
4,732,433,167,4,1,3,1,P02
4,733,419,255,1,1,3,1,P02
4,734,513,40,3,1,3,1,P02
4,735,743,32,4,1,3,1,P02
4,736,491,208,2,1,3,1,P02
4,737,591,59,1,1,3,1,P02
4,738,177,707,1,1,3,1,P02
4,739,770,62,1,1,3,1,P02
4,740,626,117,5,1,3,1,P02
4,741,330,89,4,1,3,1,P02
4,742,608,11,6,1,3,1,P02
4,743,656,288,3,1,3,1,P02
4,744,521,22,3,1,3,1,P02
4,745,566,11,2,1,3,1,P02
4,746,373,160,6,1,3,1,P02
4,747,633,108,3,1,3,1,P02
4,748,578,406,1,1,3,1,P02
4,749,274,425,1,1,3,1,P02
4,750,635,258,2,1,3,1,P02
4,751,382,203,1,1,3,1,P02
4,752,81,465,1,1,3,1,P02
4,753,496,80,1,1,3,1,P02
4,754,138,279,3,3,3,1,P02
4,755,342,144,1,1,3,1,P02
4,756,489,356,3,1,3,1,P02
4,757,156,356,1,1,3,1,P02
4,758,470,192,1,1,3,1,P02
4,759,302,557,1,1,3,1,P02
4,760,157,792,1,1,3,1,P02
4,761,336,404,3,1,3,1,P02
4,762,668,104,4,1,3,1,P02
4,763,565,160,3,1,3,1,P02
4,764,460,43,4,1,3,1,P02
4,765,610,185,1,1,3,1,P02
4,766,473,152,1,1,3,1,P02
4,767,310,203,2,1,3,1,P02
4,768,701,44,1,1,3,1,P02
4,769,448,208,1,1,3,1,P02
4,770,462,70,3,1,3,1,P02
4,771,502,296,1,1,3,1,P02
4,772,264,170,1,1,3,1,P02
4,773,415,551,3,1,3,1,P02
4,774,332,342,1,1,3,1,P02
4,775,425,141,1,1,3,1,P02
4,776,203,207,2,1,3,1,P02
4,777,393,419,2,2,3,1,P02
4,778,472,389,2,1,3,1,P02
4,779,436,52,4,1,3,1,P02
4,780,311,188,4,1,3,1,P02
4,781,136,544,1,1,3,1,P02
4,782,198,418,1,1,3,1,P02
4,783,218,393,1,1,3,1,P02
4,784,554,103,2,1,3,1,P02
4,785,236,696,1,1,3,1,P02
4,786,253,572,1,1,3,1,P02
4,787,467,355,1,1,3,1,P02
4,788,718,236,2,1,3,1,P02
4,789,115,307,1,1,3,1,P02
4,790,556,273,1,1,3,1,P02
4,791,316,289,1,1,3,1,P02
4,792,537,112,3,1,3,1,P02
4,793,303,413,1,1,3,1,P02
4,794,445,33,4,1,3,1,P02
4,795,791,193,1,1,3,1,P02
4,796,460,489,1,1,3,1,P02
4,797,455,532,2,2,3,1,P02
4,798,514,179,4,1,3,1,P02
4,799,48,784,1,4,3,1,P02
4,800,962,27,1,1,3,1,P02
4,801,245,531,1,2,3,1,P02
4,802,328,404,4,2,3,1,P02
4,803,302,598,2,1,3,1,P02
4,804,441,107,5,1,3,1,P02
4,805,127,572,1,1,3,1,P02
4,806,178,278,1,1,3,1,P02
4,807,471,90,7,1,3,1,P02
4,808,187,398,2,1,3,1,P02
4,809,413,102,2,1,3,1,P02
4,810,814,133,1,1,3,1,P02
4,811,344,523,1,1,3,1,P02
4,812,345,606,1,1,3,1,P02
4,813,383,553,1,1,3,1,P02
4,814,511,337,4,1,3,1,P02
4,815,682,233,1,1,3,1,P02
4,816,521,163,2,1,3,1,P02
4,817,319,414,1,1,3,1,P02
4,818,431,62,1,1,3,1,P02
4,819,355,516,1,1,3,1,P02
4,820,139,556,1,1,3,1,P02
4,821,510,66,1,1,3,1,P02
4,822,384,210,2,1,3,1,P02
4,823,710,117,2,1,3,1,P02
4,824,502,39,2,1,3,1,P02
4,825,765,227,3,1,3,1,P02
4,826,507,228,2,1,3,1,P02
4,827,430,181,4,2,3,1,P02
4,828,663,289,4,1,3,1,P02
4,829,697,59,1,1,3,1,P02
4,830,251,293,1,1,3,1,P02
4,831,407,474,4,1,3,1,P02
4,832,801,64,6,1,3,1,P02
4,833,542,101,4,1,3,1,P02
4,834,252,322,1,1,3,1,P02
4,835,275,576,1,1,3,1,P02
4,836,268,187,2,1,3,1,P02
4,837,423,464,1,1,3,1,P02
4,838,551,196,3,2,3,1,P02
4,839,302,227,3,1,3,1,P02
4,840,777,195,5,1,3,1,P02
4,841,499,89,2,1,3,1,P02
4,842,456,435,2,1,3,1,P02
4,843,502,248,3,1,3,1,P02
4,844,310,637,1,1,3,1,P02
4,845,667,15,3,1,3,1,P02
4,846,588,274,2,1,3,1,P02
4,847,192,481,1,2,3,1,P02
4,848,322,645,1,2,3,1,P02
4,849,482,227,1,1,3,1,P02
4,850,729,107,3,1,3,1,P02
4,851,177,696,1,2,3,1,P02
4,852,480,256,1,1,3,1,P02
4,853,637,102,1,1,3,1,P02
4,854,451,478,1,1,3,1,P02
4,855,532,344,2,1,3,1,P02
4,856,297,150,1,1,3,1,P02
4,857,334,176,1,1,3,1,P02
4,858,629,90,3,1,3,1,P02
4,859,154,565,3,1,3,1,P02
4,860,378,609,1,1,3,1,P02
4,861,204,429,1,1,3,1,P02
4,862,755,229,5,1,3,1,P02
4,863,200,336,2,1,3,1,P02
4,864,802,161,1,1,3,1,P02
4,865,552,61,2,1,3,1,P02
4,866,249,252,1,1,3,1,P02
4,867,841,45,3,1,3,1,P02
4,868,290,142,1,1,3,1,P02
4,869,546,168,1,1,3,1,P02
4,870,96,629,1,1,3,1,P02
4,871,604,96,5,1,3,1,P02
4,872,526,281,3,1,3,1,P02
4,873,451,90,1,1,3,1,P02
4,874,66,516,1,1,3,1,P02
4,875,548,81,5,1,3,1,P02
4,876,459,353,2,1,3,1,P02
4,877,498,333,3,1,3,1,P02
4,878,403,111,2,1,3,1,P02
4,879,623,50,2,1,3,1,P02
4,880,137,409,1,1,3,1,P02
4,881,351,55,4,1,3,1,P02
4,882,245,251,2,1,3,1,P02
4,883,398,71,2,1,3,1,P02
4,884,889,98,4,1,3,1,P02
4,885,347,493,1,1,3,1,P02
4,886,524,127,1,1,3,1,P02
4,887,371,44,1,1,3,1,P02
4,888,174,296,1,2,3,1,P02
4,889,412,374,2,1,3,1,P02
4,890,664,188,2,1,3,1,P02
4,891,481,389,3,1,3,1,P02
4,892,208,266,3,1,3,1,P02
4,893,379,103,2,1,3,1,P02
4,894,58,720,1,2,3,1,P02
4,895,747,181,2,1,3,1,P02
4,896,483,46,3,1,3,1,P02
4,897,369,107,6,1,3,1,P02
4,898,179,276,2,1,3,1,P02
4,899,551,102,1,1,3,1,P02
4,900,515,28,2,1,3,1,P02
4,901,250,404,4,1,3,1,P02
4,902,345,188,1,1,3,1,P02
4,903,668,136,2,1,3,1,P02
4,904,495,342,1,1,3,1,P02
4,905,200,403,3,1,3,1,P02
4,906,425,53,7,1,3,1,P02
4,907,255,174,4,1,3,1,P02
4,908,443,42,1,1,3,1,P02
4,909,434,85,3,1,3,1,P02
4,910,180,247,1,1,3,1,P02
4,911,728,121,3,1,3,1,P02
4,912,109,321,1,1,3,1,P02
4,913,502,94,2,1,3,1,P02
4,914,238,620,3,1,3,1,P02
4,915,419,388,1,1,3,1,P02
4,916,494,10,2,1,3,1,P02
4,917,296,305,3,1,3,1,P02
4,918,531,168,2,1,3,1,P02
4,919,882,72,4,1,3,1,P02
4,920,385,320,3,1,3,1,P02
4,921,299,148,1,1,3,1,P02
4,922,550,18,1,1,3,1,P02
4,923,432,163,4,1,3,1,P02
4,924,422,346,1,1,3,1,P02
4,925,721,58,2,1,3,1,P02
4,926,322,257,2,1,3,1,P02
4,927,242,236,2,1,3,1,P02
4,928,779,17,2,1,3,1,P02
4,929,167,574,1,1,3,1,P02
4,930,626,224,1,1,3,1,P02
4,931,304,213,1,1,3,1,P02
4,932,400,244,1,1,3,1,P02
4,933,769,226,1,1,3,1,P02
4,934,452,75,7,1,3,1,P02
4,935,339,403,2,1,3,1,P02
4,936,481,259,1,1,3,1,P02
4,937,483,421,2,1,3,1,P02
4,938,604,203,6,1,3,1,P02
4,939,339,210,2,1,3,1,P02
4,940,216,570,1,1,3,1,P02
4,941,521,121,2,1,3,1,P02
4,942,507,246,1,1,3,1,P02
4,943,670,293,1,1,3,1,P02
4,944,590,235,2,1,3,1,P02
4,945,331,295,1,1,3,1,P02
4,946,449,52,3,1,3,1,P02
4,947,429,6,4,1,3,1,P02
4,948,641,94,4,1,3,1,P02
4,949,178,275,1,1,3,1,P02
4,950,279,202,1,1,3,1,P02
4,951,537,423,1,1,3,1,P02
4,952,120,576,1,1,3,1,P02
4,953,420,231,1,1,3,1,P02
4,954,667,229,1,1,3,1,P02
4,955,116,334,1,1,3,1,P02
4,956,385,320,3,1,3,1,P02
4,957,593,145,2,1,3,1,P02
4,958,674,215,2,1,3,1,P02
4,959,657,177,2,1,3,1,P02
4,960,557,125,1,1,3,1,P02
4,961,582,311,3,1,3,1,P02
4,962,635,111,2,1,3,1,P02
4,963,636,119,1,1,3,1,P02
4,964,212,498,1,1,3,1,P02
4,965,780,113,3,1,3,1,P02
4,966,513,293,4,1,3,1,P02
4,967,500,147,2,1,3,1,P02
4,968,201,368,1,1,3,1,P02
4,969,531,99,6,1,3,1,P02
4,970,179,258,2,1,3,1,P02
4,971,825,121,5,1,3,1,P02
4,972,235,419,3,1,3,1,P02
4,973,303,280,1,1,3,1,P02
4,974,394,373,1,1,3,1,P02
4,975,405,31,2,1,3,1,P02
4,976,469,206,1,1,3,1,P02
4,977,856,51,5,1,3,1,P02
4,978,584,259,4,1,3,1,P02
4,979,490,92,1,1,3,1,P02
4,980,242,418,3,1,3,1,P02
4,981,581,24,2,1,3,1,P02
4,982,502,37,2,1,3,1,P02
4,983,732,33,3,1,3,1,P02
4,984,82,433,1,1,3,1,P02
4,985,672,237,1,1,3,1,P02
4,986,368,175,1,1,3,1,P02
4,987,315,194,2,1,3,1,P02
4,988,463,57,1,1,3,1,P02
4,989,252,150,4,1,3,1,P02
4,990,541,245,1,1,3,1,P02
4,991,325,490,1,1,3,1,P02
4,992,495,252,1,1,3,1,P02
4,993,533,438,1,1,3,1,P02
4,994,597,257,2,1,3,1,P02
4,995,564,398,3,1,3,1,P02
4,996,834,132,3,1,3,1,P02
4,997,273,183,3,1,3,1,P02
4,998,374,244,1,1,3,1,P02
4,999,672,47,5,1,3,1,P02
4,1000,475,301,2,1,3,1,P02
5,1,865,14,16,1,9,1,P02
5,2,617,104,7,1,9,1,P02
5,3,76,464,1,1,9,1,P02
5,4,351,117,11,1,9,1,P02
5,5,504,96,6,1,9,1,P02
5,6,329,237,11,1,9,1,P02
5,7,438,287,3,1,9,1,P02
5,8,485,82,7,1,9,1,P02
5,9,596,186,4,1,9,1,P02
5,10,343,400,4,2,9,1,P02
5,11,446,138,5,1,9,1,P02
5,12,578,24,9,1,9,1,P02
5,13,795,109,6,1,9,1,P02
5,14,284,247,9,1,9,1,P02
5,15,904,57,9,1,9,1,P02
5,16,484,135,5,1,9,1,P02
5,17,867,102,4,1,9,1,P02
5,18,688,105,6,1,9,1,P02
5,19,189,234,9,1,9,1,P02
5,20,765,200,9,1,9,1,P02
5,21,298,260,3,1,9,1,P02
5,22,319,257,3,1,9,1,P02
5,23,698,54,4,1,9,1,P02
5,24,192,645,1,1,9,1,P02
5,25,253,387,9,1,9,1,P02
5,26,361,111,4,1,9,1,P02
5,27,825,87,4,1,9,1,P02
5,28,607,97,12,1,9,1,P02
5,29,193,349,5,1,9,1,P02
5,30,530,103,7,1,9,1,P02
5,31,459,46,7,1,9,1,P02
5,32,555,252,6,1,9,1,P02
5,33,390,246,5,1,9,1,P02
5,34,411,326,3,1,9,1,P02
5,35,381,199,4,1,9,1,P02
5,36,646,181,3,1,9,1,P02
5,37,187,270,1,1,9,1,P02
5,38,490,167,6,1,9,1,P02
5,39,896,98,10,1,9,1,P02
5,40,336,91,4,1,9,1,P02
5,41,368,35,8,1,9,1,P02
5,42,647,31,7,1,9,1,P02
5,43,545,245,2,3,9,1,P02
5,44,489,28,9,1,9,1,P02
5,45,534,182,5,1,9,1,P02
5,46,181,456,1,1,9,1,P02
5,47,426,303,3,1,9,1,P02
5,48,348,87,7,1,9,1,P02
5,49,82,584,3,1,9,1,P02
5,50,359,55,6,1,9,1,P02
5,51,292,681,5,1,9,1,P02
5,52,149,570,5,1,9,1,P02
5,53,622,304,7,1,9,1,P02
5,54,811,76,9,1,9,1,P02
5,55,801,112,7,1,9,1,P02
5,56,342,158,5,1,9,1,P02
5,57,394,158,6,1,9,1,P02
5,58,618,118,8,1,9,1,P02
5,59,179,283,4,1,9,1,P02
5,60,317,313,2,1,9,1,P02
5,61,461,199,3,1,9,1,P02
5,62,614,72,4,1,9,1,P02
5,63,734,221,10,1,9,1,P02
5,64,464,145,5,1,9,1,P02
5,65,528,57,6,1,9,1,P02
5,66,727,37,8,1,9,1,P02
5,67,495,458,1,1,9,1,P02
5,68,505,387,8,1,9,1,P02
5,69,490,191,8,1,9,1,P02
5,70,642,21,7,1,9,1,P02
5,71,244,322,1,1,9,1,P02
5,72,609,101,8,1,9,1,P02
5,73,253,189,7,1,9,1,P02
5,74,568,192,9,1,9,1,P02
5,75,210,445,4,1,9,1,P02
5,76,555,130,7,1,9,1,P02
5,77,503,33,9,1,9,1,P02
5,78,715,15,8,1,9,1,P02
5,79,814,61,10,1,9,1,P02
5,80,941,48,9,1,9,1,P02
5,81,653,117,4,1,9,1,P02
5,82,418,203,4,1,9,1,P02
5,83,835,151,8,1,9,1,P02
5,84,430,235,8,1,9,1,P02
5,85,891,63,4,1,9,1,P02
5,86,187,266,3,1,9,1,P02
5,87,556,47,11,1,9,1,P02
5,88,916,19,4,1,9,1,P02
5,89,336,127,4,1,9,1,P02
5,90,567,16,3,1,9,1,P02
5,91,829,156,10,1,9,1,P02
5,92,270,261,5,2,9,1,P02
5,93,471,44,10,1,9,1,P02
5,94,889,74,7,1,9,1,P02
5,95,502,58,16,1,9,1,P02
5,96,552,443,11,1,9,1,P02
5,97,400,151,6,1,9,1,P02
5,98,379,564,3,1,9,1,P02
5,99,947,13,8,1,9,1,P02
5,100,387,17,11,1,9,1,P02
5,101,302,145,7,1,9,1,P02
5,102,262,168,8,1,9,1,P02
5,103,572,374,4,1,9,1,P02
5,104,682,117,10,1,9,1,P02
5,105,562,133,6,1,9,1,P02
5,106,601,35,11,1,9,1,P02
5,107,799,11,7,1,9,1,P02
5,108,779,108,11,1,9,1,P02
5,109,557,163,7,1,9,1,P02
5,110,647,201,10,1,9,1,P02
5,111,284,321,4,1,9,1,P02
5,112,622,68,8,1,9,1,P02
5,113,724,33,6,1,9,1,P02
5,114,510,120,2,1,9,1,P02
5,115,227,574,5,1,9,1,P02
5,116,604,377,7,1,9,1,P02
5,117,822,99,5,1,9,1,P02
5,118,238,178,9,1,9,1,P02
5,119,328,81,7,1,9,1,P02
5,120,619,86,8,1,9,1,P02
5,121,505,342,4,1,9,1,P02
5,122,508,26,9,1,9,1,P02
5,123,378,213,8,1,9,1,P02
5,124,624,357,2,1,9,1,P02
5,125,735,87,9,1,9,1,P02
5,126,630,343,7,1,9,1,P02
5,127,401,72,8,1,9,1,P02
5,128,458,142,7,1,9,1,P02
5,129,634,270,8,1,9,1,P02
5,130,508,77,8,1,9,1,P02
5,131,378,165,7,1,9,1,P02
5,132,267,485,3,1,9,1,P02
5,133,278,394,4,1,9,1,P02
5,134,549,100,12,1,9,1,P02
5,135,818,40,8,1,9,1,P02
5,136,407,125,7,1,9,1,P02
5,137,753,103,8,1,9,1,P02
5,138,378,128,3,1,9,1,P02
5,139,468,13,10,1,9,1,P02
5,140,692,232,5,1,9,1,P02
5,141,649,11,11,1,9,1,P02
5,142,377,550,2,1,9,1,P02
5,143,706,50,6,1,9,1,P02
5,144,610,39,4,1,9,1,P02
5,145,380,217,8,1,9,1,P02
5,146,671,174,9,1,9,1,P02
5,147,369,172,10,1,9,1,P02
5,148,522,19,6,1,9,1,P02
5,149,354,175,4,1,9,1,P02
5,150,168,396,1,2,9,1,P02
5,151,336,207,6,1,9,1,P02
5,152,779,52,7,1,9,1,P02
5,153,902,72,6,1,9,1,P02
5,154,113,470,1,1,9,1,P02
5,155,302,163,6,1,9,1,P02
5,156,694,201,9,1,9,1,P02
5,157,744,41,3,1,9,1,P02
5,158,778,16,6,1,9,1,P02
5,159,600,41,11,1,9,1,P02
5,160,329,439,2,1,9,1,P02
5,161,677,109,4,1,9,1,P02
5,162,360,52,6,1,9,1,P02
5,163,299,173,5,1,9,1,P02
5,164,459,149,9,1,9,1,P02
5,165,432,78,7,1,9,1,P02
5,166,492,92,5,1,9,1,P02
5,167,574,119,12,1,9,1,P02
5,168,360,261,3,1,9,1,P02
5,169,743,225,8,1,9,1,P02
5,170,175,229,3,1,9,1,P02
5,171,889,90,14,1,9,1,P02
5,172,506,33,10,1,9,1,P02
5,173,802,64,7,1,9,1,P02
5,174,662,261,9,1,9,1,P02
5,175,203,309,3,1,9,1,P02
5,176,715,216,7,1,9,1,P02
5,177,641,54,6,1,9,1,P02
5,178,737,102,14,1,9,1,P02
5,179,251,220,3,1,9,1,P02
5,180,454,190,7,1,9,1,P02
5,181,455,70,4,1,9,1,P02
5,182,592,186,7,1,9,1,P02
5,183,558,184,7,1,9,1,P02
5,184,495,38,7,1,9,1,P02
5,185,578,105,10,2,9,1,P02
5,186,285,142,3,1,9,1,P02
5,187,518,90,7,1,9,1,P02
5,188,318,259,7,1,9,1,P02
5,189,804,98,7,1,9,1,P02
5,190,422,490,4,1,9,1,P02
5,191,733,61,11,1,9,1,P02
5,192,202,382,1,1,9,1,P02
5,193,609,249,6,1,9,1,P02
5,194,751,11,11,1,9,1,P02
5,195,329,135,4,1,9,1,P02
5,196,551,283,4,1,9,1,P02
5,197,632,266,5,1,9,1,P02
5,198,621,121,8,1,9,1,P02
5,199,842,125,7,1,9,1,P02
5,200,493,63,13,1,9,1,P02
5,201,300,197,7,1,9,1,P02
5,202,618,78,11,1,9,1,P02
5,203,306,287,6,1,9,1,P02
5,204,509,52,13,1,9,1,P02
5,205,483,35,4,1,9,1,P02
5,206,212,337,3,1,9,1,P02
5,207,519,455,3,1,9,1,P02
5,208,537,197,5,1,9,1,P02
5,209,506,152,8,1,9,1,P02
5,210,263,233,6,1,9,1,P02
5,211,647,346,2,1,9,1,P02
5,212,392,128,9,1,9,1,P02
5,213,530,67,6,1,9,1,P02
5,214,704,16,9,1,9,1,P02
5,215,611,170,3,1,9,1,P02
5,216,226,198,5,1,9,1,P02
5,217,492,85,6,1,9,1,P02
5,218,286,136,3,1,9,1,P02
5,219,291,115,6,1,9,1,P02
5,220,307,93,6,1,9,1,P02
5,221,424,22,5,1,9,1,P02
5,222,874,59,8,1,9,1,P02
5,223,420,50,8,1,9,1,P02
5,224,640,134,7,1,9,1,P02
5,225,756,12,8,1,9,1,P02
5,226,596,142,11,1,9,1,P02
5,227,117,828,1,3,9,1,P02
5,228,800,187,6,1,9,1,P02
5,229,430,57,4,1,9,1,P02
5,230,409,159,8,1,9,1,P02
5,231,605,91,10,1,9,1,P02
5,232,343,515,3,1,9,1,P02
5,233,465,42,8,1,9,1,P02
5,234,452,415,9,1,9,1,P02
5,235,424,35,7,1,9,1,P02
5,236,462,213,7,1,9,1,P02
5,237,653,34,10,1,9,1,P02
5,238,509,77,13,1,9,1,P02
5,239,674,85,5,1,9,1,P02
5,240,518,52,9,1,9,1,P02
5,241,542,48,18,1,9,1,P02
5,242,652,108,7,1,9,1,P02
5,243,837,159,4,1,9,1,P02
5,244,428,359,2,1,9,1,P02
5,245,827,106,7,1,9,1,P02
5,246,252,201,2,1,9,1,P02
5,247,576,340,8,1,9,1,P02
5,248,659,158,5,1,9,1,P02
5,249,879,80,13,1,9,1,P02
5,250,366,106,10,1,9,1,P02
5,251,414,110,5,1,9,1,P02
5,252,513,348,6,1,9,1,P02
5,253,317,222,6,1,9,1,P02
5,254,898,20,7,1,9,1,P02
5,255,548,87,9,1,9,1,P02
5,256,431,74,8,1,9,1,P02
5,257,242,274,1,2,9,1,P02
5,258,931,53,10,1,9,1,P02
5,259,524,160,4,1,9,1,P02
5,260,692,58,6,1,9,1,P02
5,261,345,172,10,1,9,1,P02
5,262,322,80,3,1,9,1,P02
5,263,543,73,9,1,9,1,P02
5,264,577,210,5,1,9,1,P02
5,265,281,252,2,2,9,1,P02
5,266,483,89,11,1,9,1,P02
5,267,324,191,2,2,9,1,P02
5,268,383,352,5,1,9,1,P02
5,269,776,79,11,1,9,1,P02
5,270,365,83,4,1,9,1,P02
5,271,419,454,4,2,9,1,P02
5,272,323,97,7,1,9,1,P02
5,273,414,116,11,1,9,1,P02
5,274,700,39,10,1,9,1,P02
5,275,782,81,11,1,9,1,P02
5,276,489,97,9,1,9,1,P02
5,277,349,438,5,1,9,1,P02
5,278,421,267,5,1,9,1,P02
5,279,588,90,7,1,9,1,P02
5,280,523,44,9,1,9,1,P02
5,281,385,409,4,1,9,1,P02
5,282,460,122,8,1,9,1,P02
5,283,644,10,11,1,9,1,P02
5,284,128,296,6,1,9,1,P02
5,285,422,74,3,1,9,1,P02
5,286,529,54,9,1,9,1,P02
5,287,455,113,8,1,9,1,P02
5,288,268,708,1,2,9,1,P02
5,289,332,330,3,1,9,1,P02
5,290,310,112,7,1,9,1,P02
5,291,555,318,4,1,9,1,P02
5,292,307,414,3,1,9,1,P02
5,293,642,93,12,1,9,1,P02
5,294,543,438,6,1,9,1,P02
5,295,698,18,5,1,9,1,P02
5,296,640,61,11,1,9,1,P02
5,297,455,173,7,1,9,1,P02
5,298,307,156,9,1,9,1,P02
5,299,293,144,3,1,9,1,P02
5,300,542,52,8,1,9,1,P02
5,301,436,255,7,1,9,1,P02
5,302,625,201,5,1,9,1,P02
5,303,125,343,1,1,9,1,P02
5,304,483,28,12,1,9,1,P02
5,305,345,66,8,1,9,1,P02
5,306,339,660,5,1,9,1,P02
5,307,58,362,1,1,9,1,P02
5,308,882,35,15,1,9,1,P02
5,309,847,62,10,1,9,1,P02
5,310,968,21,10,1,9,1,P02
5,311,562,291,7,1,9,1,P02
5,312,443,99,5,1,9,1,P02
5,313,353,111,9,1,9,1,P02
5,314,723,143,5,1,9,1,P02
5,315,265,225,5,1,9,1,P02
5,316,702,218,7,1,9,1,P02
5,317,519,25,12,1,9,1,P02
5,318,521,28,10,1,9,1,P02
5,319,308,254,1,1,9,1,P02
5,320,635,342,5,2,9,1,P02
5,321,394,41,5,1,9,1,P02
5,322,556,35,8,1,9,1,P02
5,323,565,112,5,1,9,1,P02
5,324,886,98,13,1,9,1,P02
5,325,448,326,5,1,9,1,P02
5,326,291,419,3,5,9,1,P02
5,327,638,106,12,1,9,1,P02
5,328,164,388,3,1,9,1,P02
5,329,307,179,7,1,9,1,P02
5,330,913,52,8,1,9,1,P02
5,331,877,65,9,1,9,1,P02
5,332,409,159,4,1,9,1,P02
5,333,56,374,2,1,9,1,P02
5,334,340,581,2,1,9,1,P02
5,335,391,228,5,1,9,1,P02
5,336,294,121,4,1,9,1,P02
5,337,404,170,5,1,9,1,P02
5,338,380,52,9,1,9,1,P02
5,339,872,72,7,1,9,1,P02
5,340,240,452,3,2,9,1,P02
5,341,276,224,5,1,9,1,P02
5,342,239,508,4,1,9,1,P02
5,343,714,92,7,1,9,1,P02
5,344,371,35,8,1,9,1,P02
5,345,676,146,9,1,9,1,P02
5,346,804,166,8,1,9,1,P02
5,347,433,358,1,1,9,1,P02
5,348,793,92,11,1,9,1,P02
5,349,216,507,1,1,9,1,P02
5,350,295,497,3,1,9,1,P02
5,351,500,18,12,1,9,1,P02
5,352,880,26,5,1,9,1,P02
5,353,843,17,7,1,9,1,P02
5,354,808,25,7,1,9,1,P02
5,355,238,186,4,1,9,1,P02
5,356,418,112,9,1,9,1,P02
5,357,953,37,11,1,9,1,P02
5,358,494,278,6,2,9,1,P02
5,359,544,275,6,1,9,1,P02
5,360,408,81,5,1,9,1,P02
5,361,581,380,4,1,9,1,P02
5,362,386,344,1,1,9,1,P02
5,363,552,26,9,1,9,1,P02
5,364,788,122,5,1,9,1,P02
5,365,420,207,9,1,9,1,P02
5,366,737,54,8,1,9,1,P02
5,367,508,90,7,1,9,1,P02
5,368,214,337,3,1,9,1,P02
5,369,287,123,2,1,9,1,P02
5,370,466,28,8,1,9,1,P02
5,371,510,10,10,1,9,1,P02
5,372,711,14,14,1,9,1,P02
5,373,359,91,11,1,9,1,P02
5,374,372,466,7,1,9,1,P02
5,375,662,14,2,1,9,1,P02
5,376,326,239,5,1,9,1,P02
5,377,391,241,6,1,9,1,P02
5,378,350,326,3,1,9,1,P02
5,379,648,123,7,1,9,1,P02
5,380,176,684,2,2,9,1,P02
5,381,602,77,10,1,9,1,P02
5,382,621,37,13,1,9,1,P02
5,383,278,209,9,1,9,1,P02
5,384,681,264,5,1,9,1,P02
5,385,814,138,4,1,9,1,P02
5,386,448,92,8,1,9,1,P02
5,387,688,274,6,1,9,1,P02
5,388,550,17,9,1,9,1,P02
5,389,843,70,7,1,9,1,P02
5,390,450,131,5,1,9,1,P02
5,391,550,65,8,1,9,1,P02
5,392,235,203,7,1,9,1,P02
5,393,660,176,9,1,9,1,P02
5,394,435,274,8,1,9,1,P02
5,395,617,61,11,1,9,1,P02
5,396,387,223,5,1,9,1,P02
5,397,246,192,5,1,9,1,P02
5,398,556,25,8,1,9,1,P02
5,399,569,139,3,2,9,1,P02
5,400,743,183,4,1,9,1,P02
5,401,759,73,6,1,9,1,P02
5,402,588,162,4,1,9,1,P02
5,403,562,213,5,1,9,1,P02
5,404,523,47,10,1,9,1,P02
5,405,395,48,11,1,9,1,P02
5,406,885,71,11,1,9,1,P02
5,407,464,514,2,1,9,1,P02
5,408,360,152,4,1,9,1,P02
5,409,350,79,9,1,9,1,P02
5,410,354,210,5,1,9,1,P02
5,411,414,138,9,1,9,1,P02
5,412,752,64,7,1,9,1,P02
5,413,431,35,7,1,9,1,P02
5,414,723,100,8,1,9,1,P02
5,415,523,119,7,1,9,1,P02
5,416,343,97,7,1,9,1,P02
5,417,296,615,4,1,9,1,P02
5,418,642,352,3,1,9,1,P02
5,419,298,611,3,1,9,1,P02
5,420,671,119,5,1,9,1,P02
5,421,330,173,11,1,9,1,P02
5,422,501,29,9,1,9,1,P02
5,423,676,135,6,1,9,1,P02
5,424,399,342,5,1,9,1,P02
5,425,441,81,5,1,9,1,P02
5,426,661,193,6,1,9,1,P02
5,427,517,27,6,1,9,1,P02
5,428,865,85,10,1,9,1,P02
5,429,410,160,5,1,9,1,P02
5,430,672,58,7,1,9,1,P02
5,431,631,89,7,1,9,1,P02
5,432,456,25,8,1,9,1,P02
5,433,320,279,4,1,9,1,P02
5,434,489,195,4,1,9,1,P02
5,435,486,206,6,1,9,1,P02
5,436,763,82,5,1,9,1,P02
5,437,302,125,4,1,9,1,P02
5,438,419,219,11,1,9,1,P02
5,439,435,76,5,1,9,1,P02
5,440,757,154,9,1,9,1,P02
5,441,630,48,10,1,9,1,P02
5,442,448,372,5,1,9,1,P02
5,443,627,308,6,1,9,1,P02
5,444,385,445,5,2,9,1,P02
5,445,307,121,6,1,9,1,P02
5,446,575,155,9,1,9,1,P02
5,447,592,64,9,1,9,1,P02
5,448,560,190,4,1,9,1,P02
5,449,288,677,1,2,9,1,P02
5,450,353,52,6,1,9,1,P02
5,451,595,134,8,1,9,1,P02
5,452,830,138,6,1,9,1,P02
5,453,477,259,7,1,9,1,P02
5,454,430,114,8,1,9,1,P02
5,455,422,17,11,1,9,1,P02
5,456,516,181,15,1,9,1,P02
5,457,440,92,7,1,9,1,P02
5,458,672,137,8,1,9,1,P02
5,459,265,496,4,1,9,1,P02
5,460,256,163,6,1,9,1,P02
5,461,189,672,1,1,9,1,P02
5,462,404,265,3,1,9,1,P02
5,463,317,147,6,1,9,1,P02
5,464,410,283,8,2,9,1,P02
5,465,417,81,7,1,9,1,P02
5,466,231,677,3,1,9,1,P02
5,467,359,93,11,1,9,1,P02
5,468,791,62,10,1,9,1,P02
5,469,360,56,5,1,9,1,P02
5,470,589,13,14,1,9,1,P02
5,471,172,237,1,1,9,1,P02
5,472,472,30,12,1,9,1,P02
5,473,702,57,12,1,9,1,P02
5,474,511,72,12,1,9,1,P02
5,475,412,44,5,1,9,1,P02
5,476,295,299,5,1,9,1,P02
5,477,824,119,7,1,9,1,P02
5,478,423,257,9,1,9,1,P02
5,479,691,120,11,1,9,1,P02
5,480,447,88,12,2,9,1,P02
5,481,743,55,7,1,9,1,P02
5,482,490,16,11,1,9,1,P02
5,483,392,416,4,1,9,1,P02
5,484,542,68,9,1,9,1,P02
5,485,685,87,10,1,9,1,P02
5,486,456,287,7,1,9,1,P02
5,487,185,245,4,1,9,1,P02
5,488,228,414,1,1,9,1,P02
5,489,475,377,10,1,9,1,P02
5,490,628,82,9,1,9,1,P02
5,491,595,149,6,1,9,1,P02
5,492,499,196,3,1,9,1,P02
5,493,749,68,8,1,9,1,P02
5,494,717,10,10,1,9,1,P02
5,495,775,55,6,1,9,1,P02
5,496,368,221,8,1,9,1,P02
5,497,642,58,14,1,9,1,P02
5,498,829,78,5,1,9,1,P02
5,499,632,219,7,1,9,1,P02
5,500,363,163,8,1,9,1,P02
5,501,336,129,6,1,9,1,P02
5,502,439,61,8,1,9,1,P02
5,503,787,112,7,1,9,1,P02
5,504,509,432,3,1,9,1,P02
5,505,869,42,12,1,9,1,P02
5,506,639,235,2,1,9,1,P02
5,507,390,434,3,2,9,1,P02
5,508,681,310,2,1,9,1,P02
5,509,559,97,6,1,9,1,P02
5,510,245,445,2,1,9,1,P02
5,511,385,119,9,1,9,1,P02
5,512,311,114,6,1,9,1,P02
5,513,323,86,10,1,9,1,P02
5,514,393,113,13,1,9,1,P02
5,515,882,111,9,1,9,1,P02
5,516,707,41,10,1,9,1,P02
5,517,691,28,13,1,9,1,P02
5,518,639,29,9,1,9,1,P02
5,519,821,30,4,1,9,1,P02
5,520,185,473,3,2,9,1,P02
5,521,332,377,5,1,9,1,P02
5,522,416,117,3,1,9,1,P02
5,523,609,106,8,1,9,1,P02
5,524,594,23,11,1,9,1,P02
5,525,546,161,12,1,9,1,P02
5,526,478,48,8,1,9,1,P02
5,527,569,214,4,1,9,1,P02
5,528,597,298,8,1,9,1,P02
5,529,714,42,4,1,9,1,P02
5,530,464,306,5,1,9,1,P02
5,531,535,76,7,1,9,1,P02
5,532,722,12,13,1,9,1,P02
5,533,556,173,5,1,9,1,P02
5,534,672,164,6,1,9,1,P02
5,535,932,42,11,1,9,1,P02
5,536,431,45,11,1,9,1,P02
5,537,602,216,4,1,9,1,P02
5,538,784,191,6,1,9,1,P02
5,539,597,91,10,1,9,1,P02
5,540,346,145,10,1,9,1,P02
5,541,540,249,4,1,9,1,P02
5,542,947,19,9,1,9,1,P02
5,543,380,284,9,1,9,1,P02
5,544,498,121,8,1,9,1,P02
5,545,361,54,10,1,9,1,P02
5,546,640,77,9,1,9,1,P02
5,547,672,55,6,1,9,1,P02
5,548,467,46,11,1,9,1,P02
5,549,364,94,5,1,9,1,P02
5,550,449,312,6,1,9,1,P02
5,551,842,60,9,1,9,1,P02
5,552,470,88,7,1,9,1,P02
5,553,630,268,5,1,9,1,P02
5,554,478,77,6,1,9,1,P02
5,555,595,20,11,1,9,1,P02
5,556,534,180,7,1,9,1,P02
5,557,599,53,8,1,9,1,P02
5,558,411,22,9,1,9,1,P02
5,559,318,201,6,1,9,1,P02
5,560,886,101,6,1,9,1,P02
5,561,128,441,1,1,9,1,P02
5,562,460,203,6,1,9,1,P02
5,563,344,132,3,1,9,1,P02
5,564,639,161,8,1,9,1,P02
5,565,576,49,7,1,9,1,P02
5,566,478,142,6,1,9,1,P02
5,567,530,129,4,1,9,1,P02
5,568,474,48,11,1,9,1,P02
5,569,656,166,6,1,9,1,P02
5,570,706,138,8,1,9,1,P02
5,571,381,56,3,1,9,1,P02
5,572,767,117,9,1,9,1,P02
5,573,775,38,8,1,9,1,P02
5,574,611,69,10,1,9,1,P02
5,575,145,761,1,3,9,1,P02
5,576,558,142,6,1,9,1,P02
5,577,409,144,3,1,9,1,P02
5,578,962,19,6,1,9,1,P02
5,579,772,137,3,1,9,1,P02
5,580,364,50,3,1,9,1,P02
5,581,410,190,7,1,9,1,P02
5,582,603,42,9,1,9,1,P02
5,583,632,99,11,1,9,1,P02
5,584,449,38,11,1,9,1,P02
5,585,398,17,8,1,9,1,P02
5,586,234,444,4,1,9,1,P02
5,587,345,558,3,1,9,1,P02
5,588,388,110,6,1,9,1,P02
5,589,392,115,8,1,9,1,P02
5,590,440,346,2,1,9,1,P02
5,591,529,45,15,1,9,1,P02
5,592,637,86,9,1,9,1,P02
5,593,685,228,6,1,9,1,P02
5,594,529,315,7,1,9,1,P02
5,595,841,126,5,1,9,1,P02
5,596,375,376,6,1,9,1,P02
5,597,559,25,9,1,9,1,P02
5,598,784,69,10,1,9,1,P02
5,599,668,301,4,1,9,1,P02
5,600,362,105,7,1,9,1,P02
5,601,176,530,3,1,9,1,P02
5,602,845,69,8,1,9,1,P02
5,603,503,180,8,1,9,1,P02
5,604,281,160,3,1,9,1,P02
5,605,428,104,8,1,9,1,P02
5,606,715,177,8,1,9,1,P02
5,607,936,26,9,1,9,1,P02
5,608,482,11,9,1,9,1,P02
5,609,395,81,6,1,9,1,P02
5,610,372,43,8,1,9,1,P02
5,611,598,160,10,1,9,1,P02
5,612,845,40,9,1,9,1,P02
5,613,608,344,12,1,9,1,P02
5,614,587,125,7,1,9,1,P02
5,615,458,73,8,1,9,1,P02
5,616,710,70,5,1,9,1,P02
5,617,255,400,4,1,9,1,P02
5,618,357,79,14,1,9,1,P02
5,619,873,114,11,1,9,1,P02
5,620,518,475,5,1,9,1,P02
5,621,746,33,9,1,9,1,P02
5,622,482,458,7,1,9,1,P02
5,623,723,203,6,1,9,1,P02
5,624,895,96,10,1,9,1,P02
5,625,526,28,11,1,9,1,P02
5,626,526,92,5,1,9,1,P02
5,627,766,96,10,1,9,1,P02
5,628,325,266,1,1,9,1,P02
5,629,353,185,3,1,9,1,P02
5,630,314,106,7,1,9,1,P02
5,631,608,158,6,1,9,1,P02
5,632,168,267,5,1,9,1,P02
5,633,511,52,9,1,9,1,P02
5,634,553,11,7,1,9,1,P02
5,635,406,426,5,2,9,1,P02
5,636,646,253,5,1,9,1,P02
5,637,701,160,5,1,9,1,P02
5,638,475,107,6,1,9,1,P02
5,639,588,116,6,1,9,1,P02
5,640,869,80,7,1,9,1,P02
5,641,309,143,11,1,9,1,P02
5,642,505,256,8,1,9,1,P02
5,643,567,206,8,1,9,1,P02
5,644,563,53,11,1,9,1,P02
5,645,719,143,7,1,9,1,P02
5,646,676,110,10,1,9,1,P02
5,647,409,17,6,1,9,1,P02
5,648,568,351,9,1,9,1,P02
5,649,462,136,6,1,9,1,P02
5,650,868,129,2,1,9,1,P02
5,651,312,288,4,1,9,1,P02
5,652,595,52,7,1,9,1,P02
5,653,676,100,9,1,9,1,P02
5,654,226,187,5,1,9,1,P02
5,655,728,217,2,1,9,1,P02
5,656,712,55,10,1,9,1,P02
5,657,595,44,17,1,9,1,P02
5,658,743,221,8,1,9,1,P02
5,659,621,66,8,1,9,1,P02
5,660,413,372,2,1,9,1,P02
5,661,469,23,10,1,9,1,P02
5,662,652,89,8,1,9,1,P02
5,663,370,537,3,1,9,1,P02
5,664,445,26,5,1,9,1,P02
5,665,452,60,5,1,9,1,P02
5,666,600,111,3,1,9,1,P02
5,667,463,17,11,1,9,1,P02
5,668,300,105,5,1,9,1,P02
5,669,535,26,10,1,9,1,P02
5,670,388,28,9,1,9,1,P02
5,671,456,249,7,1,9,1,P02
5,672,514,361,7,2,9,1,P02
5,673,571,75,7,1,9,1,P02
5,674,303,446,4,1,9,1,P02
5,675,552,56,11,1,9,1,P02
5,676,695,159,5,1,9,1,P02
5,677,179,576,2,1,9,1,P02
5,678,786,56,7,1,9,1,P02
5,679,479,414,3,1,9,1,P02
5,680,767,51,7,1,9,1,P02
5,681,176,258,4,2,9,1,P02
5,682,702,139,12,2,9,1,P02
5,683,758,111,9,1,9,1,P02
5,684,842,43,10,1,9,1,P02
5,685,777,50,13,1,9,1,P02
5,686,722,45,8,1,9,1,P02
5,687,766,93,5,1,9,1,P02
5,688,483,475,2,1,9,1,P02
5,689,870,41,10,1,9,1,P02
5,690,375,508,5,1,9,1,P02
5,691,427,506,3,1,9,1,P02
5,692,837,45,11,1,9,1,P02
5,693,635,98,18,1,9,1,P02
5,694,180,302,4,2,9,1,P02
5,695,815,117,6,1,9,1,P02
5,696,390,54,2,1,9,1,P02
5,697,402,270,3,1,9,1,P02
5,698,715,82,9,1,9,1,P02
5,699,634,224,8,1,9,1,P02
5,700,645,46,6,1,9,1,P02
5,701,870,117,10,1,9,1,P02
5,702,103,474,4,1,9,1,P02
5,703,419,21,12,1,9,1,P02
5,704,741,182,2,1,9,1,P02
5,705,516,340,11,1,9,1,P02
5,706,717,126,6,1,9,1,P02
5,707,416,90,12,1,9,1,P02
5,708,817,44,11,1,9,1,P02
5,709,857,140,9,1,9,1,P02
5,710,628,110,11,1,9,1,P02
5,711,307,111,2,1,9,1,P02
5,712,337,132,6,1,9,1,P02
5,713,592,186,5,1,9,1,P02
5,714,920,41,12,1,9,1,P02
5,715,236,356,3,3,9,1,P02
5,716,597,42,5,1,9,1,P02
5,717,535,176,9,1,9,1,P02
5,718,653,94,4,1,9,1,P02
5,719,237,213,2,1,9,1,P02
5,720,742,250,6,1,9,1,P02
5,721,131,393,4,1,9,1,P02
5,722,555,31,12,1,9,1,P02
5,723,454,238,4,1,9,1,P02
5,724,51,461,1,1,9,1,P02
5,725,421,113,11,1,9,1,P02
5,726,640,46,10,1,9,1,P02
5,727,561,63,2,1,9,1,P02
5,728,407,82,6,1,9,1,P02
5,729,663,242,4,1,9,1,P02
5,730,724,113,5,1,9,1,P02
5,731,633,265,11,1,9,1,P02
5,732,579,329,8,1,9,1,P02
5,733,364,168,5,1,9,1,P02
5,734,357,124,7,1,9,1,P02
5,735,593,176,6,1,9,1,P02
5,736,670,225,10,1,9,1,P02
5,737,451,499,3,1,9,1,P02
5,738,629,282,11,1,9,1,P02
5,739,82,321,1,1,9,1,P02
5,740,573,279,4,1,9,1,P02
5,741,646,53,6,1,9,1,P02
5,742,303,148,5,1,9,1,P02
5,743,644,195,6,1,9,1,P02
5,744,737,39,6,1,9,1,P02
5,745,596,61,8,1,9,1,P02
5,746,358,130,6,1,9,1,P02
5,747,825,117,8,1,9,1,P02
5,748,462,96,8,1,9,1,P02
5,749,288,170,3,1,9,1,P02
5,750,611,93,6,1,9,1,P02
5,751,777,63,7,1,9,1,P02
5,752,371,174,6,1,9,1,P02
5,753,501,144,8,1,9,1,P02
5,754,356,100,13,1,9,1,P02
5,755,287,414,3,1,9,1,P02
5,756,407,89,7,1,9,1,P02
5,757,385,125,7,1,9,1,P02
5,758,623,190,10,1,9,1,P02
5,759,426,462,2,1,9,1,P02
5,760,433,86,6,1,9,1,P02
5,761,422,158,11,1,9,1,P02
5,762,432,48,7,1,9,1,P02
5,763,582,40,9,1,9,1,P02
5,764,193,368,4,2,9,1,P02
5,765,535,133,8,1,9,1,P02
5,766,389,84,6,1,9,1,P02
5,767,541,284,2,1,9,1,P02
5,768,532,407,10,2,9,1,P02
5,769,195,236,4,1,9,1,P02
5,770,362,140,3,1,9,1,P02
5,771,286,176,3,1,9,1,P02
5,772,742,31,10,1,9,1,P02
5,773,545,318,4,1,9,1,P02
5,774,819,107,8,1,9,1,P02
5,775,735,60,9,1,9,1,P02
5,776,383,197,10,1,9,1,P02
5,777,828,61,8,1,9,1,P02
5,778,220,359,4,1,9,1,P02
5,779,401,263,7,1,9,1,P02
5,780,511,185,5,1,9,1,P02
5,781,523,153,8,1,9,1,P02
5,782,697,248,1,1,9,1,P02
5,783,341,111,2,1,9,1,P02
5,784,726,200,11,1,9,1,P02
5,785,810,114,7,1,9,1,P02
5,786,279,127,9,1,9,1,P02
5,787,556,108,7,1,9,1,P02
5,788,918,32,8,1,9,1,P02
5,789,496,93,9,1,9,1,P02
5,790,610,54,14,1,9,1,P02
5,791,522,262,8,1,9,1,P02
5,792,865,61,14,1,9,1,P02
5,793,841,39,7,1,9,1,P02
5,794,720,231,9,1,9,1,P02
5,795,771,201,7,1,9,1,P02
5,796,469,337,3,1,9,1,P02
5,797,629,341,3,1,9,1,P02
5,798,511,55,13,1,9,1,P02
5,799,623,261,8,1,9,1,P02
5,800,849,114,11,1,9,1,P02
5,801,523,46,4,1,9,1,P02
5,802,304,195,5,1,9,1,P02
5,803,622,19,7,1,9,1,P02
5,804,438,57,12,1,9,1,P02
5,805,858,67,8,1,9,1,P02
5,806,377,482,6,1,9,1,P02
5,807,497,191,11,1,9,1,P02
5,808,162,525,3,1,9,1,P02
5,809,429,106,10,1,9,1,P02
5,810,393,28,6,1,9,1,P02
5,811,325,491,3,1,9,1,P02
5,812,606,207,4,1,9,1,P02
5,813,329,118,8,1,9,1,P02
5,814,221,188,5,1,9,1,P02
5,815,714,30,10,1,9,1,P02
5,816,318,161,7,1,9,1,P02
5,817,662,28,9,1,9,1,P02
5,818,495,13,9,1,9,1,P02
5,819,308,316,4,1,9,1,P02
5,820,304,253,5,2,9,1,P02
5,821,922,43,8,1,9,1,P02
5,822,260,153,6,1,9,1,P02
5,823,767,191,4,1,9,1,P02
5,824,653,227,12,1,9,1,P02
5,825,369,286,3,1,9,1,P02
5,826,719,148,9,1,9,1,P02
5,827,237,563,3,1,9,1,P02
5,828,341,418,5,1,9,1,P02
5,829,759,57,16,1,9,1,P02
5,830,314,308,3,1,9,1,P02
5,831,409,18,8,1,9,1,P02
5,832,365,596,3,1,9,1,P02
5,833,682,35,8,1,9,1,P02
5,834,476,377,2,2,9,1,P02
5,835,607,83,9,1,9,1,P02
5,836,337,136,5,1,9,1,P02
5,837,502,117,8,1,9,1,P02
5,838,292,155,4,1,9,1,P02
5,839,284,188,4,1,9,1,P02
5,840,477,293,3,1,9,1,P02
5,841,407,118,6,1,9,1,P02
5,842,459,77,7,1,9,1,P02
5,843,315,331,3,1,9,1,P02
5,844,651,35,9,1,9,1,P02
5,845,248,225,6,1,9,1,P02
5,846,927,11,3,1,9,1,P02
5,847,558,105,10,1,9,1,P02
5,848,540,457,4,2,9,1,P02
5,849,542,155,12,1,9,1,P02
5,850,674,165,8,1,9,1,P02
5,851,624,93,9,1,9,1,P02
5,852,431,177,4,1,9,1,P02
5,853,214,387,2,1,9,1,P02
5,854,438,282,4,1,9,1,P02
5,855,705,288,3,1,9,1,P02
5,856,548,195,8,1,9,1,P02
5,857,345,379,7,1,9,1,P02
5,858,336,161,8,1,9,1,P02
5,859,449,123,4,1,9,1,P02
5,860,872,44,9,1,9,1,P02
5,861,350,164,10,1,9,1,P02
5,862,442,47,15,1,9,1,P02
5,863,416,24,12,1,9,1,P02
5,864,655,144,11,1,9,1,P02
5,865,526,90,11,1,9,1,P02
5,866,970,11,11,1,9,1,P02
5,867,564,142,5,1,9,1,P02
5,868,695,75,9,1,9,1,P02
5,869,458,210,3,1,9,1,P02
5,870,331,321,1,1,9,1,P02
5,871,395,111,7,1,9,1,P02
5,872,471,292,13,2,9,1,P02
5,873,386,289,5,1,9,1,P02
5,874,380,120,8,1,9,1,P02
5,875,442,337,6,1,9,1,P02
5,876,382,165,5,1,9,1,P02
5,877,675,10,10,1,9,1,P02
5,878,365,572,1,1,9,1,P02
5,879,639,96,3,1,9,1,P02
5,880,513,61,12,1,9,1,P02
5,881,619,111,6,1,9,1,P02
5,882,701,176,6,1,9,1,P02
5,883,184,278,3,1,9,1,P02
5,884,549,48,6,1,9,1,P02
5,885,776,145,10,1,9,1,P02
5,886,597,103,9,1,9,1,P02
5,887,498,25,9,1,9,1,P02
5,888,513,49,15,1,9,1,P02
5,889,558,23,13,1,9,1,P02
5,890,690,94,8,1,9,1,P02
5,891,414,62,6,1,9,1,P02
5,892,549,71,9,1,9,1,P02
5,893,318,210,11,1,9,1,P02
5,894,518,293,8,1,9,1,P02
5,895,565,101,10,1,9,1,P02
5,896,724,91,7,1,9,1,P02
5,897,375,94,9,1,9,1,P02
5,898,545,34,12,1,9,1,P02
5,899,869,102,10,1,9,1,P02
5,900,678,201,4,1,9,1,P02
5,901,583,199,2,1,9,1,P02
5,902,495,182,5,1,9,1,P02
5,903,386,20,8,1,9,1,P02
5,904,305,136,5,1,9,1,P02
5,905,210,557,3,1,9,1,P02
5,906,452,95,5,2,9,1,P02
5,907,246,261,4,1,9,1,P02
5,908,656,236,10,1,9,1,P02
5,909,881,72,11,1,9,1,P02
5,910,366,132,8,1,9,1,P02
5,911,707,66,9,1,9,1,P02
5,912,398,24,9,1,9,1,P02
5,913,551,25,9,1,9,1,P02
5,914,111,439,4,1,9,1,P02
5,915,434,55,10,1,9,1,P02
5,916,828,117,9,1,9,1,P02
5,917,374,404,6,1,9,1,P02
5,918,525,219,5,1,9,1,P02
5,919,368,393,4,1,9,1,P02
5,920,375,69,3,1,9,1,P02
5,921,552,363,6,1,9,1,P02
5,922,509,51,9,1,9,1,P02
5,923,462,47,9,1,9,1,P02
5,924,933,48,6,1,9,1,P02
5,925,708,187,12,1,9,1,P02
5,926,437,11,11,1,9,1,P02
5,927,429,26,8,1,9,1,P02
5,928,524,48,7,1,9,1,P02
5,929,365,152,8,1,9,1,P02
5,930,620,243,7,1,9,1,P02
5,931,413,298,2,1,9,1,P02
5,932,232,316,4,1,9,1,P02
5,933,669,164,8,1,9,1,P02
5,934,721,220,6,1,9,1,P02
5,935,509,225,8,1,9,1,P02
5,936,826,75,8,1,9,1,P02
5,937,332,213,5,1,9,1,P02
5,938,327,129,6,1,9,1,P02
5,939,381,136,5,1,9,1,P02
5,940,493,88,6,1,9,1,P02
5,941,503,161,12,1,9,1,P02
5,942,371,144,3,1,9,1,P02
5,943,830,161,8,1,9,1,P02
5,944,535,56,13,1,9,1,P02
5,945,701,112,10,1,9,1,P02
5,946,525,78,9,1,9,1,P02
5,947,973,18,6,1,9,1,P02
5,948,458,125,6,1,9,1,P02
5,949,644,84,11,1,9,1,P02
5,950,638,260,10,1,9,1,P02
5,951,365,36,10,1,9,1,P02
5,952,432,29,14,1,9,1,P02
5,953,883,84,14,1,9,1,P02
5,954,710,67,10,1,9,1,P02
5,955,739,181,4,1,9,1,P02
5,956,433,97,6,1,9,1,P02
5,957,443,182,4,1,9,1,P02
5,958,254,308,3,1,9,1,P02
5,959,535,34,9,1,9,1,P02
5,960,622,27,5,1,9,1,P02
5,961,441,180,7,1,9,1,P02
5,962,418,10,7,1,9,1,P02
5,963,469,48,11,1,9,1,P02
5,964,371,459,1,1,9,1,P02
5,965,769,111,12,1,9,1,P02
5,966,939,46,11,1,9,1,P02
5,967,805,120,8,1,9,1,P02
5,968,433,180,5,1,9,1,P02
5,969,179,225,1,1,9,1,P02
5,970,526,229,4,1,9,1,P02
5,971,775,120,7,1,9,1,P02
5,972,952,40,13,1,9,1,P02
5,973,352,268,7,1,9,1,P02
5,974,484,497,7,1,9,1,P02
5,975,397,21,13,1,9,1,P02
5,976,338,265,6,1,9,1,P02
5,977,425,40,11,1,9,1,P02
5,978,734,249,6,2,9,1,P02
5,979,514,249,4,1,9,1,P02
5,980,482,255,4,1,9,1,P02
5,981,580,331,3,1,9,1,P02
5,982,654,196,9,1,9,1,P02
5,983,301,204,4,1,9,1,P02
5,984,372,114,11,1,9,1,P02
5,985,696,166,13,1,9,1,P02
5,986,478,24,5,1,9,1,P02
5,987,565,160,9,2,9,1,P02
5,988,183,472,2,1,9,1,P02
5,989,398,14,9,1,9,1,P02
5,990,722,37,14,1,9,1,P02
5,991,401,92,8,1,9,1,P02
5,992,589,22,13,1,9,1,P02
5,993,577,86,3,1,9,1,P02
5,994,861,93,8,1,9,1,P02
5,995,408,139,7,1,9,1,P02
5,996,176,248,7,1,9,1,P02
5,997,504,74,9,1,9,1,P02
5,998,502,310,9,1,9,1,P02
5,999,722,217,12,1,9,1,P02
5,1000,536,217,4,1,9,1,P02
