condition,session,b1,b2,r1,r2,schedule_r1,schedule_r2,PID
1,1,12,459,1,6,1,9,P03
1,2,13,700,1,8,1,9,P03
1,3,15,551,1,5,1,9,P03
1,4,10,595,1,9,1,9,P03
1,5,17,678,1,7,1,9,P03
1,6,10,733,1,10,1,9,P03
1,7,19,927,1,8,1,9,P03
1,8,10,630,1,6,1,9,P03
1,9,17,938,1,6,1,9,P03
1,10,10,748,1,8,1,9,P03
1,11,11,775,1,6,1,9,P03
1,12,14,438,1,11,1,9,P03
1,13,13,732,1,8,1,9,P03
1,14,12,650,1,13,1,9,P03
1,15,10,501,1,11,1,9,P03
1,16,16,843,1,14,1,9,P03
1,17,18,754,1,8,1,9,P03
1,18,13,514,1,6,1,9,P03
1,19,20,787,1,10,1,9,P03
1,20,10,579,1,4,1,9,P03
1,21,10,492,1,9,1,9,P03
1,22,11,515,1,10,1,9,P03
1,23,10,475,1,8,1,9,P03
1,24,15,607,1,17,1,9,P03
1,25,16,882,1,9,1,9,P03
1,26,12,781,1,10,1,9,P03
1,27,12,729,1,9,1,9,P03
1,28,10,414,1,14,1,9,P03
1,29,18,898,1,12,1,9,P03
1,30,12,838,1,11,1,9,P03
1,31,17,595,1,13,1,9,P03
1,32,12,395,1,11,1,9,P03
1,33,13,491,1,14,1,9,P03
1,34,18,932,1,8,1,9,P03
1,35,13,461,1,13,1,9,P03
1,36,11,499,1,6,1,9,P03
1,37,14,790,1,7,1,9,P03
1,38,11,738,1,10,1,9,P03
1,39,12,895,1,5,1,9,P03
1,40,13,472,1,9,1,9,P03
1,41,23,691,1,4,1,9,P03
1,42,16,733,1,12,1,9,P03
1,43,17,708,1,10,1,9,P03
1,44,21,639,1,14,1,9,P03
1,45,16,732,1,10,1,9,P03
1,46,11,411,1,11,1,9,P03
1,47,10,404,1,10,1,9,P03
1,48,10,440,1,11,1,9,P03
1,49,18,956,1,9,1,9,P03
1,50,10,550,1,5,1,9,P03
1,51,13,601,1,13,1,9,P03
1,52,13,441,1,6,1,9,P03
1,53,12,441,1,14,1,9,P03
1,54,10,674,1,10,1,9,P03
1,55,10,504,1,13,1,9,P03
1,56,16,761,1,9,1,9,P03
1,57,10,752,1,12,1,9,P03
1,58,19,847,1,9,1,9,P03
1,59,11,496,1,8,1,9,P03
1,60,14,724,1,11,1,9,P03
1,61,15,903,1,10,1,9,P03
1,62,11,519,1,10,1,9,P03
1,63,11,427,1,6,1,9,P03
1,64,10,450,1,10,1,9,P03
1,65,14,644,1,13,1,9,P03
1,66,17,739,1,10,1,9,P03
1,67,11,425,1,18,1,9,P03
1,68,12,418,1,6,1,9,P03
1,69,13,619,1,13,1,9,P03
1,70,13,403,1,9,1,9,P03
1,71,11,487,1,7,1,9,P03
1,72,10,692,1,7,1,9,P03
1,73,14,877,1,10,1,9,P03
1,74,19,907,1,6,1,9,P03
1,75,10,453,1,6,1,9,P03
1,76,13,696,1,4,1,9,P03
1,77,10,492,1,5,1,9,P03
1,78,14,744,1,12,1,9,P03
1,79,11,475,1,8,1,9,P03
1,80,13,738,1,6,1,9,P03
1,81,15,788,1,10,1,9,P03
1,82,15,570,1,11,1,9,P03
1,83,18,885,1,5,1,9,P03
1,84,15,808,1,8,1,9,P03
1,85,17,958,1,11,1,9,P03
1,86,13,406,1,6,1,9,P03
1,87,15,725,1,13,1,9,P03
1,88,14,672,1,12,1,9,P03
1,89,20,861,1,4,1,9,P03
1,90,12,463,1,9,1,9,P03
1,91,14,792,1,7,1,9,P03
1,92,22,941,1,11,1,9,P03
1,93,19,678,1,5,1,9,P03
1,94,15,661,1,12,1,9,P03
1,95,12,968,1,6,1,9,P03
1,96,11,465,1,9,1,9,P03
1,97,12,423,1,5,1,9,P03
1,98,14,813,1,12,1,9,P03
1,99,13,832,1,4,1,9,P03
1,100,22,725,1,10,1,9,P03
1,101,11,729,1,13,1,9,P03
1,102,10,605,1,5,1,9,P03
1,103,18,670,1,7,1,9,P03
1,104,14,464,1,10,1,9,P03
1,105,10,445,1,7,1,9,P03
1,106,12,511,1,10,1,9,P03
1,107,18,804,1,5,1,9,P03
1,108,13,781,1,7,1,9,P03
1,109,11,493,1,10,1,9,P03
1,110,10,856,1,6,1,9,P03
1,111,23,742,1,7,1,9,P03
1,112,15,604,1,5,1,9,P03
1,113,12,875,1,6,1,9,P03
1,114,14,509,1,8,1,9,P03
1,115,13,589,1,8,1,9,P03
1,116,18,802,1,8,1,9,P03
1,117,13,490,1,11,1,9,P03
1,118,12,824,1,12,1,9,P03
1,119,12,407,1,7,1,9,P03
1,120,26,676,1,10,1,9,P03
1,121,21,941,1,8,1,9,P03
1,122,10,702,1,3,1,9,P03
1,123,10,571,1,7,1,9,P03
1,124,11,458,1,11,1,9,P03
1,125,10,834,1,9,1,9,P03
1,126,21,955,1,8,1,9,P03
1,127,14,946,1,12,1,9,P03
1,128,10,433,1,13,1,9,P03
1,129,15,643,1,10,1,9,P03
1,130,10,518,1,5,1,9,P03
1,131,16,610,1,11,1,9,P03
1,132,15,574,1,10,1,9,P03
1,133,14,633,1,7,1,9,P03
1,134,13,846,1,4,1,9,P03
1,135,13,936,1,6,1,9,P03
1,136,15,810,1,9,1,9,P03
1,137,13,720,1,9,1,9,P03
1,138,22,953,1,8,1,9,P03
1,139,16,971,1,9,1,9,P03
1,140,19,959,1,8,1,9,P03
1,141,12,828,1,5,1,9,P03
1,142,13,576,1,6,1,9,P03
1,143,16,954,1,11,1,9,P03
1,144,15,487,1,4,1,9,P03
1,145,13,806,1,8,1,9,P03
1,146,12,597,1,13,1,9,P03
1,147,16,803,1,15,1,9,P03
1,148,12,583,1,5,1,9,P03
1,149,12,712,1,8,1,9,P03
1,150,14,815,1,7,1,9,P03
1,151,15,753,1,9,1,9,P03
1,152,18,797,1,10,1,9,P03
1,153,12,601,1,8,1,9,P03
1,154,12,527,1,7,1,9,P03
1,155,13,488,1,10,1,9,P03
1,156,10,536,1,6,1,9,P03
1,157,10,515,1,8,1,9,P03
1,158,10,454,1,7,1,9,P03
1,159,11,802,1,5,1,9,P03
1,160,19,755,1,8,1,9,P03
1,161,10,826,1,12,1,9,P03
1,162,10,419,1,7,1,9,P03
1,163,16,677,1,12,1,9,P03
1,164,25,942,1,6,1,9,P03
1,165,25,897,1,7,1,9,P03
1,166,14,740,1,9,1,9,P03
1,167,14,547,1,7,1,9,P03
1,168,16,696,1,8,1,9,P03
1,169,17,918,1,6,1,9,P03
1,170,14,560,1,6,1,9,P03
1,171,16,840,1,9,1,9,P03
1,172,23,892,1,8,1,9,P03
1,173,11,727,1,10,1,9,P03
1,174,20,975,1,7,1,9,P03
1,175,10,612,1,13,1,9,P03
1,176,11,407,1,17,1,9,P03
1,177,14,556,1,6,1,9,P03
1,178,11,826,1,11,1,9,P03
1,179,11,502,1,8,1,9,P03
1,180,12,643,1,13,1,9,P03
1,181,16,888,1,9,1,9,P03
1,182,13,857,1,8,1,9,P03
1,183,15,726,1,11,1,9,P03
1,184,19,908,1,9,1,9,P03
1,185,11,499,1,15,1,9,P03
1,186,13,968,1,11,1,9,P03
1,187,10,557,1,8,1,9,P03
1,188,10,411,1,4,1,9,P03
1,189,11,485,1,5,1,9,P03
1,190,21,830,1,9,1,9,P03
1,191,17,900,1,8,1,9,P03
1,192,19,966,1,7,1,9,P03
1,193,16,666,1,11,1,9,P03
1,194,13,411,1,11,1,9,P03
1,195,17,455,1,8,1,9,P03
1,196,13,455,1,10,1,9,P03
1,197,15,874,1,13,1,9,P03
1,198,11,480,1,11,1,9,P03
1,199,14,538,1,10,1,9,P03
1,200,12,648,1,9,1,9,P03
1,201,12,676,1,8,1,9,P03
1,202,16,510,1,12,1,9,P03
1,203,11,670,1,19,1,9,P03
1,204,11,801,1,7,1,9,P03
1,205,15,676,1,8,1,9,P03
1,206,10,429,1,5,1,9,P03
1,207,16,792,1,7,1,9,P03
1,208,20,962,1,10,1,9,P03
1,209,10,429,1,13,1,9,P03
1,210,14,763,1,11,1,9,P03
1,211,16,900,1,16,1,9,P03
1,212,11,753,1,7,1,9,P03
1,213,15,619,1,9,1,9,P03
1,214,21,569,1,10,1,9,P03
1,215,17,840,1,7,1,9,P03
1,216,10,501,1,13,1,9,P03
1,217,20,818,1,9,1,9,P03
1,218,17,646,1,10,1,9,P03
1,219,15,869,1,3,1,9,P03
1,220,10,482,1,6,1,9,P03
1,221,10,485,1,10,1,9,P03
1,222,26,898,1,11,1,9,P03
1,223,14,775,1,9,1,9,P03
1,224,11,625,1,13,1,9,P03
1,225,17,869,1,7,1,9,P03
1,226,16,711,1,9,1,9,P03
1,227,11,726,1,6,1,9,P03
1,228,12,754,1,6,1,9,P03
1,229,12,429,1,5,1,9,P03
1,230,14,534,1,12,1,9,P03
1,231,21,872,1,9,1,9,P03
1,232,11,755,1,13,1,9,P03
1,233,11,739,1,10,1,9,P03
1,234,17,525,1,7,1,9,P03
1,235,14,937,1,6,1,9,P03
1,236,11,585,1,5,1,9,P03
1,237,19,837,1,4,1,9,P03
1,238,11,773,1,9,1,9,P03
1,239,12,753,1,5,1,9,P03
1,240,13,603,1,10,1,9,P03
1,241,10,821,1,11,1,9,P03
1,242,15,772,1,16,1,9,P03
1,243,23,829,1,8,1,9,P03
1,244,13,833,1,12,1,9,P03
1,245,14,915,1,7,1,9,P03
1,246,20,874,1,3,1,9,P03
1,247,21,837,1,6,1,9,P03
1,248,24,905,1,7,1,9,P03
1,249,12,459,1,9,1,9,P03
1,250,11,464,1,11,1,9,P03
1,251,10,434,1,9,1,9,P03
1,252,15,772,1,3,1,9,P03
1,253,12,534,1,10,1,9,P03
1,254,12,516,1,5,1,9,P03
1,255,12,768,1,8,1,9,P03
1,256,10,551,1,9,1,9,P03
1,257,17,667,1,5,1,9,P03
1,258,12,701,1,10,1,9,P03
1,259,12,491,1,9,1,9,P03
1,260,10,432,1,8,1,9,P03
1,261,15,950,1,12,1,9,P03
1,262,15,748,1,8,1,9,P03
1,263,18,581,1,5,1,9,P03
1,264,12,826,1,11,1,9,P03
1,265,12,808,1,11,1,9,P03
1,266,14,698,1,8,1,9,P03
1,267,18,940,1,7,1,9,P03
1,268,11,769,1,6,1,9,P03
1,269,10,680,1,11,1,9,P03
1,270,19,869,1,11,1,9,P03
1,271,19,922,1,7,1,9,P03
1,272,11,875,1,9,1,9,P03
1,273,15,767,1,9,1,9,P03
1,274,17,936,1,6,1,9,P03
1,275,21,967,1,4,1,9,P03
1,276,12,403,1,4,1,9,P03
1,277,21,644,1,4,1,9,P03
1,278,14,805,1,5,1,9,P03
1,279,11,499,1,6,1,9,P03
1,280,10,658,1,10,1,9,P03
1,281,15,812,1,7,1,9,P03
1,282,18,634,1,9,1,9,P03
1,283,13,875,1,10,1,9,P03
1,284,16,818,1,11,1,9,P03
1,285,10,686,1,6,1,9,P03
1,286,10,630,1,10,1,9,P03
1,287,12,826,1,9,1,9,P03
1,288,12,716,1,11,1,9,P03
1,289,11,455,1,10,1,9,P03
1,290,14,536,1,6,1,9,P03
1,291,13,980,1,9,1,9,P03
1,292,25,841,1,5,1,9,P03
1,293,10,396,1,9,1,9,P03
1,294,10,555,1,13,1,9,P03
1,295,20,932,1,14,1,9,P03
1,296,21,880,1,10,1,9,P03
1,297,12,466,1,8,1,9,P03
1,298,17,673,1,8,1,9,P03
1,299,13,651,1,10,1,9,P03
1,300,16,927,1,8,1,9,P03
1,301,21,804,1,5,1,9,P03
1,302,16,965,1,5,1,9,P03
1,303,12,515,1,7,1,9,P03
1,304,11,674,1,14,1,9,P03
1,305,15,876,1,5,1,9,P03
1,306,11,715,1,12,1,9,P03
1,307,17,661,1,14,1,9,P03
1,308,17,928,1,21,1,9,P03
1,309,10,519,1,7,1,9,P03
1,310,11,740,1,11,1,9,P03
1,311,12,401,1,9,1,9,P03
1,312,15,817,1,16,1,9,P03
1,313,15,584,1,11,1,9,P03
1,314,17,668,1,6,1,9,P03
1,315,12,641,1,11,1,9,P03
1,316,11,761,1,9,1,9,P03
1,317,20,908,1,11,1,9,P03
1,318,17,779,1,8,1,9,P03
1,319,19,902,1,10,1,9,P03
1,320,16,805,1,5,1,9,P03
1,321,10,459,1,6,1,9,P03
1,322,16,563,1,10,1,9,P03
1,323,12,475,1,11,1,9,P03
1,324,12,933,1,9,1,9,P03
1,325,15,666,1,7,1,9,P03
1,326,14,563,1,11,1,9,P03
1,327,18,525,1,5,1,9,P03
1,328,15,908,1,8,1,9,P03
1,329,14,585,1,7,1,9,P03
1,330,10,604,1,11,1,9,P03
1,331,11,555,1,7,1,9,P03
1,332,15,583,1,14,1,9,P03
1,333,19,968,1,10,1,9,P03
1,334,14,591,1,9,1,9,P03
1,335,10,419,1,13,1,9,P03
1,336,19,437,1,6,1,9,P03
1,337,11,586,1,4,1,9,P03
1,338,12,702,1,12,1,9,P03
1,339,10,403,1,7,1,9,P03
1,340,14,907,1,12,1,9,P03
1,341,14,585,1,10,1,9,P03
1,342,13,849,1,10,1,9,P03
1,343,18,884,1,11,1,9,P03
1,344,15,903,1,5,1,9,P03
1,345,19,896,1,8,1,9,P03
1,346,13,806,1,7,1,9,P03
1,347,11,472,1,7,1,9,P03
1,348,16,906,1,7,1,9,P03
1,349,19,776,1,12,1,9,P03
1,350,13,760,1,6,1,9,P03
1,351,13,761,1,12,1,9,P03
1,352,16,959,1,11,1,9,P03
1,353,14,676,1,6,1,9,P03
1,354,14,573,1,12,1,9,P03
1,355,15,643,1,10,1,9,P03
1,356,14,918,1,11,1,9,P03
1,357,10,482,1,7,1,9,P03
1,358,18,770,1,8,1,9,P03
1,359,16,961,1,6,1,9,P03
1,360,11,493,1,9,1,9,P03
1,361,16,963,1,9,1,9,P03
1,362,10,391,1,8,1,9,P03
1,363,14,710,1,10,1,9,P03
1,364,12,723,1,4,1,9,P03
1,365,10,903,1,13,1,9,P03
1,366,24,949,1,6,1,9,P03
1,367,12,449,1,4,1,9,P03
1,368,17,902,1,7,1,9,P03
1,369,11,450,1,2,1,9,P03
1,370,19,956,1,9,1,9,P03
1,371,10,415,1,7,1,9,P03
1,372,13,641,1,9,1,9,P03
1,373,11,555,1,8,1,9,P03
1,374,19,914,1,8,1,9,P03
1,375,11,494,1,10,1,9,P03
1,376,11,492,1,10,1,9,P03
1,377,19,832,1,9,1,9,P03
1,378,16,734,1,5,1,9,P03
1,379,17,819,1,14,1,9,P03
1,380,14,543,1,10,1,9,P03
1,381,21,767,1,11,1,9,P03
1,382,12,678,1,11,1,9,P03
1,383,11,644,1,8,1,9,P03
1,384,17,712,1,8,1,9,P03
1,385,14,543,1,12,1,9,P03
1,386,19,724,1,5,1,9,P03
1,387,11,616,1,13,1,9,P03
1,388,13,659,1,5,1,9,P03
1,389,16,469,1,8,1,9,P03
1,390,13,470,1,11,1,9,P03
1,391,15,796,1,8,1,9,P03
1,392,14,756,1,6,1,9,P03
1,393,14,792,1,4,1,9,P03
1,394,10,651,1,3,1,9,P03
1,395,10,945,1,4,1,9,P03
1,396,10,431,1,7,1,9,P03
1,397,19,870,1,14,1,9,P03
1,398,10,430,1,9,1,9,P03
1,399,15,609,1,10,1,9,P03
1,400,12,685,1,11,1,9,P03
1,401,11,607,1,8,1,9,P03
1,402,10,510,1,9,1,9,P03
1,403,12,640,1,7,1,9,P03
1,404,10,396,1,9,1,9,P03
1,405,19,925,1,11,1,9,P03
1,406,15,431,1,10,1,9,P03
1,407,10,721,1,10,1,9,P03
1,408,14,777,1,10,1,9,P03
1,409,17,421,1,5,1,9,P03
1,410,19,938,1,15,1,9,P03
1,411,15,741,1,10,1,9,P03
1,412,13,524,1,10,1,9,P03
1,413,11,829,1,8,1,9,P03
1,414,11,463,1,10,1,9,P03
1,415,16,746,1,9,1,9,P03
1,416,11,527,1,7,1,9,P03
1,417,12,505,1,12,1,9,P03
1,418,12,798,1,11,1,9,P03
1,419,13,749,1,7,1,9,P03
1,420,10,468,1,11,1,9,P03
1,421,15,568,1,12,1,9,P03
1,422,16,755,1,8,1,9,P03
1,423,15,780,1,5,1,9,P03
1,424,13,594,1,7,1,9,P03
1,425,10,527,1,15,1,9,P03
1,426,10,557,1,8,1,9,P03
1,427,17,914,1,16,1,9,P03
1,428,18,934,1,8,1,9,P03
1,429,10,403,1,6,1,9,P03
1,430,11,453,1,8,1,9,P03
1,431,14,702,1,6,1,9,P03
1,432,19,940,1,13,1,9,P03
1,433,10,714,1,7,1,9,P03
1,434,15,938,1,12,1,9,P03
1,435,11,411,1,11,1,9,P03
1,436,10,517,1,11,1,9,P03
1,437,11,392,1,6,1,9,P03
1,438,19,896,1,8,1,9,P03
1,439,10,531,1,6,1,9,P03
1,440,16,979,1,13,1,9,P03
1,441,10,635,1,8,1,9,P03
1,442,11,660,1,12,1,9,P03
1,443,18,864,1,6,1,9,P03
1,444,12,396,1,10,1,9,P03
1,445,19,744,1,8,1,9,P03
1,446,11,740,1,13,1,9,P03
1,447,17,665,1,3,1,9,P03
1,448,18,702,1,5,1,9,P03
1,449,19,567,1,9,1,9,P03
1,450,11,442,1,11,1,9,P03
1,451,12,605,1,12,1,9,P03
1,452,11,739,1,12,1,9,P03
1,453,13,596,1,9,1,9,P03
1,454,10,669,1,11,1,9,P03
1,455,12,576,1,9,1,9,P03
1,456,16,582,1,8,1,9,P03
1,457,11,401,1,5,1,9,P03
1,458,10,399,1,9,1,9,P03
1,459,13,781,1,5,1,9,P03
1,460,13,591,1,5,1,9,P03
1,461,17,779,1,7,1,9,P03
1,462,10,445,1,5,1,9,P03
1,463,11,533,1,9,1,9,P03
1,464,13,466,1,7,1,9,P03
1,465,17,563,1,9,1,9,P03
1,466,16,789,1,5,1,9,P03
1,467,13,956,1,9,1,9,P03
1,468,14,812,1,11,1,9,P03
1,469,18,875,1,5,1,9,P03
1,470,15,950,1,11,1,9,P03
1,471,16,889,1,8,1,9,P03
1,472,21,870,1,3,1,9,P03
1,473,12,563,1,11,1,9,P03
1,474,16,717,1,9,1,9,P03
1,475,23,848,1,10,1,9,P03
1,476,15,877,1,8,1,9,P03
1,477,22,943,1,12,1,9,P03
1,478,20,851,1,10,1,9,P03
1,479,21,851,1,12,1,9,P03
1,480,10,562,1,7,1,9,P03
1,481,19,925,1,7,1,9,P03
1,482,12,660,1,11,1,9,P03
1,483,12,482,1,8,1,9,P03
1,484,16,527,1,7,1,9,P03
1,485,10,406,1,8,1,9,P03
1,486,15,701,1,9,1,9,P03
1,487,13,640,1,15,1,9,P03
1,488,11,519,1,9,1,9,P03
1,489,15,865,1,6,1,9,P03
1,490,12,396,1,8,1,9,P03
1,491,15,819,1,1,1,9,P03
1,492,14,854,1,8,1,9,P03
1,493,11,643,1,11,1,9,P03
1,494,10,888,1,6,1,9,P03
1,495,13,524,1,8,1,9,P03
1,496,10,697,1,11,1,9,P03
1,497,10,614,1,12,1,9,P03
1,498,12,819,1,10,1,9,P03
1,499,18,688,1,10,1,9,P03
1,500,18,973,1,11,1,9,P03
1,501,10,555,1,11,1,9,P03
1,502,16,667,1,8,1,9,P03
1,503,10,584,1,8,1,9,P03
1,504,13,467,1,10,1,9,P03
1,505,11,493,1,14,1,9,P03
1,506,14,808,1,3,1,9,P03
1,507,16,682,1,7,1,9,P03
1,508,13,780,1,12,1,9,P03
1,509,12,541,1,9,1,9,P03
1,510,10,410,1,10,1,9,P03
1,511,10,390,1,5,1,9,P03
1,512,12,532,1,15,1,9,P03
1,513,16,645,1,12,1,9,P03
1,514,13,813,1,10,1,9,P03
1,515,17,736,1,8,1,9,P03
1,516,12,694,1,8,1,9,P03
1,517,16,965,1,7,1,9,P03
1,518,19,823,1,7,1,9,P03
1,519,16,466,1,4,1,9,P03
1,520,10,599,1,8,1,9,P03
1,521,12,604,1,9,1,9,P03
1,522,10,660,1,8,1,9,P03
1,523,19,826,1,7,1,9,P03
1,524,23,788,1,10,1,9,P03
1,525,11,621,1,8,1,9,P03
1,526,11,407,1,5,1,9,P03
1,527,11,954,1,6,1,9,P03
1,528,12,730,1,8,1,9,P03
1,529,12,481,1,6,1,9,P03
1,530,17,723,1,10,1,9,P03
1,531,16,618,1,11,1,9,P03
1,532,16,691,1,8,1,9,P03
1,533,11,465,1,15,1,9,P03
1,534,15,933,1,7,1,9,P03
1,535,16,409,1,7,1,9,P03
1,536,12,594,1,9,1,9,P03
1,537,21,855,1,7,1,9,P03
1,538,13,404,1,8,1,9,P03
1,539,11,770,1,9,1,9,P03
1,540,23,948,1,12,1,9,P03
1,541,17,898,1,7,1,9,P03
1,542,16,979,1,12,1,9,P03
1,543,16,854,1,13,1,9,P03
1,544,12,686,1,5,1,9,P03
1,545,10,404,1,13,1,9,P03
1,546,10,494,1,14,1,9,P03
1,547,13,803,1,14,1,9,P03
1,548,16,778,1,9,1,9,P03
1,549,12,433,2,8,1,9,P03
1,550,10,545,1,11,1,9,P03
1,551,19,862,1,13,1,9,P03
1,552,10,402,1,7,1,9,P03
1,553,10,504,1,12,1,9,P03
1,554,10,737,1,5,1,9,P03
1,555,16,907,1,7,1,9,P03
1,556,14,404,1,6,1,9,P03
1,557,17,944,1,7,1,9,P03
1,558,12,676,1,10,1,9,P03
1,559,16,818,1,8,1,9,P03
1,560,13,511,1,7,1,9,P03
1,561,11,780,1,10,1,9,P03
1,562,13,719,1,12,1,9,P03
1,563,10,709,1,5,1,9,P03
1,564,11,409,1,15,1,9,P03
1,565,11,483,1,6,1,9,P03
1,566,11,491,1,13,1,9,P03
1,567,12,667,1,6,1,9,P03
1,568,12,588,1,10,1,9,P03
1,569,14,777,1,9,1,9,P03
1,570,19,889,1,6,1,9,P03
1,571,17,964,1,6,1,9,P03
1,572,17,836,1,10,1,9,P03
1,573,14,702,1,8,1,9,P03
1,574,15,853,1,9,1,9,P03
1,575,18,973,1,6,1,9,P03
1,576,16,673,1,8,1,9,P03
1,577,14,779,1,9,1,9,P03
1,578,21,779,1,8,1,9,P03
1,579,12,640,1,14,1,9,P03
1,580,10,416,1,11,1,9,P03
1,581,11,649,1,8,1,9,P03
1,582,20,919,1,5,1,9,P03
1,583,14,419,1,12,1,9,P03
1,584,18,779,1,8,1,9,P03
1,585,19,671,1,9,1,9,P03
1,586,11,750,1,6,1,9,P03
1,587,10,424,1,12,1,9,P03
1,588,17,905,1,9,1,9,P03
1,589,12,435,1,14,1,9,P03
1,590,13,535,1,7,1,9,P03
1,591,13,621,1,12,1,9,P03
1,592,16,800,1,10,1,9,P03
1,593,12,438,1,10,1,9,P03
1,594,16,817,1,7,1,9,P03
1,595,14,434,1,8,1,9,P03
1,596,11,602,1,6,1,9,P03
1,597,12,617,1,7,1,9,P03
1,598,15,866,1,12,1,9,P03
1,599,12,769,1,9,1,9,P03
1,600,11,419,1,11,1,9,P03
1,601,13,616,1,6,1,9,P03
1,602,16,821,1,5,1,9,P03
1,603,15,817,1,10,1,9,P03
1,604,11,436,1,8,1,9,P03
1,605,18,968,1,6,1,9,P03
1,606,12,776,1,13,1,9,P03
1,607,20,789,1,4,1,9,P03
1,608,17,884,1,6,1,9,P03
1,609,18,933,1,6,1,9,P03
1,610,12,396,1,11,1,9,P03
1,611,13,985,1,10,1,9,P03
1,612,10,610,1,10,1,9,P03
1,613,18,835,1,8,1,9,P03
1,614,17,658,1,4,1,9,P03
1,615,13,796,1,9,1,9,P03
1,616,10,399,1,9,1,9,P03
1,617,10,392,1,17,1,9,P03
1,618,16,939,1,4,1,9,P03
1,619,11,719,1,12,1,9,P03
1,620,10,817,1,4,1,9,P03
1,621,17,939,1,10,1,9,P03
1,622,19,521,1,12,1,9,P03
1,623,14,820,1,7,1,9,P03
1,624,12,890,1,9,1,9,P03
1,625,15,431,1,11,1,9,P03
1,626,15,680,1,12,1,9,P03
1,627,15,447,1,16,1,9,P03
1,628,12,851,1,6,1,9,P03
1,629,15,825,1,7,1,9,P03
1,630,20,842,1,6,1,9,P03
1,631,10,423,1,6,1,9,P03
1,632,12,549,1,9,1,9,P03
1,633,11,430,1,12,1,9,P03
1,634,22,937,1,11,1,9,P03
1,635,11,794,1,10,1,9,P03
1,636,14,713,1,8,1,9,P03
1,637,10,778,1,13,1,9,P03
1,638,15,609,1,6,1,9,P03
1,639,11,676,1,12,1,9,P03
1,640,17,961,1,9,1,9,P03
1,641,13,811,1,10,1,9,P03
1,642,15,504,1,7,1,9,P03
1,643,21,938,1,7,1,9,P03
1,644,17,819,1,9,1,9,P03
1,645,10,535,1,12,1,9,P03
1,646,12,626,1,9,1,9,P03
1,647,10,497,1,7,1,9,P03
1,648,13,814,1,12,1,9,P03
1,649,12,743,1,11,1,9,P03
1,650,16,858,1,8,1,9,P03
1,651,18,980,1,10,1,9,P03
1,652,14,702,1,10,1,9,P03
1,653,13,435,1,7,1,9,P03
1,654,11,402,1,11,1,9,P03
1,655,15,806,1,7,1,9,P03
1,656,17,388,1,10,1,9,P03
1,657,13,878,1,7,1,9,P03
1,658,11,411,1,6,1,9,P03
1,659,17,932,1,14,1,9,P03
1,660,13,445,1,13,1,9,P03
1,661,10,462,1,7,1,9,P03
1,662,29,877,1,8,1,9,P03
1,663,10,663,1,7,1,9,P03
1,664,18,950,1,10,1,9,P03
1,665,11,415,1,9,1,9,P03
1,666,11,832,1,10,1,9,P03
1,667,13,758,1,6,1,9,P03
1,668,13,737,1,16,1,9,P03
1,669,11,938,1,7,1,9,P03
1,670,17,952,1,12,1,9,P03
1,671,23,924,1,4,1,9,P03
1,672,11,894,1,12,1,9,P03
1,673,10,533,1,11,1,9,P03
1,674,14,763,1,3,1,9,P03
1,675,13,971,1,6,1,9,P03
1,676,13,445,1,6,1,9,P03
1,677,11,800,1,3,1,9,P03
1,678,10,458,1,8,1,9,P03
1,679,20,572,1,8,1,9,P03
1,680,13,827,1,8,1,9,P03
1,681,11,590,1,7,1,9,P03
1,682,13,578,1,9,1,9,P03
1,683,16,809,1,13,1,9,P03
1,684,13,704,1,8,1,9,P03
1,685,14,824,1,7,1,9,P03
1,686,15,836,1,7,1,9,P03
1,687,11,824,1,10,1,9,P03
1,688,12,500,1,8,1,9,P03
1,689,11,446,2,9,1,9,P03
1,690,11,951,1,8,1,9,P03
1,691,10,468,1,6,1,9,P03
1,692,16,664,1,7,1,9,P03
1,693,10,486,1,8,1,9,P03
1,694,17,939,1,8,1,9,P03
1,695,18,712,1,11,1,9,P03
1,696,10,719,1,5,1,9,P03
1,697,17,708,1,8,1,9,P03
1,698,11,653,1,14,1,9,P03
1,699,12,634,1,5,1,9,P03
1,700,10,442,1,6,1,9,P03
1,701,12,557,1,7,1,9,P03
1,702,14,737,1,10,1,9,P03
1,703,17,659,1,5,1,9,P03
1,704,10,596,1,11,1,9,P03
1,705,12,506,1,7,1,9,P03
1,706,11,401,1,9,1,9,P03
1,707,19,639,1,7,1,9,P03
1,708,10,517,1,6,1,9,P03
1,709,18,776,1,6,1,9,P03
1,710,12,499,1,10,1,9,P03
1,711,17,468,1,6,1,9,P03
1,712,12,752,1,11,1,9,P03
1,713,12,836,1,9,1,9,P03
1,714,10,427,1,9,1,9,P03
1,715,11,699,1,10,1,9,P03
1,716,16,625,1,10,1,9,P03
1,717,10,454,1,9,1,9,P03
1,718,12,422,1,6,1,9,P03
1,719,11,705,1,13,1,9,P03
1,720,19,971,1,9,1,9,P03
1,721,12,504,1,7,1,9,P03
1,722,17,866,1,12,1,9,P03
1,723,16,637,1,9,1,9,P03
1,724,17,717,1,10,1,9,P03
1,725,18,700,1,9,1,9,P03
1,726,12,821,1,5,1,9,P03
1,727,15,928,1,5,1,9,P03
1,728,14,638,1,8,1,9,P03
1,729,11,696,1,13,1,9,P03
1,730,13,689,1,7,1,9,P03
1,731,15,669,1,4,1,9,P03
1,732,12,833,1,13,1,9,P03
1,733,14,593,1,10,1,9,P03
1,734,11,762,1,9,1,9,P03
1,735,16,909,1,7,1,9,P03
1,736,12,752,1,9,1,9,P03
1,737,17,579,1,11,1,9,P03
1,738,11,925,1,10,1,9,P03
1,739,24,932,1,9,1,9,P03
1,740,10,627,1,10,1,9,P03
1,741,13,438,1,7,1,9,P03
1,742,12,427,1,9,1,9,P03
1,743,13,669,1,11,1,9,P03
1,744,15,761,1,9,1,9,P03
1,745,21,847,1,10,1,9,P03
1,746,11,438,1,8,1,9,P03
1,747,10,560,1,2,1,9,P03
1,748,10,687,1,14,1,9,P03
1,749,10,403,1,12,1,9,P03
1,750,22,749,1,10,1,9,P03
1,751,10,627,1,8,1,9,P03
1,752,15,719,1,15,1,9,P03
1,753,13,665,1,6,1,9,P03
1,754,11,516,1,3,1,9,P03
1,755,10,729,1,6,1,9,P03
1,756,21,830,1,10,1,9,P03
1,757,14,689,1,6,1,9,P03
1,758,10,611,1,1,1,9,P03
1,759,10,606,1,7,1,9,P03
1,760,13,867,1,5,1,9,P03
1,761,11,740,1,10,1,9,P03
1,762,19,917,1,6,1,9,P03
1,763,16,956,1,6,1,9,P03
1,764,21,738,1,6,1,9,P03
1,765,17,553,1,11,1,9,P03
1,766,19,906,1,11,1,9,P03
1,767,13,941,1,10,1,9,P03
1,768,14,838,1,7,1,9,P03
1,769,12,655,1,8,1,9,P03
1,770,11,537,1,9,1,9,P03
1,771,19,672,1,15,1,9,P03
1,772,11,487,1,8,1,9,P03
1,773,12,792,1,2,1,9,P03
1,774,21,960,1,5,1,9,P03
1,775,11,519,1,3,1,9,P03
1,776,10,427,1,13,1,9,P03
1,777,13,467,1,11,1,9,P03
1,778,13,731,1,8,1,9,P03
1,779,15,708,1,6,1,9,P03
1,780,11,906,1,5,1,9,P03
1,781,15,900,1,7,1,9,P03
1,782,18,837,1,10,1,9,P03
1,783,10,547,1,11,1,9,P03
1,784,10,473,1,10,1,9,P03
1,785,11,407,1,10,1,9,P03
1,786,14,546,1,3,1,9,P03
1,787,10,391,1,7,1,9,P03
1,788,16,876,1,11,1,9,P03
1,789,13,515,1,9,1,9,P03
1,790,11,705,1,7,1,9,P03
1,791,10,452,1,13,1,9,P03
1,792,10,631,1,7,1,9,P03
1,793,16,805,1,9,1,9,P03
1,794,10,671,1,9,1,9,P03
1,795,11,518,1,7,1,9,P03
1,796,21,654,1,9,1,9,P03
1,797,18,562,1,12,1,9,P03
1,798,18,834,1,7,1,9,P03
1,799,14,667,1,13,1,9,P03
1,800,17,780,1,6,1,9,P03
1,801,12,891,1,14,1,9,P03
1,802,20,898,1,13,1,9,P03
1,803,13,632,1,8,1,9,P03
1,804,10,619,1,8,1,9,P03
1,805,20,827,1,5,1,9,P03
1,806,10,697,1,10,1,9,P03
1,807,16,930,1,11,1,9,P03
1,808,18,902,1,9,1,9,P03
1,809,14,961,1,7,1,9,P03
1,810,12,940,1,5,1,9,P03
1,811,13,491,1,8,1,9,P03
1,812,11,605,1,10,1,9,P03
1,813,13,659,1,10,1,9,P03
1,814,15,641,1,14,1,9,P03
1,815,10,640,1,5,1,9,P03
1,816,20,640,1,8,1,9,P03
1,817,12,815,1,10,1,9,P03
1,818,15,456,1,7,1,9,P03
1,819,26,946,1,10,1,9,P03
1,820,13,685,1,8,1,9,P03
1,821,14,703,1,8,1,9,P03
1,822,16,726,1,13,1,9,P03
1,823,19,882,1,4,1,9,P03
1,824,12,476,1,6,1,9,P03
1,825,12,489,1,5,1,9,P03
1,826,14,636,1,7,1,9,P03
1,827,11,565,1,6,1,9,P03
1,828,16,598,1,4,1,9,P03
1,829,13,485,1,8,1,9,P03
1,830,21,656,1,11,1,9,P03
1,831,14,661,1,4,1,9,P03
1,832,11,644,1,12,1,9,P03
1,833,12,413,1,8,1,9,P03
1,834,10,622,1,15,1,9,P03
1,835,10,514,1,8,1,9,P03
1,836,12,755,1,10,1,9,P03
1,837,16,960,1,6,1,9,P03
1,838,12,946,1,11,1,9,P03
1,839,21,860,1,4,1,9,P03
1,840,13,780,1,10,1,9,P03
1,841,23,885,1,6,1,9,P03
1,842,14,622,1,13,1,9,P03
1,843,11,606,1,8,1,9,P03
1,844,16,784,1,4,1,9,P03
1,845,10,523,1,7,1,9,P03
1,846,20,957,1,8,1,9,P03
1,847,12,759,1,10,1,9,P03
1,848,12,774,1,11,1,9,P03
1,849,12,762,1,13,1,9,P03
1,850,11,512,1,8,1,9,P03
1,851,18,858,1,8,1,9,P03
1,852,10,743,1,6,1,9,P03
1,853,19,920,1,8,1,9,P03
1,854,14,649,1,13,1,9,P03
1,855,20,872,1,16,1,9,P03
1,856,11,650,1,10,1,9,P03
1,857,15,853,1,13,1,9,P03
1,858,10,417,1,6,1,9,P03
1,859,17,399,1,7,1,9,P03
1,860,20,969,1,9,1,9,P03
1,861,12,515,1,9,1,9,P03
1,862,12,688,1,11,1,9,P03
1,863,13,428,1,6,1,9,P03
1,864,13,643,1,9,1,9,P03
1,865,16,851,1,12,1,9,P03
1,866,14,515,1,5,1,9,P03
1,867,10,507,1,7,1,9,P03
1,868,11,675,1,12,1,9,P03
1,869,12,427,1,11,1,9,P03
1,870,10,449,1,5,1,9,P03
1,871,17,661,1,9,1,9,P03
1,872,12,559,1,7,1,9,P03
1,873,12,498,1,11,1,9,P03
1,874,11,684,1,8,1,9,P03
1,875,12,957,1,8,1,9,P03
1,876,10,552,1,11,1,9,P03
1,877,20,878,1,8,1,9,P03
1,878,18,899,1,7,1,9,P03
1,879,11,823,1,9,1,9,P03
1,880,25,842,1,7,1,9,P03
1,881,11,722,1,9,1,9,P03
1,882,13,800,1,7,1,9,P03
1,883,13,432,1,7,1,9,P03
1,884,16,807,1,7,1,9,P03
1,885,15,605,1,10,1,9,P03
1,886,13,397,1,6,1,9,P03
1,887,16,752,1,7,1,9,P03
1,888,13,602,1,9,1,9,P03
1,889,11,441,1,10,1,9,P03
1,890,14,898,1,13,1,9,P03
1,891,16,659,1,14,1,9,P03
1,892,11,483,1,5,1,9,P03
1,893,18,882,1,10,1,9,P03
1,894,25,857,1,11,1,9,P03
1,895,13,816,1,8,1,9,P03
1,896,23,882,1,5,1,9,P03
1,897,10,422,1,10,1,9,P03
1,898,14,740,1,9,1,9,P03
1,899,16,941,1,12,1,9,P03
1,900,12,415,1,5,1,9,P03
1,901,14,408,1,8,1,9,P03
1,902,11,980,1,11,1,9,P03
1,903,11,461,1,3,1,9,P03
1,904,13,467,1,8,1,9,P03
1,905,21,563,1,9,1,9,P03
1,906,12,669,1,7,1,9,P03
1,907,11,754,1,6,1,9,P03
1,908,11,792,1,8,1,9,P03
1,909,12,626,1,9,1,9,P03
1,910,14,916,1,10,1,9,P03
1,911,12,730,1,10,1,9,P03
1,912,18,881,1,8,1,9,P03
1,913,21,959,1,8,1,9,P03
1,914,17,867,1,6,1,9,P03
1,915,14,511,1,12,1,9,P03
1,916,15,688,1,11,1,9,P03
1,917,18,951,1,9,1,9,P03
1,918,24,868,1,8,1,9,P03
1,919,14,692,1,3,1,9,P03
1,920,11,440,1,5,1,9,P03
1,921,11,626,1,12,1,9,P03
1,922,15,727,1,5,1,9,P03
1,923,12,629,1,11,1,9,P03
1,924,14,864,1,10,1,9,P03
1,925,12,621,1,8,1,9,P03
1,926,11,425,1,9,1,9,P03
1,927,10,794,1,9,1,9,P03
1,928,17,705,1,6,1,9,P03
1,929,20,720,1,9,1,9,P03
1,930,14,640,1,11,1,9,P03
1,931,13,620,1,10,1,9,P03
1,932,11,538,1,10,1,9,P03
1,933,13,544,1,7,1,9,P03
1,934,12,655,1,12,1,9,P03
1,935,17,979,1,14,1,9,P03
1,936,15,812,1,10,1,9,P03
1,937,15,706,1,4,1,9,P03
1,938,19,765,1,5,1,9,P03
1,939,18,708,1,8,1,9,P03
1,940,12,452,1,8,1,9,P03
1,941,19,625,1,7,1,9,P03
1,942,10,527,1,10,1,9,P03
1,943,19,658,1,11,1,9,P03
1,944,19,816,1,13,1,9,P03
1,945,10,661,1,11,1,9,P03
1,946,14,489,1,14,1,9,P03
1,947,13,800,1,10,1,9,P03
1,948,10,437,1,8,1,9,P03
1,949,12,442,1,8,1,9,P03
1,950,15,718,1,5,1,9,P03
1,951,10,390,1,8,1,9,P03
1,952,15,974,1,9,1,9,P03
1,953,10,553,1,10,1,9,P03
1,954,12,966,1,7,1,9,P03
1,955,10,579,1,13,1,9,P03
1,956,12,869,1,7,1,9,P03
1,957,23,915,1,9,1,9,P03
1,958,11,653,1,8,1,9,P03
1,959,18,785,1,5,1,9,P03
1,960,20,958,1,4,1,9,P03
1,961,16,841,1,7,1,9,P03
1,962,20,800,1,10,1,9,P03
1,963,11,735,1,4,1,9,P03
1,964,25,909,1,7,1,9,P03
1,965,10,847,1,7,1,9,P03
1,966,17,543,1,3,1,9,P03
1,967,16,572,1,14,1,9,P03
1,968,10,507,1,13,1,9,P03
1,969,13,610,1,7,1,9,P03
1,970,11,499,1,10,1,9,P03
1,971,23,941,1,11,1,9,P03
1,972,15,851,1,18,1,9,P03
1,973,18,562,1,10,1,9,P03
1,974,14,863,1,20,1,9,P03
1,975,15,709,1,9,1,9,P03
1,976,12,612,1,3,1,9,P03
1,977,19,899,1,7,1,9,P03
1,978,21,923,1,6,1,9,P03
1,979,12,685,1,9,1,9,P03
1,980,18,766,1,4,1,9,P03
1,981,14,592,1,12,1,9,P03
1,982,11,421,1,8,1,9,P03
1,983,10,410,1,12,1,9,P03
1,984,16,450,1,6,1,9,P03
1,985,17,907,1,8,1,9,P03
1,986,14,733,1,5,1,9,P03
1,987,11,519,1,9,1,9,P03
1,988,10,412,1,6,1,9,P03
1,989,11,502,1,8,1,9,P03
1,990,10,435,1,13,1,9,P03
1,991,13,430,1,10,1,9,P03
1,992,12,721,1,8,1,9,P03
1,993,16,876,1,7,1,9,P03
1,994,18,837,1,15,1,9,P03
1,995,11,736,1,8,1,9,P03
1,996,11,836,1,8,1,9,P03
1,997,10,627,1,10,1,9,P03
1,998,12,586,1,9,1,9,P03
1,999,13,453,1,10,1,9,P03
1,1000,11,958,1,7,1,9,P03
2,1,40,881,1,4,1,3,P03
2,2,28,603,1,3,1,3,P03
2,3,28,722,1,5,1,3,P03
2,4,37,953,1,5,1,3,P03
2,5,23,716,1,3,1,3,P03
2,6,25,720,1,4,1,3,P03
2,7,30,704,1,4,1,3,P03
2,8,25,497,1,5,1,3,P03
2,9,12,418,1,3,1,3,P03
2,10,23,487,1,4,1,3,P03
2,11,32,811,1,2,1,3,P03
2,12,28,608,1,4,1,3,P03
2,13,47,799,1,3,1,3,P03
2,14,17,485,1,1,1,3,P03
2,15,24,739,1,2,1,3,P03
2,16,19,442,1,2,1,3,P03
2,17,23,646,1,3,1,3,P03
2,18,26,612,1,3,1,3,P03
2,19,34,757,1,2,1,3,P03
2,20,24,425,1,3,1,3,P03
2,21,24,731,1,2,1,3,P03
2,22,22,742,1,2,1,3,P03
2,23,36,840,1,3,1,3,P03
2,24,35,847,1,5,1,3,P03
2,25,28,630,1,2,1,3,P03
2,26,21,676,1,3,1,3,P03
2,27,30,897,1,2,1,3,P03
2,28,26,666,1,3,1,3,P03
2,29,18,428,1,3,1,3,P03
2,30,35,495,1,3,1,3,P03
2,31,21,424,1,2,1,3,P03
2,32,30,706,1,2,1,3,P03
2,33,34,739,1,2,1,3,P03
2,34,25,462,1,4,1,3,P03
2,35,25,516,1,2,1,3,P03
2,36,14,423,1,1,1,3,P03
2,37,32,912,1,4,1,3,P03
2,38,15,531,1,4,1,3,P03
2,39,32,889,1,2,1,3,P03
2,40,31,922,1,3,1,3,P03
2,41,13,479,1,1,1,3,P03
2,42,24,886,1,1,1,3,P03
2,43,36,681,1,2,1,3,P03
2,44,30,439,1,4,1,3,P03
2,45,20,648,1,4,1,3,P03
2,46,37,767,1,2,1,3,P03
2,47,42,906,1,1,1,3,P03
2,48,30,731,1,4,1,3,P03
2,49,24,652,1,6,1,3,P03
2,50,42,859,1,5,1,3,P03
2,51,17,384,1,1,1,3,P03
2,52,39,751,1,2,1,3,P03
2,53,15,508,1,3,1,3,P03
2,54,36,913,1,3,1,3,P03
2,55,18,385,1,2,1,3,P03
2,56,29,524,1,1,1,3,P03
2,57,10,434,1,1,1,3,P03
2,58,36,764,1,3,1,3,P03
2,59,48,949,1,5,1,3,P03
2,60,36,813,1,7,1,3,P03
2,61,23,487,1,2,1,3,P03
2,62,23,483,1,2,1,3,P03
2,63,37,931,1,3,1,3,P03
2,64,40,769,1,2,1,3,P03
2,65,41,747,1,1,1,3,P03
2,66,40,939,1,2,1,3,P03
2,67,31,700,1,4,1,3,P03
2,68,20,550,1,2,1,3,P03
2,69,28,596,1,1,1,3,P03
2,70,27,438,1,4,1,3,P03
2,71,15,586,1,2,1,3,P03
2,72,23,620,1,3,1,3,P03
2,73,14,462,1,6,1,3,P03
2,74,18,408,1,4,1,3,P03
2,75,16,440,1,3,1,3,P03
2,76,28,474,1,1,1,3,P03
2,77,18,501,1,2,1,3,P03
2,78,24,605,1,3,1,3,P03
2,79,21,701,1,5,1,3,P03
2,80,33,670,1,3,1,3,P03
2,81,29,760,1,5,1,3,P03
2,82,46,882,1,2,1,3,P03
2,83,17,386,1,2,1,3,P03
2,84,37,874,1,3,1,3,P03
2,85,38,916,1,4,1,3,P03
2,86,31,614,1,1,1,3,P03
2,87,45,908,1,2,1,3,P03
2,88,23,682,1,3,1,3,P03
2,89,42,865,1,7,1,3,P03
2,90,33,660,1,1,1,3,P03
2,91,21,435,1,1,1,3,P03
2,92,30,818,1,8,1,3,P03
2,93,41,933,1,2,1,3,P03
2,94,29,829,1,2,1,3,P03
2,95,24,406,1,1,1,3,P03
2,96,20,561,1,3,1,3,P03
2,97,15,388,1,4,1,3,P03
2,98,46,791,1,1,1,3,P03
2,99,33,643,1,1,1,3,P03
2,100,16,611,1,3,1,3,P03
2,101,38,755,1,5,1,3,P03
2,102,17,486,1,1,1,3,P03
2,103,25,691,1,4,1,3,P03
2,104,42,877,1,3,1,3,P03
2,105,43,794,1,4,1,3,P03
2,106,25,905,1,2,1,3,P03
2,107,31,556,1,1,1,3,P03
2,108,22,885,1,1,1,3,P03
2,109,19,513,1,4,1,3,P03
2,110,19,626,1,3,1,3,P03
2,111,18,424,1,5,1,3,P03
2,112,32,640,1,4,1,3,P03
2,113,25,408,1,1,1,3,P03
2,114,20,402,1,3,1,3,P03
2,115,23,439,1,1,1,3,P03
2,116,20,536,1,1,1,3,P03
2,117,55,902,1,4,1,3,P03
2,118,13,440,1,3,1,3,P03
2,119,30,673,1,2,1,3,P03
2,120,35,875,1,1,1,3,P03
2,121,36,819,1,1,1,3,P03
2,122,32,712,1,1,1,3,P03
2,123,49,926,1,1,1,3,P03
2,124,31,855,1,2,1,3,P03
2,125,27,603,1,3,1,3,P03
2,126,35,646,1,5,1,3,P03
2,127,44,895,1,3,1,3,P03
2,128,44,704,1,1,1,3,P03
2,129,23,509,1,4,1,3,P03
2,130,12,390,1,2,1,3,P03
2,131,42,942,1,2,1,3,P03
2,132,29,649,1,3,1,3,P03
2,133,26,609,1,1,1,3,P03
2,134,25,517,1,4,1,3,P03
2,135,18,451,1,2,1,3,P03
2,136,24,453,1,1,1,3,P03
2,137,38,771,1,2,1,3,P03
2,138,26,614,1,3,1,3,P03
2,139,10,451,1,5,1,3,P03
2,140,35,755,1,2,1,3,P03
2,141,21,448,1,5,1,3,P03
2,142,31,795,1,3,1,3,P03
2,143,45,867,1,1,1,3,P03
2,144,33,842,1,3,1,3,P03
2,145,44,915,1,1,1,3,P03
2,146,15,477,1,5,1,3,P03
2,147,29,672,1,1,1,3,P03
2,148,19,472,1,5,1,3,P03
2,149,30,941,1,1,1,3,P03
2,150,29,580,1,1,1,3,P03
2,151,36,675,1,4,1,3,P03
2,152,19,571,1,3,1,3,P03
2,153,29,919,1,3,1,3,P03
2,154,24,733,1,3,1,3,P03
2,155,17,581,1,1,1,3,P03
2,156,40,773,1,4,1,3,P03
2,157,26,859,1,3,1,3,P03
2,158,34,837,1,1,1,3,P03
2,159,25,591,1,3,1,3,P03
2,160,28,881,1,1,1,3,P03
2,161,43,899,1,4,1,3,P03
2,162,57,933,1,2,1,3,P03
2,163,32,717,1,1,1,3,P03
2,164,27,461,1,3,1,3,P03
2,165,23,468,1,2,1,3,P03
2,166,34,481,1,4,1,3,P03
2,167,29,668,1,1,1,3,P03
2,168,20,505,1,4,1,3,P03
2,169,20,719,1,1,1,3,P03
2,170,30,797,1,1,1,3,P03
2,171,24,573,1,5,1,3,P03
2,172,47,931,1,4,1,3,P03
2,173,14,523,1,2,1,3,P03
2,174,35,811,1,4,1,3,P03
2,175,24,640,1,3,1,3,P03
2,176,49,943,1,2,1,3,P03
2,177,29,627,1,3,1,3,P03
2,178,22,555,1,3,1,3,P03
2,179,40,819,1,3,1,3,P03
2,180,24,426,1,2,1,3,P03
2,181,34,848,1,5,1,3,P03
2,182,31,508,1,1,1,3,P03
2,183,29,846,1,5,1,3,P03
2,184,33,814,1,3,1,3,P03
2,185,25,715,1,3,1,3,P03
2,186,20,547,1,3,1,3,P03
2,187,26,632,1,5,1,3,P03
2,188,25,632,1,3,1,3,P03
2,189,41,893,1,1,1,3,P03
2,190,29,926,1,3,1,3,P03
2,191,42,840,1,3,1,3,P03
2,192,47,747,1,6,1,3,P03
2,193,27,612,1,5,1,3,P03
2,194,23,727,1,3,1,3,P03
2,195,36,932,1,1,1,3,P03
2,196,25,511,1,3,1,3,P03
2,197,28,584,1,5,1,3,P03
2,198,39,757,1,3,1,3,P03
2,199,18,478,1,1,1,3,P03
2,200,11,433,1,2,1,3,P03
2,201,37,596,1,1,1,3,P03
2,202,29,478,1,2,1,3,P03
2,203,17,785,1,4,1,3,P03
2,204,20,541,1,1,1,3,P03
2,205,16,401,1,2,1,3,P03
2,206,24,641,1,4,1,3,P03
2,207,28,800,1,3,1,3,P03
2,208,40,618,1,5,1,3,P03
2,209,39,514,1,2,1,3,P03
2,210,29,505,1,2,1,3,P03
2,211,23,465,1,4,1,3,P03
2,212,22,617,1,4,1,3,P03
2,213,24,428,1,4,1,3,P03
2,214,24,587,1,1,1,3,P03
2,215,17,428,1,3,1,3,P03
2,216,22,522,1,1,1,3,P03
2,217,35,632,1,5,1,3,P03
2,218,29,763,1,4,1,3,P03
2,219,52,942,1,2,1,3,P03
2,220,23,639,1,1,1,3,P03
2,221,30,716,1,2,1,3,P03
2,222,36,865,1,2,1,3,P03
2,223,32,731,1,2,1,3,P03
2,224,35,723,1,1,1,3,P03
2,225,16,719,1,3,1,3,P03
2,226,36,622,1,3,1,3,P03
2,227,28,395,1,4,1,3,P03
2,228,40,834,1,1,1,3,P03
2,229,19,387,1,3,1,3,P03
2,230,38,893,1,3,1,3,P03
2,231,31,588,1,7,1,3,P03
2,232,49,700,1,3,1,3,P03
2,233,33,884,1,2,1,3,P03
2,234,23,481,1,2,1,3,P03
2,235,27,753,1,1,1,3,P03
2,236,24,504,1,2,1,3,P03
2,237,24,541,1,5,1,3,P03
2,238,24,571,1,3,1,3,P03
2,239,22,541,1,2,1,3,P03
2,240,17,589,1,3,1,3,P03
2,241,42,908,1,1,1,3,P03
2,242,10,422,1,1,1,3,P03
2,243,39,799,1,5,1,3,P03
2,244,39,610,1,2,1,3,P03
2,245,43,887,1,4,1,3,P03
2,246,15,406,1,2,1,3,P03
2,247,29,754,1,4,1,3,P03
2,248,47,733,1,1,1,3,P03
2,249,42,841,1,2,1,3,P03
2,250,25,407,1,2,1,3,P03
2,251,26,489,1,7,1,3,P03
2,252,27,717,1,5,1,3,P03
2,253,17,536,1,3,1,3,P03
2,254,46,840,1,5,1,3,P03
2,255,35,909,1,4,1,3,P03
2,256,42,904,1,1,1,3,P03
2,257,17,448,1,3,1,3,P03
2,258,27,549,1,3,1,3,P03
2,259,22,454,1,3,1,3,P03
2,260,27,586,1,2,1,3,P03
2,261,21,489,1,2,1,3,P03
2,262,30,685,1,4,1,3,P03
2,263,38,813,1,2,1,3,P03
2,264,24,425,1,1,1,3,P03
2,265,23,740,1,3,1,3,P03
2,266,32,754,1,1,1,3,P03
2,267,24,446,1,3,1,3,P03
2,268,12,446,1,3,1,3,P03
2,269,28,824,1,2,1,3,P03
2,270,37,916,1,4,1,3,P03
2,271,18,583,1,1,1,3,P03
2,272,48,940,1,1,1,3,P03
2,273,37,863,1,4,1,3,P03
2,274,19,446,1,2,1,3,P03
2,275,24,499,1,4,1,3,P03
2,276,45,851,1,4,1,3,P03
2,277,50,949,1,1,1,3,P03
2,278,30,540,1,4,1,3,P03
2,279,11,401,1,1,1,3,P03
2,280,16,414,1,1,1,3,P03
2,281,39,960,1,4,1,3,P03
2,282,35,869,1,1,1,3,P03
2,283,30,662,1,3,1,3,P03
2,284,36,830,1,3,1,3,P03
2,285,26,544,1,8,1,3,P03
2,286,19,566,1,3,1,3,P03
2,287,19,440,1,2,1,3,P03
2,288,24,660,1,2,1,3,P03
2,289,21,521,1,2,1,3,P03
2,290,26,506,1,2,1,3,P03
2,291,28,463,1,4,1,3,P03
2,292,34,758,1,6,1,3,P03
2,293,47,917,1,1,1,3,P03
2,294,16,454,1,5,1,3,P03
2,295,36,937,1,8,1,3,P03
2,296,20,842,1,4,1,3,P03
2,297,23,778,1,4,1,3,P03
2,298,36,762,1,1,1,3,P03
2,299,28,469,1,7,1,3,P03
2,300,15,427,1,2,1,3,P03
2,301,25,469,1,3,1,3,P03
2,302,19,432,1,1,1,3,P03
2,303,20,643,1,3,1,3,P03
2,304,27,611,1,4,1,3,P03
2,305,46,700,1,1,1,3,P03
2,306,34,806,1,4,1,3,P03
2,307,30,784,1,4,1,3,P03
2,308,40,953,1,7,1,3,P03
2,309,17,393,1,4,1,3,P03
2,310,25,629,1,2,1,3,P03
2,311,19,399,1,1,1,3,P03
2,312,31,724,1,5,1,3,P03
2,313,24,505,1,5,1,3,P03
2,314,35,651,1,6,1,3,P03
2,315,29,560,1,4,1,3,P03
2,316,25,763,1,2,1,3,P03
2,317,18,661,1,3,1,3,P03
2,318,29,549,1,1,1,3,P03
2,319,28,688,1,6,1,3,P03
2,320,33,905,1,3,1,3,P03
2,321,33,566,1,4,1,3,P03
2,322,26,903,1,3,1,3,P03
2,323,32,947,1,4,1,3,P03
2,324,23,495,1,6,1,3,P03
2,325,45,786,1,8,1,3,P03
2,326,29,822,1,3,1,3,P03
2,327,28,594,1,2,1,3,P03
2,328,40,840,1,3,1,3,P03
2,329,23,565,1,4,1,3,P03
2,330,20,545,1,4,1,3,P03
2,331,16,462,1,2,1,3,P03
2,332,14,427,1,3,1,3,P03
2,333,27,635,1,1,1,3,P03
2,334,29,595,1,5,1,3,P03
2,335,35,608,1,1,1,3,P03
2,336,29,654,1,1,1,3,P03
2,337,23,724,1,5,1,3,P03
2,338,25,628,1,1,1,3,P03
2,339,31,627,1,2,1,3,P03
2,340,25,622,1,1,1,3,P03
2,341,27,793,1,1,1,3,P03
2,342,24,540,1,1,1,3,P03
2,343,25,622,1,2,1,3,P03
2,344,19,707,1,3,1,3,P03
2,345,22,509,1,2,1,3,P03
2,346,34,578,1,3,1,3,P03
2,347,24,417,1,6,1,3,P03
2,348,36,938,1,3,1,3,P03
2,349,35,946,1,3,1,3,P03
2,350,38,880,1,5,1,3,P03
2,351,18,586,1,2,1,3,P03
2,352,36,819,1,3,1,3,P03
2,353,22,773,1,4,1,3,P03
2,354,17,413,1,2,1,3,P03
2,355,50,706,1,4,1,3,P03
2,356,18,400,1,3,1,3,P03
2,357,17,565,1,4,1,3,P03
2,358,38,858,1,2,1,3,P03
2,359,17,613,1,3,1,3,P03
2,360,24,622,1,2,1,3,P03
2,361,26,480,1,4,1,3,P03
2,362,41,814,1,2,1,3,P03
2,363,37,943,1,3,1,3,P03
2,364,21,605,1,2,1,3,P03
2,365,28,503,1,4,1,3,P03
2,366,24,867,1,2,1,3,P03
2,367,40,894,1,3,1,3,P03
2,368,39,689,1,1,1,3,P03
2,369,20,526,1,3,1,3,P03
2,370,35,759,1,5,1,3,P03
2,371,12,414,1,6,1,3,P03
2,372,15,468,1,4,1,3,P03
2,373,17,553,1,2,1,3,P03
2,374,35,627,1,1,1,3,P03
2,375,28,611,1,3,1,3,P03
2,376,30,591,1,4,1,3,P03
2,377,44,702,1,2,1,3,P03
2,378,34,772,1,2,1,3,P03
2,379,23,563,1,4,1,3,P03
2,380,32,871,1,5,1,3,P03
2,381,26,589,1,1,1,3,P03
2,382,21,424,1,4,1,3,P03
2,383,21,602,1,1,1,3,P03
2,384,31,690,1,4,1,3,P03
2,385,40,939,1,3,1,3,P03
2,386,40,740,1,1,1,3,P03
2,387,20,495,1,3,1,3,P03
2,388,37,854,1,5,1,3,P03
2,389,40,914,1,8,1,3,P03
2,390,29,855,1,4,1,3,P03
2,391,19,391,1,2,1,3,P03
2,392,25,499,1,5,1,3,P03
2,393,42,846,1,5,1,3,P03
2,394,25,406,1,2,1,3,P03
2,395,28,767,1,5,1,3,P03
2,396,37,935,1,7,1,3,P03
2,397,36,774,1,2,1,3,P03
2,398,18,637,1,1,1,3,P03
2,399,22,455,1,4,1,3,P03
2,400,17,579,1,5,1,3,P03
2,401,36,859,1,1,1,3,P03
2,402,23,638,1,2,1,3,P03
2,403,30,754,1,1,1,3,P03
2,404,44,735,1,4,1,3,P03
2,405,35,762,1,3,1,3,P03
2,406,27,767,1,4,1,3,P03
2,407,17,408,1,2,1,3,P03
2,408,32,621,1,3,1,3,P03
2,409,37,940,1,3,1,3,P03
2,410,26,779,1,1,1,3,P03
2,411,36,646,1,5,1,3,P03
2,412,19,492,1,2,1,3,P03
2,413,18,673,1,3,1,3,P03
2,414,36,846,1,2,1,3,P03
2,415,30,754,1,3,1,3,P03
2,416,23,448,1,5,1,3,P03
2,417,34,697,1,3,1,3,P03
2,418,29,836,1,1,1,3,P03
2,419,34,708,1,5,1,3,P03
2,420,14,400,1,4,1,3,P03
2,421,28,793,1,3,1,3,P03
2,422,20,441,1,4,1,3,P03
2,423,18,592,1,3,1,3,P03
2,424,48,891,1,2,1,3,P03
2,425,39,755,1,2,1,3,P03
2,426,31,691,1,1,1,3,P03
2,427,16,474,1,1,1,3,P03
2,428,21,562,1,6,1,3,P03
2,429,11,394,1,1,1,3,P03
2,430,24,714,1,2,1,3,P03
2,431,35,827,1,1,1,3,P03
2,432,12,401,1,3,1,3,P03
2,433,12,423,1,5,1,3,P03
2,434,31,624,1,4,1,3,P03
2,435,44,860,1,2,1,3,P03
2,436,42,859,1,3,1,3,P03
2,437,30,734,1,4,1,3,P03
2,438,24,488,1,3,1,3,P03
2,439,41,777,1,6,1,3,P03
2,440,36,751,1,4,1,3,P03
2,441,30,774,1,1,1,3,P03
2,442,30,757,1,4,1,3,P03
2,443,24,815,1,1,1,3,P03
2,444,27,459,1,1,1,3,P03
2,445,28,814,1,2,1,3,P03
2,446,34,832,1,3,1,3,P03
2,447,49,947,1,2,1,3,P03
2,448,20,457,1,4,1,3,P03
2,449,34,752,1,4,1,3,P03
2,450,35,946,1,1,1,3,P03
2,451,13,392,1,3,1,3,P03
2,452,21,492,1,7,1,3,P03
2,453,31,659,1,3,1,3,P03
2,454,19,481,1,5,1,3,P03
2,455,30,693,1,3,1,3,P03
2,456,38,857,1,3,1,3,P03
2,457,37,596,1,3,1,3,P03
2,458,14,387,1,3,1,3,P03
2,459,52,931,1,5,1,3,P03
2,460,32,724,1,4,1,3,P03
2,461,30,829,1,4,1,3,P03
2,462,40,878,1,2,1,3,P03
2,463,31,833,1,4,1,3,P03
2,464,36,639,1,4,1,3,P03
2,465,32,750,1,4,1,3,P03
2,466,13,423,1,6,1,3,P03
2,467,34,690,1,4,1,3,P03
2,468,30,838,1,1,1,3,P03
2,469,23,461,1,2,1,3,P03
2,470,25,782,1,1,1,3,P03
2,471,30,655,1,5,1,3,P03
2,472,34,637,1,3,1,3,P03
2,473,17,401,1,2,1,3,P03
2,474,20,438,1,4,1,3,P03
2,475,30,837,1,2,1,3,P03
2,476,16,436,1,5,1,3,P03
2,477,31,778,1,1,1,3,P03
2,478,22,563,1,5,1,3,P03
2,479,34,951,1,3,1,3,P03
2,480,15,600,1,1,1,3,P03
2,481,25,391,1,2,1,3,P03
2,482,26,517,1,3,1,3,P03
2,483,17,444,1,3,1,3,P03
2,484,29,714,1,1,1,3,P03
2,485,27,621,1,3,1,3,P03
2,486,37,762,1,2,1,3,P03
2,487,30,842,1,5,1,3,P03
2,488,23,425,1,1,1,3,P03
2,489,31,690,1,4,1,3,P03
2,490,32,639,1,3,1,3,P03
2,491,35,949,1,2,1,3,P03
2,492,20,699,1,3,1,3,P03
2,493,30,753,1,5,1,3,P03
2,494,30,719,1,3,1,3,P03
2,495,47,812,1,1,1,3,P03
2,496,24,529,1,1,1,3,P03
2,497,42,847,1,5,1,3,P03
2,498,16,393,1,3,1,3,P03
2,499,21,518,1,1,1,3,P03
2,500,22,527,1,3,1,3,P03
2,501,42,894,1,4,1,3,P03
2,502,27,857,1,4,1,3,P03
2,503,16,511,1,5,1,3,P03
2,504,22,563,1,5,1,3,P03
2,505,36,820,1,2,1,3,P03
2,506,31,662,1,6,1,3,P03
2,507,19,536,1,4,1,3,P03
2,508,40,929,1,2,1,3,P03
2,509,36,946,1,6,1,3,P03
2,510,28,551,1,4,1,3,P03
2,511,33,540,1,4,1,3,P03
2,512,39,773,1,1,1,3,P03
2,513,37,896,1,4,1,3,P03
2,514,23,638,1,2,1,3,P03
2,515,23,427,1,2,1,3,P03
2,516,36,798,1,1,1,3,P03
2,517,28,743,1,3,1,3,P03
2,518,30,878,1,7,1,3,P03
2,519,17,491,1,3,1,3,P03
2,520,17,494,1,6,1,3,P03
2,521,27,664,1,3,1,3,P03
2,522,30,807,1,1,1,3,P03
2,523,32,825,1,6,1,3,P03
2,524,17,467,1,4,1,3,P03
2,525,33,672,1,4,1,3,P03
2,526,45,910,1,4,1,3,P03
2,527,34,753,1,4,1,3,P03
2,528,23,390,1,1,1,3,P03
2,529,37,904,1,1,1,3,P03
2,530,27,463,1,1,1,3,P03
2,531,40,737,1,2,1,3,P03
2,532,27,816,1,3,1,3,P03
2,533,36,703,1,1,1,3,P03
2,534,33,800,1,5,1,3,P03
2,535,13,430,1,2,1,3,P03
2,536,35,834,1,5,1,3,P03
2,537,27,829,1,2,1,3,P03
2,538,18,482,1,1,1,3,P03
2,539,31,834,1,3,1,3,P03
2,540,40,822,1,2,1,3,P03
2,541,26,478,1,2,1,3,P03
2,542,14,509,1,3,1,3,P03
2,543,28,520,1,5,1,3,P03
2,544,48,934,1,8,1,3,P03
2,545,28,746,1,5,1,3,P03
2,546,38,813,1,3,1,3,P03
2,547,16,479,1,2,1,3,P03
2,548,23,482,1,2,1,3,P03
2,549,46,889,1,1,1,3,P03
2,550,39,863,1,1,1,3,P03
2,551,31,842,1,1,1,3,P03
2,552,13,446,1,3,1,3,P03
2,553,38,942,1,3,1,3,P03
2,554,13,404,1,5,1,3,P03
2,555,28,583,1,4,1,3,P03
2,556,25,757,1,3,1,3,P03
2,557,39,836,1,2,1,3,P03
2,558,29,780,1,2,1,3,P03
2,559,26,629,1,5,1,3,P03
2,560,24,605,1,1,1,3,P03
2,561,27,555,1,3,1,3,P03
2,562,25,468,1,4,1,3,P03
2,563,33,887,1,3,1,3,P03
2,564,25,698,1,4,1,3,P03
2,565,32,744,1,3,1,3,P03
2,566,34,682,1,2,1,3,P03
2,567,27,626,1,1,1,3,P03
2,568,37,869,1,1,1,3,P03
2,569,27,748,1,3,1,3,P03
2,570,41,860,1,2,1,3,P03
2,571,41,685,1,3,1,3,P03
2,572,37,736,1,6,1,3,P03
2,573,14,401,1,1,1,3,P03
2,574,20,553,1,2,1,3,P03
2,575,22,541,1,1,1,3,P03
2,576,38,883,1,2,1,3,P03
2,577,35,619,1,6,1,3,P03
2,578,36,900,1,5,1,3,P03
2,579,23,535,1,1,1,3,P03
2,580,31,517,1,1,1,3,P03
2,581,32,589,1,6,1,3,P03
2,582,22,540,1,4,1,3,P03
2,583,25,661,1,3,1,3,P03
2,584,40,894,1,3,1,3,P03
2,585,31,821,1,4,1,3,P03
2,586,20,411,1,2,1,3,P03
2,587,34,738,1,2,1,3,P03
2,588,42,664,1,3,1,3,P03
2,589,21,758,1,3,1,3,P03
2,590,15,475,1,7,1,3,P03
2,591,27,754,1,2,1,3,P03
2,592,19,422,1,1,1,3,P03
2,593,28,622,1,1,1,3,P03
2,594,32,660,1,4,1,3,P03
2,595,33,928,1,5,1,3,P03
2,596,32,709,1,1,1,3,P03
2,597,25,426,1,2,1,3,P03
2,598,20,506,1,2,1,3,P03
2,599,31,660,1,2,1,3,P03
2,600,29,670,1,2,1,3,P03
2,601,28,771,1,3,1,3,P03
2,602,47,892,1,2,1,3,P03
2,603,38,812,1,1,1,3,P03
2,604,22,435,1,3,1,3,P03
2,605,41,908,1,3,1,3,P03
2,606,27,665,1,3,1,3,P03
2,607,46,741,1,1,1,3,P03
2,608,30,656,1,1,1,3,P03
2,609,22,586,1,4,1,3,P03
2,610,39,816,1,2,1,3,P03
2,611,23,647,1,2,1,3,P03
2,612,34,661,1,3,1,3,P03
2,613,40,874,1,5,1,3,P03
2,614,33,897,1,1,1,3,P03
2,615,11,408,1,5,1,3,P03
2,616,20,717,1,3,1,3,P03
2,617,34,914,1,2,1,3,P03
2,618,14,534,1,4,1,3,P03
2,619,31,649,1,3,1,3,P03
2,620,27,914,1,1,1,3,P03
2,621,27,793,1,1,1,3,P03
2,622,22,413,1,4,1,3,P03
2,623,16,523,1,5,1,3,P03
2,624,25,663,1,2,1,3,P03
2,625,31,787,1,2,1,3,P03
2,626,15,486,1,3,1,3,P03
2,627,25,506,1,4,1,3,P03
2,628,29,650,1,4,1,3,P03
2,629,31,776,1,1,1,3,P03
2,630,31,641,1,4,1,3,P03
2,631,13,421,1,3,1,3,P03
2,632,28,517,1,3,1,3,P03
2,633,36,759,1,3,1,3,P03
2,634,27,639,1,5,1,3,P03
2,635,16,472,1,4,1,3,P03
2,636,25,585,1,2,1,3,P03
2,637,38,634,1,7,1,3,P03
2,638,29,712,1,2,1,3,P03
2,639,39,789,1,5,1,3,P03
2,640,29,638,1,3,1,3,P03
2,641,25,537,1,2,1,3,P03
2,642,33,808,1,3,1,3,P03
2,643,42,825,1,2,1,3,P03
2,644,20,742,1,3,1,3,P03
2,645,26,521,1,6,1,3,P03
2,646,39,891,1,1,1,3,P03
2,647,39,894,1,3,1,3,P03
2,648,35,750,1,2,1,3,P03
2,649,27,831,1,4,1,3,P03
2,650,26,598,1,4,1,3,P03
2,651,43,801,1,2,1,3,P03
2,652,30,554,1,5,1,3,P03
2,653,26,631,1,1,1,3,P03
2,654,22,514,1,2,1,3,P03
2,655,37,947,1,2,1,3,P03
2,656,20,490,1,3,1,3,P03
2,657,28,709,1,4,1,3,P03
2,658,13,415,1,5,1,3,P03
2,659,32,580,1,6,1,3,P03
2,660,17,654,1,2,1,3,P03
2,661,19,629,1,4,1,3,P03
2,662,36,901,1,3,1,3,P03
2,663,36,783,1,2,1,3,P03
2,664,15,409,1,3,1,3,P03
2,665,26,643,1,1,1,3,P03
2,666,30,882,1,3,1,3,P03
2,667,21,474,1,3,1,3,P03
2,668,17,586,1,4,1,3,P03
2,669,31,801,1,5,1,3,P03
2,670,33,966,1,6,1,3,P03
2,671,31,800,1,2,1,3,P03
2,672,35,946,1,5,1,3,P03
2,673,31,943,1,2,1,3,P03
2,674,28,694,1,3,1,3,P03
2,675,36,839,1,3,1,3,P03
2,676,32,697,1,2,1,3,P03
2,677,32,805,1,2,1,3,P03
2,678,22,622,1,2,1,3,P03
2,679,28,418,1,4,1,3,P03
2,680,42,872,1,3,1,3,P03
2,681,31,851,1,2,1,3,P03
2,682,39,796,1,4,1,3,P03
2,683,42,775,1,2,1,3,P03
2,684,40,806,1,3,1,3,P03
2,685,34,756,1,4,1,3,P03
2,686,19,384,1,1,1,3,P03
2,687,21,521,1,3,1,3,P03
2,688,23,613,1,7,1,3,P03
2,689,35,590,1,4,1,3,P03
2,690,36,727,1,5,1,3,P03
2,691,20,416,1,2,1,3,P03
2,692,26,703,1,3,1,3,P03
2,693,35,686,1,1,1,3,P03
2,694,15,389,1,8,1,3,P03
2,695,32,654,1,4,1,3,P03
2,696,29,484,1,2,1,3,P03
2,697,20,507,1,3,1,3,P03
2,698,42,867,1,4,1,3,P03
2,699,24,486,1,2,1,3,P03
2,700,27,919,1,4,1,3,P03
2,701,35,454,1,6,1,3,P03
2,702,28,511,1,1,1,3,P03
2,703,24,623,1,3,1,3,P03
2,704,24,538,1,2,1,3,P03
2,705,51,947,1,1,1,3,P03
2,706,26,824,1,4,1,3,P03
2,707,35,703,1,1,1,3,P03
2,708,23,635,1,4,1,3,P03
2,709,19,626,1,3,1,3,P03
2,710,30,582,1,4,1,3,P03
2,711,53,740,1,2,1,3,P03
2,712,25,641,1,3,1,3,P03
2,713,37,705,1,1,1,3,P03
2,714,17,436,1,3,1,3,P03
2,715,51,927,1,3,1,3,P03
2,716,13,506,1,4,1,3,P03
2,717,15,512,1,2,1,3,P03
2,718,36,871,1,6,1,3,P03
2,719,23,390,1,6,1,3,P03
2,720,29,872,1,4,1,3,P03
2,721,40,942,1,1,1,3,P03
2,722,15,400,1,4,1,3,P03
2,723,40,718,1,2,1,3,P03
2,724,37,797,1,4,1,3,P03
2,725,29,566,1,1,1,3,P03
2,726,35,693,1,1,1,3,P03
2,727,31,934,1,1,1,3,P03
2,728,20,529,1,3,1,3,P03
2,729,21,576,1,1,1,3,P03
2,730,16,471,1,4,1,3,P03
2,731,37,673,1,6,1,3,P03
2,732,41,942,1,3,1,3,P03
2,733,22,474,1,5,1,3,P03
2,734,17,467,1,6,1,3,P03
2,735,29,694,1,2,1,3,P03
2,736,35,770,1,5,1,3,P03
2,737,26,544,1,3,1,3,P03
2,738,24,481,1,2,1,3,P03
2,739,35,628,1,3,1,3,P03
2,740,26,604,1,8,1,3,P03
2,741,40,882,1,1,1,3,P03
2,742,39,776,1,4,1,3,P03
2,743,22,671,1,6,1,3,P03
2,744,23,506,1,1,1,3,P03
2,745,17,509,1,3,1,3,P03
2,746,21,596,1,2,1,3,P03
2,747,37,881,1,1,1,3,P03
2,748,34,818,1,4,1,3,P03
2,749,37,726,1,3,1,3,P03
2,750,29,863,1,2,1,3,P03
2,751,24,536,1,6,1,3,P03
2,752,29,936,1,1,1,3,P03
2,753,22,580,1,3,1,3,P03
2,754,22,616,1,5,1,3,P03
2,755,38,648,1,5,1,3,P03
2,756,26,644,1,2,1,3,P03
2,757,22,588,1,5,1,3,P03
2,758,30,581,1,3,1,3,P03
2,759,31,752,1,5,1,3,P03
2,760,39,851,1,4,1,3,P03
2,761,26,693,1,6,1,3,P03
2,762,24,449,1,2,1,3,P03
2,763,20,485,1,5,1,3,P03
2,764,27,830,1,2,1,3,P03
2,765,28,855,1,2,1,3,P03
2,766,20,512,1,1,1,3,P03
2,767,14,412,1,3,1,3,P03
2,768,38,693,1,2,1,3,P03
2,769,33,843,1,1,1,3,P03
2,770,15,490,1,4,1,3,P03
2,771,38,825,1,2,1,3,P03
2,772,37,891,1,3,1,3,P03
2,773,39,672,1,5,1,3,P03
2,774,30,628,1,2,1,3,P03
2,775,46,725,1,2,1,3,P03
2,776,30,852,1,3,1,3,P03
2,777,26,591,1,5,1,3,P03
2,778,30,717,1,1,1,3,P03
2,779,36,652,1,1,1,3,P03
2,780,18,417,1,2,1,3,P03
2,781,31,869,1,2,1,3,P03
2,782,19,470,1,9,1,3,P03
2,783,36,837,1,3,1,3,P03
2,784,43,951,1,1,1,3,P03
2,785,34,500,1,2,1,3,P03
2,786,30,743,1,3,1,3,P03
2,787,43,716,1,8,1,3,P03
2,788,29,764,1,2,1,3,P03
2,789,42,810,1,1,1,3,P03
2,790,33,735,1,5,1,3,P03
2,791,29,776,1,3,1,3,P03
2,792,27,709,1,5,1,3,P03
2,793,33,583,1,2,1,3,P03
2,794,19,460,1,1,1,3,P03
2,795,48,932,1,4,1,3,P03
2,796,18,397,1,6,1,3,P03
2,797,24,486,1,4,1,3,P03
2,798,22,572,1,3,1,3,P03
2,799,33,904,1,5,1,3,P03
2,800,22,495,1,6,1,3,P03
2,801,27,618,1,5,1,3,P03
2,802,21,632,1,4,1,3,P03
2,803,42,793,1,2,1,3,P03
2,804,43,955,1,3,1,3,P03
2,805,36,857,1,5,1,3,P03
2,806,28,638,1,4,1,3,P03
2,807,29,570,1,4,1,3,P03
2,808,23,384,1,1,1,3,P03
2,809,12,420,1,3,1,3,P03
2,810,35,795,1,2,1,3,P03
2,811,13,437,1,1,1,3,P03
2,812,27,579,1,2,1,3,P03
2,813,43,593,1,2,1,3,P03
2,814,43,755,1,1,1,3,P03
2,815,37,733,1,1,1,3,P03
2,816,14,432,1,6,1,3,P03
2,817,22,459,1,4,1,3,P03
2,818,44,810,1,1,1,3,P03
2,819,22,617,1,3,1,3,P03
2,820,14,467,1,2,1,3,P03
2,821,22,463,1,3,1,3,P03
2,822,14,404,1,2,1,3,P03
2,823,21,451,1,5,1,3,P03
2,824,19,580,1,3,1,3,P03
2,825,27,715,1,3,1,3,P03
2,826,23,908,1,2,1,3,P03
2,827,33,497,1,1,1,3,P03
2,828,26,658,1,5,1,3,P03
2,829,13,392,1,3,1,3,P03
2,830,25,833,1,1,1,3,P03
2,831,21,472,1,4,1,3,P03
2,832,28,605,1,1,1,3,P03
2,833,16,497,1,4,1,3,P03
2,834,44,871,1,2,1,3,P03
2,835,38,888,1,3,1,3,P03
2,836,12,495,1,1,1,3,P03
2,837,22,811,1,2,1,3,P03
2,838,41,907,1,1,1,3,P03
2,839,39,671,1,3,1,3,P03
2,840,24,461,1,4,1,3,P03
2,841,31,768,1,4,1,3,P03
2,842,33,710,1,2,1,3,P03
2,843,38,824,1,1,1,3,P03
2,844,33,800,1,3,1,3,P03
2,845,29,841,1,2,1,3,P03
2,846,23,408,1,2,1,3,P03
2,847,41,952,1,2,1,3,P03
2,848,39,861,1,3,1,3,P03
2,849,25,761,1,2,1,3,P03
2,850,25,617,1,3,1,3,P03
2,851,33,916,1,4,1,3,P03
2,852,29,791,1,1,1,3,P03
2,853,21,675,1,2,1,3,P03
2,854,46,903,1,2,1,3,P03
2,855,43,804,1,1,1,3,P03
2,856,17,473,1,1,1,3,P03
2,857,34,886,1,3,1,3,P03
2,858,38,827,1,3,1,3,P03
2,859,23,530,1,2,1,3,P03
2,860,40,793,1,3,1,3,P03
2,861,15,403,1,2,1,3,P03
2,862,20,627,1,5,1,3,P03
2,863,28,878,1,1,1,3,P03
2,864,32,854,1,1,1,3,P03
2,865,36,720,1,4,1,3,P03
2,866,17,531,1,2,1,3,P03
2,867,16,407,1,5,1,3,P03
2,868,25,424,1,4,1,3,P03
2,869,32,766,1,3,1,3,P03
2,870,41,665,1,2,1,3,P03
2,871,21,524,1,4,1,3,P03
2,872,40,915,1,1,1,3,P03
2,873,27,638,1,2,1,3,P03
2,874,13,408,1,5,1,3,P03
2,875,27,709,1,2,1,3,P03
2,876,29,960,1,7,1,3,P03
2,877,17,543,1,4,1,3,P03
2,878,30,589,1,6,1,3,P03
2,879,31,653,1,3,1,3,P03
2,880,23,717,1,3,1,3,P03
2,881,34,867,1,5,1,3,P03
2,882,34,603,1,1,1,3,P03
2,883,28,712,1,4,1,3,P03
2,884,50,945,1,3,1,3,P03
2,885,31,805,1,1,1,3,P03
2,886,23,633,1,2,1,3,P03
2,887,22,403,1,5,1,3,P03
2,888,35,828,1,7,1,3,P03
2,889,30,706,1,2,1,3,P03
2,890,23,419,1,5,1,3,P03
2,891,20,547,1,2,1,3,P03
2,892,17,671,1,1,1,3,P03
2,893,27,603,1,3,1,3,P03
2,894,41,857,1,1,1,3,P03
2,895,35,896,1,2,1,3,P03
2,896,40,832,1,3,1,3,P03
2,897,32,674,1,2,1,3,P03
2,898,43,838,1,1,1,3,P03
2,899,35,714,1,3,1,3,P03
2,900,39,834,1,2,1,3,P03
2,901,23,516,1,6,1,3,P03
2,902,18,392,1,5,1,3,P03
2,903,31,469,1,1,1,3,P03
2,904,49,914,1,3,1,3,P03
2,905,15,407,1,1,1,3,P03
2,906,24,526,1,4,1,3,P03
2,907,45,943,1,1,1,3,P03
2,908,25,789,1,2,1,3,P03
2,909,19,490,1,1,1,3,P03
2,910,26,405,1,1,1,3,P03
2,911,32,954,1,1,1,3,P03
2,912,17,417,1,3,1,3,P03
2,913,26,515,1,2,1,3,P03
2,914,23,699,1,4,1,3,P03
2,915,43,817,1,5,1,3,P03
2,916,26,639,1,6,1,3,P03
2,917,25,626,1,1,1,3,P03
2,918,20,696,1,3,1,3,P03
2,919,40,765,1,6,1,3,P03
2,920,33,639,1,1,1,3,P03
2,921,27,663,1,3,1,3,P03
2,922,19,651,1,2,1,3,P03
2,923,30,501,1,4,1,3,P03
2,924,42,682,1,2,1,3,P03
2,925,34,754,1,1,1,3,P03
2,926,10,448,1,5,1,3,P03
2,927,21,601,1,3,1,3,P03
2,928,28,721,1,1,1,3,P03
2,929,35,886,1,1,1,3,P03
2,930,42,928,1,3,1,3,P03
2,931,16,623,1,1,1,3,P03
2,932,36,560,1,1,1,3,P03
2,933,37,860,1,3,1,3,P03
2,934,35,909,1,1,1,3,P03
2,935,32,658,1,1,1,3,P03
2,936,22,416,1,3,1,3,P03
2,937,23,507,1,1,1,3,P03
2,938,40,945,1,1,1,3,P03
2,939,16,433,1,4,1,3,P03
2,940,34,757,1,4,1,3,P03
2,941,30,878,1,6,1,3,P03
2,942,35,743,1,3,1,3,P03
2,943,24,797,1,1,1,3,P03
2,944,26,772,1,3,1,3,P03
2,945,22,495,1,8,1,3,P03
2,946,32,646,1,1,1,3,P03
2,947,29,742,1,3,1,3,P03
2,948,30,566,1,5,1,3,P03
2,949,22,497,1,1,1,3,P03
2,950,43,912,1,3,1,3,P03
2,951,35,916,1,2,1,3,P03
2,952,52,831,1,3,1,3,P03
2,953,37,865,1,2,1,3,P03
2,954,26,497,1,1,1,3,P03
2,955,40,820,1,1,1,3,P03
2,956,43,814,1,1,1,3,P03
2,957,15,471,1,9,1,3,P03
2,958,22,560,1,2,1,3,P03
2,959,29,617,1,6,1,3,P03
2,960,14,474,1,1,1,3,P03
2,961,38,923,1,2,1,3,P03
2,962,20,511,1,1,1,3,P03
2,963,29,431,1,4,1,3,P03
2,964,30,522,1,4,1,3,P03
2,965,31,639,1,3,1,3,P03
2,966,19,385,1,2,1,3,P03
2,967,21,513,1,7,1,3,P03
2,968,22,623,1,2,1,3,P03
2,969,41,646,1,4,1,3,P03
2,970,31,906,1,5,1,3,P03
2,971,28,591,1,7,1,3,P03
2,972,34,964,1,5,1,3,P03
2,973,32,857,1,1,1,3,P03
2,974,35,766,1,4,1,3,P03
2,975,42,891,1,5,1,3,P03
2,976,30,582,1,3,1,3,P03
2,977,40,872,1,3,1,3,P03
2,978,26,918,1,4,1,3,P03
2,979,41,855,1,2,1,3,P03
2,980,30,759,1,2,1,3,P03
2,981,39,945,1,2,1,3,P03
2,982,25,437,1,6,1,3,P03
2,983,29,733,1,1,1,3,P03
2,984,23,606,1,2,1,3,P03
2,985,22,543,1,3,1,3,P03
2,986,24,488,1,6,1,3,P03
2,987,32,658,1,1,1,3,P03
2,988,33,617,1,3,1,3,P03
2,989,30,614,1,6,1,3,P03
2,990,30,849,1,1,1,3,P03
2,991,25,649,1,3,1,3,P03
2,992,19,418,1,6,1,3,P03
2,993,53,855,1,1,1,3,P03
2,994,40,712,1,4,1,3,P03
2,995,18,515,1,7,1,3,P03
2,996,32,825,1,3,1,3,P03
2,997,17,594,1,1,1,3,P03
2,998,25,778,1,4,1,3,P03
2,999,25,724,1,2,1,3,P03
2,1000,36,886,1,1,1,3,P03
3,1,85,833,1,1,1,1,P03
3,2,89,681,1,1,1,1,P03
3,3,79,832,1,1,1,1,P03
3,4,33,371,1,2,1,1,P03
3,5,58,487,1,1,1,1,P03
3,6,53,604,1,2,1,1,P03
3,7,46,500,1,1,1,1,P03
3,8,50,419,1,2,1,1,P03
3,9,76,826,1,2,1,1,P03
3,10,76,784,1,1,1,1,P03
3,11,93,825,1,1,1,1,P03
3,12,71,901,1,1,1,1,P03
3,13,64,632,1,1,1,1,P03
3,14,62,643,1,2,1,1,P03
3,15,67,787,1,1,1,1,P03
3,16,34,417,1,1,1,1,P03
3,17,77,841,1,1,1,1,P03
3,18,98,889,1,4,1,1,P03
3,19,35,398,1,1,1,1,P03
3,20,67,629,1,1,1,1,P03
3,21,98,892,1,2,1,1,P03
3,22,105,852,1,1,1,1,P03
3,23,77,689,1,2,1,1,P03
3,24,54,668,1,1,1,1,P03
3,25,93,812,1,3,1,1,P03
3,26,33,382,1,1,1,1,P03
3,27,50,524,1,1,1,1,P03
3,28,48,497,1,1,1,1,P03
3,29,89,898,1,1,1,1,P03
3,30,80,765,1,1,1,1,P03
3,31,103,862,1,1,1,1,P03
3,32,63,518,1,1,1,1,P03
3,33,49,566,1,1,1,1,P03
3,34,58,595,1,1,1,1,P03
3,35,60,689,1,1,1,1,P03
3,36,73,651,1,1,1,1,P03
3,37,51,588,1,2,1,1,P03
3,38,67,659,1,1,1,1,P03
3,39,47,596,1,1,1,1,P03
3,40,86,771,1,2,1,1,P03
3,41,76,797,1,2,1,1,P03
3,42,30,413,1,1,1,1,P03
3,43,74,511,1,1,1,1,P03
3,44,77,866,1,1,1,1,P03
3,45,92,802,1,1,1,1,P03
3,46,71,656,1,1,1,1,P03
3,47,27,373,1,1,1,1,P03
3,48,59,569,1,1,1,1,P03
3,49,88,838,1,1,1,1,P03
3,50,57,724,1,2,1,1,P03
3,51,82,868,1,2,1,1,P03
3,52,36,375,1,1,1,1,P03
3,53,59,539,1,1,1,1,P03
3,54,37,381,1,1,1,1,P03
3,55,60,738,1,1,1,1,P03
3,56,32,380,1,1,1,1,P03
3,57,73,641,1,1,1,1,P03
3,58,91,775,2,1,1,1,P03
3,59,50,641,1,2,1,1,P03
3,60,69,739,1,1,1,1,P03
3,61,64,656,1,4,1,1,P03
3,62,80,801,1,1,1,1,P03
3,63,55,501,1,2,1,1,P03
3,64,81,816,1,1,1,1,P03
3,65,62,741,1,1,1,1,P03
3,66,38,362,1,1,1,1,P03
3,67,49,536,1,1,1,1,P03
3,68,69,487,1,1,1,1,P03
3,69,69,810,1,1,1,1,P03
3,70,69,568,1,1,1,1,P03
3,71,86,742,1,1,1,1,P03
3,72,74,796,1,1,1,1,P03
3,73,106,792,1,1,1,1,P03
3,74,65,650,1,1,1,1,P03
3,75,60,680,1,1,1,1,P03
3,76,67,725,1,1,1,1,P03
3,77,41,389,1,1,1,1,P03
3,78,60,475,1,1,1,1,P03
3,79,63,584,1,1,1,1,P03
3,80,50,481,1,1,1,1,P03
3,81,80,892,1,6,1,1,P03
3,82,79,715,1,1,1,1,P03
3,83,41,533,1,2,1,1,P03
3,84,55,514,1,1,1,1,P03
3,85,72,694,1,2,1,1,P03
3,86,54,520,1,4,1,1,P03
3,87,76,822,1,1,1,1,P03
3,88,47,488,1,1,1,1,P03
3,89,50,389,1,1,1,1,P03
3,90,51,608,1,1,1,1,P03
3,91,71,869,1,1,1,1,P03
3,92,54,674,1,1,1,1,P03
3,93,68,716,1,1,1,1,P03
3,94,77,752,1,1,1,1,P03
3,95,64,651,1,2,1,1,P03
3,96,65,550,1,1,1,1,P03
3,97,65,519,1,1,1,1,P03
3,98,74,899,1,1,1,1,P03
3,99,47,565,1,1,1,1,P03
3,100,47,481,1,1,1,1,P03
3,101,52,454,1,1,1,1,P03
3,102,68,763,1,1,1,1,P03
3,103,30,412,1,1,1,1,P03
3,104,53,695,1,2,1,1,P03
3,105,64,722,1,1,1,1,P03
3,106,37,521,1,2,1,1,P03
3,107,84,698,1,1,1,1,P03
3,108,88,698,1,1,1,1,P03
3,109,46,664,1,1,1,1,P03
3,110,74,800,1,3,1,1,P03
3,111,63,815,1,1,1,1,P03
3,112,76,840,1,1,1,1,P03
3,113,66,739,1,1,1,1,P03
3,114,81,842,1,1,1,1,P03
3,115,105,742,1,1,1,1,P03
3,116,77,692,1,1,1,1,P03
3,117,57,452,1,1,1,1,P03
3,118,71,592,1,1,1,1,P03
3,119,58,676,1,1,1,1,P03
3,120,60,579,1,1,1,1,P03
3,121,70,578,1,2,1,1,P03
3,122,74,775,1,3,1,1,P03
3,123,41,463,1,1,1,1,P03
3,124,73,674,1,1,1,1,P03
3,125,58,623,1,1,1,1,P03
3,126,80,909,1,1,1,1,P03
3,127,41,539,1,1,1,1,P03
3,128,78,757,1,2,1,1,P03
3,129,71,472,1,1,1,1,P03
3,130,37,399,1,1,1,1,P03
3,131,51,476,1,2,1,1,P03
3,132,58,493,1,1,1,1,P03
3,133,52,476,1,3,1,1,P03
3,134,102,893,1,1,1,1,P03
3,135,60,658,1,1,1,1,P03
3,136,51,711,1,2,1,1,P03
3,137,53,454,1,1,1,1,P03
3,138,42,521,1,1,1,1,P03
3,139,22,383,1,1,1,1,P03
3,140,59,490,1,1,1,1,P03
3,141,80,875,1,1,1,1,P03
3,142,71,724,1,2,1,1,P03
3,143,76,737,1,1,1,1,P03
3,144,62,667,1,1,1,1,P03
3,145,42,418,1,1,1,1,P03
3,146,84,857,1,1,1,1,P03
3,147,56,577,1,2,1,1,P03
3,148,75,836,1,1,1,1,P03
3,149,41,400,1,2,1,1,P03
3,150,81,868,1,1,1,1,P03
3,151,87,808,1,1,1,1,P03
3,152,96,865,1,1,1,1,P03
3,153,73,795,1,1,1,1,P03
3,154,36,406,1,1,1,1,P03
3,155,104,890,1,1,1,1,P03
3,156,55,532,1,1,1,1,P03
3,157,80,618,1,2,1,1,P03
3,158,53,785,1,1,1,1,P03
3,159,101,888,1,1,1,1,P03
3,160,67,858,1,2,1,1,P03
3,161,59,557,1,1,1,1,P03
3,162,71,652,1,1,1,1,P03
3,163,106,811,1,1,1,1,P03
3,164,51,442,1,1,1,1,P03
3,165,44,362,1,3,1,1,P03
3,166,87,836,1,1,1,1,P03
3,167,65,636,1,1,1,1,P03
3,168,37,384,1,2,1,1,P03
3,169,42,401,1,1,1,1,P03
3,170,82,813,1,1,1,1,P03
3,171,50,595,1,1,1,1,P03
3,172,56,652,1,1,1,1,P03
3,173,55,400,1,1,1,1,P03
3,174,51,443,1,1,1,1,P03
3,175,73,657,1,1,1,1,P03
3,176,49,598,1,1,1,1,P03
3,177,56,529,1,1,1,1,P03
3,178,58,541,1,1,1,1,P03
3,179,67,682,1,1,1,1,P03
3,180,89,833,1,1,1,1,P03
3,181,55,656,1,2,1,1,P03
3,182,27,464,1,1,1,1,P03
3,183,65,686,1,1,1,1,P03
3,184,104,861,1,1,1,1,P03
3,185,63,740,1,1,1,1,P03
3,186,36,450,1,2,1,1,P03
3,187,69,632,2,1,1,1,P03
3,188,60,517,3,1,1,1,P03
3,189,87,842,1,1,1,1,P03
3,190,28,459,1,3,1,1,P03
3,191,43,398,1,1,1,1,P03
3,192,53,629,1,1,1,1,P03
3,193,113,868,1,1,1,1,P03
3,194,92,725,1,2,1,1,P03
3,195,41,457,1,1,1,1,P03
3,196,62,623,1,1,1,1,P03
3,197,43,441,1,1,1,1,P03
3,198,74,618,1,1,1,1,P03
3,199,64,544,1,2,1,1,P03
3,200,41,397,1,1,1,1,P03
3,201,65,677,1,1,1,1,P03
3,202,53,758,1,2,1,1,P03
3,203,88,868,1,1,1,1,P03
3,204,44,410,1,1,1,1,P03
3,205,45,528,1,1,1,1,P03
3,206,48,493,1,1,1,1,P03
3,207,52,534,1,3,1,1,P03
3,208,71,916,1,1,1,1,P03
3,209,48,575,1,1,1,1,P03
3,210,47,438,1,1,1,1,P03
3,211,88,859,1,2,1,1,P03
3,212,60,584,1,1,1,1,P03
3,213,73,847,1,2,1,1,P03
3,214,51,528,1,2,1,1,P03
3,215,65,650,1,1,1,1,P03
3,216,62,610,1,1,1,1,P03
3,217,36,466,1,3,1,1,P03
3,218,45,548,1,1,1,1,P03
3,219,76,585,1,1,1,1,P03
3,220,42,365,1,1,1,1,P03
3,221,29,407,1,1,1,1,P03
3,222,69,489,1,2,1,1,P03
3,223,74,809,1,1,1,1,P03
3,224,44,411,1,1,1,1,P03
3,225,48,678,1,1,1,1,P03
3,226,86,646,1,1,1,1,P03
3,227,76,796,1,1,1,1,P03
3,228,81,731,1,1,1,1,P03
3,229,99,817,1,1,1,1,P03
3,230,71,611,1,1,1,1,P03
3,231,80,660,1,1,1,1,P03
3,232,76,722,1,1,1,1,P03
3,233,54,667,1,1,1,1,P03
3,234,42,517,1,1,1,1,P03
3,235,44,438,1,1,1,1,P03
3,236,52,470,1,1,1,1,P03
3,237,54,643,1,2,1,1,P03
3,238,86,695,1,2,1,1,P03
3,239,36,384,1,3,1,1,P03
3,240,94,881,1,3,1,1,P03
3,241,65,797,1,1,1,1,P03
3,242,38,460,1,1,1,1,P03
3,243,63,512,1,1,1,1,P03
3,244,71,647,1,1,1,1,P03
3,245,39,384,1,1,1,1,P03
3,246,55,560,1,1,1,1,P03
3,247,88,904,1,1,1,1,P03
3,248,95,847,1,1,1,1,P03
3,249,82,631,1,2,1,1,P03
3,250,78,749,1,1,1,1,P03
3,251,49,473,1,1,1,1,P03
3,252,64,734,1,1,1,1,P03
3,253,63,624,1,1,1,1,P03
3,254,69,857,1,1,1,1,P03
3,255,74,740,1,1,1,1,P03
3,256,49,502,1,1,1,1,P03
3,257,82,716,1,3,1,1,P03
3,258,57,468,1,1,1,1,P03
3,259,44,445,1,1,1,1,P03
3,260,46,747,1,1,1,1,P03
3,261,35,387,1,1,1,1,P03
3,262,77,840,1,2,1,1,P03
3,263,56,605,1,1,1,1,P03
3,264,41,532,1,1,1,1,P03
3,265,53,569,1,3,1,1,P03
3,266,82,801,1,1,1,1,P03
3,267,70,782,1,1,1,1,P03
3,268,54,516,1,1,1,1,P03
3,269,60,685,1,2,1,1,P03
3,270,63,547,1,1,1,1,P03
3,271,77,759,1,1,1,1,P03
3,272,69,700,1,1,1,1,P03
3,273,67,515,1,1,1,1,P03
3,274,74,893,1,1,1,1,P03
3,275,65,598,1,1,1,1,P03
3,276,47,709,1,2,1,1,P03
3,277,88,866,1,1,1,1,P03
3,278,82,855,1,1,1,1,P03
3,279,57,580,1,1,1,1,P03
3,280,49,504,1,1,1,1,P03
3,281,38,580,1,1,1,1,P03
3,282,75,560,1,1,1,1,P03
3,283,95,902,1,1,1,1,P03
3,284,51,437,1,3,1,1,P03
3,285,47,444,1,2,1,1,P03
3,286,104,637,1,1,1,1,P03
3,287,43,366,1,3,1,1,P03
3,288,46,483,1,1,1,1,P03
3,289,78,603,1,1,1,1,P03
3,290,62,880,1,2,1,1,P03
3,291,97,893,1,1,1,1,P03
3,292,45,573,1,3,1,1,P03
3,293,55,567,1,1,1,1,P03
3,294,78,793,1,1,1,1,P03
3,295,63,791,1,1,1,1,P03
3,296,50,497,1,1,1,1,P03
3,297,121,846,1,3,1,1,P03
3,298,65,544,1,2,1,1,P03
3,299,71,656,1,1,1,1,P03
3,300,51,665,1,1,1,1,P03
3,301,67,520,1,1,1,1,P03
3,302,83,904,1,3,1,1,P03
3,303,99,812,1,1,1,1,P03
3,304,46,401,1,1,1,1,P03
3,305,47,532,1,1,1,1,P03
3,306,69,757,1,1,1,1,P03
3,307,79,819,1,1,1,1,P03
3,308,32,387,1,1,1,1,P03
3,309,36,504,1,1,1,1,P03
3,310,76,887,1,2,1,1,P03
3,311,36,516,1,1,1,1,P03
3,312,39,590,1,1,1,1,P03
3,313,79,908,1,1,1,1,P03
3,314,34,379,1,1,1,1,P03
3,315,56,726,1,1,1,1,P03
3,316,77,699,1,2,1,1,P03
3,317,42,429,1,1,1,1,P03
3,318,41,393,1,1,1,1,P03
3,319,73,675,1,1,1,1,P03
3,320,70,544,1,1,1,1,P03
3,321,85,911,1,1,1,1,P03
3,322,92,807,1,1,1,1,P03
3,323,66,573,1,1,1,1,P03
3,324,67,644,1,1,1,1,P03
3,325,65,562,1,1,1,1,P03
3,326,63,561,1,1,1,1,P03
3,327,47,495,1,1,1,1,P03
3,328,85,851,1,1,1,1,P03
3,329,96,744,1,1,1,1,P03
3,330,33,385,1,1,1,1,P03
3,331,53,412,1,1,1,1,P03
3,332,49,585,1,1,1,1,P03
3,333,41,375,1,3,1,1,P03
3,334,91,872,1,1,1,1,P03
3,335,41,414,1,4,1,1,P03
3,336,63,583,1,2,1,1,P03
3,337,93,900,1,2,1,1,P03
3,338,66,713,1,1,1,1,P03
3,339,47,454,1,3,1,1,P03
3,340,78,606,1,2,1,1,P03
3,341,77,876,1,1,1,1,P03
3,342,56,618,1,1,1,1,P03
3,343,71,626,1,2,1,1,P03
3,344,41,484,1,1,1,1,P03
3,345,51,519,1,1,1,1,P03
3,346,70,782,1,1,1,1,P03
3,347,102,836,1,1,1,1,P03
3,348,60,513,1,1,1,1,P03
3,349,44,482,1,1,1,1,P03
3,350,48,534,1,1,1,1,P03
3,351,74,768,1,1,1,1,P03
3,352,32,422,1,2,1,1,P03
3,353,83,784,1,1,1,1,P03
3,354,70,870,1,1,1,1,P03
3,355,41,545,1,1,1,1,P03
3,356,57,661,1,1,1,1,P03
3,357,59,589,1,1,1,1,P03
3,358,50,536,1,1,1,1,P03
3,359,72,797,1,1,1,1,P03
3,360,82,759,1,1,1,1,P03
3,361,60,529,1,2,1,1,P03
3,362,79,637,1,1,1,1,P03
3,363,46,473,1,1,1,1,P03
3,364,49,532,1,2,1,1,P03
3,365,58,529,1,1,1,1,P03
3,366,85,886,1,1,1,1,P03
3,367,66,806,1,1,1,1,P03
3,368,39,407,1,1,1,1,P03
3,369,76,606,1,1,1,1,P03
3,370,52,390,1,1,1,1,P03
3,371,51,687,1,1,1,1,P03
3,372,63,752,1,2,1,1,P03
3,373,52,598,1,2,1,1,P03
3,374,79,866,1,1,1,1,P03
3,375,51,531,1,1,1,1,P03
3,376,99,873,1,1,1,1,P03
3,377,83,820,1,1,1,1,P03
3,378,67,716,1,2,1,1,P03
3,379,26,394,1,1,1,1,P03
3,380,71,666,1,2,1,1,P03
3,381,82,810,1,3,1,1,P03
3,382,46,479,1,2,1,1,P03
3,383,59,639,1,2,1,1,P03
3,384,30,408,1,1,1,1,P03
3,385,45,469,1,2,1,1,P03
3,386,71,530,1,2,1,1,P03
3,387,71,786,1,1,1,1,P03
3,388,66,574,1,1,1,1,P03
3,389,76,731,1,4,1,1,P03
3,390,60,667,1,2,1,1,P03
3,391,47,528,1,3,1,1,P03
3,392,75,640,1,1,1,1,P03
3,393,72,717,1,1,1,1,P03
3,394,68,460,1,1,1,1,P03
3,395,56,593,1,1,1,1,P03
3,396,50,592,1,1,1,1,P03
3,397,52,472,1,1,1,1,P03
3,398,74,683,1,1,1,1,P03
3,399,28,447,1,1,1,1,P03
3,400,54,515,1,1,1,1,P03
3,401,46,360,1,1,1,1,P03
3,402,29,371,1,1,1,1,P03
3,403,81,767,1,1,1,1,P03
3,404,60,599,1,1,1,1,P03
3,405,66,617,1,1,1,1,P03
3,406,28,394,1,1,1,1,P03
3,407,87,823,1,1,1,1,P03
3,408,73,912,1,1,1,1,P03
3,409,73,834,1,1,1,1,P03
3,410,61,556,1,2,1,1,P03
3,411,46,605,1,1,1,1,P03
3,412,79,791,1,1,1,1,P03
3,413,25,392,1,2,1,1,P03
3,414,36,373,1,1,1,1,P03
3,415,67,651,1,1,1,1,P03
3,416,71,800,1,1,1,1,P03
3,417,59,559,1,3,1,1,P03
3,418,100,852,1,1,1,1,P03
3,419,72,865,1,1,1,1,P03
3,420,80,913,1,1,1,1,P03
3,421,53,386,1,1,1,1,P03
3,422,55,845,1,1,1,1,P03
3,423,75,802,1,1,1,1,P03
3,424,80,795,1,1,1,1,P03
3,425,94,826,1,1,1,1,P03
3,426,38,491,1,3,1,1,P03
3,427,68,687,1,1,1,1,P03
3,428,51,467,1,1,1,1,P03
3,429,77,704,1,1,1,1,P03
3,430,64,734,1,1,1,1,P03
3,431,42,587,1,4,1,1,P03
3,432,56,472,1,1,1,1,P03
3,433,111,832,1,1,1,1,P03
3,434,73,764,1,1,1,1,P03
3,435,39,470,1,1,1,1,P03
3,436,67,801,1,1,1,1,P03
3,437,64,810,1,1,1,1,P03
3,438,64,706,1,1,1,1,P03
3,439,39,502,1,1,1,1,P03
3,440,51,444,1,1,1,1,P03
3,441,94,814,1,1,1,1,P03
3,442,61,732,1,1,1,1,P03
3,443,61,529,1,1,1,1,P03
3,444,76,702,1,1,1,1,P03
3,445,70,660,1,2,1,1,P03
3,446,61,522,1,1,1,1,P03
3,447,76,764,1,2,1,1,P03
3,448,86,723,2,1,1,1,P03
3,449,77,722,1,2,1,1,P03
3,450,37,431,1,1,1,1,P03
3,451,66,877,1,1,1,1,P03
3,452,47,551,1,1,1,1,P03
3,453,74,797,1,1,1,1,P03
3,454,42,486,1,2,1,1,P03
3,455,97,872,1,1,1,1,P03
3,456,80,761,1,1,1,1,P03
3,457,67,749,1,1,1,1,P03
3,458,92,841,1,1,1,1,P03
3,459,88,883,1,3,1,1,P03
3,460,92,785,1,1,1,1,P03
3,461,39,397,1,2,1,1,P03
3,462,57,481,1,1,1,1,P03
3,463,66,708,1,1,1,1,P03
3,464,76,751,1,3,1,1,P03
3,465,89,803,1,4,1,1,P03
3,466,61,779,1,1,1,1,P03
3,467,60,772,1,2,1,1,P03
3,468,34,391,1,1,1,1,P03
3,469,67,850,1,1,1,1,P03
3,470,71,640,1,1,1,1,P03
3,471,65,540,1,3,1,1,P03
3,472,76,738,1,1,1,1,P03
3,473,71,537,1,1,1,1,P03
3,474,56,581,1,1,1,1,P03
3,475,68,769,1,2,1,1,P03
3,476,61,708,1,1,1,1,P03
3,477,72,676,1,1,1,1,P03
3,478,54,522,1,1,1,1,P03
3,479,88,749,1,2,1,1,P03
3,480,75,659,1,2,1,1,P03
3,481,58,567,1,2,1,1,P03
3,482,70,573,1,1,1,1,P03
3,483,48,395,1,3,1,1,P03
3,484,96,854,1,1,1,1,P03
3,485,45,355,1,1,1,1,P03
3,486,55,673,1,2,1,1,P03
3,487,83,762,1,1,1,1,P03
3,488,29,395,1,3,1,1,P03
3,489,61,528,1,1,1,1,P03
3,490,61,637,1,1,1,1,P03
3,491,82,719,1,1,1,1,P03
3,492,52,511,1,1,1,1,P03
3,493,67,602,1,1,1,1,P03
3,494,82,755,1,1,1,1,P03
3,495,69,624,1,2,1,1,P03
3,496,65,608,1,1,1,1,P03
3,497,74,730,1,1,1,1,P03
3,498,64,846,1,1,1,1,P03
3,499,53,443,1,2,1,1,P03
3,500,91,905,1,1,1,1,P03
3,501,88,800,1,1,1,1,P03
3,502,51,516,1,1,1,1,P03
3,503,72,731,1,3,1,1,P03
3,504,81,790,1,1,1,1,P03
3,505,72,649,1,1,1,1,P03
3,506,63,696,1,2,1,1,P03
3,507,74,745,1,3,1,1,P03
3,508,83,775,1,1,1,1,P03
3,509,78,841,1,1,1,1,P03
3,510,32,445,1,1,1,1,P03
3,511,78,890,1,1,1,1,P03
3,512,79,635,1,1,1,1,P03
3,513,63,661,1,1,1,1,P03
3,514,94,688,1,1,1,1,P03
3,515,56,658,1,1,1,1,P03
3,516,94,825,1,2,1,1,P03
3,517,51,658,1,1,1,1,P03
3,518,60,661,1,3,1,1,P03
3,519,61,671,1,1,1,1,P03
3,520,58,584,1,1,1,1,P03
3,521,66,701,1,1,1,1,P03
3,522,58,601,1,3,1,1,P03
3,523,77,887,1,1,1,1,P03
3,524,79,772,1,1,1,1,P03
3,525,38,493,1,1,1,1,P03
3,526,47,427,1,1,1,1,P03
3,527,67,900,1,1,1,1,P03
3,528,69,747,1,1,1,1,P03
3,529,85,668,1,1,1,1,P03
3,530,34,463,1,2,1,1,P03
3,531,73,827,1,4,1,1,P03
3,532,87,811,1,1,1,1,P03
3,533,86,759,1,1,1,1,P03
3,534,60,602,1,3,1,1,P03
3,535,51,426,1,1,1,1,P03
3,536,61,630,1,1,1,1,P03
3,537,48,581,1,1,1,1,P03
3,538,44,442,1,1,1,1,P03
3,539,42,464,1,1,1,1,P03
3,540,67,807,1,2,1,1,P03
3,541,66,700,1,2,1,1,P03
3,542,36,411,1,1,1,1,P03
3,543,54,803,1,1,1,1,P03
3,544,35,568,1,1,1,1,P03
3,545,81,829,1,2,1,1,P03
3,546,48,451,1,1,1,1,P03
3,547,48,535,1,1,1,1,P03
3,548,73,734,1,1,1,1,P03
3,549,84,809,1,1,1,1,P03
3,550,48,487,1,1,1,1,P03
3,551,84,772,1,1,1,1,P03
3,552,56,748,1,1,1,1,P03
3,553,68,652,1,1,1,1,P03
3,554,65,617,1,1,1,1,P03
3,555,79,621,1,1,1,1,P03
3,556,89,746,1,1,1,1,P03
3,557,59,527,1,1,1,1,P03
3,558,88,682,1,1,1,1,P03
3,559,94,826,1,1,1,1,P03
3,560,43,464,1,1,1,1,P03
3,561,42,389,1,3,1,1,P03
3,562,81,654,1,2,1,1,P03
3,563,68,404,1,2,1,1,P03
3,564,34,422,1,1,1,1,P03
3,565,93,818,1,1,1,1,P03
3,566,64,611,1,1,1,1,P03
3,567,36,417,1,1,1,1,P03
3,568,67,547,1,1,1,1,P03
3,569,74,723,1,1,1,1,P03
3,570,45,627,1,1,1,1,P03
3,571,41,467,1,2,1,1,P03
3,572,61,723,1,1,1,1,P03
3,573,68,599,1,1,1,1,P03
3,574,52,549,1,1,1,1,P03
3,575,46,495,1,1,1,1,P03
3,576,76,705,1,1,1,1,P03
3,577,38,416,1,1,1,1,P03
3,578,94,867,1,1,1,1,P03
3,579,54,596,1,2,1,1,P03
3,580,44,414,1,2,1,1,P03
3,581,96,760,1,1,1,1,P03
3,582,52,509,1,1,1,1,P03
3,583,54,417,1,1,1,1,P03
3,584,50,500,1,1,1,1,P03
3,585,50,552,1,2,1,1,P03
3,586,54,685,1,1,1,1,P03
3,587,103,882,1,1,1,1,P03
3,588,48,392,1,1,1,1,P03
3,589,52,668,1,2,1,1,P03
3,590,87,821,1,1,1,1,P03
3,591,34,435,1,1,1,1,P03
3,592,35,481,1,1,1,1,P03
3,593,63,683,1,2,1,1,P03
3,594,96,888,1,1,1,1,P03
3,595,53,466,1,3,1,1,P03
3,596,54,532,1,1,1,1,P03
3,597,76,822,1,1,1,1,P03
3,598,42,519,1,1,1,1,P03
3,599,54,630,1,1,1,1,P03
3,600,72,623,1,1,1,1,P03
3,601,40,362,1,3,1,1,P03
3,602,44,476,1,1,1,1,P03
3,603,65,627,1,2,1,1,P03
3,604,79,722,1,1,1,1,P03
3,605,80,833,1,1,1,1,P03
3,606,45,410,1,1,1,1,P03
3,607,39,392,1,1,1,1,P03
3,608,68,617,1,1,1,1,P03
3,609,46,453,1,1,1,1,P03
3,610,81,646,1,1,1,1,P03
3,611,46,474,1,1,1,1,P03
3,612,35,386,1,1,1,1,P03
3,613,56,696,1,1,1,1,P03
3,614,66,618,1,1,1,1,P03
3,615,91,867,1,1,1,1,P03
3,616,41,428,1,1,1,1,P03
3,617,49,559,1,1,1,1,P03
3,618,62,591,1,1,1,1,P03
3,619,57,525,1,1,1,1,P03
3,620,57,483,1,1,1,1,P03
3,621,79,759,1,1,1,1,P03
3,622,71,702,1,1,1,1,P03
3,623,34,529,1,2,1,1,P03
3,624,77,714,1,1,1,1,P03
3,625,61,496,1,2,1,1,P03
3,626,83,749,1,1,1,1,P03
3,627,98,814,1,1,1,1,P03
3,628,86,907,1,1,1,1,P03
3,629,60,811,1,1,1,1,P03
3,630,43,545,1,1,1,1,P03
3,631,71,886,1,1,1,1,P03
3,632,36,376,1,2,1,1,P03
3,633,76,702,1,1,1,1,P03
3,634,64,532,1,2,1,1,P03
3,635,31,453,1,1,1,1,P03
3,636,38,382,1,1,1,1,P03
3,637,51,441,1,2,1,1,P03
3,638,80,842,1,2,1,1,P03
3,639,53,579,1,1,1,1,P03
3,640,39,388,1,1,1,1,P03
3,641,38,584,1,1,1,1,P03
3,642,83,861,1,1,1,1,P03
3,643,107,816,1,1,1,1,P03
3,644,80,697,1,1,1,1,P03
3,645,96,843,1,1,1,1,P03
3,646,68,802,1,1,1,1,P03
3,647,67,805,1,1,1,1,P03
3,648,40,417,1,1,1,1,P03
3,649,81,712,1,1,1,1,P03
3,650,97,840,1,1,1,1,P03
3,651,75,556,1,1,1,1,P03
3,652,55,563,1,1,1,1,P03
3,653,39,524,1,1,1,1,P03
3,654,96,811,1,3,1,1,P03
3,655,61,480,1,1,1,1,P03
3,656,57,719,1,2,1,1,P03
3,657,48,446,1,1,1,1,P03
3,658,93,803,1,1,1,1,P03
3,659,91,810,1,1,1,1,P03
3,660,62,659,1,1,1,1,P03
3,661,54,664,1,1,1,1,P03
3,662,38,383,1,2,1,1,P03
3,663,41,387,1,2,1,1,P03
3,664,53,522,1,1,1,1,P03
3,665,50,712,1,2,1,1,P03
3,666,42,591,1,2,1,1,P03
3,667,37,532,1,1,1,1,P03
3,668,47,588,1,1,1,1,P03
3,669,52,599,1,1,1,1,P03
3,670,68,610,1,1,1,1,P03
3,671,78,670,1,1,1,1,P03
3,672,61,804,1,1,1,1,P03
3,673,68,769,1,1,1,1,P03
3,674,52,418,1,3,1,1,P03
3,675,80,696,1,3,1,1,P03
3,676,43,444,1,1,1,1,P03
3,677,50,402,1,1,1,1,P03
3,678,82,746,1,1,1,1,P03
3,679,92,783,1,1,1,1,P03
3,680,107,685,1,1,1,1,P03
3,681,55,563,1,1,1,1,P03
3,682,71,661,1,1,1,1,P03
3,683,106,849,1,1,1,1,P03
3,684,91,867,1,1,1,1,P03
3,685,82,855,1,3,1,1,P03
3,686,72,629,1,2,1,1,P03
3,687,56,544,1,1,1,1,P03
3,688,60,799,1,1,1,1,P03
3,689,87,844,1,3,1,1,P03
3,690,87,789,1,1,1,1,P03
3,691,47,391,1,1,1,1,P03
3,692,52,598,1,3,1,1,P03
3,693,54,637,1,1,1,1,P03
3,694,106,878,1,2,1,1,P03
3,695,48,639,1,3,1,1,P03
3,696,95,869,1,2,1,1,P03
3,697,60,526,1,1,1,1,P03
3,698,43,492,1,1,1,1,P03
3,699,96,763,1,3,1,1,P03
3,700,42,361,1,1,1,1,P03
3,701,92,895,1,2,1,1,P03
3,702,34,370,1,1,1,1,P03
3,703,98,844,1,3,1,1,P03
3,704,50,705,1,1,1,1,P03
3,705,41,497,1,1,1,1,P03
3,706,56,581,1,1,1,1,P03
3,707,48,477,1,1,1,1,P03
3,708,87,889,1,1,1,1,P03
3,709,63,643,1,1,1,1,P03
3,710,62,780,1,1,1,1,P03
3,711,52,440,1,1,1,1,P03
3,712,94,829,1,2,1,1,P03
3,713,66,624,1,1,1,1,P03
3,714,45,464,1,1,1,1,P03
3,715,40,379,1,3,1,1,P03
3,716,62,629,1,1,1,1,P03
3,717,62,730,1,1,1,1,P03
3,718,60,552,1,2,1,1,P03
3,719,61,553,1,2,1,1,P03
3,720,40,361,1,1,1,1,P03
3,721,48,504,1,1,1,1,P03
3,722,91,793,1,1,1,1,P03
3,723,92,890,1,1,1,1,P03
3,724,55,529,1,1,1,1,P03
3,725,52,716,1,1,1,1,P03
3,726,80,822,1,2,1,1,P03
3,727,38,522,1,1,1,1,P03
3,728,53,639,1,1,1,1,P03
3,729,50,421,1,1,1,1,P03
3,730,59,594,1,1,1,1,P03
3,731,57,533,1,1,1,1,P03
3,732,80,866,1,1,1,1,P03
3,733,82,848,1,1,1,1,P03
3,734,60,609,1,3,1,1,P03
3,735,45,577,1,1,1,1,P03
3,736,44,447,1,1,1,1,P03
3,737,46,642,1,1,1,1,P03
3,738,86,659,1,3,1,1,P03
3,739,88,895,1,1,1,1,P03
3,740,93,816,1,3,1,1,P03
3,741,57,473,1,1,1,1,P03
3,742,83,644,1,1,1,1,P03
3,743,52,548,1,2,1,1,P03
3,744,55,675,1,1,1,1,P03
3,745,56,565,1,1,1,1,P03
3,746,46,468,1,1,1,1,P03
3,747,67,859,1,1,1,1,P03
3,748,56,583,1,1,1,1,P03
3,749,38,420,1,1,1,1,P03
3,750,89,738,1,1,1,1,P03
3,751,62,530,1,1,1,1,P03
3,752,30,398,1,2,1,1,P03
3,753,84,759,1,1,1,1,P03
3,754,70,588,1,1,1,1,P03
3,755,84,819,1,1,1,1,P03
3,756,55,350,1,1,1,1,P03
3,757,48,537,1,1,1,1,P03
3,758,53,577,1,1,1,1,P03
3,759,57,590,1,1,1,1,P03
3,760,55,511,1,1,1,1,P03
3,761,86,801,1,1,1,1,P03
3,762,43,525,1,1,1,1,P03
3,763,80,736,1,2,1,1,P03
3,764,55,602,1,1,1,1,P03
3,765,80,851,1,1,1,1,P03
3,766,58,730,1,1,1,1,P03
3,767,49,438,1,1,1,1,P03
3,768,95,853,1,1,1,1,P03
3,769,47,531,1,1,1,1,P03
3,770,37,419,1,1,1,1,P03
3,771,50,411,1,1,1,1,P03
3,772,90,852,1,3,1,1,P03
3,773,80,702,1,1,1,1,P03
3,774,85,670,1,2,1,1,P03
3,775,118,697,1,1,1,1,P03
3,776,37,421,1,1,1,1,P03
3,777,75,834,1,1,1,1,P03
3,778,67,725,1,1,1,1,P03
3,779,60,592,1,2,1,1,P03
3,780,76,788,1,1,1,1,P03
3,781,79,778,1,1,1,1,P03
3,782,42,505,1,1,1,1,P03
3,783,100,853,1,1,1,1,P03
3,784,91,710,1,1,1,1,P03
3,785,84,763,1,1,1,1,P03
3,786,31,395,1,1,1,1,P03
3,787,76,663,1,1,1,1,P03
3,788,73,742,1,3,1,1,P03
3,789,68,651,1,1,1,1,P03
3,790,83,802,1,3,1,1,P03
3,791,53,557,1,2,1,1,P03
3,792,63,374,1,1,1,1,P03
3,793,70,688,1,1,1,1,P03
3,794,104,890,1,2,1,1,P03
3,795,44,492,1,1,1,1,P03
3,796,45,517,1,1,1,1,P03
3,797,56,598,1,2,1,1,P03
3,798,76,782,1,1,1,1,P03
3,799,41,540,1,1,1,1,P03
3,800,91,639,1,1,1,1,P03
3,801,33,417,1,1,1,1,P03
3,802,47,484,1,1,1,1,P03
3,803,52,484,1,1,1,1,P03
3,804,45,438,1,1,1,1,P03
3,805,46,494,1,2,1,1,P03
3,806,46,399,1,2,1,1,P03
3,807,51,602,1,1,1,1,P03
3,808,101,844,1,1,1,1,P03
3,809,81,886,1,2,1,1,P03
3,810,73,580,1,1,1,1,P03
3,811,73,659,1,3,1,1,P03
3,812,68,774,1,1,1,1,P03
3,813,34,368,1,1,1,1,P03
3,814,52,435,1,1,1,1,P03
3,815,74,670,1,1,1,1,P03
3,816,29,426,1,3,1,1,P03
3,817,61,616,1,2,1,1,P03
3,818,72,506,1,1,1,1,P03
3,819,85,753,1,1,1,1,P03
3,820,31,459,1,1,1,1,P03
3,821,29,409,1,2,1,1,P03
3,822,76,760,1,2,1,1,P03
3,823,69,743,1,1,1,1,P03
3,824,106,891,1,1,1,1,P03
3,825,55,605,1,1,1,1,P03
3,826,41,523,1,1,1,1,P03
3,827,74,624,1,2,1,1,P03
3,828,36,449,1,1,1,1,P03
3,829,75,898,1,1,1,1,P03
3,830,39,531,1,2,1,1,P03
3,831,54,456,1,1,1,1,P03
3,832,62,561,1,1,1,1,P03
3,833,46,509,1,1,1,1,P03
3,834,40,481,1,1,1,1,P03
3,835,62,560,1,1,1,1,P03
3,836,50,574,1,1,1,1,P03
3,837,61,767,1,1,1,1,P03
3,838,84,760,1,1,1,1,P03
3,839,63,660,1,1,1,1,P03
3,840,44,546,1,1,1,1,P03
3,841,51,540,1,1,1,1,P03
3,842,55,505,1,2,1,1,P03
3,843,41,362,1,1,1,1,P03
3,844,51,733,1,2,1,1,P03
3,845,45,406,1,1,1,1,P03
3,846,61,661,1,2,1,1,P03
3,847,54,514,1,1,1,1,P03
3,848,86,714,1,1,1,1,P03
3,849,63,752,1,2,1,1,P03
3,850,51,468,1,1,1,1,P03
3,851,75,771,1,1,1,1,P03
3,852,90,736,1,3,1,1,P03
3,853,63,456,1,4,1,1,P03
3,854,68,527,1,1,1,1,P03
3,855,50,463,1,3,1,1,P03
3,856,59,619,1,1,1,1,P03
3,857,61,500,1,1,1,1,P03
3,858,60,551,1,1,1,1,P03
3,859,45,510,1,1,1,1,P03
3,860,52,433,1,1,1,1,P03
3,861,49,384,1,2,1,1,P03
3,862,58,649,1,1,1,1,P03
3,863,49,397,1,1,1,1,P03
3,864,66,661,1,2,1,1,P03
3,865,66,582,1,1,1,1,P03
3,866,58,615,1,1,1,1,P03
3,867,79,716,1,1,1,1,P03
3,868,69,547,1,1,1,1,P03
3,869,47,426,1,1,1,1,P03
3,870,43,646,1,2,1,1,P03
3,871,82,643,1,1,1,1,P03
3,872,67,599,1,1,1,1,P03
3,873,46,499,1,2,1,1,P03
3,874,71,765,1,1,1,1,P03
3,875,89,869,1,1,1,1,P03
3,876,68,685,1,3,1,1,P03
3,877,41,472,1,1,1,1,P03
3,878,75,881,1,1,1,1,P03
3,879,69,594,1,1,1,1,P03
3,880,59,731,1,1,1,1,P03
3,881,85,888,1,1,1,1,P03
3,882,78,642,1,2,1,1,P03
3,883,42,438,1,2,1,1,P03
3,884,93,817,1,1,1,1,P03
3,885,51,583,1,2,1,1,P03
3,886,95,881,1,1,1,1,P03
3,887,77,832,1,1,1,1,P03
3,888,50,384,1,1,1,1,P03
3,889,54,611,1,1,1,1,P03
3,890,59,570,1,1,1,1,P03
3,891,48,526,1,1,1,1,P03
3,892,72,691,1,3,1,1,P03
3,893,61,722,1,1,1,1,P03
3,894,64,639,1,2,1,1,P03
3,895,65,687,1,1,1,1,P03
3,896,89,740,1,1,1,1,P03
3,897,88,819,1,1,1,1,P03
3,898,43,425,1,1,1,1,P03
3,899,55,635,1,1,1,1,P03
3,900,47,534,1,1,1,1,P03
3,901,34,425,1,2,1,1,P03
3,902,42,445,1,1,1,1,P03
3,903,59,564,1,1,1,1,P03
3,904,56,502,1,2,1,1,P03
3,905,43,483,1,1,1,1,P03
3,906,73,638,1,1,1,1,P03
3,907,47,442,1,1,1,1,P03
3,908,52,414,1,1,1,1,P03
3,909,92,864,1,1,1,1,P03
3,910,93,655,1,3,1,1,P03
3,911,54,467,1,4,1,1,P03
3,912,43,490,1,1,1,1,P03
3,913,57,709,1,1,1,1,P03
3,914,63,551,1,1,1,1,P03
3,915,82,855,1,1,1,1,P03
3,916,80,764,1,1,1,1,P03
3,917,65,433,1,1,1,1,P03
3,918,85,823,1,1,1,1,P03
3,919,112,873,1,1,1,1,P03
3,920,42,452,1,2,1,1,P03
3,921,58,835,1,1,1,1,P03
3,922,69,742,1,3,1,1,P03
3,923,50,547,1,1,1,1,P03
3,924,75,803,1,1,1,1,P03
3,925,56,718,1,1,1,1,P03
3,926,53,587,1,1,1,1,P03
3,927,103,891,1,3,1,1,P03
3,928,81,651,1,1,1,1,P03
3,929,66,545,1,1,1,1,P03
3,930,66,700,1,1,1,1,P03
3,931,68,472,1,1,1,1,P03
3,932,72,668,1,1,1,1,P03
3,933,79,808,1,1,1,1,P03
3,934,40,475,1,1,1,1,P03
3,935,73,585,1,1,1,1,P03
3,936,82,833,1,3,1,1,P03
3,937,52,617,1,1,1,1,P03
3,938,36,510,1,1,1,1,P03
3,939,42,396,1,4,1,1,P03
3,940,46,405,1,1,1,1,P03
3,941,97,744,1,3,1,1,P03
3,942,81,762,1,1,1,1,P03
3,943,64,714,1,1,1,1,P03
3,944,73,610,1,2,1,1,P03
3,945,84,674,1,1,1,1,P03
3,946,49,486,1,1,1,1,P03
3,947,74,819,1,1,1,1,P03
3,948,80,895,1,1,1,1,P03
3,949,78,638,1,1,1,1,P03
3,950,99,750,1,1,1,1,P03
3,951,48,564,1,1,1,1,P03
3,952,36,426,1,1,1,1,P03
3,953,49,553,1,2,1,1,P03
3,954,76,809,1,2,1,1,P03
3,955,54,454,1,1,1,1,P03
3,956,48,470,1,1,1,1,P03
3,957,109,886,1,1,1,1,P03
3,958,38,419,1,1,1,1,P03
3,959,46,461,1,1,1,1,P03
3,960,66,634,1,1,1,1,P03
3,961,83,646,1,1,1,1,P03
3,962,53,449,1,4,1,1,P03
3,963,51,383,1,2,1,1,P03
3,964,50,548,1,1,1,1,P03
3,965,61,612,1,1,1,1,P03
3,966,74,571,1,1,1,1,P03
3,967,45,469,1,2,1,1,P03
3,968,54,606,1,1,1,1,P03
3,969,55,381,1,1,1,1,P03
3,970,32,397,1,1,1,1,P03
3,971,89,883,1,1,1,1,P03
3,972,54,473,1,3,1,1,P03
3,973,81,909,1,1,1,1,P03
3,974,98,781,1,1,1,1,P03
3,975,48,576,1,5,1,1,P03
3,976,67,768,1,1,1,1,P03
3,977,66,658,1,1,1,1,P03
3,978,75,765,1,1,1,1,P03
3,979,104,774,1,1,1,1,P03
3,980,68,556,1,1,1,1,P03
3,981,83,721,1,2,1,1,P03
3,982,54,392,1,2,1,1,P03
3,983,84,699,1,1,1,1,P03
3,984,90,703,1,1,1,1,P03
3,985,97,875,1,2,1,1,P03
3,986,65,561,1,2,1,1,P03
3,987,65,646,1,1,1,1,P03
3,988,77,689,1,1,1,1,P03
3,989,64,748,1,1,1,1,P03
3,990,58,535,1,1,1,1,P03
3,991,58,660,1,1,1,1,P03
3,992,44,386,1,1,1,1,P03
3,993,36,501,1,1,1,1,P03
3,994,76,778,1,1,1,1,P03
3,995,91,814,1,1,1,1,P03
3,996,82,720,1,1,1,1,P03
3,997,74,777,1,1,1,1,P03
3,998,75,784,1,1,1,1,P03
3,999,66,667,1,2,1,1,P03
3,1000,59,663,1,1,1,1,P03
4,1,96,531,1,1,3,1,P03
4,2,154,721,1,1,3,1,P03
4,3,116,459,1,1,3,1,P03
4,4,107,495,1,1,3,1,P03
4,5,156,693,1,1,3,1,P03
4,6,169,752,1,1,3,1,P03
4,7,178,745,1,1,3,1,P03
4,8,109,418,1,2,3,1,P03
4,9,130,604,1,1,3,1,P03
4,10,182,667,1,1,3,1,P03
4,11,64,346,1,1,3,1,P03
4,12,142,692,1,1,3,1,P03
4,13,113,437,1,1,3,1,P03
4,14,103,304,1,1,3,1,P03
4,15,177,727,1,2,3,1,P03
4,16,95,454,1,2,3,1,P03
4,17,203,747,1,2,3,1,P03
4,18,161,769,1,1,3,1,P03
4,19,137,554,1,3,3,1,P03
4,20,200,739,1,1,3,1,P03
4,21,133,593,1,1,3,1,P03
4,22,99,424,1,1,3,1,P03
4,23,211,741,1,1,3,1,P03
4,24,94,474,1,2,3,1,P03
4,25,172,725,1,1,3,1,P03
4,26,107,495,1,1,3,1,P03
4,27,135,678,1,2,3,1,P03
4,28,179,779,1,2,3,1,P03
4,29,147,596,1,2,3,1,P03
4,30,190,687,1,1,3,1,P03
4,31,60,392,1,2,3,1,P03
4,32,168,761,1,5,3,1,P03
4,33,141,601,1,1,3,1,P03
4,34,110,605,2,4,3,1,P03
4,35,169,720,1,2,3,1,P03
4,36,158,661,1,2,3,1,P03
4,37,141,594,1,1,3,1,P03
4,38,117,503,2,1,3,1,P03
4,39,159,664,1,1,3,1,P03
4,40,135,570,1,1,3,1,P03
4,41,99,357,1,2,3,1,P03
4,42,104,477,1,1,3,1,P03
4,43,146,597,1,3,3,1,P03
4,44,175,662,1,1,3,1,P03
4,45,91,389,3,1,3,1,P03
4,46,77,381,2,2,3,1,P03
4,47,168,822,1,1,3,1,P03
4,48,154,645,1,1,3,1,P03
4,49,67,415,1,1,3,1,P03
4,50,91,459,1,2,3,1,P03
4,51,160,682,1,2,3,1,P03
4,52,103,500,1,1,3,1,P03
4,53,201,794,1,1,3,1,P03
4,54,159,662,2,1,3,1,P03
4,55,143,636,1,1,3,1,P03
4,56,117,638,1,1,3,1,P03
4,57,125,585,1,2,3,1,P03
4,58,161,835,1,1,3,1,P03
4,59,122,600,2,1,3,1,P03
4,60,114,435,1,1,3,1,P03
4,61,96,387,2,1,3,1,P03
4,62,93,382,1,1,3,1,P03
4,63,96,460,1,1,3,1,P03
4,64,159,607,1,2,3,1,P03
4,65,83,335,1,1,3,1,P03
4,66,111,512,2,1,3,1,P03
4,67,91,349,1,1,3,1,P03
4,68,122,474,1,2,3,1,P03
4,69,70,350,1,2,3,1,P03
4,70,153,757,1,1,3,1,P03
4,71,129,545,2,1,3,1,P03
4,72,106,471,1,1,3,1,P03
4,73,170,721,1,1,3,1,P03
4,74,108,471,1,1,3,1,P03
4,75,153,669,1,1,3,1,P03
4,76,188,687,3,1,3,1,P03
4,77,100,443,1,1,3,1,P03
4,78,157,654,1,1,3,1,P03
4,79,161,724,3,1,3,1,P03
4,80,123,513,1,1,3,1,P03
4,81,106,457,1,2,3,1,P03
4,82,200,715,1,1,3,1,P03
4,83,212,769,2,1,3,1,P03
4,84,165,690,1,1,3,1,P03
4,85,112,489,1,1,3,1,P03
4,86,124,531,1,1,3,1,P03
4,87,127,619,1,2,3,1,P03
4,88,159,595,1,1,3,1,P03
4,89,131,522,1,1,3,1,P03
4,90,151,740,2,1,3,1,P03
4,91,108,516,2,1,3,1,P03
4,92,112,552,1,4,3,1,P03
4,93,153,600,1,2,3,1,P03
4,94,107,535,1,1,3,1,P03
4,95,162,798,1,1,3,1,P03
4,96,122,505,1,1,3,1,P03
4,97,164,785,1,1,3,1,P03
4,98,168,773,1,3,3,1,P03
4,99,87,386,1,2,3,1,P03
4,100,75,361,1,1,3,1,P03
4,101,98,455,1,1,3,1,P03
4,102,88,449,1,1,3,1,P03
4,103,127,638,1,1,3,1,P03
4,104,180,632,3,2,3,1,P03
4,105,111,352,1,2,3,1,P03
4,106,133,544,1,1,3,1,P03
4,107,194,745,1,1,3,1,P03
4,108,107,417,1,1,3,1,P03
4,109,67,341,1,1,3,1,P03
4,110,177,815,1,1,3,1,P03
4,111,166,721,1,1,3,1,P03
4,112,102,523,1,3,3,1,P03
4,113,126,549,1,1,3,1,P03
4,114,205,720,1,1,3,1,P03
4,115,79,335,1,1,3,1,P03
4,116,112,527,1,1,3,1,P03
4,117,131,440,1,2,3,1,P03
4,118,107,400,1,1,3,1,P03
4,119,147,763,1,2,3,1,P03
4,120,125,681,1,1,3,1,P03
4,121,130,529,1,1,3,1,P03
4,122,134,571,1,1,3,1,P03
4,123,190,725,1,1,3,1,P03
4,124,147,572,2,1,3,1,P03
4,125,162,624,1,1,3,1,P03
4,126,121,433,1,2,3,1,P03
4,127,183,754,1,1,3,1,P03
4,128,200,742,2,1,3,1,P03
4,129,142,610,1,1,3,1,P03
4,130,151,694,1,1,3,1,P03
4,131,169,709,1,1,3,1,P03
4,132,99,343,1,1,3,1,P03
4,133,92,599,1,1,3,1,P03
4,134,130,539,1,2,3,1,P03
4,135,135,666,1,1,3,1,P03
4,136,100,338,3,1,3,1,P03
4,137,137,644,1,1,3,1,P03
4,138,156,682,1,1,3,1,P03
4,139,114,549,1,1,3,1,P03
4,140,73,395,1,1,3,1,P03
4,141,81,384,1,1,3,1,P03
4,142,190,717,2,1,3,1,P03
4,143,103,338,1,1,3,1,P03
4,144,109,365,1,1,3,1,P03
4,145,96,428,1,1,3,1,P03
4,146,180,792,1,1,3,1,P03
4,147,81,339,1,1,3,1,P03
4,148,70,345,1,1,3,1,P03
4,149,140,601,1,3,3,1,P03
4,150,131,465,1,1,3,1,P03
4,151,139,808,1,1,3,1,P03
4,152,132,598,1,1,3,1,P03
4,153,129,529,1,2,3,1,P03
4,154,151,764,1,1,3,1,P03
4,155,132,572,1,1,3,1,P03
4,156,117,618,1,1,3,1,P03
4,157,183,749,1,1,3,1,P03
4,158,79,334,1,1,3,1,P03
4,159,165,668,1,1,3,1,P03
4,160,96,409,1,1,3,1,P03
4,161,155,529,1,1,3,1,P03
4,162,93,399,1,1,3,1,P03
4,163,129,527,1,1,3,1,P03
4,164,154,672,1,1,3,1,P03
4,165,133,609,4,1,3,1,P03
4,166,156,717,2,1,3,1,P03
4,167,197,720,1,1,3,1,P03
4,168,82,360,1,1,3,1,P03
4,169,175,800,1,1,3,1,P03
4,170,137,595,1,2,3,1,P03
4,171,152,604,1,1,3,1,P03
4,172,133,653,1,1,3,1,P03
4,173,93,465,2,1,3,1,P03
4,174,96,469,2,1,3,1,P03
4,175,174,813,1,1,3,1,P03
4,176,101,475,1,1,3,1,P03
4,177,153,818,1,1,3,1,P03
4,178,149,671,1,1,3,1,P03
4,179,168,768,2,1,3,1,P03
4,180,155,631,1,1,3,1,P03
4,181,108,362,1,1,3,1,P03
4,182,134,708,1,2,3,1,P03
4,183,148,592,1,1,3,1,P03
4,184,143,798,1,3,3,1,P03
4,185,93,384,2,1,3,1,P03
4,186,139,652,1,1,3,1,P03
4,187,119,491,1,1,3,1,P03
4,188,108,500,1,1,3,1,P03
4,189,133,569,2,1,3,1,P03
4,190,186,777,1,1,3,1,P03
4,191,133,547,1,1,3,1,P03
4,192,184,717,1,1,3,1,P03
4,193,171,702,1,1,3,1,P03
4,194,207,721,1,1,3,1,P03
4,195,84,334,1,3,3,1,P03
4,196,121,635,2,2,3,1,P03
4,197,118,546,2,1,3,1,P03
4,198,134,750,1,1,3,1,P03
4,199,149,599,1,1,3,1,P03
4,200,131,458,1,3,3,1,P03
4,201,114,385,1,1,3,1,P03
4,202,157,741,1,2,3,1,P03
4,203,98,463,1,1,3,1,P03
4,204,142,554,1,1,3,1,P03
4,205,170,663,1,1,3,1,P03
4,206,121,719,1,1,3,1,P03
4,207,110,499,1,2,3,1,P03
4,208,98,378,1,1,3,1,P03
4,209,54,352,1,1,3,1,P03
4,210,95,440,1,1,3,1,P03
4,211,100,301,1,1,3,1,P03
4,212,161,704,1,1,3,1,P03
4,213,103,484,1,1,3,1,P03
4,214,103,442,1,1,3,1,P03
4,215,127,546,2,1,3,1,P03
4,216,115,547,1,1,3,1,P03
4,217,153,491,1,1,3,1,P03
4,218,155,692,1,1,3,1,P03
4,219,172,816,2,2,3,1,P03
4,220,125,422,2,1,3,1,P03
4,221,124,465,2,3,3,1,P03
4,222,159,607,1,1,3,1,P03
4,223,78,389,1,1,3,1,P03
4,224,135,591,1,1,3,1,P03
4,225,201,718,1,2,3,1,P03
4,226,131,584,2,1,3,1,P03
4,227,140,546,2,5,3,1,P03
4,228,84,437,1,3,3,1,P03
4,229,205,644,1,1,3,1,P03
4,230,201,698,2,2,3,1,P03
4,231,182,743,1,1,3,1,P03
4,232,159,722,1,1,3,1,P03
4,233,113,434,2,1,3,1,P03
4,234,136,733,1,1,3,1,P03
4,235,86,418,2,2,3,1,P03
4,236,172,712,1,2,3,1,P03
4,237,147,666,1,1,3,1,P03
4,238,160,801,1,1,3,1,P03
4,239,140,743,1,1,3,1,P03
4,240,171,733,1,1,3,1,P03
4,241,101,436,1,1,3,1,P03
4,242,178,625,1,1,3,1,P03
4,243,82,371,1,1,3,1,P03
4,244,112,498,1,2,3,1,P03
4,245,123,502,1,1,3,1,P03
4,246,112,640,1,1,3,1,P03
4,247,163,803,1,1,3,1,P03
4,248,140,635,2,1,3,1,P03
4,249,96,386,1,1,3,1,P03
4,250,157,622,1,1,3,1,P03
4,251,163,506,1,1,3,1,P03
4,252,175,671,1,1,3,1,P03
4,253,87,455,1,1,3,1,P03
4,254,166,788,1,1,3,1,P03
4,255,84,335,1,2,3,1,P03
4,256,100,405,1,1,3,1,P03
4,257,108,575,1,1,3,1,P03
4,258,146,693,1,1,3,1,P03
4,259,158,747,1,1,3,1,P03
4,260,92,497,1,1,3,1,P03
4,261,139,666,1,1,3,1,P03
4,262,176,804,1,1,3,1,P03
4,263,93,311,1,2,3,1,P03
4,264,159,704,1,1,3,1,P03
4,265,186,752,2,1,3,1,P03
4,266,141,812,1,1,3,1,P03
4,267,127,519,1,1,3,1,P03
4,268,129,580,2,1,3,1,P03
4,269,166,675,1,1,3,1,P03
4,270,158,690,1,1,3,1,P03
4,271,146,641,1,1,3,1,P03
4,272,135,491,1,1,3,1,P03
4,273,87,360,1,1,3,1,P03
4,274,101,356,1,2,3,1,P03
4,275,159,593,1,1,3,1,P03
4,276,76,454,2,1,3,1,P03
4,277,199,794,1,1,3,1,P03
4,278,117,307,1,1,3,1,P03
4,279,167,711,1,1,3,1,P03
4,280,105,526,1,1,3,1,P03
4,281,166,561,1,1,3,1,P03
4,282,130,600,1,1,3,1,P03
4,283,103,422,1,1,3,1,P03
4,284,151,671,1,1,3,1,P03
4,285,118,403,1,1,3,1,P03
4,286,102,476,1,1,3,1,P03
4,287,156,536,2,2,3,1,P03
4,288,100,430,1,2,3,1,P03
4,289,93,368,1,1,3,1,P03
4,290,108,428,1,1,3,1,P03
4,291,92,354,1,1,3,1,P03
4,292,114,497,1,1,3,1,P03
4,293,155,618,1,1,3,1,P03
4,294,101,410,1,1,3,1,P03
4,295,124,503,1,1,3,1,P03
4,296,123,505,3,3,3,1,P03
4,297,189,807,1,3,3,1,P03
4,298,134,623,1,1,3,1,P03
4,299,131,535,1,1,3,1,P03
4,300,147,588,1,1,3,1,P03
4,301,191,715,1,3,3,1,P03
4,302,118,478,1,1,3,1,P03
4,303,160,541,1,1,3,1,P03
4,304,89,384,1,1,3,1,P03
4,305,187,790,1,1,3,1,P03
4,306,123,471,1,1,3,1,P03
4,307,114,455,3,1,3,1,P03
4,308,128,483,1,1,3,1,P03
4,309,126,652,1,1,3,1,P03
4,310,177,657,1,1,3,1,P03
4,311,155,578,1,1,3,1,P03
4,312,129,516,1,1,3,1,P03
4,313,193,667,1,2,3,1,P03
4,314,165,737,1,1,3,1,P03
4,315,153,693,1,1,3,1,P03
4,316,76,367,1,1,3,1,P03
4,317,140,621,1,2,3,1,P03
4,318,106,399,1,1,3,1,P03
4,319,159,656,1,1,3,1,P03
4,320,111,658,3,1,3,1,P03
4,321,89,410,1,1,3,1,P03
4,322,79,339,1,1,3,1,P03
4,323,143,533,1,2,3,1,P03
4,324,155,785,1,1,3,1,P03
4,325,105,488,2,1,3,1,P03
4,326,155,826,1,1,3,1,P03
4,327,140,584,1,1,3,1,P03
4,328,169,690,1,1,3,1,P03
4,329,192,614,1,1,3,1,P03
4,330,105,514,1,1,3,1,P03
4,331,160,637,1,1,3,1,P03
4,332,153,804,1,1,3,1,P03
4,333,114,533,1,1,3,1,P03
4,334,174,603,1,1,3,1,P03
4,335,125,564,1,1,3,1,P03
4,336,199,718,1,1,3,1,P03
4,337,94,525,1,1,3,1,P03
4,338,149,760,1,1,3,1,P03
4,339,97,383,1,1,3,1,P03
4,340,123,601,1,1,3,1,P03
4,341,136,566,1,1,3,1,P03
4,342,148,722,1,1,3,1,P03
4,343,118,672,1,1,3,1,P03
4,344,74,452,1,2,3,1,P03
4,345,97,460,2,1,3,1,P03
4,346,122,524,1,1,3,1,P03
4,347,74,360,1,1,3,1,P03
4,348,181,786,1,1,3,1,P03
4,349,119,576,1,1,3,1,P03
4,350,162,748,2,3,3,1,P03
4,351,84,395,1,1,3,1,P03
4,352,146,597,2,1,3,1,P03
4,353,91,410,1,1,3,1,P03
4,354,172,827,1,1,3,1,P03
4,355,196,789,1,1,3,1,P03
4,356,175,800,1,1,3,1,P03
4,357,228,721,1,1,3,1,P03
4,358,176,758,1,1,3,1,P03
4,359,170,748,1,1,3,1,P03
4,360,154,586,1,1,3,1,P03
4,361,79,490,1,1,3,1,P03
4,362,73,369,1,2,3,1,P03
4,363,197,777,1,1,3,1,P03
4,364,76,367,1,1,3,1,P03
4,365,80,356,1,2,3,1,P03
4,366,100,466,1,1,3,1,P03
4,367,105,494,1,4,3,1,P03
4,368,135,524,1,2,3,1,P03
4,369,92,406,1,2,3,1,P03
4,370,91,373,1,1,3,1,P03
4,371,176,721,1,2,3,1,P03
4,372,125,633,1,1,3,1,P03
4,373,89,458,1,1,3,1,P03
4,374,178,807,1,1,3,1,P03
4,375,121,455,4,1,3,1,P03
4,376,134,534,1,1,3,1,P03
4,377,175,719,1,3,3,1,P03
4,378,199,756,1,3,3,1,P03
4,379,92,467,1,2,3,1,P03
4,380,125,605,1,1,3,1,P03
4,381,97,490,1,1,3,1,P03
4,382,164,750,1,1,3,1,P03
4,383,229,769,1,3,3,1,P03
4,384,127,519,1,1,3,1,P03
4,385,124,528,1,1,3,1,P03
4,386,145,605,1,1,3,1,P03
4,387,93,411,1,1,3,1,P03
4,388,142,555,1,1,3,1,P03
4,389,151,706,1,1,3,1,P03
4,390,169,724,1,1,3,1,P03
4,391,124,550,1,1,3,1,P03
4,392,204,765,2,1,3,1,P03
4,393,100,403,1,1,3,1,P03
4,394,128,456,1,1,3,1,P03
4,395,194,768,1,2,3,1,P03
4,396,162,746,1,2,3,1,P03
4,397,158,802,1,1,3,1,P03
4,398,164,743,1,1,3,1,P03
4,399,121,467,1,1,3,1,P03
4,400,114,597,1,1,3,1,P03
4,401,81,423,1,4,3,1,P03
4,402,187,710,1,1,3,1,P03
4,403,123,501,1,1,3,1,P03
4,404,108,373,1,1,3,1,P03
4,405,185,755,1,1,3,1,P03
4,406,166,747,1,1,3,1,P03
4,407,167,629,1,1,3,1,P03
4,408,204,702,1,1,3,1,P03
4,409,113,545,1,1,3,1,P03
4,410,141,558,1,1,3,1,P03
4,411,102,480,1,1,3,1,P03
4,412,180,671,1,1,3,1,P03
4,413,188,751,1,1,3,1,P03
4,414,138,548,1,1,3,1,P03
4,415,127,526,2,1,3,1,P03
4,416,140,733,1,1,3,1,P03
4,417,98,395,1,1,3,1,P03
4,418,103,409,1,1,3,1,P03
4,419,68,394,1,1,3,1,P03
4,420,107,485,1,1,3,1,P03
4,421,200,688,1,1,3,1,P03
4,422,107,340,1,1,3,1,P03
4,423,130,496,1,2,3,1,P03
4,424,96,432,1,1,3,1,P03
4,425,90,335,1,1,3,1,P03
4,426,132,566,1,1,3,1,P03
4,427,174,684,1,1,3,1,P03
4,428,117,410,1,2,3,1,P03
4,429,188,775,1,2,3,1,P03
4,430,159,613,1,2,3,1,P03
4,431,141,535,1,1,3,1,P03
4,432,86,351,1,1,3,1,P03
4,433,107,444,1,2,3,1,P03
4,434,122,576,1,1,3,1,P03
4,435,178,668,2,2,3,1,P03
4,436,146,709,1,1,3,1,P03
4,437,121,542,1,1,3,1,P03
4,438,154,622,1,1,3,1,P03
4,439,153,784,1,1,3,1,P03
4,440,100,422,1,1,3,1,P03
4,441,145,629,1,1,3,1,P03
4,442,71,358,1,4,3,1,P03
4,443,186,749,1,1,3,1,P03
4,444,99,395,1,2,3,1,P03
4,445,113,512,1,1,3,1,P03
4,446,156,526,1,1,3,1,P03
4,447,162,694,1,1,3,1,P03
4,448,122,554,1,1,3,1,P03
4,449,147,678,1,1,3,1,P03
4,450,190,777,1,1,3,1,P03
4,451,146,577,1,1,3,1,P03
4,452,167,633,1,1,3,1,P03
4,453,114,479,1,1,3,1,P03
4,454,119,589,1,1,3,1,P03
4,455,87,390,2,2,3,1,P03
4,456,170,819,1,1,3,1,P03
4,457,108,407,1,1,3,1,P03
4,458,133,600,1,1,3,1,P03
4,459,171,567,2,1,3,1,P03
4,460,117,664,1,2,3,1,P03
4,461,201,779,1,2,3,1,P03
4,462,167,704,1,2,3,1,P03
4,463,113,512,1,2,3,1,P03
4,464,213,756,1,2,3,1,P03
4,465,110,604,1,1,3,1,P03
4,466,155,696,1,1,3,1,P03
4,467,127,573,1,1,3,1,P03
4,468,124,703,1,1,3,1,P03
4,469,77,333,1,1,3,1,P03
4,470,83,361,1,1,3,1,P03
4,471,145,704,1,1,3,1,P03
4,472,191,660,1,1,3,1,P03
4,473,157,735,1,1,3,1,P03
4,474,144,681,1,1,3,1,P03
4,475,128,731,1,1,3,1,P03
4,476,121,357,1,1,3,1,P03
4,477,93,405,1,1,3,1,P03
4,478,159,601,1,2,3,1,P03
4,479,112,472,1,1,3,1,P03
4,480,85,545,1,1,3,1,P03
4,481,109,599,1,1,3,1,P03
4,482,186,795,1,1,3,1,P03
4,483,181,742,1,1,3,1,P03
4,484,149,767,1,2,3,1,P03
4,485,171,680,1,1,3,1,P03
4,486,163,677,1,1,3,1,P03
4,487,112,458,1,1,3,1,P03
4,488,135,481,1,1,3,1,P03
4,489,152,662,1,2,3,1,P03
4,490,174,624,1,1,3,1,P03
4,491,198,768,1,1,3,1,P03
4,492,89,379,1,1,3,1,P03
4,493,177,808,1,1,3,1,P03
4,494,157,543,1,2,3,1,P03
4,495,143,762,1,1,3,1,P03
4,496,188,777,1,1,3,1,P03
4,497,159,569,1,1,3,1,P03
4,498,97,421,1,1,3,1,P03
4,499,164,790,1,1,3,1,P03
4,500,170,718,1,1,3,1,P03
4,501,113,450,1,1,3,1,P03
4,502,118,483,1,1,3,1,P03
4,503,113,469,1,2,3,1,P03
4,504,143,531,1,1,3,1,P03
4,505,186,795,1,1,3,1,P03
4,506,186,551,1,1,3,1,P03
4,507,76,379,1,1,3,1,P03
4,508,150,741,1,1,3,1,P03
4,509,115,425,1,1,3,1,P03
4,510,174,646,1,1,3,1,P03
4,511,91,433,1,1,3,1,P03
4,512,115,458,1,1,3,1,P03
4,513,82,337,1,1,3,1,P03
4,514,160,597,1,1,3,1,P03
4,515,132,618,1,1,3,1,P03
4,516,124,454,1,1,3,1,P03
4,517,179,798,1,1,3,1,P03
4,518,90,342,1,1,3,1,P03
4,519,155,719,1,1,3,1,P03
4,520,163,670,1,2,3,1,P03
4,521,124,605,1,2,3,1,P03
4,522,130,474,1,1,3,1,P03
4,523,177,807,1,1,3,1,P03
4,524,187,741,1,1,3,1,P03
4,525,168,754,1,1,3,1,P03
4,526,126,459,1,1,3,1,P03
4,527,86,410,1,1,3,1,P03
4,528,81,442,1,1,3,1,P03
4,529,99,474,2,3,3,1,P03
4,530,100,433,1,1,3,1,P03
4,531,93,393,1,1,3,1,P03
4,532,80,408,1,1,3,1,P03
4,533,83,320,1,2,3,1,P03
4,534,110,497,1,2,3,1,P03
4,535,89,414,1,1,3,1,P03
4,536,112,476,1,1,3,1,P03
4,537,133,512,1,2,3,1,P03
4,538,184,748,1,1,3,1,P03
4,539,121,604,1,1,3,1,P03
4,540,101,402,1,3,3,1,P03
4,541,143,493,1,1,3,1,P03
4,542,127,611,1,1,3,1,P03
4,543,180,743,1,1,3,1,P03
4,544,197,758,1,1,3,1,P03
4,545,156,640,2,1,3,1,P03
4,546,131,489,1,1,3,1,P03
4,547,127,654,1,1,3,1,P03
4,548,85,335,1,1,3,1,P03
4,549,194,772,2,3,3,1,P03
4,550,100,476,1,1,3,1,P03
4,551,90,542,1,1,3,1,P03
4,552,110,456,1,1,3,1,P03
4,553,83,412,1,1,3,1,P03
4,554,146,655,1,5,3,1,P03
4,555,182,679,1,2,3,1,P03
4,556,191,714,1,1,3,1,P03
4,557,184,711,1,1,3,1,P03
4,558,114,504,1,1,3,1,P03
4,559,171,732,1,1,3,1,P03
4,560,120,679,1,1,3,1,P03
4,561,69,408,1,1,3,1,P03
4,562,133,520,1,1,3,1,P03
4,563,158,686,1,2,3,1,P03
4,564,105,476,1,1,3,1,P03
4,565,108,556,1,1,3,1,P03
4,566,129,475,1,1,3,1,P03
4,567,147,670,1,1,3,1,P03
4,568,64,373,1,2,3,1,P03
4,569,135,651,1,1,3,1,P03
4,570,73,348,1,3,3,1,P03
4,571,163,679,1,1,3,1,P03
4,572,84,358,1,1,3,1,P03
4,573,154,795,1,1,3,1,P03
4,574,113,549,1,2,3,1,P03
4,575,169,525,1,1,3,1,P03
4,576,98,465,1,1,3,1,P03
4,577,120,557,1,1,3,1,P03
4,578,192,760,2,1,3,1,P03
4,579,110,566,1,1,3,1,P03
4,580,64,404,1,3,3,1,P03
4,581,88,318,1,1,3,1,P03
4,582,151,642,1,1,3,1,P03
4,583,147,518,1,1,3,1,P03
4,584,151,571,1,1,3,1,P03
4,585,145,658,2,1,3,1,P03
4,586,109,452,1,2,3,1,P03
4,587,116,469,1,2,3,1,P03
4,588,138,608,1,1,3,1,P03
4,589,113,365,1,1,3,1,P03
4,590,191,676,1,1,3,1,P03
4,591,134,500,1,1,3,1,P03
4,592,156,772,1,1,3,1,P03
4,593,153,668,1,1,3,1,P03
4,594,90,535,1,1,3,1,P03
4,595,80,337,1,1,3,1,P03
4,596,140,478,1,3,3,1,P03
4,597,71,382,1,1,3,1,P03
4,598,190,681,1,1,3,1,P03
4,599,158,719,1,1,3,1,P03
4,600,114,462,1,1,3,1,P03
4,601,170,719,1,3,3,1,P03
4,602,215,730,1,1,3,1,P03
4,603,99,378,1,1,3,1,P03
4,604,140,620,1,1,3,1,P03
4,605,84,344,1,1,3,1,P03
4,606,135,526,1,1,3,1,P03
4,607,168,762,1,2,3,1,P03
4,608,158,794,1,2,3,1,P03
4,609,191,772,1,1,3,1,P03
4,610,155,563,1,1,3,1,P03
4,611,108,458,1,1,3,1,P03
4,612,132,566,1,1,3,1,P03
4,613,81,376,1,1,3,1,P03
4,614,166,550,1,2,3,1,P03
4,615,114,486,1,1,3,1,P03
4,616,123,549,1,1,3,1,P03
4,617,84,460,1,1,3,1,P03
4,618,173,825,1,1,3,1,P03
4,619,138,609,1,1,3,1,P03
4,620,177,580,1,1,3,1,P03
4,621,146,748,2,1,3,1,P03
4,622,192,621,1,1,3,1,P03
4,623,125,544,1,1,3,1,P03
4,624,128,494,2,1,3,1,P03
4,625,176,761,1,2,3,1,P03
4,626,160,747,1,1,3,1,P03
4,627,159,523,1,1,3,1,P03
4,628,77,331,1,1,3,1,P03
4,629,75,326,1,1,3,1,P03
4,630,163,719,1,1,3,1,P03
4,631,81,366,1,1,3,1,P03
4,632,168,785,1,1,3,1,P03
4,633,129,553,1,1,3,1,P03
4,634,105,416,1,1,3,1,P03
4,635,108,450,1,1,3,1,P03
4,636,129,542,1,1,3,1,P03
4,637,172,757,3,1,3,1,P03
4,638,130,660,1,1,3,1,P03
4,639,146,648,1,1,3,1,P03
4,640,135,588,1,1,3,1,P03
4,641,77,341,1,1,3,1,P03
4,642,110,488,1,1,3,1,P03
4,643,140,589,1,1,3,1,P03
4,644,87,352,1,1,3,1,P03
4,645,189,680,1,1,3,1,P03
4,646,90,398,1,3,3,1,P03
4,647,67,360,1,1,3,1,P03
4,648,121,679,1,2,3,1,P03
4,649,194,750,1,1,3,1,P03
4,650,132,558,1,1,3,1,P03
4,651,120,552,1,2,3,1,P03
4,652,174,808,1,2,3,1,P03
4,653,99,396,1,1,3,1,P03
4,654,140,625,4,3,3,1,P03
4,655,118,683,1,1,3,1,P03
4,656,113,472,1,1,3,1,P03
4,657,156,631,1,1,3,1,P03
4,658,195,781,1,2,3,1,P03
4,659,106,403,1,1,3,1,P03
4,660,155,657,1,1,3,1,P03
4,661,89,315,1,1,3,1,P03
4,662,85,380,1,2,3,1,P03
4,663,145,675,1,1,3,1,P03
4,664,115,756,1,1,3,1,P03
4,665,92,371,2,1,3,1,P03
4,666,193,683,1,4,3,1,P03
4,667,97,399,1,1,3,1,P03
4,668,138,569,1,1,3,1,P03
4,669,145,602,1,2,3,1,P03
4,670,116,506,1,1,3,1,P03
4,671,163,677,1,1,3,1,P03
4,672,135,485,1,2,3,1,P03
4,673,112,520,1,1,3,1,P03
4,674,92,332,2,3,3,1,P03
4,675,168,778,1,1,3,1,P03
4,676,154,658,2,1,3,1,P03
4,677,142,728,1,2,3,1,P03
4,678,85,389,2,1,3,1,P03
4,679,134,557,1,1,3,1,P03
4,680,164,620,1,1,3,1,P03
4,681,181,774,2,1,3,1,P03
4,682,85,370,1,3,3,1,P03
4,683,110,499,1,1,3,1,P03
4,684,185,763,3,1,3,1,P03
4,685,84,348,2,1,3,1,P03
4,686,135,508,1,1,3,1,P03
4,687,122,509,1,1,3,1,P03
4,688,105,548,2,1,3,1,P03
4,689,164,656,1,2,3,1,P03
4,690,130,550,1,1,3,1,P03
4,691,90,347,1,1,3,1,P03
4,692,101,502,1,1,3,1,P03
4,693,140,538,1,1,3,1,P03
4,694,144,619,2,1,3,1,P03
4,695,118,433,2,1,3,1,P03
4,696,147,710,1,3,3,1,P03
4,697,145,548,1,1,3,1,P03
4,698,74,357,1,1,3,1,P03
4,699,101,405,1,1,3,1,P03
4,700,126,524,1,3,3,1,P03
4,701,158,808,1,1,3,1,P03
4,702,196,702,2,2,3,1,P03
4,703,140,667,1,1,3,1,P03
4,704,192,674,1,1,3,1,P03
4,705,85,426,1,1,3,1,P03
4,706,134,631,1,1,3,1,P03
4,707,149,653,1,1,3,1,P03
4,708,170,784,1,1,3,1,P03
4,709,65,343,2,4,3,1,P03
4,710,132,501,2,1,3,1,P03
4,711,119,454,1,2,3,1,P03
4,712,137,497,1,1,3,1,P03
4,713,168,613,1,1,3,1,P03
4,714,140,639,1,1,3,1,P03
4,715,116,463,1,1,3,1,P03
4,716,69,396,1,1,3,1,P03
4,717,108,513,1,1,3,1,P03
4,718,100,472,1,1,3,1,P03
4,719,134,476,1,1,3,1,P03
4,720,115,399,1,1,3,1,P03
4,721,182,734,1,1,3,1,P03
4,722,101,410,1,1,3,1,P03
4,723,83,444,1,3,3,1,P03
4,724,86,364,1,1,3,1,P03
4,725,149,807,1,1,3,1,P03
4,726,116,633,1,2,3,1,P03
4,727,159,745,1,1,3,1,P03
4,728,133,674,2,2,3,1,P03
4,729,131,607,1,1,3,1,P03
4,730,178,712,1,1,3,1,P03
4,731,126,567,2,2,3,1,P03
4,732,193,734,1,1,3,1,P03
4,733,96,340,1,1,3,1,P03
4,734,175,738,1,1,3,1,P03
4,735,143,651,1,1,3,1,P03
4,736,82,325,1,1,3,1,P03
4,737,137,537,1,1,3,1,P03
4,738,137,678,1,1,3,1,P03
4,739,84,439,1,1,3,1,P03
4,740,76,353,1,1,3,1,P03
4,741,165,596,1,3,3,1,P03
4,742,101,431,1,1,3,1,P03
4,743,178,778,1,1,3,1,P03
4,744,119,462,1,1,3,1,P03
4,745,196,762,1,1,3,1,P03
4,746,131,520,1,3,3,1,P03
4,747,110,505,1,1,3,1,P03
4,748,130,634,1,2,3,1,P03
4,749,116,596,2,2,3,1,P03
4,750,102,340,1,1,3,1,P03
4,751,125,570,1,1,3,1,P03
4,752,140,536,1,1,3,1,P03
4,753,173,720,2,1,3,1,P03
4,754,180,658,1,1,3,1,P03
4,755,191,781,1,2,3,1,P03
4,756,181,718,2,1,3,1,P03
4,757,191,798,1,1,3,1,P03
4,758,131,580,1,1,3,1,P03
4,759,131,516,1,1,3,1,P03
4,760,138,635,1,1,3,1,P03
4,761,123,448,1,1,3,1,P03
4,762,156,667,1,1,3,1,P03
4,763,112,443,1,1,3,1,P03
4,764,74,366,2,1,3,1,P03
4,765,166,778,1,1,3,1,P03
4,766,117,466,1,1,3,1,P03
4,767,116,613,1,1,3,1,P03
4,768,77,359,1,1,3,1,P03
4,769,163,824,1,1,3,1,P03
4,770,128,564,1,1,3,1,P03
4,771,104,462,1,3,3,1,P03
4,772,129,507,2,1,3,1,P03
4,773,128,543,1,1,3,1,P03
4,774,83,326,1,1,3,1,P03
4,775,144,752,1,2,3,1,P03
4,776,175,679,1,3,3,1,P03
4,777,100,497,1,1,3,1,P03
4,778,183,668,1,1,3,1,P03
4,779,102,441,1,1,3,1,P03
4,780,96,454,1,1,3,1,P03
4,781,87,365,2,1,3,1,P03
4,782,87,447,1,1,3,1,P03
4,783,174,663,1,2,3,1,P03
4,784,159,773,1,1,3,1,P03
4,785,110,512,1,1,3,1,P03
4,786,158,692,1,1,3,1,P03
4,787,97,394,1,1,3,1,P03
4,788,133,598,1,1,3,1,P03
4,789,200,682,1,1,3,1,P03
4,790,164,798,1,1,3,1,P03
4,791,175,679,1,1,3,1,P03
4,792,177,815,2,1,3,1,P03
4,793,186,798,1,1,3,1,P03
4,794,87,489,1,1,3,1,P03
4,795,144,598,1,1,3,1,P03
4,796,125,598,1,1,3,1,P03
4,797,129,493,1,1,3,1,P03
4,798,166,821,2,1,3,1,P03
4,799,129,441,2,3,3,1,P03
4,800,123,574,1,2,3,1,P03
4,801,183,722,1,1,3,1,P03
4,802,199,641,1,1,3,1,P03
4,803,73,392,1,1,3,1,P03
4,804,137,604,1,1,3,1,P03
4,805,79,417,1,1,3,1,P03
4,806,83,346,1,1,3,1,P03
4,807,156,603,1,1,3,1,P03
4,808,207,767,1,1,3,1,P03
4,809,139,643,1,1,3,1,P03
4,810,87,378,1,1,3,1,P03
4,811,112,386,1,1,3,1,P03
4,812,102,472,1,1,3,1,P03
4,813,74,355,1,2,3,1,P03
4,814,175,813,1,1,3,1,P03
4,815,132,547,1,5,3,1,P03
4,816,100,431,1,3,3,1,P03
4,817,84,361,1,1,3,1,P03
4,818,179,798,2,1,3,1,P03
4,819,192,716,1,2,3,1,P03
4,820,177,794,1,1,3,1,P03
4,821,196,773,1,1,3,1,P03
4,822,188,756,1,1,3,1,P03
4,823,224,745,1,2,3,1,P03
4,824,157,614,1,1,3,1,P03
4,825,92,347,1,1,3,1,P03
4,826,83,320,1,1,3,1,P03
4,827,115,466,1,1,3,1,P03
4,828,178,725,1,1,3,1,P03
4,829,103,449,1,1,3,1,P03
4,830,104,461,1,1,3,1,P03
4,831,98,462,1,1,3,1,P03
4,832,127,513,2,3,3,1,P03
4,833,113,531,1,1,3,1,P03
4,834,171,690,1,2,3,1,P03
4,835,184,773,1,1,3,1,P03
4,836,182,712,1,1,3,1,P03
4,837,130,589,1,1,3,1,P03
4,838,202,683,1,1,3,1,P03
4,839,81,388,1,3,3,1,P03
4,840,139,539,1,1,3,1,P03
4,841,103,388,2,1,3,1,P03
4,842,138,510,1,1,3,1,P03
4,843,118,388,1,1,3,1,P03
4,844,126,510,1,3,3,1,P03
4,845,188,549,1,1,3,1,P03
4,846,149,659,1,1,3,1,P03
4,847,200,623,1,1,3,1,P03
4,848,56,374,1,1,3,1,P03
4,849,76,381,1,1,3,1,P03
4,850,122,535,1,1,3,1,P03
4,851,124,435,1,1,3,1,P03
4,852,162,709,1,2,3,1,P03
4,853,75,352,1,1,3,1,P03
4,854,132,596,1,2,3,1,P03
4,855,71,332,1,3,3,1,P03
4,856,126,532,1,1,3,1,P03
4,857,96,462,1,1,3,1,P03
4,858,102,489,3,2,3,1,P03
4,859,101,634,1,2,3,1,P03
4,860,102,438,2,1,3,1,P03
4,861,160,802,1,2,3,1,P03
4,862,93,445,1,1,3,1,P03
4,863,165,716,1,1,3,1,P03
4,864,153,539,1,1,3,1,P03
4,865,189,607,1,1,3,1,P03
4,866,160,526,1,1,3,1,P03
4,867,98,568,2,1,3,1,P03
4,868,64,350,1,1,3,1,P03
4,869,114,598,1,2,3,1,P03
4,870,204,718,2,1,3,1,P03
4,871,123,641,2,1,3,1,P03
4,872,169,691,1,3,3,1,P03
4,873,88,346,1,1,3,1,P03
4,874,192,695,1,2,3,1,P03
4,875,155,613,1,1,3,1,P03
4,876,95,336,1,1,3,1,P03
4,877,99,406,1,1,3,1,P03
4,878,97,389,1,1,3,1,P03
4,879,102,450,1,1,3,1,P03
4,880,167,594,1,1,3,1,P03
4,881,233,752,1,1,3,1,P03
4,882,84,334,1,2,3,1,P03
4,883,127,339,1,1,3,1,P03
4,884,129,501,1,1,3,1,P03
4,885,126,534,1,1,3,1,P03
4,886,111,466,1,1,3,1,P03
4,887,104,325,1,2,3,1,P03
4,888,183,812,1,1,3,1,P03
4,889,163,589,1,1,3,1,P03
4,890,101,350,1,1,3,1,P03
4,891,162,558,1,1,3,1,P03
4,892,103,459,1,1,3,1,P03
4,893,152,671,1,1,3,1,P03
4,894,82,346,1,1,3,1,P03
4,895,168,604,4,2,3,1,P03
4,896,129,552,1,1,3,1,P03
4,897,176,766,1,1,3,1,P03
4,898,91,388,1,2,3,1,P03
4,899,188,796,1,3,3,1,P03
4,900,96,388,2,3,3,1,P03
4,901,88,421,1,2,3,1,P03
4,902,185,504,1,1,3,1,P03
4,903,70,341,1,2,3,1,P03
4,904,159,749,1,1,3,1,P03
4,905,199,742,1,2,3,1,P03
4,906,186,756,1,3,3,1,P03
4,907,80,404,1,1,3,1,P03
4,908,153,763,1,3,3,1,P03
4,909,196,716,1,1,3,1,P03
4,910,112,630,1,1,3,1,P03
4,911,88,411,1,4,3,1,P03
4,912,204,789,1,1,3,1,P03
4,913,116,584,1,1,3,1,P03
4,914,147,643,1,1,3,1,P03
4,915,157,634,1,1,3,1,P03
4,916,123,691,1,2,3,1,P03
4,917,174,731,1,1,3,1,P03
4,918,133,642,1,1,3,1,P03
4,919,171,753,1,1,3,1,P03
4,920,104,511,1,1,3,1,P03
4,921,144,521,2,1,3,1,P03
4,922,91,317,1,2,3,1,P03
4,923,139,425,1,1,3,1,P03
4,924,150,594,1,2,3,1,P03
4,925,117,507,1,1,3,1,P03
4,926,91,425,1,1,3,1,P03
4,927,116,369,1,1,3,1,P03
4,928,174,761,1,1,3,1,P03
4,929,103,373,1,3,3,1,P03
4,930,75,373,1,1,3,1,P03
4,931,176,690,3,1,3,1,P03
4,932,70,384,1,1,3,1,P03
4,933,90,441,1,1,3,1,P03
4,934,112,419,1,2,3,1,P03
4,935,161,799,1,1,3,1,P03
4,936,112,435,1,1,3,1,P03
4,937,169,692,1,1,3,1,P03
4,938,168,694,1,2,3,1,P03
4,939,72,328,1,1,3,1,P03
4,940,100,407,1,2,3,1,P03
4,941,117,496,1,1,3,1,P03
4,942,115,509,1,1,3,1,P03
4,943,156,502,1,1,3,1,P03
4,944,183,760,1,1,3,1,P03
4,945,106,477,1,1,3,1,P03
4,946,95,484,1,1,3,1,P03
4,947,147,602,1,1,3,1,P03
4,948,176,752,1,2,3,1,P03
4,949,97,415,1,1,3,1,P03
4,950,72,354,1,1,3,1,P03
4,951,165,716,1,1,3,1,P03
4,952,144,679,1,1,3,1,P03
4,953,89,382,1,1,3,1,P03
4,954,141,575,2,1,3,1,P03
4,955,130,565,1,1,3,1,P03
4,956,117,523,1,1,3,1,P03
4,957,97,415,1,1,3,1,P03
4,958,171,726,1,1,3,1,P03
4,959,113,433,2,1,3,1,P03
4,960,96,464,1,3,3,1,P03
4,961,136,797,1,1,3,1,P03
4,962,120,417,1,1,3,1,P03
4,963,159,803,1,1,3,1,P03
4,964,81,361,1,1,3,1,P03
4,965,165,752,1,1,3,1,P03
4,966,84,340,1,1,3,1,P03
4,967,103,480,1,2,3,1,P03
4,968,93,443,1,1,3,1,P03
4,969,131,559,1,2,3,1,P03
4,970,120,462,1,1,3,1,P03
4,971,80,378,1,2,3,1,P03
4,972,138,645,1,1,3,1,P03
4,973,77,411,1,1,3,1,P03
4,974,152,649,2,1,3,1,P03
4,975,153,828,1,1,3,1,P03
4,976,117,527,1,1,3,1,P03
4,977,194,783,1,1,3,1,P03
4,978,87,379,1,1,3,1,P03
4,979,161,618,1,2,3,1,P03
4,980,98,411,1,4,3,1,P03
4,981,121,520,1,1,3,1,P03
4,982,196,691,1,1,3,1,P03
4,983,104,433,1,1,3,1,P03
4,984,183,679,1,1,3,1,P03
4,985,170,617,1,1,3,1,P03
4,986,95,424,1,2,3,1,P03
4,987,152,565,2,1,3,1,P03
4,988,160,800,1,2,3,1,P03
4,989,182,799,1,1,3,1,P03
4,990,94,455,1,1,3,1,P03
4,991,103,375,1,2,3,1,P03
4,992,182,687,1,3,3,1,P03
4,993,146,500,1,3,3,1,P03
4,994,86,387,1,2,3,1,P03
4,995,91,360,2,2,3,1,P03
4,996,95,460,1,3,3,1,P03
4,997,98,524,1,1,3,1,P03
4,998,185,594,1,1,3,1,P03
4,999,125,675,1,2,3,1,P03
4,1000,93,334,1,1,3,1,P03
5,1,326,569,2,1,9,1,P03
5,2,324,599,2,1,9,1,P03
5,3,260,415,5,1,9,1,P03
5,4,331,605,1,1,9,1,P03
5,5,259,489,3,1,9,1,P03
5,6,205,395,2,1,9,1,P03
5,7,172,295,5,1,9,1,P03
5,8,260,645,4,1,9,1,P03
5,9,326,640,5,1,9,1,P03
5,10,284,579,8,1,9,1,P03
5,11,214,370,3,1,9,1,P03
5,12,326,555,2,1,9,1,P03
5,13,290,370,7,1,9,1,P03
5,14,180,417,3,1,9,1,P03
5,15,275,481,4,1,9,1,P03
5,16,218,349,3,1,9,1,P03
5,17,260,582,2,1,9,1,P03
5,18,205,392,6,1,9,1,P03
5,19,264,581,3,1,9,1,P03
5,20,280,577,3,1,9,1,P03
5,21,317,548,5,1,9,1,P03
5,22,206,339,2,1,9,1,P03
5,23,222,369,4,1,9,1,P03
5,24,220,478,5,1,9,1,P03
5,25,157,279,5,1,9,1,P03
5,26,181,298,3,1,9,1,P03
5,27,324,406,2,1,9,1,P03
5,28,177,401,3,1,9,1,P03
5,29,286,641,3,1,9,1,P03
5,30,306,682,4,1,9,1,P03
5,31,253,477,5,1,9,1,P03
5,32,158,312,2,1,9,1,P03
5,33,250,411,2,2,9,1,P03
5,34,247,456,4,1,9,1,P03
5,35,260,514,4,1,9,1,P03
5,36,225,481,4,1,9,1,P03
5,37,208,418,5,1,9,1,P03
5,38,347,604,3,1,9,1,P03
5,39,346,568,2,1,9,1,P03
5,40,160,319,7,2,9,1,P03
5,41,212,377,1,1,9,1,P03
5,42,328,546,2,1,9,1,P03
5,43,173,293,4,1,9,1,P03
5,44,291,452,6,1,9,1,P03
5,45,138,283,4,2,9,1,P03
5,46,328,607,2,2,9,1,P03
5,47,145,284,6,1,9,1,P03
5,48,238,439,4,1,9,1,P03
5,49,246,441,2,1,9,1,P03
5,50,265,470,2,1,9,1,P03
5,51,186,237,5,1,9,1,P03
5,52,337,515,1,1,9,1,P03
5,53,235,425,3,1,9,1,P03
5,54,142,338,4,1,9,1,P03
5,55,264,431,1,1,9,1,P03
5,56,310,576,5,1,9,1,P03
5,57,167,333,4,1,9,1,P03
5,58,249,395,5,1,9,1,P03
5,59,244,331,4,1,9,1,P03
5,60,287,554,2,1,9,1,P03
5,61,149,277,2,2,9,1,P03
5,62,199,356,3,1,9,1,P03
5,63,152,285,5,1,9,1,P03
5,64,327,545,2,1,9,1,P03
5,65,231,470,3,1,9,1,P03
5,66,138,313,3,2,9,1,P03
5,67,217,339,5,1,9,1,P03
5,68,220,357,4,1,9,1,P03
5,69,360,578,4,1,9,1,P03
5,70,309,536,6,1,9,1,P03
5,71,269,447,5,1,9,1,P03
5,72,223,414,4,2,9,1,P03
5,73,354,543,4,1,9,1,P03
5,74,325,463,6,1,9,1,P03
5,75,230,347,2,1,9,1,P03
5,76,295,659,1,1,9,1,P03
5,77,153,271,4,1,9,1,P03
5,78,218,370,3,1,9,1,P03
5,79,215,462,1,1,9,1,P03
5,80,255,487,5,1,9,1,P03
5,81,178,331,4,1,9,1,P03
5,82,268,460,2,1,9,1,P03
5,83,205,277,4,1,9,1,P03
5,84,299,553,5,1,9,1,P03
5,85,311,528,8,1,9,1,P03
5,86,218,351,5,1,9,1,P03
5,87,332,512,3,1,9,1,P03
5,88,198,363,6,1,9,1,P03
5,89,269,502,2,1,9,1,P03
5,90,344,596,3,1,9,1,P03
5,91,355,626,5,1,9,1,P03
5,92,305,502,4,1,9,1,P03
5,93,233,548,1,1,9,1,P03
5,94,241,390,2,1,9,1,P03
5,95,211,385,3,1,9,1,P03
5,96,296,430,6,1,9,1,P03
5,97,275,534,4,1,9,1,P03
5,98,169,351,6,1,9,1,P03
5,99,213,384,3,1,9,1,P03
5,100,246,366,1,1,9,1,P03
5,101,267,500,4,1,9,1,P03
5,102,315,466,1,1,9,1,P03
5,103,150,274,4,1,9,1,P03
5,104,132,300,1,1,9,1,P03
5,105,296,504,3,1,9,1,P03
5,106,157,254,4,1,9,1,P03
5,107,267,451,4,1,9,1,P03
5,108,210,311,3,1,9,1,P03
5,109,165,281,2,1,9,1,P03
5,110,178,288,3,1,9,1,P03
5,111,272,464,9,1,9,1,P03
5,112,200,427,3,1,9,1,P03
5,113,260,380,2,1,9,1,P03
5,114,160,248,4,1,9,1,P03
5,115,244,377,2,1,9,1,P03
5,116,315,500,7,1,9,1,P03
5,117,236,539,4,1,9,1,P03
5,118,279,541,4,1,9,1,P03
5,119,191,377,6,1,9,1,P03
5,120,171,299,2,1,9,1,P03
5,121,265,480,4,1,9,1,P03
5,122,294,564,3,1,9,1,P03
5,123,178,329,2,1,9,1,P03
5,124,175,444,3,1,9,1,P03
5,125,329,606,1,1,9,1,P03
5,126,190,270,4,1,9,1,P03
5,127,209,399,4,1,9,1,P03
5,128,267,531,1,1,9,1,P03
5,129,342,606,1,1,9,1,P03
5,130,309,653,4,1,9,1,P03
5,131,159,282,5,1,9,1,P03
5,132,151,307,4,1,9,1,P03
5,133,173,352,4,1,9,1,P03
5,134,284,450,3,3,9,1,P03
5,135,254,338,3,1,9,1,P03
5,136,148,293,6,1,9,1,P03
5,137,230,472,1,1,9,1,P03
5,138,343,575,5,1,9,1,P03
5,139,210,440,2,1,9,1,P03
5,140,258,512,4,1,9,1,P03
5,141,330,588,4,1,9,1,P03
5,142,174,293,1,1,9,1,P03
5,143,168,253,4,1,9,1,P03
5,144,333,484,2,1,9,1,P03
5,145,361,627,5,2,9,1,P03
5,146,185,296,5,3,9,1,P03
5,147,213,418,5,1,9,1,P03
5,148,347,584,1,2,9,1,P03
5,149,286,482,4,2,9,1,P03
5,150,230,450,4,1,9,1,P03
5,151,222,473,1,1,9,1,P03
5,152,238,428,4,1,9,1,P03
5,153,160,252,4,1,9,1,P03
5,154,272,517,4,1,9,1,P03
5,155,352,641,2,1,9,1,P03
5,156,201,332,1,1,9,1,P03
5,157,365,622,3,1,9,1,P03
5,158,276,455,4,1,9,1,P03
5,159,236,421,5,1,9,1,P03
5,160,256,457,2,1,9,1,P03
5,161,183,302,5,1,9,1,P03
5,162,338,583,3,1,9,1,P03
5,163,267,536,3,1,9,1,P03
5,164,276,511,3,1,9,1,P03
5,165,236,320,5,1,9,1,P03
5,166,304,516,1,3,9,1,P03
5,167,243,378,2,1,9,1,P03
5,168,374,590,3,1,9,1,P03
5,169,239,469,3,2,9,1,P03
5,170,205,415,2,1,9,1,P03
5,171,294,522,3,1,9,1,P03
5,172,317,569,7,2,9,1,P03
5,173,224,429,2,1,9,1,P03
5,174,169,304,2,1,9,1,P03
5,175,317,603,2,1,9,1,P03
5,176,174,426,5,1,9,1,P03
5,177,146,264,1,1,9,1,P03
5,178,294,493,6,2,9,1,P03
5,179,221,400,3,1,9,1,P03
5,180,278,481,5,3,9,1,P03
5,181,242,383,4,1,9,1,P03
5,182,294,517,3,1,9,1,P03
5,183,258,420,5,1,9,1,P03
5,184,323,547,3,1,9,1,P03
5,185,214,455,2,1,9,1,P03
5,186,318,522,3,1,9,1,P03
5,187,229,370,6,1,9,1,P03
5,188,245,398,4,1,9,1,P03
5,189,279,560,3,1,9,1,P03
5,190,348,578,9,1,9,1,P03
5,191,188,308,1,1,9,1,P03
5,192,315,487,2,1,9,1,P03
5,193,358,567,5,1,9,1,P03
5,194,286,569,2,1,9,1,P03
5,195,228,471,1,2,9,1,P03
5,196,342,480,3,1,9,1,P03
5,197,374,595,2,1,9,1,P03
5,198,176,261,1,1,9,1,P03
5,199,300,547,1,1,9,1,P03
5,200,325,486,2,1,9,1,P03
5,201,130,282,3,2,9,1,P03
5,202,266,611,1,1,9,1,P03
5,203,255,426,2,1,9,1,P03
5,204,178,322,6,1,9,1,P03
5,205,258,440,2,1,9,1,P03
5,206,233,454,2,1,9,1,P03
5,207,291,457,3,1,9,1,P03
5,208,283,476,3,2,9,1,P03
5,209,331,537,2,1,9,1,P03
5,210,202,392,4,2,9,1,P03
5,211,191,286,3,1,9,1,P03
5,212,158,332,2,1,9,1,P03
5,213,164,278,7,1,9,1,P03
5,214,174,294,2,3,9,1,P03
5,215,199,286,3,1,9,1,P03
5,216,303,461,1,1,9,1,P03
5,217,205,423,3,1,9,1,P03
5,218,382,617,5,1,9,1,P03
5,219,140,280,2,1,9,1,P03
5,220,248,398,3,1,9,1,P03
5,221,256,392,4,1,9,1,P03
5,222,276,394,6,1,9,1,P03
5,223,343,482,4,1,9,1,P03
5,224,165,306,4,1,9,1,P03
5,225,301,508,4,1,9,1,P03
5,226,200,416,3,1,9,1,P03
5,227,151,259,2,1,9,1,P03
5,228,337,661,3,1,9,1,P03
5,229,293,573,4,1,9,1,P03
5,230,171,318,1,1,9,1,P03
5,231,283,510,5,1,9,1,P03
5,232,259,417,3,1,9,1,P03
5,233,159,255,9,1,9,1,P03
5,234,270,440,6,5,9,1,P03
5,235,197,353,1,1,9,1,P03
5,236,174,388,4,1,9,1,P03
5,237,164,378,1,1,9,1,P03
5,238,315,630,4,1,9,1,P03
5,239,151,265,3,1,9,1,P03
5,240,193,349,4,1,9,1,P03
5,241,147,271,3,1,9,1,P03
5,242,202,365,5,2,9,1,P03
5,243,246,528,3,1,9,1,P03
5,244,193,393,1,1,9,1,P03
5,245,308,628,1,1,9,1,P03
5,246,361,636,5,1,9,1,P03
5,247,377,611,3,2,9,1,P03
5,248,334,618,4,1,9,1,P03
5,249,234,405,3,2,9,1,P03
5,250,187,310,4,1,9,1,P03
5,251,261,493,3,1,9,1,P03
5,252,203,368,3,1,9,1,P03
5,253,276,551,1,1,9,1,P03
5,254,202,257,3,1,9,1,P03
5,255,138,303,5,1,9,1,P03
5,256,195,410,3,1,9,1,P03
5,257,195,393,3,1,9,1,P03
5,258,284,495,2,2,9,1,P03
5,259,193,355,2,1,9,1,P03
5,260,291,625,2,1,9,1,P03
5,261,219,402,1,1,9,1,P03
5,262,141,264,1,1,9,1,P03
5,263,329,538,1,2,9,1,P03
5,264,193,386,2,1,9,1,P03
5,265,275,480,1,1,9,1,P03
5,266,233,490,3,2,9,1,P03
5,267,298,525,2,2,9,1,P03
5,268,236,351,6,1,9,1,P03
5,269,307,544,5,1,9,1,P03
5,270,248,435,4,1,9,1,P03
5,271,203,427,1,1,9,1,P03
5,272,228,441,6,2,9,1,P03
5,273,316,598,3,1,9,1,P03
5,274,327,604,3,1,9,1,P03
5,275,201,345,1,1,9,1,P03
5,276,319,649,5,1,9,1,P03
5,277,273,523,5,1,9,1,P03
5,278,276,546,3,1,9,1,P03
5,279,179,309,2,2,9,1,P03
5,280,246,467,2,1,9,1,P03
5,281,131,293,2,1,9,1,P03
5,282,331,594,4,2,9,1,P03
5,283,141,259,1,1,9,1,P03
5,284,306,614,3,1,9,1,P03
5,285,272,500,4,1,9,1,P03
5,286,182,254,3,1,9,1,P03
5,287,260,627,1,1,9,1,P03
5,288,372,608,5,1,9,1,P03
5,289,196,443,3,2,9,1,P03
5,290,244,544,1,1,9,1,P03
5,291,259,506,1,1,9,1,P03
5,292,210,351,3,1,9,1,P03
5,293,222,393,4,1,9,1,P03
5,294,228,428,3,1,9,1,P03
5,295,343,561,4,2,9,1,P03
5,296,234,384,3,1,9,1,P03
5,297,185,413,3,1,9,1,P03
5,298,303,485,3,1,9,1,P03
5,299,136,274,4,1,9,1,P03
5,300,258,471,4,1,9,1,P03
5,301,301,580,3,2,9,1,P03
5,302,149,275,2,1,9,1,P03
5,303,287,592,1,1,9,1,P03
5,304,189,327,5,2,9,1,P03
5,305,230,329,4,1,9,1,P03
5,306,233,425,2,1,9,1,P03
5,307,257,449,1,1,9,1,P03
5,308,361,471,3,1,9,1,P03
5,309,183,266,5,1,9,1,P03
5,310,236,438,5,1,9,1,P03
5,311,217,386,2,1,9,1,P03
5,312,307,558,1,2,9,1,P03
5,313,274,468,1,1,9,1,P03
5,314,207,453,1,2,9,1,P03
5,315,258,472,2,3,9,1,P03
5,316,277,513,4,1,9,1,P03
5,317,405,587,1,1,9,1,P03
5,318,395,538,1,1,9,1,P03
5,319,286,535,6,1,9,1,P03
5,320,319,626,3,1,9,1,P03
5,321,353,599,3,1,9,1,P03
5,322,255,459,3,2,9,1,P03
5,323,303,601,3,2,9,1,P03
5,324,156,432,3,1,9,1,P03
5,325,147,305,3,1,9,1,P03
5,326,316,597,3,1,9,1,P03
5,327,148,264,3,1,9,1,P03
5,328,247,460,4,1,9,1,P03
5,329,341,566,1,1,9,1,P03
5,330,158,280,7,1,9,1,P03
5,331,290,546,5,1,9,1,P03
5,332,316,612,3,2,9,1,P03
5,333,139,279,5,1,9,1,P03
5,334,180,306,6,1,9,1,P03
5,335,205,441,1,1,9,1,P03
5,336,171,267,4,1,9,1,P03
5,337,164,365,4,1,9,1,P03
5,338,164,350,4,1,9,1,P03
5,339,223,501,4,1,9,1,P03
5,340,228,411,4,1,9,1,P03
5,341,242,458,2,1,9,1,P03
5,342,152,263,5,2,9,1,P03
5,343,308,567,4,1,9,1,P03
5,344,307,589,2,1,9,1,P03
5,345,371,600,1,1,9,1,P03
5,346,191,422,1,1,9,1,P03
5,347,149,321,5,1,9,1,P03
5,348,237,300,8,1,9,1,P03
5,349,272,550,6,1,9,1,P03
5,350,174,307,2,1,9,1,P03
5,351,272,577,4,1,9,1,P03
5,352,211,337,3,1,9,1,P03
5,353,245,526,4,1,9,1,P03
5,354,288,559,3,1,9,1,P03
5,355,274,542,1,1,9,1,P03
5,356,337,601,5,1,9,1,P03
5,357,240,509,1,1,9,1,P03
5,358,364,590,2,2,9,1,P03
5,359,394,599,4,1,9,1,P03
5,360,303,559,3,1,9,1,P03
5,361,219,363,4,1,9,1,P03
5,362,167,278,5,1,9,1,P03
5,363,353,614,2,2,9,1,P03
5,364,193,372,1,1,9,1,P03
5,365,227,320,5,2,9,1,P03
5,366,279,513,4,1,9,1,P03
5,367,260,519,3,1,9,1,P03
5,368,247,479,3,1,9,1,P03
5,369,176,298,5,1,9,1,P03
5,370,265,476,4,1,9,1,P03
5,371,181,341,3,1,9,1,P03
5,372,336,632,1,1,9,1,P03
5,373,249,400,4,1,9,1,P03
5,374,184,427,2,1,9,1,P03
5,375,259,518,3,1,9,1,P03
5,376,333,612,4,2,9,1,P03
5,377,234,504,1,1,9,1,P03
5,378,157,292,3,1,9,1,P03
5,379,268,483,3,1,9,1,P03
5,380,294,518,4,2,9,1,P03
5,381,223,463,1,1,9,1,P03
5,382,294,581,2,1,9,1,P03
5,383,313,565,2,1,9,1,P03
5,384,228,464,4,1,9,1,P03
5,385,180,416,2,1,9,1,P03
5,386,234,445,1,1,9,1,P03
5,387,241,397,4,1,9,1,P03
5,388,301,455,7,1,9,1,P03
5,389,172,337,3,1,9,1,P03
5,390,267,644,4,1,9,1,P03
5,391,188,352,3,1,9,1,P03
5,392,160,270,5,1,9,1,P03
5,393,300,486,6,1,9,1,P03
5,394,223,404,4,1,9,1,P03
5,395,146,254,4,1,9,1,P03
5,396,344,619,5,1,9,1,P03
5,397,348,523,2,2,9,1,P03
5,398,349,561,2,1,9,1,P03
5,399,278,484,2,1,9,1,P03
5,400,217,356,2,1,9,1,P03
5,401,327,518,2,1,9,1,P03
5,402,168,258,3,1,9,1,P03
5,403,193,339,5,1,9,1,P03
5,404,198,448,7,1,9,1,P03
5,405,246,539,1,1,9,1,P03
5,406,208,300,7,1,9,1,P03
5,407,179,298,3,1,9,1,P03
5,408,157,282,5,1,9,1,P03
5,409,217,412,4,1,9,1,P03
5,410,361,584,6,2,9,1,P03
5,411,149,306,2,2,9,1,P03
5,412,294,602,1,1,9,1,P03
5,413,177,353,9,1,9,1,P03
5,414,320,635,4,1,9,1,P03
5,415,236,458,1,1,9,1,P03
5,416,146,255,4,1,9,1,P03
5,417,191,407,6,1,9,1,P03
5,418,236,457,3,1,9,1,P03
5,419,337,581,3,1,9,1,P03
5,420,141,286,4,1,9,1,P03
5,421,202,356,2,1,9,1,P03
5,422,167,354,3,1,9,1,P03
5,423,327,507,9,2,9,1,P03
5,424,306,568,5,3,9,1,P03
5,425,139,277,1,2,9,1,P03
5,426,314,507,1,1,9,1,P03
5,427,267,424,2,1,9,1,P03
5,428,153,346,1,1,9,1,P03
5,429,172,337,2,2,9,1,P03
5,430,345,602,4,1,9,1,P03
5,431,313,635,4,1,9,1,P03
5,432,156,273,6,1,9,1,P03
5,433,286,629,2,2,9,1,P03
5,434,217,337,4,1,9,1,P03
5,435,267,523,1,2,9,1,P03
5,436,256,450,4,1,9,1,P03
5,437,164,306,4,1,9,1,P03
5,438,148,261,3,2,9,1,P03
5,439,207,453,3,1,9,1,P03
5,440,193,380,1,1,9,1,P03
5,441,179,335,3,1,9,1,P03
5,442,191,366,2,1,9,1,P03
5,443,184,344,1,1,9,1,P03
5,444,253,473,1,1,9,1,P03
5,445,154,315,5,1,9,1,P03
5,446,156,292,3,2,9,1,P03
5,447,269,539,4,1,9,1,P03
5,448,247,363,1,1,9,1,P03
5,449,196,376,3,1,9,1,P03
5,450,259,423,4,1,9,1,P03
5,451,327,648,1,2,9,1,P03
5,452,207,345,5,1,9,1,P03
5,453,329,638,4,1,9,1,P03
5,454,159,273,4,1,9,1,P03
5,455,212,334,2,1,9,1,P03
5,456,207,411,1,1,9,1,P03
5,457,324,491,3,1,9,1,P03
5,458,129,291,1,1,9,1,P03
5,459,256,507,2,1,9,1,P03
5,460,225,446,2,1,9,1,P03
5,461,214,357,4,2,9,1,P03
5,462,291,514,2,1,9,1,P03
5,463,156,287,2,1,9,1,P03
5,464,203,429,4,1,9,1,P03
5,465,191,303,4,1,9,1,P03
5,466,267,438,5,1,9,1,P03
5,467,148,269,1,3,9,1,P03
5,468,222,462,2,1,9,1,P03
5,469,179,263,5,1,9,1,P03
5,470,165,361,4,1,9,1,P03
5,471,317,626,3,1,9,1,P03
5,472,357,563,4,1,9,1,P03
5,473,230,492,5,1,9,1,P03
5,474,146,255,2,1,9,1,P03
5,475,307,488,2,2,9,1,P03
5,476,304,618,2,1,9,1,P03
5,477,185,266,1,1,9,1,P03
5,478,315,559,1,1,9,1,P03
5,479,211,453,4,1,9,1,P03
5,480,285,629,5,1,9,1,P03
5,481,288,544,3,1,9,1,P03
5,482,234,437,3,1,9,1,P03
5,483,341,588,1,1,9,1,P03
5,484,171,333,1,2,9,1,P03
5,485,318,596,4,1,9,1,P03
5,486,133,342,5,4,9,1,P03
5,487,276,417,4,2,9,1,P03
5,488,151,313,5,1,9,1,P03
5,489,297,453,7,1,9,1,P03
5,490,334,655,1,1,9,1,P03
5,491,268,444,3,1,9,1,P03
5,492,283,506,2,1,9,1,P03
5,493,195,336,3,1,9,1,P03
5,494,311,417,3,1,9,1,P03
5,495,250,513,1,1,9,1,P03
5,496,220,358,2,2,9,1,P03
5,497,304,617,5,1,9,1,P03
5,498,267,522,2,1,9,1,P03
5,499,175,351,4,1,9,1,P03
5,500,208,392,6,1,9,1,P03
5,501,303,470,4,2,9,1,P03
5,502,294,456,3,1,9,1,P03
5,503,292,605,5,1,9,1,P03
5,504,201,381,3,1,9,1,P03
5,505,333,650,6,1,9,1,P03
5,506,250,486,6,1,9,1,P03
5,507,290,644,1,1,9,1,P03
5,508,267,503,4,1,9,1,P03
5,509,228,370,3,1,9,1,P03
5,510,223,439,1,2,9,1,P03
5,511,349,523,2,1,9,1,P03
5,512,178,339,1,1,9,1,P03
5,513,212,492,2,1,9,1,P03
5,514,206,360,2,1,9,1,P03
5,515,337,533,3,1,9,1,P03
5,516,369,597,5,1,9,1,P03
5,517,235,492,6,1,9,1,P03
5,518,217,337,3,1,9,1,P03
5,519,208,312,3,1,9,1,P03
5,520,221,379,4,1,9,1,P03
5,521,167,306,2,1,9,1,P03
5,522,302,601,2,1,9,1,P03
5,523,242,441,2,1,9,1,P03
5,524,354,638,1,1,9,1,P03
5,525,289,375,7,1,9,1,P03
5,526,253,444,1,1,9,1,P03
5,527,145,257,4,1,9,1,P03
5,528,149,298,1,1,9,1,P03
5,529,167,292,1,1,9,1,P03
5,530,361,527,6,1,9,1,P03
5,531,274,460,2,1,9,1,P03
5,532,215,317,1,1,9,1,P03
5,533,236,439,3,1,9,1,P03
5,534,279,600,1,1,9,1,P03
5,535,210,452,1,1,9,1,P03
5,536,272,489,4,1,9,1,P03
5,537,401,574,4,1,9,1,P03
5,538,294,572,5,1,9,1,P03
5,539,320,611,1,1,9,1,P03
5,540,310,589,7,1,9,1,P03
5,541,240,459,6,1,9,1,P03
5,542,355,637,3,1,9,1,P03
5,543,279,432,3,2,9,1,P03
5,544,334,623,7,1,9,1,P03
5,545,273,488,3,1,9,1,P03
5,546,129,272,2,1,9,1,P03
5,547,235,386,2,1,9,1,P03
5,548,175,393,2,1,9,1,P03
5,549,411,576,3,1,9,1,P03
5,550,306,454,3,1,9,1,P03
5,551,218,445,3,1,9,1,P03
5,552,228,458,5,1,9,1,P03
5,553,187,269,3,1,9,1,P03
5,554,278,638,2,1,9,1,P03
5,555,302,619,2,1,9,1,P03
5,556,330,497,2,1,9,1,P03
5,557,254,425,4,1,9,1,P03
5,558,198,415,5,1,9,1,P03
5,559,247,527,1,1,9,1,P03
5,560,364,579,5,1,9,1,P03
5,561,257,568,3,1,9,1,P03
5,562,185,290,4,1,9,1,P03
5,563,235,479,4,1,9,1,P03
5,564,278,459,1,1,9,1,P03
5,565,378,538,3,1,9,1,P03
5,566,236,344,2,1,9,1,P03
5,567,235,424,3,2,9,1,P03
5,568,353,553,5,1,9,1,P03
5,569,181,405,1,1,9,1,P03
5,570,206,400,4,1,9,1,P03
5,571,229,416,3,1,9,1,P03
5,572,217,391,2,1,9,1,P03
5,573,233,415,6,1,9,1,P03
5,574,287,519,1,1,9,1,P03
5,575,221,379,3,1,9,1,P03
5,576,329,594,3,1,9,1,P03
5,577,264,438,6,1,9,1,P03
5,578,233,422,2,2,9,1,P03
5,579,347,565,4,1,9,1,P03
5,580,235,484,2,1,9,1,P03
5,581,323,595,4,1,9,1,P03
5,582,248,479,5,1,9,1,P03
5,583,179,295,3,2,9,1,P03
5,584,323,580,3,1,9,1,P03
5,585,301,503,2,1,9,1,P03
5,586,250,351,3,1,9,1,P03
5,587,309,611,2,1,9,1,P03
5,588,195,306,2,1,9,1,P03
5,589,349,629,2,1,9,1,P03
5,590,139,274,8,1,9,1,P03
5,591,340,649,1,1,9,1,P03
5,592,285,421,3,2,9,1,P03
5,593,322,557,1,1,9,1,P03
5,594,164,288,2,1,9,1,P03
5,595,159,286,1,1,9,1,P03
5,596,189,364,1,1,9,1,P03
5,597,373,621,7,1,9,1,P03
5,598,147,307,5,1,9,1,P03
5,599,296,483,2,3,9,1,P03
5,600,207,341,6,1,9,1,P03
5,601,170,335,4,1,9,1,P03
5,602,260,494,3,1,9,1,P03
5,603,290,628,2,1,9,1,P03
5,604,316,651,3,1,9,1,P03
5,605,195,311,4,1,9,1,P03
5,606,213,470,1,1,9,1,P03
5,607,168,318,5,1,9,1,P03
5,608,203,385,1,1,9,1,P03
5,609,145,262,3,1,9,1,P03
5,610,209,299,5,1,9,1,P03
5,611,346,573,3,1,9,1,P03
5,612,208,369,4,2,9,1,P03
5,613,202,297,5,1,9,1,P03
5,614,262,535,3,1,9,1,P03
5,615,168,267,3,1,9,1,P03
5,616,202,335,5,1,9,1,P03
5,617,157,266,5,2,9,1,P03
5,618,330,524,6,1,9,1,P03
5,619,288,515,3,1,9,1,P03
5,620,258,530,2,1,9,1,P03
5,621,305,628,3,1,9,1,P03
5,622,256,502,4,1,9,1,P03
5,623,213,361,1,1,9,1,P03
5,624,408,576,3,1,9,1,P03
5,625,314,453,3,1,9,1,P03
5,626,207,328,1,1,9,1,P03
5,627,225,462,1,1,9,1,P03
5,628,155,248,2,1,9,1,P03
5,629,139,269,2,1,9,1,P03
5,630,220,322,2,1,9,1,P03
5,631,333,630,4,1,9,1,P03
5,632,191,314,3,1,9,1,P03
5,633,266,529,3,1,9,1,P03
5,634,291,469,4,1,9,1,P03
5,635,252,442,7,1,9,1,P03
5,636,272,484,3,1,9,1,P03
5,637,208,387,3,2,9,1,P03
5,638,253,436,3,3,9,1,P03
5,639,276,439,3,1,9,1,P03
5,640,206,385,1,1,9,1,P03
5,641,181,357,1,1,9,1,P03
5,642,305,517,6,1,9,1,P03
5,643,236,435,2,2,9,1,P03
5,644,205,347,3,1,9,1,P03
5,645,392,565,4,1,9,1,P03
5,646,244,460,2,1,9,1,P03
5,647,308,563,6,2,9,1,P03
5,648,187,417,3,1,9,1,P03
5,649,368,622,2,2,9,1,P03
5,650,329,503,3,1,9,1,P03
5,651,357,584,5,1,9,1,P03
5,652,255,352,5,1,9,1,P03
5,653,157,362,2,1,9,1,P03
5,654,161,351,5,1,9,1,P03
5,655,149,284,1,2,9,1,P03
5,656,168,315,1,1,9,1,P03
5,657,315,549,1,1,9,1,P03
5,658,164,274,7,1,9,1,P03
5,659,277,526,3,1,9,1,P03
5,660,247,432,3,1,9,1,P03
5,661,175,333,4,1,9,1,P03
5,662,252,421,3,2,9,1,P03
5,663,225,432,1,1,9,1,P03
5,664,292,534,1,1,9,1,P03
5,665,200,314,5,1,9,1,P03
5,666,229,498,4,1,9,1,P03
5,667,212,452,4,1,9,1,P03
5,668,178,365,3,1,9,1,P03
5,669,205,344,5,1,9,1,P03
5,670,379,618,1,1,9,1,P03
5,671,177,309,5,1,9,1,P03
5,672,176,364,2,1,9,1,P03
5,673,188,266,5,1,9,1,P03
5,674,180,367,5,1,9,1,P03
5,675,346,524,5,1,9,1,P03
5,676,329,644,1,1,9,1,P03
5,677,293,474,7,1,9,1,P03
5,678,206,357,2,1,9,1,P03
5,679,222,395,7,2,9,1,P03
5,680,339,658,5,1,9,1,P03
5,681,196,311,4,1,9,1,P03
5,682,201,356,3,1,9,1,P03
5,683,205,405,1,1,9,1,P03
5,684,309,551,6,1,9,1,P03
5,685,152,297,4,1,9,1,P03
5,686,258,566,3,1,9,1,P03
5,687,248,390,4,1,9,1,P03
5,688,243,518,1,1,9,1,P03
5,689,227,423,4,1,9,1,P03
5,690,252,471,1,1,9,1,P03
5,691,351,628,4,1,9,1,P03
5,692,237,399,3,2,9,1,P03
5,693,238,520,5,1,9,1,P03
5,694,241,405,5,1,9,1,P03
5,695,158,272,5,1,9,1,P03
5,696,288,549,2,1,9,1,P03
5,697,198,357,6,1,9,1,P03
5,698,185,325,3,2,9,1,P03
5,699,338,567,4,1,9,1,P03
5,700,155,344,2,1,9,1,P03
5,701,270,566,2,1,9,1,P03
5,702,255,510,1,3,9,1,P03
5,703,303,588,2,1,9,1,P03
5,704,272,483,2,1,9,1,P03
5,705,254,438,2,1,9,1,P03
5,706,199,391,3,1,9,1,P03
5,707,293,537,2,1,9,1,P03
5,708,332,516,1,1,9,1,P03
5,709,190,358,4,1,9,1,P03
5,710,223,455,3,1,9,1,P03
5,711,193,331,1,1,9,1,P03
5,712,273,474,8,1,9,1,P03
5,713,314,630,1,1,9,1,P03
5,714,303,582,3,3,9,1,P03
5,715,336,460,4,1,9,1,P03
5,716,236,358,7,1,9,1,P03
5,717,279,561,1,3,9,1,P03
5,718,197,427,1,1,9,1,P03
5,719,228,458,5,1,9,1,P03
5,720,152,299,3,1,9,1,P03
5,721,238,349,5,1,9,1,P03
5,722,313,620,5,1,9,1,P03
5,723,365,625,6,1,9,1,P03
5,724,358,625,2,1,9,1,P03
5,725,158,292,4,2,9,1,P03
5,726,321,412,4,1,9,1,P03
5,727,258,413,3,1,9,1,P03
5,728,322,538,3,1,9,1,P03
5,729,231,459,2,1,9,1,P03
5,730,316,603,2,1,9,1,P03
5,731,190,304,2,1,9,1,P03
5,732,256,498,3,1,9,1,P03
5,733,285,560,3,1,9,1,P03
5,734,344,627,3,1,9,1,P03
5,735,175,250,3,1,9,1,P03
5,736,293,448,5,1,9,1,P03
5,737,257,415,7,2,9,1,P03
5,738,238,397,7,2,9,1,P03
5,739,220,464,3,1,9,1,P03
5,740,165,323,2,2,9,1,P03
5,741,286,470,5,1,9,1,P03
5,742,197,391,1,1,9,1,P03
5,743,280,485,2,1,9,1,P03
5,744,265,458,7,1,9,1,P03
5,745,287,553,1,1,9,1,P03
5,746,156,305,1,1,9,1,P03
5,747,173,281,7,1,9,1,P03
5,748,299,502,7,2,9,1,P03
5,749,276,540,2,1,9,1,P03
5,750,275,540,5,2,9,1,P03
5,751,326,638,4,1,9,1,P03
5,752,150,333,3,1,9,1,P03
5,753,247,482,5,1,9,1,P03
5,754,210,415,6,2,9,1,P03
5,755,237,342,3,1,9,1,P03
5,756,232,500,1,1,9,1,P03
5,757,177,287,1,1,9,1,P03
5,758,168,358,3,1,9,1,P03
5,759,322,591,3,1,9,1,P03
5,760,191,376,5,1,9,1,P03
5,761,223,363,7,1,9,1,P03
5,762,238,400,3,3,9,1,P03
5,763,293,626,1,1,9,1,P03
5,764,174,338,1,1,9,1,P03
5,765,196,338,4,1,9,1,P03
5,766,292,491,4,1,9,1,P03
5,767,213,379,1,1,9,1,P03
5,768,286,525,2,1,9,1,P03
5,769,286,423,4,1,9,1,P03
5,770,336,650,2,1,9,1,P03
5,771,319,481,2,1,9,1,P03
5,772,336,562,6,1,9,1,P03
5,773,258,483,6,1,9,1,P03
5,774,187,357,1,1,9,1,P03
5,775,223,420,1,1,9,1,P03
5,776,158,323,2,1,9,1,P03
5,777,191,316,3,1,9,1,P03
5,778,198,381,1,2,9,1,P03
5,779,221,357,4,1,9,1,P03
5,780,336,659,4,1,9,1,P03
5,781,275,494,7,1,9,1,P03
5,782,332,504,7,1,9,1,P03
5,783,209,389,6,1,9,1,P03
5,784,340,614,3,1,9,1,P03
5,785,298,423,2,1,9,1,P03
5,786,304,634,3,2,9,1,P03
5,787,145,297,3,1,9,1,P03
5,788,230,454,2,2,9,1,P03
5,789,188,391,3,1,9,1,P03
5,790,366,597,3,1,9,1,P03
5,791,344,626,6,1,9,1,P03
5,792,304,582,3,1,9,1,P03
5,793,197,361,3,1,9,1,P03
5,794,171,359,7,1,9,1,P03
5,795,277,427,4,1,9,1,P03
5,796,218,380,5,1,9,1,P03
5,797,199,386,1,1,9,1,P03
5,798,259,487,4,1,9,1,P03
5,799,187,280,4,1,9,1,P03
5,800,176,271,9,2,9,1,P03
5,801,392,601,3,1,9,1,P03
5,802,290,578,1,1,9,1,P03
5,803,178,318,4,1,9,1,P03
5,804,307,567,1,1,9,1,P03
5,805,340,577,1,1,9,1,P03
5,806,376,583,2,1,9,1,P03
5,807,231,375,2,2,9,1,P03
5,808,196,397,4,1,9,1,P03
5,809,232,579,3,2,9,1,P03
5,810,190,390,3,1,9,1,P03
5,811,232,456,3,1,9,1,P03
5,812,144,268,4,2,9,1,P03
5,813,303,606,2,1,9,1,P03
5,814,178,383,3,2,9,1,P03
5,815,208,382,3,1,9,1,P03
5,816,286,505,3,1,9,1,P03
5,817,329,592,3,1,9,1,P03
5,818,217,487,3,1,9,1,P03
5,819,221,393,5,1,9,1,P03
5,820,251,499,1,1,9,1,P03
5,821,197,354,2,1,9,1,P03
5,822,351,553,3,1,9,1,P03
5,823,144,337,4,2,9,1,P03
5,824,281,533,4,1,9,1,P03
5,825,287,495,3,1,9,1,P03
5,826,397,528,5,1,9,1,P03
5,827,240,388,3,1,9,1,P03
5,828,263,553,6,1,9,1,P03
5,829,245,524,1,1,9,1,P03
5,830,213,444,3,2,9,1,P03
5,831,271,572,3,1,9,1,P03
5,832,281,546,5,1,9,1,P03
5,833,179,374,5,1,9,1,P03
5,834,297,459,1,1,9,1,P03
5,835,240,436,3,2,9,1,P03
5,836,309,536,3,1,9,1,P03
5,837,146,295,1,1,9,1,P03
5,838,298,565,1,1,9,1,P03
5,839,238,377,3,1,9,1,P03
5,840,282,468,1,1,9,1,P03
5,841,185,285,3,1,9,1,P03
5,842,313,515,3,1,9,1,P03
5,843,323,653,6,1,9,1,P03
5,844,229,369,6,1,9,1,P03
5,845,278,542,4,2,9,1,P03
5,846,308,544,5,1,9,1,P03
5,847,176,344,9,1,9,1,P03
5,848,141,275,2,1,9,1,P03
5,849,154,265,4,1,9,1,P03
5,850,352,622,6,1,9,1,P03
5,851,143,272,5,1,9,1,P03
5,852,182,412,2,1,9,1,P03
5,853,201,291,4,1,9,1,P03
5,854,206,263,2,1,9,1,P03
5,855,287,489,3,1,9,1,P03
5,856,173,360,1,1,9,1,P03
5,857,185,387,1,1,9,1,P03
5,858,263,505,2,1,9,1,P03
5,859,254,572,2,1,9,1,P03
5,860,241,401,4,1,9,1,P03
5,861,223,390,3,1,9,1,P03
5,862,340,559,2,1,9,1,P03
5,863,208,361,3,1,9,1,P03
5,864,356,602,4,1,9,1,P03
5,865,229,412,3,1,9,1,P03
5,866,170,381,3,1,9,1,P03
5,867,265,393,1,2,9,1,P03
5,868,268,518,1,1,9,1,P03
5,869,152,265,2,1,9,1,P03
5,870,340,519,4,1,9,1,P03
5,871,250,438,5,1,9,1,P03
5,872,245,500,2,3,9,1,P03
5,873,286,527,3,1,9,1,P03
5,874,285,585,2,1,9,1,P03
5,875,321,633,2,1,9,1,P03
5,876,269,547,1,1,9,1,P03
5,877,199,441,2,1,9,1,P03
5,878,154,293,5,2,9,1,P03
5,879,237,477,1,2,9,1,P03
5,880,220,442,4,1,9,1,P03
5,881,274,472,3,1,9,1,P03
5,882,154,247,5,1,9,1,P03
5,883,170,325,4,1,9,1,P03
5,884,315,462,3,1,9,1,P03
5,885,326,671,3,1,9,1,P03
5,886,166,311,3,2,9,1,P03
5,887,233,401,5,1,9,1,P03
5,888,171,287,2,1,9,1,P03
5,889,183,321,5,1,9,1,P03
5,890,249,587,2,1,9,1,P03
5,891,260,367,7,2,9,1,P03
5,892,310,548,4,1,9,1,P03
5,893,211,444,1,1,9,1,P03
5,894,359,600,3,2,9,1,P03
5,895,319,573,4,1,9,1,P03
5,896,169,337,1,1,9,1,P03
5,897,313,685,3,1,9,1,P03
5,898,231,633,5,1,9,1,P03
5,899,183,336,1,1,9,1,P03
5,900,368,587,3,1,9,1,P03
5,901,226,523,3,1,9,1,P03
5,902,264,429,2,1,9,1,P03
5,903,261,452,1,1,9,1,P03
5,904,329,524,2,2,9,1,P03
5,905,242,448,4,1,9,1,P03
5,906,242,460,1,1,9,1,P03
5,907,237,346,4,1,9,1,P03
5,908,279,469,6,1,9,1,P03
5,909,170,289,4,1,9,1,P03
5,910,158,314,3,1,9,1,P03
5,911,281,518,2,1,9,1,P03
5,912,333,485,5,1,9,1,P03
5,913,256,328,2,1,9,1,P03
5,914,272,629,5,1,9,1,P03
5,915,192,480,2,1,9,1,P03
5,916,257,454,2,1,9,1,P03
5,917,165,257,6,2,9,1,P03
5,918,344,549,1,1,9,1,P03
5,919,277,494,5,1,9,1,P03
5,920,251,462,6,1,9,1,P03
5,921,260,571,5,2,9,1,P03
5,922,167,332,5,1,9,1,P03
5,923,228,363,1,1,9,1,P03
5,924,309,530,2,1,9,1,P03
5,925,364,518,6,1,9,1,P03
5,926,272,565,5,1,9,1,P03
5,927,323,586,4,1,9,1,P03
5,928,159,358,3,1,9,1,P03
5,929,302,559,2,1,9,1,P03
5,930,343,634,1,1,9,1,P03
5,931,191,349,6,1,9,1,P03
5,932,205,336,1,1,9,1,P03
5,933,266,523,3,1,9,1,P03
5,934,206,407,4,1,9,1,P03
5,935,236,427,3,1,9,1,P03
5,936,201,376,6,1,9,1,P03
5,937,252,564,3,1,9,1,P03
5,938,199,312,6,1,9,1,P03
5,939,204,344,4,1,9,1,P03
5,940,195,287,6,1,9,1,P03
5,941,213,425,1,1,9,1,P03
5,942,209,405,2,1,9,1,P03
5,943,311,615,4,1,9,1,P03
5,944,216,354,4,1,9,1,P03
5,945,199,458,7,1,9,1,P03
5,946,164,307,2,1,9,1,P03
5,947,207,385,5,1,9,1,P03
5,948,320,501,2,1,9,1,P03
5,949,339,431,2,1,9,1,P03
5,950,231,436,3,1,9,1,P03
5,951,257,411,3,1,9,1,P03
5,952,236,416,1,1,9,1,P03
5,953,177,291,2,1,9,1,P03
5,954,330,584,4,1,9,1,P03
5,955,266,403,7,1,9,1,P03
5,956,152,297,1,1,9,1,P03
5,957,233,391,5,1,9,1,P03
5,958,331,525,3,1,9,1,P03
5,959,166,319,1,1,9,1,P03
5,960,323,654,2,1,9,1,P03
5,961,235,450,4,1,9,1,P03
5,962,148,267,2,1,9,1,P03
5,963,163,297,5,1,9,1,P03
5,964,290,517,3,1,9,1,P03
5,965,165,275,7,1,9,1,P03
5,966,277,472,2,1,9,1,P03
5,967,249,497,4,1,9,1,P03
5,968,216,353,4,1,9,1,P03
5,969,329,568,4,1,9,1,P03
5,970,240,436,2,1,9,1,P03
5,971,160,267,4,4,9,1,P03
5,972,152,284,1,1,9,1,P03
5,973,256,524,4,1,9,1,P03
5,974,326,572,5,1,9,1,P03
5,975,223,324,3,1,9,1,P03
5,976,145,291,4,1,9,1,P03
5,977,344,649,4,3,9,1,P03
5,978,170,244,4,1,9,1,P03
5,979,198,278,2,1,9,1,P03
5,980,149,252,6,1,9,1,P03
5,981,367,516,3,1,9,1,P03
5,982,347,556,6,1,9,1,P03
5,983,324,589,4,1,9,1,P03
5,984,313,498,6,1,9,1,P03
5,985,350,643,2,2,9,1,P03
5,986,161,282,1,1,9,1,P03
5,987,291,524,1,1,9,1,P03
5,988,259,427,3,1,9,1,P03
5,989,229,396,2,1,9,1,P03
5,990,337,530,3,1,9,1,P03
5,991,178,335,3,1,9,1,P03
5,992,293,495,2,1,9,1,P03
5,993,115,290,1,1,9,1,P03
5,994,214,407,3,2,9,1,P03
5,995,326,539,3,1,9,1,P03
5,996,250,434,5,1,9,1,P03
5,997,166,330,6,1,9,1,P03
5,998,332,610,3,1,9,1,P03
5,999,221,384,1,1,9,1,P03
5,1000,256,417,5,1,9,1,P03
