condition,session,b1,b2,r1,r2,schedule_r1,schedule_r2,PID
1,1,66,405,1,5,1,9,P07
1,2,92,721,1,7,1,9,P07
1,3,275,691,1,4,1,9,P07
1,4,104,860,1,8,1,9,P07
1,5,17,653,1,6,1,9,P07
1,6,53,839,1,8,1,9,P07
1,7,42,558,1,12,1,9,P07
1,8,78,896,1,11,1,9,P07
1,9,43,687,1,3,1,9,P07
1,10,76,682,1,7,1,9,P07
1,11,62,724,1,6,1,9,P07
1,12,46,600,1,7,1,9,P07
1,13,223,522,1,6,1,9,P07
1,14,169,645,1,9,1,9,P07
1,15,71,382,1,3,1,9,P07
1,16,74,488,1,9,1,9,P07
1,17,87,339,1,4,1,9,P07
1,18,85,826,1,8,1,9,P07
1,19,42,375,1,15,1,9,P07
1,20,129,591,1,6,1,9,P07
1,21,77,766,1,9,1,9,P07
1,22,77,380,1,7,1,9,P07
1,23,62,413,1,5,1,9,P07
1,24,246,627,1,5,1,9,P07
1,25,130,785,1,11,1,9,P07
1,26,226,426,1,4,1,9,P07
1,27,54,420,1,12,1,9,P07
1,28,60,612,1,8,1,9,P07
1,29,103,780,2,13,1,9,P07
1,30,57,681,1,11,1,9,P07
1,31,32,558,1,10,1,9,P07
1,32,114,518,1,6,1,9,P07
1,33,45,670,2,13,1,9,P07
1,34,66,707,1,15,1,9,P07
1,35,42,803,1,8,1,9,P07
1,36,78,624,1,13,1,9,P07
1,37,116,467,1,8,1,9,P07
1,38,93,587,1,3,1,9,P07
1,39,73,839,1,5,1,9,P07
1,40,41,366,1,7,1,9,P07
1,41,142,765,1,3,1,9,P07
1,42,82,548,1,11,1,9,P07
1,43,101,613,1,4,1,9,P07
1,44,107,535,2,7,1,9,P07
1,45,185,624,1,5,1,9,P07
1,46,44,365,1,2,1,9,P07
1,47,162,332,1,7,1,9,P07
1,48,59,610,1,13,1,9,P07
1,49,28,762,1,12,1,9,P07
1,50,141,417,1,5,1,9,P07
1,51,116,352,1,5,1,9,P07
1,52,225,530,1,2,1,9,P07
1,53,71,748,1,6,1,9,P07
1,54,64,579,1,6,1,9,P07
1,55,57,498,1,9,1,9,P07
1,56,113,591,1,7,1,9,P07
1,57,89,472,1,5,1,9,P07
1,58,49,404,1,11,1,9,P07
1,59,119,427,1,8,1,9,P07
1,60,126,499,1,8,1,9,P07
1,61,27,607,1,10,1,9,P07
1,62,48,378,1,7,1,9,P07
1,63,122,648,1,9,1,9,P07
1,64,62,804,1,8,1,9,P07
1,65,79,428,1,12,1,9,P07
1,66,52,615,1,11,1,9,P07
1,67,113,729,1,5,1,9,P07
1,68,55,383,1,7,1,9,P07
1,69,54,384,1,5,1,9,P07
1,70,151,588,1,4,1,9,P07
1,71,29,510,1,13,1,9,P07
1,72,45,580,1,13,1,9,P07
1,73,97,843,1,6,1,9,P07
1,74,116,397,1,16,1,9,P07
1,75,39,442,1,12,1,9,P07
1,76,27,409,1,5,1,9,P07
1,77,66,603,1,2,1,9,P07
1,78,100,758,1,7,1,9,P07
1,79,77,625,1,6,1,9,P07
1,80,43,627,1,5,1,9,P07
1,81,86,768,1,6,1,9,P07
1,82,41,632,1,9,1,9,P07
1,83,21,380,1,8,1,9,P07
1,84,105,599,1,14,1,9,P07
1,85,37,449,1,5,1,9,P07
1,86,51,793,1,11,1,9,P07
1,87,81,653,1,9,1,9,P07
1,88,202,515,1,7,1,9,P07
1,89,187,515,1,7,1,9,P07
1,90,119,401,1,8,1,9,P07
1,91,25,433,1,4,1,9,P07
1,92,138,567,1,5,1,9,P07
1,93,83,657,1,10,1,9,P07
1,94,49,351,1,9,1,9,P07
1,95,79,422,1,6,1,9,P07
1,96,71,404,1,4,1,9,P07
1,97,124,360,1,4,1,9,P07
1,98,74,368,1,7,1,9,P07
1,99,40,853,1,8,1,9,P07
1,100,106,876,1,7,1,9,P07
1,101,56,369,1,9,1,9,P07
1,102,226,415,1,4,1,9,P07
1,103,51,857,1,8,1,9,P07
1,104,164,789,1,7,1,9,P07
1,105,26,440,1,10,1,9,P07
1,106,125,577,1,11,1,9,P07
1,107,109,746,1,6,1,9,P07
1,108,121,458,1,11,1,9,P07
1,109,128,676,1,13,1,9,P07
1,110,76,715,1,8,1,9,P07
1,111,74,612,1,6,1,9,P07
1,112,64,491,1,9,1,9,P07
1,113,110,808,1,8,1,9,P07
1,114,79,333,1,7,1,9,P07
1,115,63,563,1,11,1,9,P07
1,116,35,443,1,6,1,9,P07
1,117,45,706,1,7,1,9,P07
1,118,33,535,1,9,1,9,P07
1,119,46,477,1,8,1,9,P07
1,120,70,478,2,9,1,9,P07
1,121,19,403,1,5,1,9,P07
1,122,112,802,1,7,1,9,P07
1,123,70,766,1,11,1,9,P07
1,124,105,482,1,9,1,9,P07
1,125,105,700,1,5,1,9,P07
1,126,111,406,1,7,1,9,P07
1,127,68,894,1,8,1,9,P07
1,128,39,542,1,4,1,9,P07
1,129,109,472,1,6,1,9,P07
1,130,36,433,1,10,1,9,P07
1,131,72,654,1,8,1,9,P07
1,132,68,766,1,5,1,9,P07
1,133,158,617,1,8,1,9,P07
1,134,44,582,1,13,1,9,P07
1,135,149,509,1,8,1,9,P07
1,136,64,351,1,6,1,9,P07
1,137,81,794,1,8,1,9,P07
1,138,74,366,1,8,1,9,P07
1,139,33,367,1,6,1,9,P07
1,140,126,733,1,3,1,9,P07
1,141,92,857,1,5,1,9,P07
1,142,41,784,1,4,1,9,P07
1,143,86,381,1,9,1,9,P07
1,144,51,793,1,6,1,9,P07
1,145,56,575,1,10,1,9,P07
1,146,58,555,1,5,1,9,P07
1,147,94,607,1,5,1,9,P07
1,148,39,704,1,10,1,9,P07
1,149,111,733,1,2,1,9,P07
1,150,117,606,1,4,1,9,P07
1,151,95,506,1,9,1,9,P07
1,152,73,594,1,7,1,9,P07
1,153,135,337,1,12,1,9,P07
1,154,39,556,1,6,1,9,P07
1,155,67,536,1,6,1,9,P07
1,156,193,654,1,6,1,9,P07
1,157,91,677,1,7,1,9,P07
1,158,109,844,1,8,1,9,P07
1,159,105,508,1,10,1,9,P07
1,160,90,329,2,7,1,9,P07
1,161,149,715,1,8,1,9,P07
1,162,95,747,1,11,1,9,P07
1,163,46,354,1,8,1,9,P07
1,164,72,682,1,8,1,9,P07
1,165,76,890,1,11,1,9,P07
1,166,122,437,1,7,1,9,P07
1,167,68,922,1,11,1,9,P07
1,168,161,690,1,7,1,9,P07
1,169,94,406,1,5,1,9,P07
1,170,53,886,1,5,1,9,P07
1,171,150,415,1,8,1,9,P07
1,172,63,774,1,11,1,9,P07
1,173,64,871,1,6,1,9,P07
1,174,190,630,1,4,1,9,P07
1,175,124,582,1,6,1,9,P07
1,176,40,564,1,10,1,9,P07
1,177,158,580,1,9,1,9,P07
1,178,143,852,1,7,1,9,P07
1,179,45,447,1,9,1,9,P07
1,180,49,369,1,8,1,9,P07
1,181,114,712,1,3,1,9,P07
1,182,84,471,1,5,1,9,P07
1,183,202,462,1,4,1,9,P07
1,184,51,365,1,7,1,9,P07
1,185,91,564,1,12,1,9,P07
1,186,37,474,1,10,1,9,P07
1,187,105,573,1,6,1,9,P07
1,188,144,572,1,10,1,9,P07
1,189,87,863,1,5,1,9,P07
1,190,68,852,1,10,1,9,P07
1,191,42,524,1,4,1,9,P07
1,192,134,840,1,6,1,9,P07
1,193,81,486,1,8,1,9,P07
1,194,210,703,1,5,1,9,P07
1,195,28,654,1,8,1,9,P07
1,196,146,705,1,8,1,9,P07
1,197,135,782,1,6,1,9,P07
1,198,104,809,1,4,1,9,P07
1,199,232,581,1,6,1,9,P07
1,200,106,358,1,4,1,9,P07
1,201,57,643,1,7,1,9,P07
1,202,62,756,1,12,1,9,P07
1,203,41,519,1,12,1,9,P07
1,204,20,748,1,12,1,9,P07
1,205,55,473,1,4,1,9,P07
1,206,61,580,1,6,1,9,P07
1,207,137,573,1,6,1,9,P07
1,208,89,857,1,5,1,9,P07
1,209,20,751,1,4,1,9,P07
1,210,52,761,1,6,1,9,P07
1,211,50,467,1,11,1,9,P07
1,212,75,884,1,8,1,9,P07
1,213,312,467,1,5,1,9,P07
1,214,58,883,1,8,1,9,P07
1,215,75,545,1,8,1,9,P07
1,216,66,395,1,3,1,9,P07
1,217,202,626,1,3,1,9,P07
1,218,20,644,1,11,1,9,P07
1,219,46,739,1,9,1,9,P07
1,220,71,389,1,9,1,9,P07
1,221,53,738,1,11,1,9,P07
1,222,161,502,1,8,1,9,P07
1,223,71,827,1,2,1,9,P07
1,224,91,741,1,15,1,9,P07
1,225,53,908,1,11,1,9,P07
1,226,93,566,1,5,1,9,P07
1,227,48,469,1,9,1,9,P07
1,228,38,516,1,8,1,9,P07
1,229,140,753,1,4,1,9,P07
1,230,82,401,1,6,1,9,P07
1,231,109,391,1,6,1,9,P07
1,232,57,795,1,9,1,9,P07
1,233,68,437,1,12,1,9,P07
1,234,90,654,1,11,1,9,P07
1,235,116,705,1,8,1,9,P07
1,236,220,775,1,7,1,9,P07
1,237,130,548,1,12,1,9,P07
1,238,108,758,1,5,1,9,P07
1,239,39,841,1,10,1,9,P07
1,240,69,522,1,5,1,9,P07
1,241,123,304,1,7,1,9,P07
1,242,199,647,1,5,1,9,P07
1,243,120,529,1,6,1,9,P07
1,244,113,842,1,8,1,9,P07
1,245,97,445,1,5,1,9,P07
1,246,118,372,1,4,1,9,P07
1,247,93,543,1,13,1,9,P07
1,248,142,752,1,8,1,9,P07
1,249,78,487,1,8,1,9,P07
1,250,122,684,1,7,1,9,P07
1,251,108,710,1,8,1,9,P07
1,252,61,736,1,6,1,9,P07
1,253,70,488,1,12,1,9,P07
1,254,65,622,1,10,1,9,P07
1,255,125,808,1,8,1,9,P07
1,256,85,489,1,8,1,9,P07
1,257,68,790,1,5,1,9,P07
1,258,50,879,1,6,1,9,P07
1,259,52,419,1,9,1,9,P07
1,260,34,436,1,8,1,9,P07
1,261,42,503,1,9,1,9,P07
1,262,29,705,1,8,1,9,P07
1,263,101,487,1,6,1,9,P07
1,264,85,318,1,7,1,9,P07
1,265,138,635,1,8,1,9,P07
1,266,104,817,1,7,1,9,P07
1,267,91,588,1,13,1,9,P07
1,268,88,434,1,6,1,9,P07
1,269,91,618,1,2,1,9,P07
1,270,84,670,1,10,1,9,P07
1,271,103,862,1,10,1,9,P07
1,272,61,702,1,7,1,9,P07
1,273,190,229,1,3,1,9,P07
1,274,73,774,1,10,1,9,P07
1,275,80,588,1,9,1,9,P07
1,276,101,462,1,6,1,9,P07
1,277,169,474,1,4,1,9,P07
1,278,181,599,1,5,1,9,P07
1,279,77,613,1,10,1,9,P07
1,280,95,793,1,10,1,9,P07
1,281,131,810,1,5,1,9,P07
1,282,19,651,1,7,1,9,P07
1,283,31,466,1,12,1,9,P07
1,284,93,860,1,5,1,9,P07
1,285,56,932,1,3,1,9,P07
1,286,102,313,1,6,1,9,P07
1,287,27,506,1,4,1,9,P07
1,288,50,441,1,7,1,9,P07
1,289,73,693,1,14,1,9,P07
1,290,55,420,1,8,1,9,P07
1,291,115,824,1,11,1,9,P07
1,292,72,552,1,5,1,9,P07
1,293,26,482,1,6,1,9,P07
1,294,195,702,1,3,1,9,P07
1,295,49,496,1,8,1,9,P07
1,296,122,805,1,7,1,9,P07
1,297,36,373,1,7,1,9,P07
1,298,79,567,1,5,1,9,P07
1,299,57,416,1,5,1,9,P07
1,300,30,578,1,8,1,9,P07
1,301,110,505,1,7,1,9,P07
1,302,116,783,1,6,1,9,P07
1,303,38,476,1,2,1,9,P07
1,304,92,491,1,11,1,9,P07
1,305,153,730,1,10,1,9,P07
1,306,197,704,1,7,1,9,P07
1,307,119,826,1,8,1,9,P07
1,308,55,438,1,11,1,9,P07
1,309,94,793,1,11,1,9,P07
1,310,78,380,1,2,1,9,P07
1,311,133,495,1,7,1,9,P07
1,312,91,782,1,4,1,9,P07
1,313,51,732,1,9,1,9,P07
1,314,51,621,1,6,1,9,P07
1,315,106,785,1,6,1,9,P07
1,316,25,536,1,8,1,9,P07
1,317,35,461,1,5,1,9,P07
1,318,112,886,1,18,1,9,P07
1,319,121,831,1,7,1,9,P07
1,320,112,734,1,8,1,9,P07
1,321,151,400,1,5,1,9,P07
1,322,210,565,1,8,1,9,P07
1,323,21,966,1,13,1,9,P07
1,324,55,492,1,11,1,9,P07
1,325,61,916,1,13,1,9,P07
1,326,180,743,1,6,1,9,P07
1,327,62,346,1,10,1,9,P07
1,328,157,764,1,11,1,9,P07
1,329,202,717,1,9,1,9,P07
1,330,164,451,1,5,1,9,P07
1,331,57,608,1,12,1,9,P07
1,332,100,642,1,7,1,9,P07
1,333,73,669,1,9,1,9,P07
1,334,42,414,1,10,1,9,P07
1,335,76,339,1,7,1,9,P07
1,336,80,735,1,11,1,9,P07
1,337,72,684,1,9,1,9,P07
1,338,114,466,1,7,1,9,P07
1,339,228,744,1,6,1,9,P07
1,340,91,896,1,7,1,9,P07
1,341,153,807,1,13,1,9,P07
1,342,27,683,1,6,1,9,P07
1,343,117,684,1,3,1,9,P07
1,344,197,748,1,4,1,9,P07
1,345,67,410,1,5,1,9,P07
1,346,194,511,1,11,1,9,P07
1,347,24,759,1,4,1,9,P07
1,348,127,640,1,6,1,9,P07
1,349,84,844,1,4,1,9,P07
1,350,32,652,1,12,1,9,P07
1,351,170,662,1,6,1,9,P07
1,352,72,755,1,7,1,9,P07
1,353,260,607,1,3,1,9,P07
1,354,70,397,1,3,1,9,P07
1,355,128,857,1,3,1,9,P07
1,356,244,653,1,5,1,9,P07
1,357,51,617,1,10,1,9,P07
1,358,50,659,1,4,1,9,P07
1,359,101,478,1,7,1,9,P07
1,360,30,637,1,4,1,9,P07
1,361,268,674,1,5,1,9,P07
1,362,116,678,1,7,1,9,P07
1,363,62,711,1,6,1,9,P07
1,364,123,626,1,8,1,9,P07
1,365,131,492,1,7,1,9,P07
1,366,49,553,1,8,1,9,P07
1,367,65,592,1,11,1,9,P07
1,368,159,363,1,11,1,9,P07
1,369,46,724,1,13,1,9,P07
1,370,189,642,1,5,1,9,P07
1,371,249,704,1,6,1,9,P07
1,372,73,332,1,7,1,9,P07
1,373,52,796,1,11,1,9,P07
1,374,74,428,1,8,1,9,P07
1,375,188,806,1,6,1,9,P07
1,376,21,444,1,9,1,9,P07
1,377,112,498,1,6,1,9,P07
1,378,40,459,1,11,1,9,P07
1,379,160,809,1,8,1,9,P07
1,380,125,853,1,9,1,9,P07
1,381,101,650,1,7,1,9,P07
1,382,64,850,1,9,1,9,P07
1,383,61,593,1,8,1,9,P07
1,384,61,421,1,10,1,9,P07
1,385,78,438,1,10,1,9,P07
1,386,43,506,1,7,1,9,P07
1,387,108,342,1,9,1,9,P07
1,388,101,822,1,8,1,9,P07
1,389,76,489,1,6,1,9,P07
1,390,113,569,1,12,1,9,P07
1,391,60,513,1,6,1,9,P07
1,392,25,394,1,9,1,9,P07
1,393,72,532,1,9,1,9,P07
1,394,84,487,1,9,1,9,P07
1,395,39,587,1,14,1,9,P07
1,396,120,810,1,6,1,9,P07
1,397,139,784,1,5,1,9,P07
1,398,25,633,1,12,1,9,P07
1,399,40,855,1,6,1,9,P07
1,400,61,424,1,10,1,9,P07
1,401,178,725,1,5,1,9,P07
1,402,49,428,1,5,1,9,P07
1,403,29,471,1,5,1,9,P07
1,404,44,367,1,6,1,9,P07
1,405,80,366,1,4,1,9,P07
1,406,127,388,1,6,1,9,P07
1,407,27,665,1,10,1,9,P07
1,408,39,955,1,8,1,9,P07
1,409,49,889,1,11,1,9,P07
1,410,81,697,1,11,1,9,P07
1,411,156,541,1,9,1,9,P07
1,412,121,839,1,7,1,9,P07
1,413,58,746,1,9,1,9,P07
1,414,41,369,1,6,1,9,P07
1,415,91,330,1,3,1,9,P07
1,416,271,702,1,6,1,9,P07
1,417,30,832,1,8,1,9,P07
1,418,157,613,1,9,1,9,P07
1,419,47,860,1,6,1,9,P07
1,420,90,641,1,9,1,9,P07
1,421,44,441,1,10,1,9,P07
1,422,165,396,1,9,1,9,P07
1,423,31,762,1,16,1,9,P07
1,424,53,641,1,12,1,9,P07
1,425,51,789,1,6,1,9,P07
1,426,184,742,1,10,1,9,P07
1,427,47,715,1,7,1,9,P07
1,428,59,789,1,6,1,9,P07
1,429,51,848,1,10,1,9,P07
1,430,86,666,1,7,1,9,P07
1,431,73,788,1,11,1,9,P07
1,432,208,325,1,6,1,9,P07
1,433,148,543,1,10,1,9,P07
1,434,54,767,1,5,1,9,P07
1,435,104,508,1,5,1,9,P07
1,436,36,824,1,6,1,9,P07
1,437,160,793,1,11,1,9,P07
1,438,93,474,1,2,1,9,P07
1,439,67,339,1,4,1,9,P07
1,440,83,894,1,5,1,9,P07
1,441,89,352,1,4,1,9,P07
1,442,80,481,1,10,1,9,P07
1,443,22,478,1,14,1,9,P07
1,444,88,846,1,4,1,9,P07
1,445,159,760,1,2,1,9,P07
1,446,118,574,1,8,1,9,P07
1,447,74,655,1,6,1,9,P07
1,448,104,363,1,9,1,9,P07
1,449,59,363,1,6,1,9,P07
1,450,79,550,1,8,1,9,P07
1,451,17,656,1,11,1,9,P07
1,452,155,743,1,7,1,9,P07
1,453,124,711,1,7,1,9,P07
1,454,64,412,1,7,1,9,P07
1,455,92,531,1,13,1,9,P07
1,456,44,419,1,10,1,9,P07
1,457,34,611,1,8,1,9,P07
1,458,29,953,1,5,1,9,P07
1,459,98,580,1,9,1,9,P07
1,460,56,865,1,8,1,9,P07
1,461,130,526,1,8,1,9,P07
1,462,150,713,1,3,1,9,P07
1,463,54,792,1,6,1,9,P07
1,464,26,753,1,6,1,9,P07
1,465,49,781,1,5,1,9,P07
1,466,64,857,1,10,1,9,P07
1,467,95,770,1,9,1,9,P07
1,468,68,811,1,9,1,9,P07
1,469,44,428,1,10,1,9,P07
1,470,56,387,1,6,1,9,P07
1,471,167,735,1,8,1,9,P07
1,472,120,566,1,4,1,9,P07
1,473,110,669,1,3,1,9,P07
1,474,45,364,1,9,1,9,P07
1,475,67,397,1,4,1,9,P07
1,476,109,675,1,5,1,9,P07
1,477,106,791,1,11,1,9,P07
1,478,82,574,1,7,1,9,P07
1,479,160,532,1,3,1,9,P07
1,480,43,444,1,9,1,9,P07
1,481,116,575,1,7,1,9,P07
1,482,225,510,1,6,1,9,P07
1,483,68,520,1,6,1,9,P07
1,484,95,870,1,7,1,9,P07
1,485,101,762,1,6,1,9,P07
1,486,141,474,1,7,1,9,P07
1,487,64,841,1,7,1,9,P07
1,488,160,731,1,10,1,9,P07
1,489,77,549,2,12,1,9,P07
1,490,61,450,1,4,1,9,P07
1,491,124,856,1,9,1,9,P07
1,492,16,580,1,11,1,9,P07
1,493,118,499,1,7,1,9,P07
1,494,146,670,1,5,1,9,P07
1,495,103,383,1,9,1,9,P07
1,496,55,725,1,6,1,9,P07
1,497,74,384,1,8,1,9,P07
1,498,55,782,1,9,1,9,P07
1,499,31,528,1,15,1,9,P07
1,500,80,877,1,3,1,9,P07
1,501,48,949,1,7,1,9,P07
1,502,42,398,1,14,1,9,P07
1,503,202,392,1,5,1,9,P07
1,504,119,645,1,5,1,9,P07
1,505,101,307,1,9,1,9,P07
1,506,123,726,1,4,1,9,P07
1,507,129,673,1,7,1,9,P07
1,508,87,561,1,6,1,9,P07
1,509,161,767,1,12,1,9,P07
1,510,80,600,1,10,1,9,P07
1,511,89,454,1,9,1,9,P07
1,512,180,787,1,10,1,9,P07
1,513,31,482,1,10,1,9,P07
1,514,35,671,1,8,1,9,P07
1,515,23,578,1,8,1,9,P07
1,516,139,426,1,9,1,9,P07
1,517,91,689,1,7,1,9,P07
1,518,190,444,1,7,1,9,P07
1,519,49,831,1,7,1,9,P07
1,520,43,622,1,14,1,9,P07
1,521,130,692,1,6,1,9,P07
1,522,147,551,1,6,1,9,P07
1,523,34,803,1,12,1,9,P07
1,524,78,761,1,9,1,9,P07
1,525,45,502,1,12,1,9,P07
1,526,91,500,1,10,1,9,P07
1,527,26,553,1,4,1,9,P07
1,528,102,372,1,7,1,9,P07
1,529,108,851,1,6,1,9,P07
1,530,70,583,1,11,1,9,P07
1,531,18,548,1,8,1,9,P07
1,532,63,643,1,10,1,9,P07
1,533,165,425,1,6,1,9,P07
1,534,146,835,1,6,1,9,P07
1,535,115,644,2,4,1,9,P07
1,536,77,716,1,10,1,9,P07
1,537,32,385,1,16,1,9,P07
1,538,128,818,1,5,1,9,P07
1,539,55,403,1,5,1,9,P07
1,540,64,628,1,7,1,9,P07
1,541,41,591,1,7,1,9,P07
1,542,103,315,1,2,1,9,P07
1,543,89,488,1,3,1,9,P07
1,544,123,619,1,9,1,9,P07
1,545,58,778,1,14,1,9,P07
1,546,86,730,1,7,1,9,P07
1,547,39,494,1,9,1,9,P07
1,548,56,388,1,10,1,9,P07
1,549,38,665,1,5,1,9,P07
1,550,198,731,1,5,1,9,P07
1,551,107,318,1,4,1,9,P07
1,552,61,346,1,6,1,9,P07
1,553,30,511,1,10,1,9,P07
1,554,126,825,1,4,1,9,P07
1,555,58,619,1,6,1,9,P07
1,556,42,834,1,9,1,9,P07
1,557,53,385,1,7,1,9,P07
1,558,209,723,1,11,1,9,P07
1,559,136,484,1,8,1,9,P07
1,560,78,502,1,6,1,9,P07
1,561,138,473,1,3,1,9,P07
1,562,26,388,1,7,1,9,P07
1,563,25,404,1,12,1,9,P07
1,564,246,654,1,10,1,9,P07
1,565,142,652,1,6,1,9,P07
1,566,57,420,1,9,1,9,P07
1,567,67,378,1,5,1,9,P07
1,568,61,823,1,6,1,9,P07
1,569,64,683,1,13,1,9,P07
1,570,92,675,1,8,1,9,P07
1,571,33,437,1,5,1,9,P07
1,572,157,821,1,9,1,9,P07
1,573,76,728,1,8,1,9,P07
1,574,127,542,1,8,1,9,P07
1,575,72,347,1,10,1,9,P07
1,576,48,550,1,8,1,9,P07
1,577,110,487,1,9,1,9,P07
1,578,64,852,1,5,1,9,P07
1,579,88,758,1,6,1,9,P07
1,580,75,657,1,10,1,9,P07
1,581,76,643,1,3,1,9,P07
1,582,44,376,1,12,1,9,P07
1,583,40,454,1,5,1,9,P07
1,584,108,394,1,9,1,9,P07
1,585,130,794,1,4,1,9,P07
1,586,164,833,1,6,1,9,P07
1,587,34,654,1,8,1,9,P07
1,588,160,748,1,5,1,9,P07
1,589,187,794,1,5,1,9,P07
1,590,48,805,1,10,1,9,P07
1,591,167,549,1,7,1,9,P07
1,592,52,816,1,12,1,9,P07
1,593,63,626,1,15,1,9,P07
1,594,84,592,1,9,1,9,P07
1,595,53,672,1,18,1,9,P07
1,596,73,756,1,10,1,9,P07
1,597,21,540,1,13,1,9,P07
1,598,39,725,1,3,1,9,P07
1,599,164,750,1,4,1,9,P07
1,600,92,819,1,10,1,9,P07
1,601,231,493,1,8,1,9,P07
1,602,127,854,1,5,1,9,P07
1,603,34,601,1,7,1,9,P07
1,604,208,670,1,7,1,9,P07
1,605,132,587,1,11,1,9,P07
1,606,65,344,1,8,1,9,P07
1,607,58,589,1,8,1,9,P07
1,608,68,339,1,10,1,9,P07
1,609,31,485,1,11,1,9,P07
1,610,58,598,1,7,1,9,P07
1,611,49,446,1,4,1,9,P07
1,612,83,387,1,5,1,9,P07
1,613,75,500,1,2,1,9,P07
1,614,61,464,1,3,1,9,P07
1,615,73,329,1,7,1,9,P07
1,616,89,699,1,5,1,9,P07
1,617,47,734,1,7,1,9,P07
1,618,54,376,1,10,1,9,P07
1,619,120,509,1,3,1,9,P07
1,620,107,730,1,4,1,9,P07
1,621,137,695,1,8,1,9,P07
1,622,22,425,1,10,1,9,P07
1,623,68,333,1,7,1,9,P07
1,624,99,755,1,3,1,9,P07
1,625,198,627,1,6,1,9,P07
1,626,215,658,1,6,1,9,P07
1,627,89,907,1,7,1,9,P07
1,628,62,705,1,7,1,9,P07
1,629,71,697,1,12,1,9,P07
1,630,68,710,1,10,1,9,P07
1,631,135,656,1,11,1,9,P07
1,632,20,470,1,10,1,9,P07
1,633,47,365,1,8,1,9,P07
1,634,104,712,1,10,1,9,P07
1,635,84,863,1,7,1,9,P07
1,636,62,397,1,13,1,9,P07
1,637,168,563,1,8,1,9,P07
1,638,221,731,1,8,1,9,P07
1,639,56,736,1,3,1,9,P07
1,640,69,595,1,9,1,9,P07
1,641,40,465,1,10,1,9,P07
1,642,80,422,1,10,1,9,P07
1,643,143,303,1,7,1,9,P07
1,644,115,833,1,6,1,9,P07
1,645,140,417,1,7,1,9,P07
1,646,54,756,1,4,1,9,P07
1,647,141,568,1,8,1,9,P07
1,648,77,575,1,14,1,9,P07
1,649,45,740,1,9,1,9,P07
1,650,83,809,1,12,1,9,P07
1,651,136,679,1,9,1,9,P07
1,652,71,511,1,9,1,9,P07
1,653,25,412,1,4,1,9,P07
1,654,314,684,1,11,1,9,P07
1,655,142,559,1,11,1,9,P07
1,656,40,665,1,12,1,9,P07
1,657,44,379,1,9,1,9,P07
1,658,118,728,1,9,1,9,P07
1,659,85,636,1,4,1,9,P07
1,660,251,531,1,5,1,9,P07
1,661,169,276,1,10,1,9,P07
1,662,48,403,1,6,1,9,P07
1,663,28,379,1,4,1,9,P07
1,664,280,706,1,8,1,9,P07
1,665,45,874,1,18,1,9,P07
1,666,102,422,1,7,1,9,P07
1,667,58,634,1,4,1,9,P07
1,668,65,882,1,12,1,9,P07
1,669,154,393,1,7,1,9,P07
1,670,106,698,1,6,1,9,P07
1,671,51,763,1,10,1,9,P07
1,672,76,620,1,9,1,9,P07
1,673,33,702,1,8,1,9,P07
1,674,65,348,1,11,1,9,P07
1,675,69,752,1,3,1,9,P07
1,676,197,602,1,12,1,9,P07
1,677,59,489,1,7,1,9,P07
1,678,73,349,1,7,1,9,P07
1,679,116,642,1,7,1,9,P07
1,680,29,532,1,9,1,9,P07
1,681,175,810,1,6,1,9,P07
1,682,52,458,1,12,1,9,P07
1,683,52,551,1,6,1,9,P07
1,684,121,847,1,9,1,9,P07
1,685,54,372,1,8,1,9,P07
1,686,41,802,1,8,1,9,P07
1,687,79,692,1,4,1,9,P07
1,688,52,771,1,16,1,9,P07
1,689,218,731,1,5,1,9,P07
1,690,247,410,1,6,1,9,P07
1,691,86,332,1,7,1,9,P07
1,692,45,625,1,12,1,9,P07
1,693,43,500,1,10,1,9,P07
1,694,13,412,1,10,1,9,P07
1,695,114,840,1,6,1,9,P07
1,696,88,658,1,8,1,9,P07
1,697,230,657,1,8,1,9,P07
1,698,159,516,1,8,1,9,P07
1,699,31,708,1,6,1,9,P07
1,700,71,572,1,7,1,9,P07
1,701,150,626,1,3,1,9,P07
1,702,120,468,1,5,1,9,P07
1,703,69,903,1,6,1,9,P07
1,704,136,503,1,8,1,9,P07
1,705,123,792,1,7,1,9,P07
1,706,83,814,1,8,1,9,P07
1,707,119,316,1,4,1,9,P07
1,708,165,802,1,8,1,9,P07
1,709,87,784,1,8,1,9,P07
1,710,47,665,1,9,1,9,P07
1,711,45,384,1,10,1,9,P07
1,712,187,318,1,11,1,9,P07
1,713,201,728,2,5,1,9,P07
1,714,97,722,1,7,1,9,P07
1,715,137,527,1,10,1,9,P07
1,716,169,617,1,7,1,9,P07
1,717,37,415,1,3,1,9,P07
1,718,116,616,1,10,1,9,P07
1,719,122,773,1,4,1,9,P07
1,720,35,417,1,7,1,9,P07
1,721,82,524,1,9,1,9,P07
1,722,82,817,1,6,1,9,P07
1,723,66,686,1,11,1,9,P07
1,724,90,554,1,13,1,9,P07
1,725,78,820,1,11,1,9,P07
1,726,158,292,1,8,1,9,P07
1,727,164,446,1,5,1,9,P07
1,728,94,352,1,9,1,9,P07
1,729,67,769,1,6,1,9,P07
1,730,36,418,1,10,1,9,P07
1,731,149,762,1,10,1,9,P07
1,732,84,896,1,11,1,9,P07
1,733,62,544,1,7,1,9,P07
1,734,199,765,1,1,1,9,P07
1,735,28,436,1,10,1,9,P07
1,736,91,591,1,8,1,9,P07
1,737,57,644,1,13,1,9,P07
1,738,40,368,1,4,1,9,P07
1,739,100,533,1,13,1,9,P07
1,740,119,324,1,4,1,9,P07
1,741,129,728,1,9,1,9,P07
1,742,92,636,1,4,1,9,P07
1,743,75,665,1,9,1,9,P07
1,744,111,505,1,10,1,9,P07
1,745,79,552,1,9,1,9,P07
1,746,25,454,1,10,1,9,P07
1,747,62,688,1,11,1,9,P07
1,748,115,781,1,6,1,9,P07
1,749,158,621,1,11,1,9,P07
1,750,156,825,1,13,1,9,P07
1,751,148,644,1,8,1,9,P07
1,752,126,712,1,8,1,9,P07
1,753,56,412,1,9,1,9,P07
1,754,56,454,1,5,1,9,P07
1,755,121,877,1,3,1,9,P07
1,756,91,720,1,12,1,9,P07
1,757,51,727,1,8,1,9,P07
1,758,38,741,1,4,1,9,P07
1,759,46,612,1,7,1,9,P07
1,760,54,755,1,8,1,9,P07
1,761,81,826,1,5,1,9,P07
1,762,71,895,1,4,1,9,P07
1,763,122,800,1,12,1,9,P07
1,764,92,322,1,11,1,9,P07
1,765,29,515,1,7,1,9,P07
1,766,128,681,1,12,1,9,P07
1,767,137,368,1,10,1,9,P07
1,768,81,742,1,7,1,9,P07
1,769,122,819,1,4,1,9,P07
1,770,62,672,1,13,1,9,P07
1,771,71,607,1,5,1,9,P07
1,772,97,562,1,6,1,9,P07
1,773,76,511,1,10,1,9,P07
1,774,28,446,1,11,1,9,P07
1,775,52,382,1,9,1,9,P07
1,776,74,795,1,13,1,9,P07
1,777,80,766,1,6,1,9,P07
1,778,97,643,1,2,1,9,P07
1,779,105,534,1,6,1,9,P07
1,780,137,624,1,7,1,9,P07
1,781,153,449,1,6,1,9,P07
1,782,34,797,1,6,1,9,P07
1,783,46,810,1,4,1,9,P07
1,784,84,430,1,8,1,9,P07
1,785,85,433,1,3,1,9,P07
1,786,171,462,1,10,1,9,P07
1,787,83,882,1,12,1,9,P07
1,788,24,431,1,8,1,9,P07
1,789,40,764,1,4,1,9,P07
1,790,239,443,1,9,1,9,P07
1,791,13,424,1,16,1,9,P07
1,792,71,655,1,21,1,9,P07
1,793,155,835,1,8,1,9,P07
1,794,223,521,1,3,1,9,P07
1,795,127,496,1,8,1,9,P07
1,796,105,597,1,11,1,9,P07
1,797,120,464,1,10,1,9,P07
1,798,60,718,1,8,1,9,P07
1,799,58,346,1,6,1,9,P07
1,800,52,399,1,11,1,9,P07
1,801,62,379,1,7,1,9,P07
1,802,94,531,1,7,1,9,P07
1,803,64,374,1,8,1,9,P07
1,804,248,611,1,2,1,9,P07
1,805,306,670,1,4,1,9,P07
1,806,346,601,1,1,1,9,P07
1,807,93,415,1,7,1,9,P07
1,808,118,523,1,6,1,9,P07
1,809,43,778,1,8,1,9,P07
1,810,19,578,1,10,1,9,P07
1,811,244,689,1,5,1,9,P07
1,812,88,879,1,7,1,9,P07
1,813,53,527,1,12,1,9,P07
1,814,141,711,1,6,1,9,P07
1,815,106,575,1,12,1,9,P07
1,816,55,431,1,6,1,9,P07
1,817,48,855,1,13,1,9,P07
1,818,177,741,1,11,1,9,P07
1,819,92,553,1,5,1,9,P07
1,820,88,708,1,8,1,9,P07
1,821,153,694,1,12,1,9,P07
1,822,25,403,1,3,1,9,P07
1,823,159,568,1,9,1,9,P07
1,824,64,856,1,9,1,9,P07
1,825,53,553,1,5,1,9,P07
1,826,72,819,1,8,1,9,P07
1,827,89,573,1,6,1,9,P07
1,828,39,685,1,11,1,9,P07
1,829,36,673,1,9,1,9,P07
1,830,139,855,1,7,1,9,P07
1,831,39,575,1,8,1,9,P07
1,832,17,606,1,6,1,9,P07
1,833,29,437,1,13,1,9,P07
1,834,90,884,1,13,1,9,P07
1,835,37,662,1,9,1,9,P07
1,836,67,420,1,9,1,9,P07
1,837,50,583,2,8,1,9,P07
1,838,78,383,1,10,1,9,P07
1,839,89,869,1,5,1,9,P07
1,840,51,589,1,3,1,9,P07
1,841,44,474,1,6,1,9,P07
1,842,86,507,1,8,1,9,P07
1,843,156,822,1,8,1,9,P07
1,844,23,458,1,5,1,9,P07
1,845,58,374,1,7,1,9,P07
1,846,252,511,1,9,1,9,P07
1,847,178,655,1,5,1,9,P07
1,848,117,844,1,6,1,9,P07
1,849,90,679,1,8,1,9,P07
1,850,82,894,1,5,1,9,P07
1,851,47,660,1,8,1,9,P07
1,852,54,452,1,8,1,9,P07
1,853,39,579,1,6,1,9,P07
1,854,32,473,1,7,1,9,P07
1,855,67,553,1,9,1,9,P07
1,856,95,685,1,10,1,9,P07
1,857,36,764,1,5,1,9,P07
1,858,49,484,1,8,1,9,P07
1,859,34,488,1,9,1,9,P07
1,860,27,679,1,9,1,9,P07
1,861,64,413,1,11,1,9,P07
1,862,175,822,1,4,1,9,P07
1,863,203,712,1,8,1,9,P07
1,864,82,384,1,9,1,9,P07
1,865,32,375,1,8,1,9,P07
1,866,23,472,1,6,1,9,P07
1,867,225,722,1,9,1,9,P07
1,868,257,617,1,10,1,9,P07
1,869,144,294,1,6,1,9,P07
1,870,74,391,1,7,1,9,P07
1,871,52,761,1,6,1,9,P07
1,872,42,401,1,10,1,9,P07
1,873,15,449,1,6,1,9,P07
1,874,145,732,1,8,1,9,P07
1,875,132,451,1,10,1,9,P07
1,876,81,774,1,9,1,9,P07
1,877,33,408,1,3,1,9,P07
1,878,116,540,2,5,1,9,P07
1,879,243,624,1,9,1,9,P07
1,880,140,510,1,9,1,9,P07
1,881,175,746,1,4,1,9,P07
1,882,225,617,1,5,1,9,P07
1,883,57,556,1,5,1,9,P07
1,884,57,538,1,12,1,9,P07
1,885,205,473,1,9,1,9,P07
1,886,122,449,1,5,1,9,P07
1,887,45,730,1,11,1,9,P07
1,888,49,575,1,5,1,9,P07
1,889,61,774,1,10,1,9,P07
1,890,47,515,1,10,1,9,P07
1,891,148,750,1,7,1,9,P07
1,892,20,675,1,7,1,9,P07
1,893,46,587,1,11,1,9,P07
1,894,110,663,1,7,1,9,P07
1,895,51,635,1,7,1,9,P07
1,896,60,705,1,8,1,9,P07
1,897,58,538,1,8,1,9,P07
1,898,77,543,1,10,1,9,P07
1,899,23,932,1,3,1,9,P07
1,900,85,683,1,5,1,9,P07
1,901,134,523,1,4,1,9,P07
1,902,167,620,1,7,1,9,P07
1,903,40,462,1,7,1,9,P07
1,904,102,532,1,10,1,9,P07
1,905,27,463,1,9,1,9,P07
1,906,117,825,1,3,1,9,P07
1,907,37,863,1,9,1,9,P07
1,908,149,733,1,9,1,9,P07
1,909,133,545,1,5,1,9,P07
1,910,319,524,1,7,1,9,P07
1,911,222,682,1,14,1,9,P07
1,912,99,430,1,9,1,9,P07
1,913,150,761,1,12,1,9,P07
1,914,158,390,1,4,1,9,P07
1,915,52,778,1,5,1,9,P07
1,916,181,546,1,6,1,9,P07
1,917,411,415,1,9,1,9,P07
1,918,188,583,1,7,1,9,P07
1,919,179,747,1,10,1,9,P07
1,920,110,571,1,8,1,9,P07
1,921,46,719,1,10,1,9,P07
1,922,53,843,1,12,1,9,P07
1,923,51,544,1,10,1,9,P07
1,924,93,649,1,5,1,9,P07
1,925,156,487,1,11,1,9,P07
1,926,56,686,1,4,1,9,P07
1,927,57,611,1,7,1,9,P07
1,928,94,574,1,8,1,9,P07
1,929,104,746,1,6,1,9,P07
1,930,86,747,1,5,1,9,P07
1,931,165,739,1,5,1,9,P07
1,932,141,751,1,8,1,9,P07
1,933,92,415,1,3,1,9,P07
1,934,341,559,1,6,1,9,P07
1,935,41,508,1,4,1,9,P07
1,936,133,855,1,5,1,9,P07
1,937,186,697,1,11,1,9,P07
1,938,51,430,1,10,1,9,P07
1,939,158,662,1,3,1,9,P07
1,940,74,622,1,8,1,9,P07
1,941,48,535,1,8,1,9,P07
1,942,34,688,1,6,1,9,P07
1,943,46,694,1,9,1,9,P07
1,944,380,598,1,5,1,9,P07
1,945,85,634,1,10,1,9,P07
1,946,98,575,1,10,1,9,P07
1,947,157,563,1,8,1,9,P07
1,948,56,611,1,11,1,9,P07
1,949,120,876,1,14,1,9,P07
1,950,122,705,1,9,1,9,P07
1,951,229,492,1,3,1,9,P07
1,952,152,632,1,9,1,9,P07
1,953,160,823,1,8,1,9,P07
1,954,140,559,1,7,1,9,P07
1,955,43,582,1,9,1,9,P07
1,956,53,442,1,8,1,9,P07
1,957,107,735,1,5,1,9,P07
1,958,39,845,1,18,1,9,P07
1,959,258,683,1,7,1,9,P07
1,960,81,799,1,9,1,9,P07
1,961,26,934,1,13,1,9,P07
1,962,63,388,1,7,1,9,P07
1,963,116,873,1,7,1,9,P07
1,964,88,332,1,5,1,9,P07
1,965,100,803,1,5,1,9,P07
1,966,79,659,1,7,1,9,P07
1,967,117,782,1,10,1,9,P07
1,968,18,658,1,13,1,9,P07
1,969,167,825,1,7,1,9,P07
1,970,67,410,1,15,1,9,P07
1,971,40,380,1,8,1,9,P07
1,972,78,887,1,12,1,9,P07
1,973,157,810,1,8,1,9,P07
1,974,102,371,1,4,1,9,P07
1,975,60,766,1,6,1,9,P07
1,976,152,847,1,8,1,9,P07
1,977,55,432,1,10,1,9,P07
1,978,80,919,1,4,1,9,P07
1,979,137,547,1,4,1,9,P07
1,980,99,585,1,6,1,9,P07
1,981,55,505,1,3,1,9,P07
1,982,155,319,1,12,1,9,P07
1,983,155,362,1,7,1,9,P07
1,984,70,493,1,7,1,9,P07
1,985,33,958,1,9,1,9,P07
1,986,89,638,1,6,1,9,P07
1,987,108,800,1,9,1,9,P07
1,988,169,758,1,5,1,9,P07
1,989,92,770,1,10,1,9,P07
1,990,132,841,1,10,1,9,P07
1,991,97,409,1,11,1,9,P07
1,992,45,829,1,8,1,9,P07
1,993,73,401,1,9,1,9,P07
1,994,93,779,1,3,1,9,P07
1,995,37,400,1,13,1,9,P07
1,996,298,567,1,11,1,9,P07
1,997,132,424,1,9,1,9,P07
1,998,35,646,1,3,1,9,P07
1,999,35,370,1,11,1,9,P07
1,1000,66,917,1,7,1,9,P07
2,1,40,553,1,3,1,3,P07
2,2,153,800,1,5,1,3,P07
2,3,266,511,1,1,1,3,P07
2,4,181,566,1,1,1,3,P07
2,5,74,431,1,5,1,3,P07
2,6,139,499,1,7,1,3,P07
2,7,173,826,1,1,1,3,P07
2,8,41,789,1,3,1,3,P07
2,9,228,753,1,2,1,3,P07
2,10,316,346,1,1,1,3,P07
2,11,144,277,1,1,1,3,P07
2,12,189,412,3,1,1,3,P07
2,13,99,520,1,1,1,3,P07
2,14,167,343,1,1,1,3,P07
2,15,91,527,1,5,1,3,P07
2,16,95,348,1,3,1,3,P07
2,17,154,501,1,5,1,3,P07
2,18,269,691,1,2,1,3,P07
2,19,115,432,1,2,1,3,P07
2,20,176,451,1,2,1,3,P07
2,21,182,776,1,2,1,3,P07
2,22,83,580,1,1,1,3,P07
2,23,180,734,1,2,1,3,P07
2,24,61,860,1,3,1,3,P07
2,25,320,674,1,1,1,3,P07
2,26,79,504,1,1,1,3,P07
2,27,154,519,1,1,1,3,P07
2,28,79,890,1,1,1,3,P07
2,29,348,636,1,1,1,3,P07
2,30,242,191,1,1,1,3,P07
2,31,105,378,1,3,1,3,P07
2,32,345,616,1,3,1,3,P07
2,33,114,501,1,4,1,3,P07
2,34,341,650,1,4,1,3,P07
2,35,98,647,1,2,1,3,P07
2,36,186,754,1,3,1,3,P07
2,37,64,422,1,2,1,3,P07
2,38,119,794,1,3,1,3,P07
2,39,60,351,1,5,1,3,P07
2,40,153,664,1,2,1,3,P07
2,41,236,650,2,2,1,3,P07
2,42,131,501,1,2,1,3,P07
2,43,134,466,1,1,1,3,P07
2,44,207,556,1,1,1,3,P07
2,45,108,417,1,3,1,3,P07
2,46,260,588,1,2,1,3,P07
2,47,353,611,1,1,1,3,P07
2,48,178,613,1,2,1,3,P07
2,49,202,459,1,3,1,3,P07
2,50,143,285,1,1,1,3,P07
2,51,261,615,1,2,1,3,P07
2,52,109,567,1,3,1,3,P07
2,53,129,529,1,3,1,3,P07
2,54,133,758,1,3,1,3,P07
2,55,225,728,1,2,1,3,P07
2,56,153,307,1,3,1,3,P07
2,57,175,650,1,2,1,3,P07
2,58,112,353,1,1,1,3,P07
2,59,30,415,1,2,1,3,P07
2,60,220,516,1,2,1,3,P07
2,61,187,324,1,3,1,3,P07
2,62,305,464,1,4,1,3,P07
2,63,176,261,1,1,1,3,P07
2,64,203,590,1,6,1,3,P07
2,65,87,810,1,3,1,3,P07
2,66,145,287,1,5,1,3,P07
2,67,98,449,1,1,1,3,P07
2,68,412,498,1,2,1,3,P07
2,69,131,586,1,2,1,3,P07
2,70,341,334,1,1,1,3,P07
2,71,78,687,1,1,1,3,P07
2,72,272,528,1,1,1,3,P07
2,73,148,433,1,2,1,3,P07
2,74,86,675,1,4,1,3,P07
2,75,151,525,1,4,1,3,P07
2,76,232,669,1,4,1,3,P07
2,77,452,524,1,1,1,3,P07
2,78,111,378,1,3,1,3,P07
2,79,103,348,1,2,1,3,P07
2,80,122,619,1,5,1,3,P07
2,81,128,558,1,3,1,3,P07
2,82,139,305,1,1,1,3,P07
2,83,66,350,1,1,1,3,P07
2,84,238,295,1,1,1,3,P07
2,85,266,498,1,6,1,3,P07
2,86,118,392,1,4,1,3,P07
2,87,68,712,1,4,1,3,P07
2,88,92,675,1,6,1,3,P07
2,89,100,409,1,2,1,3,P07
2,90,122,345,1,1,1,3,P07
2,91,280,566,1,1,1,3,P07
2,92,296,680,1,3,1,3,P07
2,93,66,777,1,1,1,3,P07
2,94,274,478,1,1,1,3,P07
2,95,106,739,1,3,1,3,P07
2,96,100,870,1,2,1,3,P07
2,97,106,826,1,4,1,3,P07
2,98,109,350,1,1,1,3,P07
2,99,96,777,1,6,1,3,P07
2,100,142,407,1,3,1,3,P07
2,101,138,285,1,1,1,3,P07
2,102,191,410,1,1,1,3,P07
2,103,112,767,1,2,1,3,P07
2,104,136,617,1,2,1,3,P07
2,105,92,702,1,3,1,3,P07
2,106,65,422,1,5,1,3,P07
2,107,234,352,1,1,1,3,P07
2,108,104,618,1,3,1,3,P07
2,109,237,462,1,3,1,3,P07
2,110,136,456,1,4,1,3,P07
2,111,117,596,1,4,1,3,P07
2,112,238,715,1,2,1,3,P07
2,113,91,621,1,1,1,3,P07
2,114,221,686,1,5,1,3,P07
2,115,79,490,1,1,1,3,P07
2,116,177,820,1,1,1,3,P07
2,117,57,786,1,1,1,3,P07
2,118,101,807,1,3,1,3,P07
2,119,47,707,1,1,1,3,P07
2,120,115,315,1,2,1,3,P07
2,121,300,566,1,1,1,3,P07
2,122,103,300,1,3,1,3,P07
2,123,76,378,1,2,1,3,P07
2,124,156,604,1,5,1,3,P07
2,125,87,329,1,4,1,3,P07
2,126,420,562,1,1,1,3,P07
2,127,126,635,1,1,1,3,P07
2,128,656,319,1,1,1,3,P07
2,129,413,552,1,1,1,3,P07
2,130,231,582,1,2,1,3,P07
2,131,164,240,1,3,1,3,P07
2,132,147,385,1,3,1,3,P07
2,133,88,324,1,1,1,3,P07
2,134,325,503,1,1,1,3,P07
2,135,363,502,1,5,1,3,P07
2,136,205,634,1,1,1,3,P07
2,137,11,458,1,2,1,3,P07
2,138,53,420,1,1,1,3,P07
2,139,210,776,1,3,1,3,P07
2,140,69,775,1,2,1,3,P07
2,141,231,472,1,2,1,3,P07
2,142,333,577,1,1,1,3,P07
2,143,89,674,1,1,1,3,P07
2,144,120,789,1,5,1,3,P07
2,145,156,819,1,1,1,3,P07
2,146,348,538,1,3,1,3,P07
2,147,65,525,1,3,1,3,P07
2,148,137,715,1,4,1,3,P07
2,149,241,335,1,1,1,3,P07
2,150,40,511,1,5,1,3,P07
2,151,219,416,1,1,1,3,P07
2,152,140,475,1,3,1,3,P07
2,153,137,495,1,3,1,3,P07
2,154,41,649,1,7,1,3,P07
2,155,176,735,1,1,1,3,P07
2,156,284,385,1,3,1,3,P07
2,157,76,564,1,1,1,3,P07
2,158,93,462,1,3,1,3,P07
2,159,172,493,1,2,1,3,P07
2,160,201,202,1,1,1,3,P07
2,161,54,350,1,3,1,3,P07
2,162,311,547,1,1,1,3,P07
2,163,125,571,1,3,1,3,P07
2,164,88,479,1,1,1,3,P07
2,165,209,500,1,2,1,3,P07
2,166,189,629,1,4,1,3,P07
2,167,260,688,1,1,1,3,P07
2,168,103,405,1,7,1,3,P07
2,169,175,541,1,1,1,3,P07
2,170,151,377,1,1,1,3,P07
2,171,263,480,1,2,1,3,P07
2,172,223,725,1,1,1,3,P07
2,173,228,723,1,3,1,3,P07
2,174,203,526,1,4,1,3,P07
2,175,276,334,1,1,1,3,P07
2,176,79,630,1,1,1,3,P07
2,177,124,516,1,1,1,3,P07
2,178,53,563,1,2,1,3,P07
2,179,291,365,1,1,1,3,P07
2,180,557,345,1,1,1,3,P07
2,181,146,267,1,5,1,3,P07
2,182,208,716,1,1,1,3,P07
2,183,57,797,1,3,1,3,P07
2,184,251,703,1,3,1,3,P07
2,185,155,247,1,3,1,3,P07
2,186,367,592,1,1,1,3,P07
2,187,87,652,1,3,1,3,P07
2,188,61,644,1,6,1,3,P07
2,189,117,320,1,4,1,3,P07
2,190,171,807,1,2,1,3,P07
2,191,134,379,1,2,1,3,P07
2,192,229,617,1,3,1,3,P07
2,193,295,668,1,1,1,3,P07
2,194,188,224,1,3,1,3,P07
2,195,88,568,1,2,1,3,P07
2,196,163,414,1,3,1,3,P07
2,197,300,364,1,1,1,3,P07
2,198,119,457,1,3,1,3,P07
2,199,152,336,1,1,1,3,P07
2,200,277,605,1,3,1,3,P07
2,201,133,594,1,1,1,3,P07
2,202,58,412,1,6,1,3,P07
2,203,170,311,1,1,1,3,P07
2,204,172,452,1,3,1,3,P07
2,205,127,484,1,3,1,3,P07
2,206,475,436,1,1,1,3,P07
2,207,230,518,1,2,1,3,P07
2,208,139,805,1,3,1,3,P07
2,209,216,574,1,1,1,3,P07
2,210,133,482,1,6,1,3,P07
2,211,44,426,1,5,1,3,P07
2,212,402,493,2,1,1,3,P07
2,213,199,597,1,1,1,3,P07
2,214,103,728,1,3,1,3,P07
2,215,243,725,1,4,1,3,P07
2,216,177,641,1,3,1,3,P07
2,217,184,604,1,2,1,3,P07
2,218,195,601,1,4,1,3,P07
2,219,98,633,1,1,1,3,P07
2,220,137,329,1,3,1,3,P07
2,221,170,313,1,2,1,3,P07
2,222,97,688,1,2,1,3,P07
2,223,117,693,1,3,1,3,P07
2,224,265,400,2,1,1,3,P07
2,225,551,277,1,1,1,3,P07
2,226,200,458,1,1,1,3,P07
2,227,178,474,1,1,1,3,P07
2,228,226,675,1,2,1,3,P07
2,229,323,532,1,1,1,3,P07
2,230,91,397,1,3,1,3,P07
2,231,106,482,1,2,1,3,P07
2,232,269,400,1,4,1,3,P07
2,233,145,826,1,2,1,3,P07
2,234,304,577,1,3,1,3,P07
2,235,157,643,1,1,1,3,P07
2,236,126,820,1,1,1,3,P07
2,237,86,576,1,1,1,3,P07
2,238,85,565,2,3,1,3,P07
2,239,132,769,1,2,1,3,P07
2,240,337,634,1,3,1,3,P07
2,241,149,587,1,2,1,3,P07
2,242,194,541,1,1,1,3,P07
2,243,95,315,1,5,1,3,P07
2,244,179,532,1,2,1,3,P07
2,245,137,793,1,2,1,3,P07
2,246,90,447,1,1,1,3,P07
2,247,22,615,1,2,1,3,P07
2,248,109,441,1,2,1,3,P07
2,249,57,384,1,2,1,3,P07
2,250,128,453,1,2,1,3,P07
2,251,254,540,1,3,1,3,P07
2,252,105,797,1,2,1,3,P07
2,253,83,445,1,1,1,3,P07
2,254,100,312,1,1,1,3,P07
2,255,183,495,1,1,1,3,P07
2,256,104,408,1,2,1,3,P07
2,257,263,728,1,3,1,3,P07
2,258,150,786,1,1,1,3,P07
2,259,74,436,1,4,1,3,P07
2,260,76,335,1,3,1,3,P07
2,261,134,481,1,2,1,3,P07
2,262,170,415,1,4,1,3,P07
2,263,304,567,1,1,1,3,P07
2,264,245,514,2,2,1,3,P07
2,265,221,600,1,1,1,3,P07
2,266,113,326,1,5,1,3,P07
2,267,274,641,1,2,1,3,P07
2,268,141,382,1,1,1,3,P07
2,269,104,663,1,2,1,3,P07
2,270,185,581,1,2,1,3,P07
2,271,212,674,1,1,1,3,P07
2,272,282,636,1,2,1,3,P07
2,273,168,463,1,2,1,3,P07
2,274,248,692,1,1,1,3,P07
2,275,292,522,1,4,1,3,P07
2,276,237,756,1,1,1,3,P07
2,277,209,260,2,3,1,3,P07
2,278,146,704,1,1,1,3,P07
2,279,443,353,1,1,1,3,P07
2,280,160,725,1,4,1,3,P07
2,281,390,463,1,3,1,3,P07
2,282,295,693,1,3,1,3,P07
2,283,99,697,1,5,1,3,P07
2,284,148,281,1,3,1,3,P07
2,285,400,476,1,3,1,3,P07
2,286,152,780,1,1,1,3,P07
2,287,235,274,1,1,1,3,P07
2,288,136,298,1,3,1,3,P07
2,289,238,658,1,2,1,3,P07
2,290,148,261,1,2,1,3,P07
2,291,294,463,1,1,1,3,P07
2,292,157,326,1,3,1,3,P07
2,293,196,419,1,4,1,3,P07
2,294,21,404,1,4,1,3,P07
2,295,109,455,1,1,1,3,P07
2,296,65,793,1,4,1,3,P07
2,297,277,366,1,2,1,3,P07
2,298,245,447,1,1,1,3,P07
2,299,282,443,1,3,1,3,P07
2,300,58,489,1,1,1,3,P07
2,301,286,399,1,4,1,3,P07
2,302,117,633,1,3,1,3,P07
2,303,216,519,1,2,1,3,P07
2,304,439,260,1,1,1,3,P07
2,305,156,520,1,2,1,3,P07
2,306,160,695,2,3,1,3,P07
2,307,366,538,1,4,1,3,P07
2,308,201,456,1,1,1,3,P07
2,309,128,837,1,3,1,3,P07
2,310,149,311,1,1,1,3,P07
2,311,354,619,1,2,1,3,P07
2,312,32,485,1,3,1,3,P07
2,313,159,708,1,3,1,3,P07
2,314,93,670,1,1,1,3,P07
2,315,127,339,1,5,1,3,P07
2,316,79,411,1,5,1,3,P07
2,317,121,373,1,1,1,3,P07
2,318,43,408,1,4,1,3,P07
2,319,128,705,1,1,1,3,P07
2,320,206,774,1,4,1,3,P07
2,321,99,528,1,4,1,3,P07
2,322,44,436,1,4,1,3,P07
2,323,424,390,1,1,1,3,P07
2,324,242,478,1,1,1,3,P07
2,325,324,312,1,2,1,3,P07
2,326,47,363,1,4,1,3,P07
2,327,171,826,1,4,1,3,P07
2,328,152,459,1,1,1,3,P07
2,329,192,572,1,4,1,3,P07
2,330,199,561,1,1,1,3,P07
2,331,219,583,1,3,1,3,P07
2,332,188,670,1,2,1,3,P07
2,333,232,728,1,2,1,3,P07
2,334,240,563,1,4,1,3,P07
2,335,59,369,1,4,1,3,P07
2,336,171,543,1,1,1,3,P07
2,337,155,691,1,1,1,3,P07
2,338,198,329,1,1,1,3,P07
2,339,103,698,1,1,1,3,P07
2,340,101,354,1,4,1,3,P07
2,341,135,649,1,7,1,3,P07
2,342,169,796,1,6,1,3,P07
2,343,140,416,1,3,1,3,P07
2,344,170,466,1,2,1,3,P07
2,345,289,598,1,1,1,3,P07
2,346,177,811,1,1,1,3,P07
2,347,66,594,1,3,1,3,P07
2,348,159,275,1,2,1,3,P07
2,349,58,431,1,1,1,3,P07
2,350,107,301,1,2,1,3,P07
2,351,73,534,1,5,1,3,P07
2,352,312,397,1,2,1,3,P07
2,353,172,674,1,1,1,3,P07
2,354,91,899,1,2,1,3,P07
2,355,171,720,1,5,1,3,P07
2,356,170,631,1,1,1,3,P07
2,357,329,360,1,6,1,3,P07
2,358,76,571,1,3,1,3,P07
2,359,173,253,1,1,1,3,P07
2,360,206,325,1,1,1,3,P07
2,361,113,717,1,3,1,3,P07
2,362,199,603,1,1,1,3,P07
2,363,42,387,2,2,1,3,P07
2,364,73,738,1,2,1,3,P07
2,365,169,577,1,4,1,3,P07
2,366,92,769,1,2,1,3,P07
2,367,67,348,1,1,1,3,P07
2,368,106,369,1,2,1,3,P07
2,369,157,537,1,2,1,3,P07
2,370,178,579,1,5,1,3,P07
2,371,111,648,1,3,1,3,P07
2,372,76,885,1,1,1,3,P07
2,373,186,650,1,2,1,3,P07
2,374,125,333,1,3,1,3,P07
2,375,182,497,1,2,1,3,P07
2,376,258,616,1,3,1,3,P07
2,377,223,632,1,4,1,3,P07
2,378,342,535,1,3,1,3,P07
2,379,123,692,1,2,1,3,P07
2,380,114,390,1,2,1,3,P07
2,381,19,716,1,4,1,3,P07
2,382,268,211,1,5,1,3,P07
2,383,121,366,1,1,1,3,P07
2,384,256,668,1,2,1,3,P07
2,385,170,376,1,2,1,3,P07
2,386,317,477,1,2,1,3,P07
2,387,100,557,1,1,1,3,P07
2,388,169,351,1,3,1,3,P07
2,389,96,637,1,3,1,3,P07
2,390,86,484,1,1,1,3,P07
2,391,134,350,1,1,1,3,P07
2,392,100,539,1,2,1,3,P07
2,393,222,249,1,3,1,3,P07
2,394,67,571,1,4,1,3,P07
2,395,191,427,1,4,1,3,P07
2,396,220,345,1,4,1,3,P07
2,397,255,536,1,3,1,3,P07
2,398,85,327,1,2,1,3,P07
2,399,169,771,1,1,1,3,P07
2,400,238,503,1,3,1,3,P07
2,401,38,941,1,3,1,3,P07
2,402,154,626,1,1,1,3,P07
2,403,105,410,1,3,1,3,P07
2,404,103,788,1,4,1,3,P07
2,405,114,322,1,1,1,3,P07
2,406,173,490,1,2,1,3,P07
2,407,85,423,1,4,1,3,P07
2,408,116,650,1,1,1,3,P07
2,409,41,423,1,1,1,3,P07
2,410,328,424,1,3,1,3,P07
2,411,373,615,1,2,1,3,P07
2,412,63,399,1,2,1,3,P07
2,413,178,600,1,1,1,3,P07
2,414,222,564,1,3,1,3,P07
2,415,85,491,1,4,1,3,P07
2,416,262,462,1,2,1,3,P07
2,417,173,762,1,1,1,3,P07
2,418,109,562,1,2,1,3,P07
2,419,102,407,1,4,1,3,P07
2,420,92,446,1,1,1,3,P07
2,421,377,546,1,2,1,3,P07
2,422,70,357,1,3,1,3,P07
2,423,94,394,1,2,1,3,P07
2,424,147,276,1,1,1,3,P07
2,425,258,731,1,1,1,3,P07
2,426,225,417,1,2,1,3,P07
2,427,264,723,1,2,1,3,P07
2,428,266,507,1,1,1,3,P07
2,429,194,799,1,5,1,3,P07
2,430,312,370,1,2,1,3,P07
2,431,126,351,1,4,1,3,P07
2,432,219,686,1,2,1,3,P07
2,433,285,643,1,1,1,3,P07
2,434,171,281,1,1,1,3,P07
2,435,211,286,1,1,1,3,P07
2,436,149,511,1,4,1,3,P07
2,437,120,783,1,2,1,3,P07
2,438,44,357,1,1,1,3,P07
2,439,42,374,1,3,1,3,P07
2,440,244,577,1,2,1,3,P07
2,441,237,166,1,1,1,3,P07
2,442,78,390,1,2,1,3,P07
2,443,105,542,1,5,1,3,P07
2,444,237,623,1,3,1,3,P07
2,445,121,717,1,1,1,3,P07
2,446,55,453,1,3,1,3,P07
2,447,134,293,1,3,1,3,P07
2,448,265,502,1,1,1,3,P07
2,449,106,424,1,2,1,3,P07
2,450,59,865,1,3,1,3,P07
2,451,41,489,1,3,1,3,P07
2,452,170,637,1,1,1,3,P07
2,453,79,321,1,5,1,3,P07
2,454,171,746,1,1,1,3,P07
2,455,140,455,1,2,1,3,P07
2,456,84,544,1,1,1,3,P07
2,457,63,469,1,3,1,3,P07
2,458,180,520,1,3,1,3,P07
2,459,372,598,1,2,1,3,P07
2,460,265,500,1,2,1,3,P07
2,461,210,542,1,1,1,3,P07
2,462,143,733,1,2,1,3,P07
2,463,208,577,1,2,1,3,P07
2,464,101,440,1,3,1,3,P07
2,465,176,820,1,2,1,3,P07
2,466,258,541,1,2,1,3,P07
2,467,171,322,1,2,1,3,P07
2,468,115,866,1,1,1,3,P07
2,469,146,777,1,3,1,3,P07
2,470,533,112,1,1,1,3,P07
2,471,134,657,1,3,1,3,P07
2,472,271,298,1,1,1,3,P07
2,473,150,643,1,8,1,3,P07
2,474,132,514,1,1,1,3,P07
2,475,196,455,1,3,1,3,P07
2,476,53,379,1,4,1,3,P07
2,477,438,545,1,3,1,3,P07
2,478,305,392,1,1,1,3,P07
2,479,203,230,2,1,1,3,P07
2,480,283,492,1,1,1,3,P07
2,481,103,543,1,1,1,3,P07
2,482,66,591,1,3,1,3,P07
2,483,99,707,1,5,1,3,P07
2,484,68,353,1,1,1,3,P07
2,485,100,458,1,5,1,3,P07
2,486,159,363,1,2,1,3,P07
2,487,146,722,1,3,1,3,P07
2,488,167,292,1,5,1,3,P07
2,489,197,473,1,1,1,3,P07
2,490,66,368,1,3,1,3,P07
2,491,225,431,1,2,1,3,P07
2,492,198,361,1,4,1,3,P07
2,493,87,342,1,1,1,3,P07
2,494,166,286,2,2,1,3,P07
2,495,233,576,1,1,1,3,P07
2,496,136,711,1,2,1,3,P07
2,497,70,629,1,1,1,3,P07
2,498,118,421,1,2,1,3,P07
2,499,218,641,1,4,1,3,P07
2,500,161,727,1,4,1,3,P07
2,501,196,797,1,1,1,3,P07
2,502,138,273,1,1,1,3,P07
2,503,94,541,1,1,1,3,P07
2,504,564,365,1,1,1,3,P07
2,505,267,584,2,3,1,3,P07
2,506,174,563,1,3,1,3,P07
2,507,112,609,1,3,1,3,P07
2,508,136,631,1,2,1,3,P07
2,509,247,673,1,3,1,3,P07
2,510,206,458,2,2,1,3,P07
2,511,146,284,1,2,1,3,P07
2,512,258,649,1,1,1,3,P07
2,513,221,489,1,1,1,3,P07
2,514,207,289,1,2,1,3,P07
2,515,76,353,1,3,1,3,P07
2,516,205,637,1,4,1,3,P07
2,517,37,478,1,3,1,3,P07
2,518,51,675,1,1,1,3,P07
2,519,151,624,1,1,1,3,P07
2,520,25,553,1,5,1,3,P07
2,521,77,473,1,3,1,3,P07
2,522,63,359,1,3,1,3,P07
2,523,127,360,1,1,1,3,P07
2,524,49,460,1,2,1,3,P07
2,525,87,468,1,5,1,3,P07
2,526,161,700,1,1,1,3,P07
2,527,85,386,1,2,1,3,P07
2,528,160,545,2,2,1,3,P07
2,529,147,314,1,1,1,3,P07
2,530,164,488,1,2,1,3,P07
2,531,113,858,1,3,1,3,P07
2,532,289,275,3,1,1,3,P07
2,533,128,706,1,2,1,3,P07
2,534,47,793,1,2,1,3,P07
2,535,71,696,1,1,1,3,P07
2,536,524,384,1,1,1,3,P07
2,537,363,535,1,2,1,3,P07
2,538,153,518,1,4,1,3,P07
2,539,184,356,1,1,1,3,P07
2,540,257,668,1,2,1,3,P07
2,541,54,565,1,3,1,3,P07
2,542,177,702,1,3,1,3,P07
2,543,137,627,1,2,1,3,P07
2,544,255,701,1,4,1,3,P07
2,545,188,348,1,1,1,3,P07
2,546,200,705,1,2,1,3,P07
2,547,279,705,1,1,1,3,P07
2,548,121,594,1,2,1,3,P07
2,549,251,420,1,2,1,3,P07
2,550,137,491,1,4,1,3,P07
2,551,94,376,1,1,1,3,P07
2,552,213,620,1,1,1,3,P07
2,553,217,696,2,5,1,3,P07
2,554,110,438,1,4,1,3,P07
2,555,200,554,1,1,1,3,P07
2,556,143,453,1,1,1,3,P07
2,557,252,613,1,1,1,3,P07
2,558,245,357,1,2,1,3,P07
2,559,187,367,1,1,1,3,P07
2,560,87,869,1,4,1,3,P07
2,561,349,514,2,2,1,3,P07
2,562,69,672,1,1,1,3,P07
2,563,143,568,1,3,1,3,P07
2,564,157,454,1,2,1,3,P07
2,565,403,556,1,1,1,3,P07
2,566,428,523,1,1,1,3,P07
2,567,262,466,1,1,1,3,P07
2,568,172,434,1,1,1,3,P07
2,569,256,226,1,1,1,3,P07
2,570,92,440,1,1,1,3,P07
2,571,92,489,1,4,1,3,P07
2,572,326,654,1,3,1,3,P07
2,573,149,550,1,1,1,3,P07
2,574,76,632,1,1,1,3,P07
2,575,133,649,1,1,1,3,P07
2,576,98,495,1,4,1,3,P07
2,577,206,603,1,1,1,3,P07
2,578,125,319,1,2,1,3,P07
2,579,170,814,1,3,1,3,P07
2,580,111,289,1,4,1,3,P07
2,581,109,384,1,5,1,3,P07
2,582,130,790,1,3,1,3,P07
2,583,117,739,1,3,1,3,P07
2,584,80,765,1,3,1,3,P07
2,585,264,611,1,1,1,3,P07
2,586,302,677,1,3,1,3,P07
2,587,518,468,1,2,1,3,P07
2,588,164,247,1,1,1,3,P07
2,589,304,597,1,1,1,3,P07
2,590,66,664,1,1,1,3,P07
2,591,139,587,1,1,1,3,P07
2,592,236,659,1,5,1,3,P07
2,593,298,650,1,1,1,3,P07
2,594,106,821,1,6,1,3,P07
2,595,189,442,1,1,1,3,P07
2,596,109,805,1,4,1,3,P07
2,597,150,818,1,2,1,3,P07
2,598,63,534,1,3,1,3,P07
2,599,74,563,1,1,1,3,P07
2,600,164,457,1,1,1,3,P07
2,601,218,310,1,1,1,3,P07
2,602,194,574,1,3,1,3,P07
2,603,227,682,1,4,1,3,P07
2,604,301,551,1,1,1,3,P07
2,605,140,658,1,6,1,3,P07
2,606,279,482,1,2,1,3,P07
2,607,184,548,1,1,1,3,P07
2,608,119,660,1,1,1,3,P07
2,609,112,533,1,3,1,3,P07
2,610,232,658,1,1,1,3,P07
2,611,72,450,1,1,1,3,P07
2,612,103,338,1,2,1,3,P07
2,613,159,491,1,2,1,3,P07
2,614,51,433,1,5,1,3,P07
2,615,144,294,1,1,1,3,P07
2,616,220,590,1,3,1,3,P07
2,617,103,423,1,1,1,3,P07
2,618,87,429,1,2,1,3,P07
2,619,220,601,1,2,1,3,P07
2,620,78,499,1,1,1,3,P07
2,621,279,433,1,3,1,3,P07
2,622,169,664,1,3,1,3,P07
2,623,107,307,1,3,1,3,P07
2,624,126,566,1,3,1,3,P07
2,625,156,257,1,2,1,3,P07
2,626,190,283,1,1,1,3,P07
2,627,148,412,1,3,1,3,P07
2,628,143,410,1,3,1,3,P07
2,629,67,463,1,1,1,3,P07
2,630,90,569,1,4,1,3,P07
2,631,153,761,1,2,1,3,P07
2,632,278,672,1,4,1,3,P07
2,633,217,426,1,2,1,3,P07
2,634,119,769,1,1,1,3,P07
2,635,227,274,2,2,1,3,P07
2,636,122,342,2,2,1,3,P07
2,637,173,692,1,2,1,3,P07
2,638,167,513,1,1,1,3,P07
2,639,125,710,1,2,1,3,P07
2,640,229,358,1,2,1,3,P07
2,641,167,771,1,3,1,3,P07
2,642,302,543,1,2,1,3,P07
2,643,279,591,1,3,1,3,P07
2,644,127,365,1,2,1,3,P07
2,645,295,616,1,1,1,3,P07
2,646,101,578,1,1,1,3,P07
2,647,244,623,1,1,1,3,P07
2,648,52,457,1,1,1,3,P07
2,649,159,275,1,2,1,3,P07
2,650,198,347,1,1,1,3,P07
2,651,111,689,1,2,1,3,P07
2,652,87,532,1,4,1,3,P07
2,653,163,442,1,1,1,3,P07
2,654,167,403,1,1,1,3,P07
2,655,96,828,1,1,1,3,P07
2,656,246,385,1,2,1,3,P07
2,657,116,332,1,1,1,3,P07
2,658,234,651,1,4,1,3,P07
2,659,72,341,2,3,1,3,P07
2,660,112,454,1,5,1,3,P07
2,661,331,473,1,4,1,3,P07
2,662,139,502,1,4,1,3,P07
2,663,114,433,1,4,1,3,P07
2,664,125,805,1,2,1,3,P07
2,665,128,714,1,2,1,3,P07
2,666,273,596,1,2,1,3,P07
2,667,161,732,1,1,1,3,P07
2,668,255,734,1,1,1,3,P07
2,669,89,413,1,4,1,3,P07
2,670,215,615,1,5,1,3,P07
2,671,199,458,1,1,1,3,P07
2,672,126,410,1,2,1,3,P07
2,673,172,742,1,3,1,3,P07
2,674,54,364,1,5,1,3,P07
2,675,85,343,1,4,1,3,P07
2,676,131,493,1,2,1,3,P07
2,677,206,538,1,2,1,3,P07
2,678,105,307,1,1,1,3,P07
2,679,82,738,1,1,1,3,P07
2,680,43,484,1,2,1,3,P07
2,681,166,349,1,3,1,3,P07
2,682,285,545,1,1,1,3,P07
2,683,267,600,1,4,1,3,P07
2,684,128,367,1,2,1,3,P07
2,685,141,722,2,3,1,3,P07
2,686,145,562,2,2,1,3,P07
2,687,241,758,1,4,1,3,P07
2,688,97,833,1,3,1,3,P07
2,689,159,822,1,4,1,3,P07
2,690,233,443,1,2,1,3,P07
2,691,129,593,1,1,1,3,P07
2,692,117,489,1,2,1,3,P07
2,693,92,398,1,2,1,3,P07
2,694,245,746,1,1,1,3,P07
2,695,84,645,1,2,1,3,P07
2,696,68,673,1,1,1,3,P07
2,697,212,284,1,1,1,3,P07
2,698,123,791,1,2,1,3,P07
2,699,86,372,1,2,1,3,P07
2,700,159,631,1,3,1,3,P07
2,701,97,887,1,2,1,3,P07
2,702,132,611,1,2,1,3,P07
2,703,180,740,1,4,1,3,P07
2,704,154,364,1,2,1,3,P07
2,705,173,279,1,1,1,3,P07
2,706,77,673,1,1,1,3,P07
2,707,303,508,2,3,1,3,P07
2,708,210,296,1,3,1,3,P07
2,709,125,604,1,2,1,3,P07
2,710,262,600,1,2,1,3,P07
2,711,80,324,1,6,1,3,P07
2,712,113,573,1,5,1,3,P07
2,713,75,452,1,1,1,3,P07
2,714,227,260,1,1,1,3,P07
2,715,94,339,1,2,1,3,P07
2,716,265,704,1,1,1,3,P07
2,717,176,603,1,2,1,3,P07
2,718,44,392,1,1,1,3,P07
2,719,104,332,1,2,1,3,P07
2,720,87,536,1,3,1,3,P07
2,721,310,350,1,1,1,3,P07
2,722,410,208,1,1,1,3,P07
2,723,99,811,1,4,1,3,P07
2,724,106,485,1,2,1,3,P07
2,725,162,341,1,4,1,3,P07
2,726,113,799,1,2,1,3,P07
2,727,72,743,1,3,1,3,P07
2,728,95,545,1,3,1,3,P07
2,729,359,590,1,4,1,3,P07
2,730,131,820,1,1,1,3,P07
2,731,235,425,3,1,1,3,P07
2,732,266,324,1,1,1,3,P07
2,733,209,771,1,3,1,3,P07
2,734,148,278,1,3,1,3,P07
2,735,114,517,1,2,1,3,P07
2,736,185,796,1,1,1,3,P07
2,737,127,451,1,1,1,3,P07
2,738,275,483,1,1,1,3,P07
2,739,298,228,1,2,1,3,P07
2,740,97,668,1,2,1,3,P07
2,741,137,694,1,3,1,3,P07
2,742,95,386,1,2,1,3,P07
2,743,96,574,1,3,1,3,P07
2,744,78,511,1,8,1,3,P07
2,745,127,434,1,2,1,3,P07
2,746,162,786,2,4,1,3,P07
2,747,61,472,1,2,1,3,P07
2,748,63,495,1,2,1,3,P07
2,749,350,632,1,1,1,3,P07
2,750,201,574,1,2,1,3,P07
2,751,75,499,1,2,1,3,P07
2,752,146,730,1,3,1,3,P07
2,753,131,581,1,5,1,3,P07
2,754,250,591,1,1,1,3,P07
2,755,393,578,1,1,1,3,P07
2,756,156,621,1,2,1,3,P07
2,757,204,508,1,2,1,3,P07
2,758,151,611,1,4,1,3,P07
2,759,151,691,1,2,1,3,P07
2,760,138,668,1,1,1,3,P07
2,761,186,278,1,1,1,3,P07
2,762,207,714,1,1,1,3,P07
2,763,329,550,1,2,1,3,P07
2,764,95,310,1,3,1,3,P07
2,765,201,401,1,2,1,3,P07
2,766,132,506,1,4,1,3,P07
2,767,191,495,1,3,1,3,P07
2,768,126,544,1,3,1,3,P07
2,769,259,366,1,2,1,3,P07
2,770,154,329,1,1,1,3,P07
2,771,113,757,1,3,1,3,P07
2,772,90,678,1,1,1,3,P07
2,773,162,732,1,1,1,3,P07
2,774,267,630,1,5,1,3,P07
2,775,231,765,1,1,1,3,P07
2,776,29,423,1,2,1,3,P07
2,777,50,551,1,1,1,3,P07
2,778,199,473,1,1,1,3,P07
2,779,81,844,1,2,1,3,P07
2,780,301,630,1,1,1,3,P07
2,781,48,378,1,5,1,3,P07
2,782,132,304,1,4,1,3,P07
2,783,104,364,1,2,1,3,P07
2,784,134,276,1,3,1,3,P07
2,785,253,387,1,1,1,3,P07
2,786,189,586,1,3,1,3,P07
2,787,341,370,1,2,1,3,P07
2,788,253,702,1,1,1,3,P07
2,789,143,616,1,1,1,3,P07
2,790,209,562,1,2,1,3,P07
2,791,248,396,1,3,1,3,P07
2,792,171,508,1,1,1,3,P07
2,793,84,861,1,2,1,3,P07
2,794,190,314,1,1,1,3,P07
2,795,145,772,1,4,1,3,P07
2,796,23,503,1,3,1,3,P07
2,797,192,715,1,2,1,3,P07
2,798,144,397,1,6,1,3,P07
2,799,147,713,1,2,1,3,P07
2,800,235,396,1,3,1,3,P07
2,801,358,401,2,5,1,3,P07
2,802,108,760,1,5,1,3,P07
2,803,207,472,1,3,1,3,P07
2,804,273,656,1,2,1,3,P07
2,805,117,465,1,4,1,3,P07
2,806,154,803,1,1,1,3,P07
2,807,95,730,1,5,1,3,P07
2,808,95,801,1,2,1,3,P07
2,809,282,224,2,1,1,3,P07
2,810,219,605,1,3,1,3,P07
2,811,76,395,1,3,1,3,P07
2,812,188,433,1,1,1,3,P07
2,813,186,575,2,4,1,3,P07
2,814,439,404,1,3,1,3,P07
2,815,179,466,1,4,1,3,P07
2,816,130,519,1,1,1,3,P07
2,817,218,729,1,2,1,3,P07
2,818,219,759,1,1,1,3,P07
2,819,103,425,1,4,1,3,P07
2,820,39,497,1,4,1,3,P07
2,821,169,795,1,2,1,3,P07
2,822,124,547,1,3,1,3,P07
2,823,160,582,1,3,1,3,P07
2,824,337,483,1,3,1,3,P07
2,825,158,254,1,1,1,3,P07
2,826,321,352,1,1,1,3,P07
2,827,427,209,2,1,1,3,P07
2,828,195,477,2,1,1,3,P07
2,829,111,773,1,1,1,3,P07
2,830,115,291,1,5,1,3,P07
2,831,103,654,1,5,1,3,P07
2,832,86,705,1,2,1,3,P07
2,833,83,398,1,1,1,3,P07
2,834,240,452,1,2,1,3,P07
2,835,47,371,1,2,1,3,P07
2,836,215,479,1,2,1,3,P07
2,837,172,427,1,2,1,3,P07
2,838,294,448,1,2,1,3,P07
2,839,206,448,1,3,1,3,P07
2,840,215,478,1,3,1,3,P07
2,841,125,345,1,2,1,3,P07
2,842,229,764,1,1,1,3,P07
2,843,278,599,1,1,1,3,P07
2,844,191,316,1,4,1,3,P07
2,845,216,372,1,3,1,3,P07
2,846,171,701,1,6,1,3,P07
2,847,155,578,1,3,1,3,P07
2,848,87,368,1,3,1,3,P07
2,849,182,616,1,1,1,3,P07
2,850,174,763,1,3,1,3,P07
2,851,95,529,1,2,1,3,P07
2,852,181,758,1,2,1,3,P07
2,853,201,287,1,1,1,3,P07
2,854,164,325,1,2,1,3,P07
2,855,151,453,1,1,1,3,P07
2,856,166,619,1,2,1,3,P07
2,857,188,600,1,2,1,3,P07
2,858,147,312,1,2,1,3,P07
2,859,100,431,1,2,1,3,P07
2,860,136,824,1,3,1,3,P07
2,861,162,752,1,1,1,3,P07
2,862,129,867,1,2,1,3,P07
2,863,107,519,1,1,1,3,P07
2,864,51,356,1,4,1,3,P07
2,865,90,504,1,3,1,3,P07
2,866,215,777,1,2,1,3,P07
2,867,121,305,1,4,1,3,P07
2,868,310,599,1,1,1,3,P07
2,869,93,827,1,3,1,3,P07
2,870,175,690,1,2,1,3,P07
2,871,156,709,1,1,1,3,P07
2,872,98,668,1,1,1,3,P07
2,873,119,459,1,4,1,3,P07
2,874,149,276,1,3,1,3,P07
2,875,131,765,1,4,1,3,P07
2,876,107,319,1,1,1,3,P07
2,877,166,590,1,4,1,3,P07
2,878,96,452,1,2,1,3,P07
2,879,66,357,1,4,1,3,P07
2,880,220,770,1,3,1,3,P07
2,881,250,602,1,3,1,3,P07
2,882,109,518,1,3,1,3,P07
2,883,156,799,1,1,1,3,P07
2,884,61,433,1,1,1,3,P07
2,885,80,341,1,4,1,3,P07
2,886,180,643,1,1,1,3,P07
2,887,88,555,1,3,1,3,P07
2,888,52,504,1,3,1,3,P07
2,889,348,583,2,3,1,3,P07
2,890,47,450,1,1,1,3,P07
2,891,189,470,1,3,1,3,P07
2,892,75,854,1,3,1,3,P07
2,893,216,629,1,2,1,3,P07
2,894,39,398,1,1,1,3,P07
2,895,271,724,1,2,1,3,P07
2,896,148,479,1,1,1,3,P07
2,897,133,292,1,3,1,3,P07
2,898,142,721,1,6,1,3,P07
2,899,77,445,1,6,1,3,P07
2,900,141,704,1,1,1,3,P07
2,901,307,686,1,1,1,3,P07
2,902,240,431,1,3,1,3,P07
2,903,116,782,1,1,1,3,P07
2,904,198,542,1,4,1,3,P07
2,905,138,325,1,1,1,3,P07
2,906,307,671,1,1,1,3,P07
2,907,233,742,1,5,1,3,P07
2,908,304,445,1,1,1,3,P07
2,909,347,526,1,2,1,3,P07
2,910,133,529,1,3,1,3,P07
2,911,160,471,1,2,1,3,P07
2,912,255,730,1,2,1,3,P07
2,913,116,657,1,1,1,3,P07
2,914,89,851,1,4,1,3,P07
2,915,289,611,1,2,1,3,P07
2,916,285,703,1,1,1,3,P07
2,917,77,619,1,1,1,3,P07
2,918,119,657,1,6,1,3,P07
2,919,147,713,1,2,1,3,P07
2,920,140,469,1,4,1,3,P07
2,921,264,545,1,5,1,3,P07
2,922,57,559,1,4,1,3,P07
2,923,154,515,1,5,1,3,P07
2,924,145,270,1,4,1,3,P07
2,925,205,600,1,4,1,3,P07
2,926,123,549,1,1,1,3,P07
2,927,38,455,1,1,1,3,P07
2,928,344,509,1,4,1,3,P07
2,929,88,405,1,3,1,3,P07
2,930,144,609,1,3,1,3,P07
2,931,278,645,1,1,1,3,P07
2,932,19,439,1,5,1,3,P07
2,933,75,547,1,2,1,3,P07
2,934,228,521,1,1,1,3,P07
2,935,327,623,1,1,1,3,P07
2,936,332,638,1,3,1,3,P07
2,937,42,694,1,1,1,3,P07
2,938,101,559,1,1,1,3,P07
2,939,134,634,1,2,1,3,P07
2,940,107,365,1,5,1,3,P07
2,941,74,426,1,1,1,3,P07
2,942,183,275,1,2,1,3,P07
2,943,150,474,1,1,1,3,P07
2,944,41,543,1,3,1,3,P07
2,945,55,555,1,2,1,3,P07
2,946,249,630,1,4,1,3,P07
2,947,287,657,1,3,1,3,P07
2,948,98,685,1,3,1,3,P07
2,949,187,493,1,2,1,3,P07
2,950,59,568,1,1,1,3,P07
2,951,136,514,1,6,1,3,P07
2,952,55,623,1,1,1,3,P07
2,953,175,596,1,2,1,3,P07
2,954,151,286,1,3,1,3,P07
2,955,107,412,1,2,1,3,P07
2,956,83,520,1,3,1,3,P07
2,957,132,449,1,4,1,3,P07
2,958,104,547,1,4,1,3,P07
2,959,379,379,1,1,1,3,P07
2,960,111,604,1,3,1,3,P07
2,961,209,651,1,3,1,3,P07
2,962,210,267,1,2,1,3,P07
2,963,107,775,1,6,1,3,P07
2,964,73,509,1,3,1,3,P07
2,965,131,588,1,2,1,3,P07
2,966,108,380,1,2,1,3,P07
2,967,261,487,2,1,1,3,P07
2,968,128,686,1,4,1,3,P07
2,969,268,398,1,2,1,3,P07
2,970,228,295,1,3,1,3,P07
2,971,50,354,1,2,1,3,P07
2,972,97,392,1,3,1,3,P07
2,973,146,499,1,1,1,3,P07
2,974,382,535,1,1,1,3,P07
2,975,246,664,1,2,1,3,P07
2,976,283,592,1,2,1,3,P07
2,977,114,323,1,6,1,3,P07
2,978,228,534,1,2,1,3,P07
2,979,351,538,1,1,1,3,P07
2,980,114,687,1,4,1,3,P07
2,981,126,807,1,5,1,3,P07
2,982,128,484,1,2,1,3,P07
2,983,222,690,1,2,1,3,P07
2,984,182,613,1,3,1,3,P07
2,985,82,352,1,2,1,3,P07
2,986,117,445,1,1,1,3,P07
2,987,192,646,1,1,1,3,P07
2,988,75,387,1,3,1,3,P07
2,989,192,484,1,1,1,3,P07
2,990,239,206,1,1,1,3,P07
2,991,319,519,1,4,1,3,P07
2,992,145,314,1,1,1,3,P07
2,993,157,384,1,3,1,3,P07
2,994,323,646,1,5,1,3,P07
2,995,70,351,1,1,1,3,P07
2,996,273,401,1,4,1,3,P07
2,997,250,525,1,1,1,3,P07
2,998,127,781,1,1,1,3,P07
2,999,115,866,1,6,1,3,P07
2,1000,126,622,1,3,1,3,P07
3,1,526,331,2,1,1,1,P07
3,2,231,529,1,1,1,1,P07
3,3,195,644,1,1,1,1,P07
3,4,446,453,1,1,1,1,P07
3,5,98,485,1,1,1,1,P07
3,6,303,348,1,1,1,1,P07
3,7,219,499,1,1,1,1,P07
3,8,142,482,1,3,1,1,P07
3,9,219,262,1,1,1,1,P07
3,10,121,371,1,1,1,1,P07
3,11,175,592,1,1,1,1,P07
3,12,122,424,1,1,1,1,P07
3,13,141,840,1,1,1,1,P07
3,14,284,451,1,1,1,1,P07
3,15,338,579,1,1,1,1,P07
3,16,374,615,1,1,1,1,P07
3,17,141,353,1,1,1,1,P07
3,18,342,354,1,1,1,1,P07
3,19,284,584,1,1,1,1,P07
3,20,150,763,1,1,1,1,P07
3,21,220,511,1,1,1,1,P07
3,22,470,337,2,1,1,1,P07
3,23,565,391,1,1,1,1,P07
3,24,233,476,1,1,1,1,P07
3,25,389,587,1,1,1,1,P07
3,26,371,506,2,1,1,1,P07
3,27,188,429,1,1,1,1,P07
3,28,264,618,1,1,1,1,P07
3,29,219,338,1,1,1,1,P07
3,30,400,203,1,1,1,1,P07
3,31,242,536,1,1,1,1,P07
3,32,131,369,1,1,1,1,P07
3,33,250,365,1,1,1,1,P07
3,34,202,441,1,2,1,1,P07
3,35,539,448,1,1,1,1,P07
3,36,444,401,1,1,1,1,P07
3,37,318,647,1,1,1,1,P07
3,38,232,349,1,1,1,1,P07
3,39,133,482,1,1,1,1,P07
3,40,281,698,1,1,1,1,P07
3,41,223,526,1,1,1,1,P07
3,42,314,410,1,1,1,1,P07
3,43,271,342,1,1,1,1,P07
3,44,218,278,1,2,1,1,P07
3,45,409,467,1,4,1,1,P07
3,46,268,423,1,1,1,1,P07
3,47,197,380,1,2,1,1,P07
3,48,133,423,1,2,1,1,P07
3,49,79,864,1,1,1,1,P07
3,50,110,485,1,1,1,1,P07
3,51,268,407,1,1,1,1,P07
3,52,182,218,1,1,1,1,P07
3,53,218,452,1,1,1,1,P07
3,54,151,460,2,2,1,1,P07
3,55,481,518,1,1,1,1,P07
3,56,187,329,1,1,1,1,P07
3,57,307,591,1,4,1,1,P07
3,58,370,524,1,1,1,1,P07
3,59,154,580,1,2,1,1,P07
3,60,80,332,1,1,1,1,P07
3,61,266,448,1,1,1,1,P07
3,62,410,456,3,1,1,1,P07
3,63,226,465,1,1,1,1,P07
3,64,416,318,1,1,1,1,P07
3,65,361,410,1,1,1,1,P07
3,66,332,251,4,1,1,1,P07
3,67,159,578,2,1,1,1,P07
3,68,114,362,1,1,1,1,P07
3,69,290,607,1,1,1,1,P07
3,70,278,537,1,1,1,1,P07
3,71,425,494,1,1,1,1,P07
3,72,357,504,2,1,1,1,P07
3,73,197,359,1,1,1,1,P07
3,74,336,604,1,1,1,1,P07
3,75,154,412,1,1,1,1,P07
3,76,268,560,1,1,1,1,P07
3,77,161,701,1,3,1,1,P07
3,78,331,207,1,1,1,1,P07
3,79,215,558,1,1,1,1,P07
3,80,166,544,1,1,1,1,P07
3,81,130,299,1,1,1,1,P07
3,82,213,217,1,1,1,1,P07
3,83,201,334,1,1,1,1,P07
3,84,215,598,1,2,1,1,P07
3,85,412,306,1,1,1,1,P07
3,86,139,471,1,3,1,1,P07
3,87,285,565,3,2,1,1,P07
3,88,259,535,1,2,1,1,P07
3,89,228,375,1,1,1,1,P07
3,90,104,465,1,1,1,1,P07
3,91,206,560,1,1,1,1,P07
3,92,189,218,1,1,1,1,P07
3,93,191,371,2,1,1,1,P07
3,94,187,258,1,1,1,1,P07
3,95,318,636,1,1,1,1,P07
3,96,152,270,1,1,1,1,P07
3,97,306,210,1,1,1,1,P07
3,98,198,299,2,1,1,1,P07
3,99,280,497,1,1,1,1,P07
3,100,459,513,1,1,1,1,P07
3,101,158,454,1,1,1,1,P07
3,102,200,629,1,1,1,1,P07
3,103,192,523,1,1,1,1,P07
3,104,167,239,1,2,1,1,P07
3,105,272,312,1,1,1,1,P07
3,106,235,738,1,2,1,1,P07
3,107,155,457,1,1,1,1,P07
3,108,158,370,1,1,1,1,P07
3,109,204,302,2,1,1,1,P07
3,110,64,662,1,1,1,1,P07
3,111,275,699,1,1,1,1,P07
3,112,421,573,1,1,1,1,P07
3,113,293,493,1,1,1,1,P07
3,114,156,402,1,1,1,1,P07
3,115,178,319,1,1,1,1,P07
3,116,76,706,1,1,1,1,P07
3,117,217,532,1,1,1,1,P07
3,118,363,347,1,1,1,1,P07
3,119,514,392,2,1,1,1,P07
3,120,428,501,1,1,1,1,P07
3,121,128,495,1,1,1,1,P07
3,122,314,269,1,1,1,1,P07
3,123,237,686,1,1,1,1,P07
3,124,465,429,2,1,1,1,P07
3,125,191,222,1,2,1,1,P07
3,126,80,429,1,1,1,1,P07
3,127,260,372,1,2,1,1,P07
3,128,321,166,3,1,1,1,P07
3,129,290,286,1,1,1,1,P07
3,130,560,370,1,1,1,1,P07
3,131,477,432,1,1,1,1,P07
3,132,245,754,1,1,1,1,P07
3,133,396,392,1,1,1,1,P07
3,134,242,359,1,1,1,1,P07
3,135,152,269,1,1,1,1,P07
3,136,84,437,1,1,1,1,P07
3,137,298,163,1,1,1,1,P07
3,138,466,425,1,1,1,1,P07
3,139,113,380,1,1,1,1,P07
3,140,418,503,1,2,1,1,P07
3,141,98,317,1,1,1,1,P07
3,142,258,270,1,1,1,1,P07
3,143,336,135,1,1,1,1,P07
3,144,324,504,1,1,1,1,P07
3,145,275,257,1,1,1,1,P07
3,146,255,252,1,1,1,1,P07
3,147,41,394,1,2,1,1,P07
3,148,280,677,1,1,1,1,P07
3,149,119,462,1,1,1,1,P07
3,150,351,391,2,1,1,1,P07
3,151,232,189,1,1,1,1,P07
3,152,255,609,1,1,1,1,P07
3,153,474,319,1,1,1,1,P07
3,154,173,261,1,1,1,1,P07
3,155,181,316,1,1,1,1,P07
3,156,230,681,1,1,1,1,P07
3,157,130,311,1,2,1,1,P07
3,158,385,564,1,1,1,1,P07
3,159,299,596,1,1,1,1,P07
3,160,355,339,1,1,1,1,P07
3,161,287,581,1,1,1,1,P07
3,162,165,794,1,1,1,1,P07
3,163,454,540,1,1,1,1,P07
3,164,219,542,1,1,1,1,P07
3,165,411,287,1,1,1,1,P07
3,166,84,411,1,1,1,1,P07
3,167,574,415,1,1,1,1,P07
3,168,204,721,1,1,1,1,P07
3,169,399,288,1,1,1,1,P07
3,170,318,405,1,1,1,1,P07
3,171,525,392,1,1,1,1,P07
3,172,256,237,1,1,1,1,P07
3,173,243,648,1,1,1,1,P07
3,174,292,126,2,1,1,1,P07
3,175,242,392,1,1,1,1,P07
3,176,125,686,1,2,1,1,P07
3,177,213,398,1,1,1,1,P07
3,178,231,336,1,1,1,1,P07
3,179,420,532,1,1,1,1,P07
3,180,151,338,1,1,1,1,P07
3,181,508,183,1,1,1,1,P07
3,182,337,443,1,1,1,1,P07
3,183,153,271,1,1,1,1,P07
3,184,231,506,1,2,1,1,P07
3,185,384,482,1,1,1,1,P07
3,186,105,788,1,2,1,1,P07
3,187,199,481,2,3,1,1,P07
3,188,474,381,1,1,1,1,P07
3,189,121,414,1,1,1,1,P07
3,190,291,595,1,2,1,1,P07
3,191,184,605,1,1,1,1,P07
3,192,220,736,1,1,1,1,P07
3,193,205,413,1,1,1,1,P07
3,194,136,416,1,1,1,1,P07
3,195,542,284,1,1,1,1,P07
3,196,96,390,1,2,1,1,P07
3,197,279,422,2,1,1,1,P07
3,198,250,327,3,1,1,1,P07
3,199,224,705,1,1,1,1,P07
3,200,168,319,1,2,1,1,P07
3,201,61,380,1,3,1,1,P07
3,202,158,389,1,1,1,1,P07
3,203,315,425,1,3,1,1,P07
3,204,532,449,1,1,1,1,P07
3,205,220,288,1,1,1,1,P07
3,206,223,654,1,1,1,1,P07
3,207,272,569,1,1,1,1,P07
3,208,330,555,1,1,1,1,P07
3,209,132,468,1,1,1,1,P07
3,210,397,367,1,1,1,1,P07
3,211,188,272,1,1,1,1,P07
3,212,133,821,1,1,1,1,P07
3,213,457,425,1,1,1,1,P07
3,214,281,142,1,1,1,1,P07
3,215,175,384,1,1,1,1,P07
3,216,155,491,1,1,1,1,P07
3,217,128,418,1,1,1,1,P07
3,218,316,653,1,1,1,1,P07
3,219,253,413,1,1,1,1,P07
3,220,218,483,1,1,1,1,P07
3,221,190,396,1,1,1,1,P07
3,222,89,602,1,1,1,1,P07
3,223,287,466,1,1,1,1,P07
3,224,185,249,1,1,1,1,P07
3,225,230,585,1,1,1,1,P07
3,226,199,445,2,1,1,1,P07
3,227,220,629,1,1,1,1,P07
3,228,124,455,1,2,1,1,P07
3,229,276,439,1,1,1,1,P07
3,230,301,371,1,1,1,1,P07
3,231,206,296,1,3,1,1,P07
3,232,229,364,1,1,1,1,P07
3,233,158,269,1,1,1,1,P07
3,234,207,200,1,1,1,1,P07
3,235,460,326,1,1,1,1,P07
3,236,213,332,1,1,1,1,P07
3,237,316,269,1,2,1,1,P07
3,238,328,430,3,1,1,1,P07
3,239,213,513,1,1,1,1,P07
3,240,344,388,1,1,1,1,P07
3,241,445,427,1,1,1,1,P07
3,242,273,539,1,1,1,1,P07
3,243,511,405,1,1,1,1,P07
3,244,414,470,1,1,1,1,P07
3,245,167,638,1,1,1,1,P07
3,246,191,585,1,1,1,1,P07
3,247,248,632,1,1,1,1,P07
3,248,325,360,3,1,1,1,P07
3,249,148,256,1,1,1,1,P07
3,250,206,350,1,1,1,1,P07
3,251,232,397,1,1,1,1,P07
3,252,213,204,1,1,1,1,P07
3,253,388,288,1,1,1,1,P07
3,254,299,417,1,1,1,1,P07
3,255,272,477,1,1,1,1,P07
3,256,350,551,1,1,1,1,P07
3,257,256,195,1,1,1,1,P07
3,258,153,345,1,1,1,1,P07
3,259,362,213,1,1,1,1,P07
3,260,328,390,1,1,1,1,P07
3,261,249,691,1,1,1,1,P07
3,262,409,533,1,1,1,1,P07
3,263,338,623,1,1,1,1,P07
3,264,231,251,1,1,1,1,P07
3,265,195,350,1,1,1,1,P07
3,266,121,345,1,1,1,1,P07
3,267,451,488,1,1,1,1,P07
3,268,98,371,1,1,1,1,P07
3,269,140,554,1,1,1,1,P07
3,270,296,619,1,2,1,1,P07
3,271,161,559,1,1,1,1,P07
3,272,215,778,1,1,1,1,P07
3,273,282,347,1,1,1,1,P07
3,274,343,199,1,1,1,1,P07
3,275,169,356,1,1,1,1,P07
3,276,429,340,1,1,1,1,P07
3,277,63,361,1,1,1,1,P07
3,278,437,231,1,1,1,1,P07
3,279,173,744,1,1,1,1,P07
3,280,157,321,1,2,1,1,P07
3,281,251,429,1,2,1,1,P07
3,282,298,648,1,1,1,1,P07
3,283,591,217,2,1,1,1,P07
3,284,181,324,1,1,1,1,P07
3,285,207,466,1,2,1,1,P07
3,286,198,559,1,1,1,1,P07
3,287,205,264,1,1,1,1,P07
3,288,405,512,2,1,1,1,P07
3,289,268,314,1,3,1,1,P07
3,290,135,355,3,1,1,1,P07
3,291,258,589,1,2,1,1,P07
3,292,172,399,1,1,1,1,P07
3,293,291,663,1,1,1,1,P07
3,294,317,620,1,1,1,1,P07
3,295,262,513,1,1,1,1,P07
3,296,273,494,1,1,1,1,P07
3,297,510,331,1,1,1,1,P07
3,298,247,335,1,2,1,1,P07
3,299,113,324,1,3,1,1,P07
3,300,280,276,1,1,1,1,P07
3,301,344,365,3,1,1,1,P07
3,302,372,618,1,1,1,1,P07
3,303,152,808,1,1,1,1,P07
3,304,93,316,1,1,1,1,P07
3,305,363,254,1,1,1,1,P07
3,306,278,275,1,1,1,1,P07
3,307,559,439,1,1,1,1,P07
3,308,91,801,1,1,1,1,P07
3,309,339,352,1,2,1,1,P07
3,310,312,562,1,1,1,1,P07
3,311,393,393,1,1,1,1,P07
3,312,478,376,1,1,1,1,P07
3,313,288,708,1,1,1,1,P07
3,314,174,472,2,1,1,1,P07
3,315,186,423,1,1,1,1,P07
3,316,143,380,1,1,1,1,P07
3,317,322,405,1,1,1,1,P07
3,318,237,479,1,1,1,1,P07
3,319,398,189,1,2,1,1,P07
3,320,238,170,1,1,1,1,P07
3,321,435,524,1,1,1,1,P07
3,322,172,675,1,3,1,1,P07
3,323,89,317,1,2,1,1,P07
3,324,176,711,1,1,1,1,P07
3,325,381,557,1,1,1,1,P07
3,326,157,398,2,1,1,1,P07
3,327,468,461,1,2,1,1,P07
3,328,421,549,1,1,1,1,P07
3,329,157,408,1,1,1,1,P07
3,330,225,327,2,1,1,1,P07
3,331,335,606,1,1,1,1,P07
3,332,188,799,1,1,1,1,P07
3,333,441,474,1,1,1,1,P07
3,334,157,595,1,1,1,1,P07
3,335,172,407,2,1,1,1,P07
3,336,385,263,1,1,1,1,P07
3,337,178,423,1,1,1,1,P07
3,338,156,557,1,1,1,1,P07
3,339,394,271,1,1,1,1,P07
3,340,274,340,1,1,1,1,P07
3,341,153,843,1,1,1,1,P07
3,342,466,433,1,1,1,1,P07
3,343,363,276,1,1,1,1,P07
3,344,168,543,1,1,1,1,P07
3,345,253,222,1,1,1,1,P07
3,346,381,243,1,1,1,1,P07
3,347,192,261,1,1,1,1,P07
3,348,103,433,1,1,1,1,P07
3,349,129,695,1,2,1,1,P07
3,350,88,377,1,1,1,1,P07
3,351,137,271,1,1,1,1,P07
3,352,104,676,1,2,1,1,P07
3,353,330,572,1,4,1,1,P07
3,354,129,326,1,3,1,1,P07
3,355,161,680,1,1,1,1,P07
3,356,199,325,1,1,1,1,P07
3,357,294,689,1,1,1,1,P07
3,358,74,458,1,1,1,1,P07
3,359,95,711,1,1,1,1,P07
3,360,79,326,1,1,1,1,P07
3,361,419,450,1,1,1,1,P07
3,362,75,337,1,2,1,1,P07
3,363,267,160,1,1,1,1,P07
3,364,257,408,1,1,1,1,P07
3,365,121,430,1,1,1,1,P07
3,366,222,649,1,2,1,1,P07
3,367,346,628,1,1,1,1,P07
3,368,172,401,1,1,1,1,P07
3,369,77,449,1,1,1,1,P07
3,370,193,272,1,1,1,1,P07
3,371,583,340,1,1,1,1,P07
3,372,205,272,1,2,1,1,P07
3,373,105,448,1,1,1,1,P07
3,374,388,550,2,1,1,1,P07
3,375,245,184,1,1,1,1,P07
3,376,119,323,1,1,1,1,P07
3,377,208,447,1,1,1,1,P07
3,378,568,220,1,1,1,1,P07
3,379,425,444,1,1,1,1,P07
3,380,158,479,1,1,1,1,P07
3,381,337,252,1,1,1,1,P07
3,382,156,312,1,1,1,1,P07
3,383,293,258,1,1,1,1,P07
3,384,215,333,1,1,1,1,P07
3,385,419,221,1,1,1,1,P07
3,386,535,181,1,1,1,1,P07
3,387,135,292,1,1,1,1,P07
3,388,314,530,1,1,1,1,P07
3,389,117,340,1,1,1,1,P07
3,390,168,514,1,1,1,1,P07
3,391,358,194,1,1,1,1,P07
3,392,352,568,1,1,1,1,P07
3,393,160,751,1,1,1,1,P07
3,394,217,598,1,2,1,1,P07
3,395,228,422,1,2,1,1,P07
3,396,373,572,1,1,1,1,P07
3,397,102,480,1,1,1,1,P07
3,398,446,526,1,2,1,1,P07
3,399,134,284,1,1,1,1,P07
3,400,192,480,1,2,1,1,P07
3,401,89,648,1,2,1,1,P07
3,402,312,528,1,1,1,1,P07
3,403,230,703,1,2,1,1,P07
3,404,239,326,1,1,1,1,P07
3,405,154,252,1,1,1,1,P07
3,406,192,338,1,1,1,1,P07
3,407,103,465,1,1,1,1,P07
3,408,240,255,1,1,1,1,P07
3,409,168,340,1,1,1,1,P07
3,410,215,509,1,1,1,1,P07
3,411,416,358,1,1,1,1,P07
3,412,348,650,1,1,1,1,P07
3,413,311,197,1,1,1,1,P07
3,414,168,396,1,1,1,1,P07
3,415,197,251,1,1,1,1,P07
3,416,140,815,1,1,1,1,P07
3,417,248,473,1,2,1,1,P07
3,418,258,496,1,1,1,1,P07
3,419,630,367,1,1,1,1,P07
3,420,110,433,1,1,1,1,P07
3,421,104,538,1,1,1,1,P07
3,422,363,416,1,1,1,1,P07
3,423,294,365,1,1,1,1,P07
3,424,257,364,1,1,1,1,P07
3,425,210,329,1,3,1,1,P07
3,426,259,700,1,1,1,1,P07
3,427,471,400,1,1,1,1,P07
3,428,479,371,1,1,1,1,P07
3,429,246,602,1,1,1,1,P07
3,430,368,291,1,1,1,1,P07
3,431,290,393,1,1,1,1,P07
3,432,249,253,1,1,1,1,P07
3,433,343,369,1,1,1,1,P07
3,434,106,775,1,1,1,1,P07
3,435,119,337,1,1,1,1,P07
3,436,145,472,1,1,1,1,P07
3,437,132,268,1,1,1,1,P07
3,438,122,433,1,3,1,1,P07
3,439,73,463,1,1,1,1,P07
3,440,125,292,1,1,1,1,P07
3,441,236,566,1,1,1,1,P07
3,442,260,458,1,1,1,1,P07
3,443,341,444,4,1,1,1,P07
3,444,213,418,1,1,1,1,P07
3,445,217,364,1,1,1,1,P07
3,446,172,239,1,1,1,1,P07
3,447,204,205,1,2,1,1,P07
3,448,410,262,1,1,1,1,P07
3,449,214,437,1,1,1,1,P07
3,450,359,582,1,1,1,1,P07
3,451,402,518,1,1,1,1,P07
3,452,74,455,1,3,1,1,P07
3,453,268,487,1,1,1,1,P07
3,454,179,339,1,1,1,1,P07
3,455,450,331,1,1,1,1,P07
3,456,172,626,1,1,1,1,P07
3,457,128,337,2,1,1,1,P07
3,458,391,463,2,1,1,1,P07
3,459,301,281,1,1,1,1,P07
3,460,335,502,1,1,1,1,P07
3,461,248,261,1,1,1,1,P07
3,462,275,593,1,1,1,1,P07
3,463,169,351,1,1,1,1,P07
3,464,212,641,1,2,1,1,P07
3,465,346,572,1,2,1,1,P07
3,466,152,343,1,1,1,1,P07
3,467,170,545,3,1,1,1,P07
3,468,473,320,1,1,1,1,P07
3,469,212,327,1,1,1,1,P07
3,470,279,200,1,2,1,1,P07
3,471,246,421,2,1,1,1,P07
3,472,293,432,1,1,1,1,P07
3,473,147,519,1,2,1,1,P07
3,474,179,630,2,1,1,1,P07
3,475,352,447,1,1,1,1,P07
3,476,140,750,1,1,1,1,P07
3,477,422,200,1,1,1,1,P07
3,478,437,149,2,1,1,1,P07
3,479,178,597,1,1,1,1,P07
3,480,180,775,1,1,1,1,P07
3,481,271,423,1,1,1,1,P07
3,482,372,380,1,1,1,1,P07
3,483,432,353,1,1,1,1,P07
3,484,223,381,1,1,1,1,P07
3,485,347,418,1,1,1,1,P07
3,486,390,467,1,1,1,1,P07
3,487,203,715,1,1,1,1,P07
3,488,249,497,1,1,1,1,P07
3,489,183,253,1,1,1,1,P07
3,490,336,624,1,2,1,1,P07
3,491,336,654,1,1,1,1,P07
3,492,273,353,1,1,1,1,P07
3,493,399,560,1,1,1,1,P07
3,494,98,825,1,2,1,1,P07
3,495,432,460,1,1,1,1,P07
3,496,222,709,1,1,1,1,P07
3,497,206,519,1,2,1,1,P07
3,498,98,327,1,1,1,1,P07
3,499,313,604,1,1,1,1,P07
3,500,314,279,1,1,1,1,P07
3,501,336,269,1,2,1,1,P07
3,502,300,371,1,1,1,1,P07
3,503,251,702,1,1,1,1,P07
3,504,314,294,1,1,1,1,P07
3,505,196,337,1,2,1,1,P07
3,506,189,378,1,1,1,1,P07
3,507,161,519,1,1,1,1,P07
3,508,220,589,1,2,1,1,P07
3,509,290,248,1,1,1,1,P07
3,510,424,413,1,2,1,1,P07
3,511,164,412,1,1,1,1,P07
3,512,238,328,1,1,1,1,P07
3,513,294,331,1,1,1,1,P07
3,514,218,559,1,1,1,1,P07
3,515,282,337,2,1,1,1,P07
3,516,385,192,1,1,1,1,P07
3,517,378,290,1,1,1,1,P07
3,518,416,341,1,1,1,1,P07
3,519,149,271,1,1,1,1,P07
3,520,124,292,1,1,1,1,P07
3,521,213,398,1,3,1,1,P07
3,522,115,309,1,3,1,1,P07
3,523,163,454,1,1,1,1,P07
3,524,276,578,1,1,1,1,P07
3,525,144,788,1,1,1,1,P07
3,526,226,336,1,1,1,1,P07
3,527,267,469,1,3,1,1,P07
3,528,191,482,1,1,1,1,P07
3,529,209,595,1,2,1,1,P07
3,530,165,657,1,1,1,1,P07
3,531,201,467,1,1,1,1,P07
3,532,237,552,1,2,1,1,P07
3,533,216,578,1,1,1,1,P07
3,534,396,377,1,1,1,1,P07
3,535,139,690,1,1,1,1,P07
3,536,252,262,1,2,1,1,P07
3,537,269,524,1,1,1,1,P07
3,538,125,508,1,1,1,1,P07
3,539,169,241,1,1,1,1,P07
3,540,59,759,1,1,1,1,P07
3,541,250,587,1,1,1,1,P07
3,542,104,482,1,2,1,1,P07
3,543,558,354,1,1,1,1,P07
3,544,401,285,1,2,1,1,P07
3,545,312,187,1,1,1,1,P07
3,546,364,332,1,1,1,1,P07
3,547,263,481,1,1,1,1,P07
3,548,408,536,1,1,1,1,P07
3,549,245,748,1,1,1,1,P07
3,550,302,363,1,1,1,1,P07
3,551,404,328,1,1,1,1,P07
3,552,76,355,1,2,1,1,P07
3,553,443,527,1,1,1,1,P07
3,554,190,479,1,1,1,1,P07
3,555,258,541,1,1,1,1,P07
3,556,281,418,1,2,1,1,P07
3,557,160,553,1,1,1,1,P07
3,558,396,569,1,1,1,1,P07
3,559,208,249,1,1,1,1,P07
3,560,108,436,1,1,1,1,P07
3,561,666,242,1,1,1,1,P07
3,562,298,253,1,1,1,1,P07
3,563,238,546,1,1,1,1,P07
3,564,210,387,1,2,1,1,P07
3,565,171,426,1,1,1,1,P07
3,566,230,668,1,1,1,1,P07
3,567,201,644,1,1,1,1,P07
3,568,197,465,1,2,1,1,P07
3,569,416,221,2,1,1,1,P07
3,570,335,540,1,1,1,1,P07
3,571,213,227,1,1,1,1,P07
3,572,316,93,1,1,1,1,P07
3,573,214,306,1,1,1,1,P07
3,574,482,281,2,1,1,1,P07
3,575,449,212,2,1,1,1,P07
3,576,285,391,1,1,1,1,P07
3,577,209,648,1,1,1,1,P07
3,578,155,387,1,1,1,1,P07
3,579,171,739,1,1,1,1,P07
3,580,386,382,1,3,1,1,P07
3,581,163,311,1,1,1,1,P07
3,582,297,242,1,1,1,1,P07
3,583,322,238,1,2,1,1,P07
3,584,307,450,1,1,1,1,P07
3,585,221,314,1,1,1,1,P07
3,586,480,519,1,1,1,1,P07
3,587,295,500,1,1,1,1,P07
3,588,409,272,1,1,1,1,P07
3,589,311,647,1,1,1,1,P07
3,590,125,331,1,1,1,1,P07
3,591,451,384,1,1,1,1,P07
3,592,160,267,1,1,1,1,P07
3,593,332,363,1,1,1,1,P07
3,594,293,212,1,1,1,1,P07
3,595,210,262,1,1,1,1,P07
3,596,89,342,1,3,1,1,P07
3,597,184,320,1,1,1,1,P07
3,598,229,341,1,1,1,1,P07
3,599,116,333,1,1,1,1,P07
3,600,312,173,1,1,1,1,P07
3,601,337,595,1,1,1,1,P07
3,602,423,572,2,1,1,1,P07
3,603,284,249,1,1,1,1,P07
3,604,256,341,1,1,1,1,P07
3,605,425,514,1,1,1,1,P07
3,606,337,370,1,1,1,1,P07
3,607,109,403,1,1,1,1,P07
3,608,161,344,1,1,1,1,P07
3,609,78,344,1,1,1,1,P07
3,610,179,596,1,1,1,1,P07
3,611,379,598,1,1,1,1,P07
3,612,416,573,1,1,1,1,P07
3,613,517,292,1,1,1,1,P07
3,614,224,405,1,1,1,1,P07
3,615,282,368,1,1,1,1,P07
3,616,360,480,1,1,1,1,P07
3,617,191,215,1,1,1,1,P07
3,618,245,163,1,1,1,1,P07
3,619,282,289,1,1,1,1,P07
3,620,212,284,1,1,1,1,P07
3,621,192,417,1,1,1,1,P07
3,622,295,318,1,2,1,1,P07
3,623,512,206,1,1,1,1,P07
3,624,145,655,1,1,1,1,P07
3,625,453,360,1,1,1,1,P07
3,626,286,371,1,1,1,1,P07
3,627,376,573,2,1,1,1,P07
3,628,235,673,1,1,1,1,P07
3,629,102,367,1,1,1,1,P07
3,630,153,363,2,1,1,1,P07
3,631,192,554,1,1,1,1,P07
3,632,306,303,1,1,1,1,P07
3,633,169,350,1,2,1,1,P07
3,634,250,329,1,1,1,1,P07
3,635,192,353,1,2,1,1,P07
3,636,269,532,1,1,1,1,P07
3,637,205,232,1,1,1,1,P07
3,638,196,307,2,1,1,1,P07
3,639,118,416,1,1,1,1,P07
3,640,252,606,1,2,1,1,P07
3,641,322,398,1,4,1,1,P07
3,642,144,317,1,1,1,1,P07
3,643,235,247,1,1,1,1,P07
3,644,325,310,1,1,1,1,P07
3,645,320,303,1,1,1,1,P07
3,646,434,379,1,1,1,1,P07
3,647,294,504,1,2,1,1,P07
3,648,237,340,1,1,1,1,P07
3,649,153,510,1,1,1,1,P07
3,650,268,411,1,1,1,1,P07
3,651,145,423,1,1,1,1,P07
3,652,173,675,1,1,1,1,P07
3,653,253,705,1,1,1,1,P07
3,654,129,340,2,1,1,1,P07
3,655,204,523,2,1,1,1,P07
3,656,442,247,1,1,1,1,P07
3,657,429,321,1,1,1,1,P07
3,658,231,279,1,1,1,1,P07
3,659,335,452,1,1,1,1,P07
3,660,412,310,1,1,1,1,P07
3,661,162,347,1,1,1,1,P07
3,662,358,530,1,1,1,1,P07
3,663,117,640,1,3,1,1,P07
3,664,399,513,1,1,1,1,P07
3,665,285,272,1,2,1,1,P07
3,666,436,501,1,1,1,1,P07
3,667,111,298,1,1,1,1,P07
3,668,671,322,1,1,1,1,P07
3,669,246,625,1,1,1,1,P07
3,670,113,475,1,1,1,1,P07
3,671,479,478,2,1,1,1,P07
3,672,332,491,1,1,1,1,P07
3,673,135,753,1,2,1,1,P07
3,674,427,501,1,1,1,1,P07
3,675,278,705,1,1,1,1,P07
3,676,169,342,1,1,1,1,P07
3,677,257,150,1,1,1,1,P07
3,678,333,396,2,1,1,1,P07
3,679,146,676,1,1,1,1,P07
3,680,178,454,1,1,1,1,P07
3,681,111,534,1,1,1,1,P07
3,682,462,519,1,1,1,1,P07
3,683,239,466,1,1,1,1,P07
3,684,527,396,1,1,1,1,P07
3,685,176,464,1,1,1,1,P07
3,686,579,333,1,2,1,1,P07
3,687,323,654,1,1,1,1,P07
3,688,300,157,1,1,1,1,P07
3,689,412,381,1,1,1,1,P07
3,690,235,310,1,1,1,1,P07
3,691,281,624,1,1,1,1,P07
3,692,224,394,1,1,1,1,P07
3,693,116,447,1,1,1,1,P07
3,694,540,367,1,1,1,1,P07
3,695,232,467,1,1,1,1,P07
3,696,396,344,1,1,1,1,P07
3,697,79,397,1,1,1,1,P07
3,698,175,504,1,1,1,1,P07
3,699,182,401,1,1,1,1,P07
3,700,189,532,1,1,1,1,P07
3,701,143,575,1,1,1,1,P07
3,702,181,240,1,1,1,1,P07
3,703,177,251,1,1,1,1,P07
3,704,137,438,1,1,1,1,P07
3,705,275,487,1,2,1,1,P07
3,706,145,488,1,1,1,1,P07
3,707,455,340,1,1,1,1,P07
3,708,355,328,2,1,1,1,P07
3,709,249,490,1,1,1,1,P07
3,710,457,469,2,1,1,1,P07
3,711,292,636,1,1,1,1,P07
3,712,259,326,1,1,1,1,P07
3,713,201,226,1,1,1,1,P07
3,714,277,694,1,1,1,1,P07
3,715,374,317,2,1,1,1,P07
3,716,347,554,1,1,1,1,P07
3,717,200,519,1,1,1,1,P07
3,718,246,253,1,2,1,1,P07
3,719,271,550,1,1,1,1,P07
3,720,419,535,1,1,1,1,P07
3,721,394,403,1,1,1,1,P07
3,722,219,509,1,1,1,1,P07
3,723,214,700,1,2,1,1,P07
3,724,203,477,1,1,1,1,P07
3,725,594,361,1,1,1,1,P07
3,726,139,364,1,2,1,1,P07
3,727,112,384,1,1,1,1,P07
3,728,275,693,1,1,1,1,P07
3,729,203,764,2,1,1,1,P07
3,730,167,433,2,1,1,1,P07
3,731,424,382,1,1,1,1,P07
3,732,209,478,1,1,1,1,P07
3,733,174,716,1,1,1,1,P07
3,734,181,337,1,1,1,1,P07
3,735,93,773,1,1,1,1,P07
3,736,253,322,1,1,1,1,P07
3,737,317,254,2,1,1,1,P07
3,738,330,361,1,1,1,1,P07
3,739,278,551,1,1,1,1,P07
3,740,184,357,1,1,1,1,P07
3,741,469,399,1,1,1,1,P07
3,742,427,483,1,1,1,1,P07
3,743,156,379,1,1,1,1,P07
3,744,198,259,1,1,1,1,P07
3,745,556,422,1,1,1,1,P07
3,746,254,364,1,1,1,1,P07
3,747,90,319,1,2,1,1,P07
3,748,343,139,1,1,1,1,P07
3,749,211,583,1,1,1,1,P07
3,750,221,534,1,1,1,1,P07
3,751,120,418,1,1,1,1,P07
3,752,278,359,1,1,1,1,P07
3,753,262,263,1,1,1,1,P07
3,754,209,767,1,1,1,1,P07
3,755,169,537,1,1,1,1,P07
3,756,126,716,1,1,1,1,P07
3,757,181,311,1,1,1,1,P07
3,758,478,445,1,2,1,1,P07
3,759,133,412,1,1,1,1,P07
3,760,179,496,1,1,1,1,P07
3,761,195,451,1,1,1,1,P07
3,762,139,506,1,5,1,1,P07
3,763,94,325,1,2,1,1,P07
3,764,315,281,1,1,1,1,P07
3,765,118,496,1,2,1,1,P07
3,766,112,289,1,1,1,1,P07
3,767,188,364,1,1,1,1,P07
3,768,302,376,1,1,1,1,P07
3,769,247,735,1,1,1,1,P07
3,770,259,325,1,1,1,1,P07
3,771,152,353,2,2,1,1,P07
3,772,168,465,1,1,1,1,P07
3,773,70,490,1,1,1,1,P07
3,774,190,502,1,1,1,1,P07
3,775,114,357,1,1,1,1,P07
3,776,380,599,1,3,1,1,P07
3,777,476,338,1,1,1,1,P07
3,778,330,299,1,1,1,1,P07
3,779,285,615,1,1,1,1,P07
3,780,290,491,2,1,1,1,P07
3,781,164,296,1,1,1,1,P07
3,782,200,414,1,1,1,1,P07
3,783,164,239,1,1,1,1,P07
3,784,302,518,3,1,1,1,P07
3,785,192,338,1,1,1,1,P07
3,786,483,244,1,1,1,1,P07
3,787,351,386,2,1,1,1,P07
3,788,241,507,1,1,1,1,P07
3,789,323,192,1,1,1,1,P07
3,790,265,236,1,1,1,1,P07
3,791,236,744,1,1,1,1,P07
3,792,127,419,1,3,1,1,P07
3,793,411,587,1,1,1,1,P07
3,794,295,615,1,1,1,1,P07
3,795,314,229,1,1,1,1,P07
3,796,197,662,1,1,1,1,P07
3,797,169,448,2,1,1,1,P07
3,798,431,329,1,1,1,1,P07
3,799,130,640,1,1,1,1,P07
3,800,262,638,1,2,1,1,P07
3,801,98,875,1,3,1,1,P07
3,802,221,692,1,1,1,1,P07
3,803,196,242,1,1,1,1,P07
3,804,147,376,1,1,1,1,P07
3,805,411,253,1,1,1,1,P07
3,806,265,622,1,1,1,1,P07
3,807,418,502,1,1,1,1,P07
3,808,176,482,1,1,1,1,P07
3,809,356,294,1,1,1,1,P07
3,810,108,355,1,1,1,1,P07
3,811,400,300,1,1,1,1,P07
3,812,177,322,1,1,1,1,P07
3,813,78,441,1,2,1,1,P07
3,814,133,323,1,1,1,1,P07
3,815,88,401,1,1,1,1,P07
3,816,117,571,1,1,1,1,P07
3,817,350,333,2,1,1,1,P07
3,818,432,350,1,1,1,1,P07
3,819,273,493,1,1,1,1,P07
3,820,315,557,1,1,1,1,P07
3,821,182,332,1,1,1,1,P07
3,822,271,638,1,1,1,1,P07
3,823,414,377,1,2,1,1,P07
3,824,272,722,1,1,1,1,P07
3,825,232,630,1,1,1,1,P07
3,826,268,483,1,1,1,1,P07
3,827,314,201,1,1,1,1,P07
3,828,112,527,1,1,1,1,P07
3,829,144,450,1,1,1,1,P07
3,830,178,428,1,1,1,1,P07
3,831,269,424,1,1,1,1,P07
3,832,253,718,1,1,1,1,P07
3,833,267,410,1,1,1,1,P07
3,834,394,421,1,2,1,1,P07
3,835,150,569,1,1,1,1,P07
3,836,476,409,1,1,1,1,P07
3,837,263,646,1,1,1,1,P07
3,838,431,367,1,1,1,1,P07
3,839,196,665,1,1,1,1,P07
3,840,85,417,1,1,1,1,P07
3,841,499,488,1,1,1,1,P07
3,842,182,480,1,1,1,1,P07
3,843,112,424,1,1,1,1,P07
3,844,152,381,1,1,1,1,P07
3,845,183,298,1,1,1,1,P07
3,846,223,472,1,1,1,1,P07
3,847,186,395,1,1,1,1,P07
3,848,446,284,1,1,1,1,P07
3,849,238,289,1,1,1,1,P07
3,850,318,625,1,1,1,1,P07
3,851,215,686,1,1,1,1,P07
3,852,78,327,1,1,1,1,P07
3,853,236,343,1,1,1,1,P07
3,854,373,367,3,1,1,1,P07
3,855,222,310,1,1,1,1,P07
3,856,142,661,1,1,1,1,P07
3,857,156,377,1,2,1,1,P07
3,858,146,348,1,2,1,1,P07
3,859,163,295,1,1,1,1,P07
3,860,292,314,2,1,1,1,P07
3,861,177,225,1,1,1,1,P07
3,862,442,491,1,1,1,1,P07
3,863,149,338,1,1,1,1,P07
3,864,301,437,1,2,1,1,P07
3,865,134,330,1,1,1,1,P07
3,866,293,388,1,1,1,1,P07
3,867,75,409,1,2,1,1,P07
3,868,303,343,1,1,1,1,P07
3,869,265,427,1,1,1,1,P07
3,870,196,420,1,1,1,1,P07
3,871,310,321,1,2,1,1,P07
3,872,311,525,1,1,1,1,P07
3,873,284,528,1,1,1,1,P07
3,874,167,537,1,2,1,1,P07
3,875,430,482,1,1,1,1,P07
3,876,202,362,1,1,1,1,P07
3,877,440,258,1,1,1,1,P07
3,878,76,409,1,1,1,1,P07
3,879,341,632,1,1,1,1,P07
3,880,96,474,1,2,1,1,P07
3,881,153,357,1,1,1,1,P07
3,882,254,369,1,1,1,1,P07
3,883,209,243,1,1,1,1,P07
3,884,180,341,1,1,1,1,P07
3,885,447,425,1,1,1,1,P07
3,886,131,358,1,1,1,1,P07
3,887,182,452,1,1,1,1,P07
3,888,159,279,1,1,1,1,P07
3,889,250,563,1,1,1,1,P07
3,890,134,491,1,1,1,1,P07
3,891,256,663,1,1,1,1,P07
3,892,259,356,1,4,1,1,P07
3,893,174,229,1,1,1,1,P07
3,894,130,654,1,2,1,1,P07
3,895,205,246,1,1,1,1,P07
3,896,155,567,1,2,1,1,P07
3,897,83,485,1,2,1,1,P07
3,898,481,337,1,1,1,1,P07
3,899,170,335,1,1,1,1,P07
3,900,237,604,1,1,1,1,P07
3,901,261,660,1,1,1,1,P07
3,902,239,514,1,2,1,1,P07
3,903,272,185,2,1,1,1,P07
3,904,353,208,2,1,1,1,P07
3,905,254,259,2,1,1,1,P07
3,906,240,514,1,1,1,1,P07
3,907,261,457,1,1,1,1,P07
3,908,143,729,1,1,1,1,P07
3,909,172,430,1,1,1,1,P07
3,910,313,242,1,1,1,1,P07
3,911,217,189,1,1,1,1,P07
3,912,273,160,2,1,1,1,P07
3,913,296,699,1,1,1,1,P07
3,914,131,309,1,1,1,1,P07
3,915,156,396,1,1,1,1,P07
3,916,137,408,1,1,1,1,P07
3,917,340,573,1,1,1,1,P07
3,918,189,679,1,3,1,1,P07
3,919,222,251,1,1,1,1,P07
3,920,172,716,1,1,1,1,P07
3,921,276,509,1,1,1,1,P07
3,922,225,280,1,1,1,1,P07
3,923,187,330,1,1,1,1,P07
3,924,503,484,1,1,1,1,P07
3,925,233,603,1,1,1,1,P07
3,926,447,511,1,1,1,1,P07
3,927,256,412,1,1,1,1,P07
3,928,324,593,1,1,1,1,P07
3,929,480,120,1,1,1,1,P07
3,930,142,429,1,1,1,1,P07
3,931,223,743,1,1,1,1,P07
3,932,313,542,1,1,1,1,P07
3,933,295,398,1,1,1,1,P07
3,934,275,653,1,2,1,1,P07
3,935,138,389,1,1,1,1,P07
3,936,324,673,1,1,1,1,P07
3,937,199,260,1,1,1,1,P07
3,938,190,575,1,1,1,1,P07
3,939,156,278,1,1,1,1,P07
3,940,245,624,1,1,1,1,P07
3,941,241,668,1,1,1,1,P07
3,942,226,667,1,1,1,1,P07
3,943,484,429,1,1,1,1,P07
3,944,226,275,1,1,1,1,P07
3,945,261,429,1,1,1,1,P07
3,946,155,287,1,2,1,1,P07
3,947,299,299,1,1,1,1,P07
3,948,115,436,1,2,1,1,P07
3,949,137,325,1,1,1,1,P07
3,950,181,287,1,1,1,1,P07
3,951,189,501,1,1,1,1,P07
3,952,143,438,1,1,1,1,P07
3,953,99,360,1,2,1,1,P07
3,954,243,244,1,1,1,1,P07
3,955,222,395,1,1,1,1,P07
3,956,183,293,1,1,1,1,P07
3,957,168,681,1,1,1,1,P07
3,958,133,338,1,2,1,1,P07
3,959,264,153,2,1,1,1,P07
3,960,339,127,1,1,1,1,P07
3,961,112,293,1,1,1,1,P07
3,962,332,426,1,1,1,1,P07
3,963,497,348,1,1,1,1,P07
3,964,316,641,1,1,1,1,P07
3,965,240,453,1,1,1,1,P07
3,966,285,481,1,1,1,1,P07
3,967,533,396,1,1,1,1,P07
3,968,177,809,1,2,1,1,P07
3,969,184,280,1,1,1,1,P07
3,970,193,305,1,1,1,1,P07
3,971,608,377,3,1,1,1,P07
3,972,166,258,1,2,1,1,P07
3,973,136,757,1,1,1,1,P07
3,974,303,508,1,1,1,1,P07
3,975,112,485,1,1,1,1,P07
3,976,355,523,1,1,1,1,P07
3,977,316,458,1,1,1,1,P07
3,978,317,294,1,1,1,1,P07
3,979,522,472,2,1,1,1,P07
3,980,430,302,1,1,1,1,P07
3,981,323,231,1,1,1,1,P07
3,982,282,654,1,1,1,1,P07
3,983,120,634,1,1,1,1,P07
3,984,239,501,1,1,1,1,P07
3,985,374,513,1,1,1,1,P07
3,986,260,587,1,2,1,1,P07
3,987,207,322,1,1,1,1,P07
3,988,191,597,1,2,1,1,P07
3,989,261,285,1,1,1,1,P07
3,990,393,597,1,3,1,1,P07
3,991,61,443,1,3,1,1,P07
3,992,410,518,1,3,1,1,P07
3,993,478,491,1,1,1,1,P07
3,994,288,429,1,1,1,1,P07
3,995,377,306,1,1,1,1,P07
3,996,114,385,1,1,1,1,P07
3,997,157,251,1,1,1,1,P07
3,998,398,598,1,1,1,1,P07
3,999,158,358,1,1,1,1,P07
3,1000,260,636,1,2,1,1,P07
4,1,618,98,2,1,3,1,P07
4,2,746,223,2,1,3,1,P07
4,3,755,172,3,1,3,1,P07
4,4,398,120,5,1,3,1,P07
4,5,265,145,3,1,3,1,P07
4,6,233,673,1,1,3,1,P07
4,7,700,286,1,1,3,1,P07
4,8,363,93,5,1,3,1,P07
4,9,214,351,1,1,3,1,P07
4,10,724,223,2,1,3,1,P07
4,11,339,361,2,1,3,1,P07
4,12,413,116,2,1,3,1,P07
4,13,219,283,3,1,3,1,P07
4,14,266,175,4,1,3,1,P07
4,15,591,314,1,1,3,1,P07
4,16,246,163,2,1,3,1,P07
4,17,246,289,2,1,3,1,P07
4,18,248,579,1,1,3,1,P07
4,19,513,403,1,1,3,1,P07
4,20,242,165,1,1,3,1,P07
4,21,576,101,2,1,3,1,P07
4,22,312,330,2,1,3,1,P07
4,23,284,303,1,1,3,1,P07
4,24,704,286,1,1,3,1,P07
4,25,292,217,1,1,3,1,P07
4,26,297,383,4,1,3,1,P07
4,27,415,212,1,1,3,1,P07
4,28,353,483,1,1,3,1,P07
4,29,575,281,3,1,3,1,P07
4,30,390,194,1,1,3,1,P07
4,31,336,192,1,1,3,1,P07
4,32,431,308,1,1,3,1,P07
4,33,420,213,4,1,3,1,P07
4,34,286,640,1,1,3,1,P07
4,35,245,548,2,1,3,1,P07
4,36,237,179,3,1,3,1,P07
4,37,564,282,2,1,3,1,P07
4,38,501,403,2,1,3,1,P07
4,39,421,391,2,1,3,1,P07
4,40,335,152,3,1,3,1,P07
4,41,246,188,1,1,3,1,P07
4,42,145,360,1,1,3,1,P07
4,43,597,140,4,1,3,1,P07
4,44,336,311,2,1,3,1,P07
4,45,467,520,1,1,3,1,P07
4,46,377,144,3,1,3,1,P07
4,47,610,258,1,1,3,1,P07
4,48,310,159,3,1,3,1,P07
4,49,440,469,1,1,3,1,P07
4,50,285,233,2,1,3,1,P07
4,51,183,504,1,1,3,1,P07
4,52,118,322,1,1,3,1,P07
4,53,291,611,2,1,3,1,P07
4,54,222,194,2,1,3,1,P07
4,55,587,336,1,1,3,1,P07
4,56,404,123,3,1,3,1,P07
4,57,322,198,1,1,3,1,P07
4,58,805,176,1,1,3,1,P07
4,59,415,354,1,1,3,1,P07
4,60,748,170,4,1,3,1,P07
4,61,556,268,1,1,3,1,P07
4,62,560,385,1,1,3,1,P07
4,63,299,250,2,1,3,1,P07
4,64,310,640,1,2,3,1,P07
4,65,137,271,1,1,3,1,P07
4,66,576,336,2,1,3,1,P07
4,67,248,258,1,2,3,1,P07
4,68,405,378,1,1,3,1,P07
4,69,207,311,1,1,3,1,P07
4,70,320,485,1,3,3,1,P07
4,71,290,677,2,1,3,1,P07
4,72,368,138,1,1,3,1,P07
4,73,425,278,1,1,3,1,P07
4,74,369,386,2,1,3,1,P07
4,75,527,225,1,1,3,1,P07
4,76,369,152,3,1,3,1,P07
4,77,403,193,3,1,3,1,P07
4,78,234,400,3,1,3,1,P07
4,79,448,439,1,1,3,1,P07
4,80,483,505,2,1,3,1,P07
4,81,298,247,1,1,3,1,P07
4,82,452,146,2,1,3,1,P07
4,83,331,280,3,1,3,1,P07
4,84,313,497,1,1,3,1,P07
4,85,455,457,1,2,3,1,P07
4,86,396,474,1,2,3,1,P07
4,87,490,360,1,1,3,1,P07
4,88,465,240,1,1,3,1,P07
4,89,374,265,2,1,3,1,P07
4,90,215,366,1,1,3,1,P07
4,91,597,341,2,1,3,1,P07
4,92,559,396,3,1,3,1,P07
4,93,104,376,4,1,3,1,P07
4,94,701,286,3,1,3,1,P07
4,95,465,227,2,1,3,1,P07
4,96,301,417,1,1,3,1,P07
4,97,238,196,1,1,3,1,P07
4,98,407,112,4,1,3,1,P07
4,99,349,253,1,1,3,1,P07
4,100,626,251,4,1,3,1,P07
4,101,659,182,4,1,3,1,P07
4,102,484,464,3,1,3,1,P07
4,103,535,359,2,1,3,1,P07
4,104,206,272,2,1,3,1,P07
4,105,333,140,1,1,3,1,P07
4,106,425,248,3,1,3,1,P07
4,107,364,386,1,1,3,1,P07
4,108,191,407,1,1,3,1,P07
4,109,469,108,2,1,3,1,P07
4,110,589,389,3,1,3,1,P07
4,111,203,649,1,1,3,1,P07
4,112,283,396,1,3,3,1,P07
4,113,373,302,1,1,3,1,P07
4,114,395,233,1,1,3,1,P07
4,115,434,241,1,1,3,1,P07
4,116,642,237,3,2,3,1,P07
4,117,623,323,2,2,3,1,P07
4,118,169,488,1,4,3,1,P07
4,119,159,309,1,1,3,1,P07
4,120,494,381,3,1,3,1,P07
4,121,224,319,2,1,3,1,P07
4,122,532,451,1,1,3,1,P07
4,123,405,480,5,1,3,1,P07
4,124,406,206,2,1,3,1,P07
4,125,620,201,1,1,3,1,P07
4,126,450,477,1,1,3,1,P07
4,127,357,233,3,1,3,1,P07
4,128,528,427,2,1,3,1,P07
4,129,259,549,1,2,3,1,P07
4,130,315,424,2,1,3,1,P07
4,131,258,312,1,1,3,1,P07
4,132,557,160,1,1,3,1,P07
4,133,603,294,2,1,3,1,P07
4,134,673,185,3,1,3,1,P07
4,135,192,364,1,1,3,1,P07
4,136,489,392,3,1,3,1,P07
4,137,276,477,1,2,3,1,P07
4,138,318,324,1,1,3,1,P07
4,139,299,661,1,1,3,1,P07
4,140,310,317,1,1,3,1,P07
4,141,314,635,1,1,3,1,P07
4,142,493,448,4,1,3,1,P07
4,143,406,358,1,1,3,1,P07
4,144,154,289,1,2,3,1,P07
4,145,233,320,2,1,3,1,P07
4,146,560,387,1,2,3,1,P07
4,147,652,216,1,1,3,1,P07
4,148,362,221,1,1,3,1,P07
4,149,247,327,1,1,3,1,P07
4,150,298,165,3,1,3,1,P07
4,151,375,257,2,1,3,1,P07
4,152,325,155,1,1,3,1,P07
4,153,332,76,1,1,3,1,P07
4,154,721,271,1,1,3,1,P07
4,155,494,393,3,1,3,1,P07
4,156,109,516,1,1,3,1,P07
4,157,374,424,1,1,3,1,P07
4,158,435,349,2,1,3,1,P07
4,159,492,342,1,1,3,1,P07
4,160,333,329,2,1,3,1,P07
4,161,416,456,2,1,3,1,P07
4,162,276,295,1,1,3,1,P07
4,163,620,260,1,1,3,1,P07
4,164,176,335,1,1,3,1,P07
4,165,235,450,2,1,3,1,P07
4,166,362,199,1,1,3,1,P07
4,167,303,146,1,1,3,1,P07
4,168,393,494,1,1,3,1,P07
4,169,360,233,1,1,3,1,P07
4,170,309,163,1,1,3,1,P07
4,171,404,392,1,1,3,1,P07
4,172,379,364,3,1,3,1,P07
4,173,381,325,1,1,3,1,P07
4,174,367,191,4,1,3,1,P07
4,175,388,364,3,1,3,1,P07
4,176,289,215,2,1,3,1,P07
4,177,374,144,3,1,3,1,P07
4,178,462,495,1,1,3,1,P07
4,179,399,257,1,1,3,1,P07
4,180,303,104,2,1,3,1,P07
4,181,385,529,2,3,3,1,P07
4,182,665,146,4,1,3,1,P07
4,183,312,526,2,2,3,1,P07
4,184,464,226,1,1,3,1,P07
4,185,323,489,2,1,3,1,P07
4,186,546,349,2,1,3,1,P07
4,187,410,506,1,1,3,1,P07
4,188,487,270,1,1,3,1,P07
4,189,239,367,1,1,3,1,P07
4,190,138,353,1,2,3,1,P07
4,191,447,313,3,1,3,1,P07
4,192,220,195,1,1,3,1,P07
4,193,312,429,2,2,3,1,P07
4,194,604,294,3,1,3,1,P07
4,195,395,500,1,1,3,1,P07
4,196,194,260,2,1,3,1,P07
4,197,443,353,1,1,3,1,P07
4,198,654,329,1,1,3,1,P07
4,199,312,351,2,1,3,1,P07
4,200,325,155,3,1,3,1,P07
4,201,221,330,2,1,3,1,P07
4,202,217,256,1,1,3,1,P07
4,203,303,453,1,1,3,1,P07
4,204,287,157,3,1,3,1,P07
4,205,671,296,2,1,3,1,P07
4,206,305,168,2,1,3,1,P07
4,207,362,136,3,1,3,1,P07
4,208,557,133,5,1,3,1,P07
4,209,455,317,2,1,3,1,P07
4,210,261,244,2,1,3,1,P07
4,211,517,215,4,1,3,1,P07
4,212,331,188,4,1,3,1,P07
4,213,262,141,2,1,3,1,P07
4,214,287,129,1,1,3,1,P07
4,215,149,425,1,1,3,1,P07
4,216,576,146,2,1,3,1,P07
4,217,194,471,3,1,3,1,P07
4,218,253,333,1,1,3,1,P07
4,219,455,279,4,1,3,1,P07
4,220,274,512,1,1,3,1,P07
4,221,338,132,2,1,3,1,P07
4,222,516,212,3,1,3,1,P07
4,223,486,314,3,1,3,1,P07
4,224,577,416,1,1,3,1,P07
4,225,442,236,2,1,3,1,P07
4,226,294,154,1,1,3,1,P07
4,227,309,301,1,1,3,1,P07
4,228,331,277,1,1,3,1,P07
4,229,588,374,2,1,3,1,P07
4,230,359,312,1,1,3,1,P07
4,231,435,343,1,1,3,1,P07
4,232,328,410,1,1,3,1,P07
4,233,358,598,1,1,3,1,P07
4,234,650,321,4,1,3,1,P07
4,235,763,229,2,1,3,1,P07
4,236,247,414,1,1,3,1,P07
4,237,507,418,3,1,3,1,P07
4,238,691,196,3,1,3,1,P07
4,239,383,277,1,1,3,1,P07
4,240,695,291,3,1,3,1,P07
4,241,281,175,2,1,3,1,P07
4,242,538,115,4,1,3,1,P07
4,243,538,395,4,1,3,1,P07
4,244,210,399,2,1,3,1,P07
4,245,423,191,1,1,3,1,P07
4,246,263,169,2,1,3,1,P07
4,247,331,356,1,1,3,1,P07
4,248,198,203,1,1,3,1,P07
4,249,430,348,1,1,3,1,P07
4,250,576,414,1,1,3,1,P07
4,251,379,114,1,1,3,1,P07
4,252,343,199,3,1,3,1,P07
4,253,332,532,1,1,3,1,P07
4,254,207,194,3,1,3,1,P07
4,255,511,477,2,1,3,1,P07
4,256,450,286,3,1,3,1,P07
4,257,625,366,4,1,3,1,P07
4,258,327,636,1,1,3,1,P07
4,259,493,310,3,1,3,1,P07
4,260,350,376,1,1,3,1,P07
4,261,413,276,1,1,3,1,P07
4,262,205,487,1,1,3,1,P07
4,263,586,285,1,1,3,1,P07
4,264,298,268,1,1,3,1,P07
4,265,501,133,7,1,3,1,P07
4,266,339,175,2,1,3,1,P07
4,267,340,120,1,1,3,1,P07
4,268,240,254,1,1,3,1,P07
4,269,429,176,4,1,3,1,P07
4,270,161,271,1,1,3,1,P07
4,271,311,243,1,1,3,1,P07
4,272,367,514,4,1,3,1,P07
4,273,572,415,1,1,3,1,P07
4,274,390,423,2,1,3,1,P07
4,275,262,385,1,1,3,1,P07
4,276,208,417,1,1,3,1,P07
4,277,302,432,1,1,3,1,P07
4,278,482,137,1,1,3,1,P07
4,279,231,200,1,1,3,1,P07
4,280,253,246,4,1,3,1,P07
4,281,688,153,2,1,3,1,P07
4,282,335,260,1,1,3,1,P07
4,283,130,347,1,1,3,1,P07
4,284,253,455,2,1,3,1,P07
4,285,397,241,1,1,3,1,P07
4,286,530,151,4,1,3,1,P07
4,287,233,493,1,1,3,1,P07
4,288,193,329,1,1,3,1,P07
4,289,389,294,1,1,3,1,P07
4,290,272,217,1,1,3,1,P07
4,291,537,189,4,1,3,1,P07
4,292,417,266,1,1,3,1,P07
4,293,367,438,1,1,3,1,P07
4,294,240,308,1,1,3,1,P07
4,295,421,230,6,1,3,1,P07
4,296,180,562,1,1,3,1,P07
4,297,365,183,2,1,3,1,P07
4,298,620,356,1,1,3,1,P07
4,299,390,382,5,1,3,1,P07
4,300,333,620,1,1,3,1,P07
4,301,294,450,5,1,3,1,P07
4,302,597,316,2,1,3,1,P07
4,303,625,183,2,1,3,1,P07
4,304,455,254,4,1,3,1,P07
4,305,381,245,2,1,3,1,P07
4,306,314,133,2,1,3,1,P07
4,307,230,227,1,1,3,1,P07
4,308,535,294,2,1,3,1,P07
4,309,302,501,1,1,3,1,P07
4,310,530,147,6,1,3,1,P07
4,311,216,629,1,1,3,1,P07
4,312,369,263,1,1,3,1,P07
4,313,593,271,1,1,3,1,P07
4,314,189,488,1,1,3,1,P07
4,315,358,369,1,2,3,1,P07
4,316,413,485,1,1,3,1,P07
4,317,265,264,1,2,3,1,P07
4,318,308,430,3,1,3,1,P07
4,319,261,371,1,1,3,1,P07
4,320,390,188,1,1,3,1,P07
4,321,421,271,3,1,3,1,P07
4,322,229,301,4,1,3,1,P07
4,323,589,105,3,1,3,1,P07
4,324,410,285,3,1,3,1,P07
4,325,300,224,1,1,3,1,P07
4,326,349,350,1,1,3,1,P07
4,327,536,132,1,1,3,1,P07
4,328,183,588,2,1,3,1,P07
4,329,440,188,7,1,3,1,P07
4,330,714,282,2,1,3,1,P07
4,331,221,317,1,1,3,1,P07
4,332,534,456,1,1,3,1,P07
4,333,322,147,3,1,3,1,P07
4,334,177,260,2,1,3,1,P07
4,335,420,557,2,2,3,1,P07
4,336,222,204,1,1,3,1,P07
4,337,419,280,2,1,3,1,P07
4,338,606,149,3,1,3,1,P07
4,339,608,323,2,1,3,1,P07
4,340,296,278,1,1,3,1,P07
4,341,403,328,4,1,3,1,P07
4,342,486,459,3,1,3,1,P07
4,343,354,255,3,1,3,1,P07
4,344,298,185,4,1,3,1,P07
4,345,227,263,1,1,3,1,P07
4,346,365,285,3,1,3,1,P07
4,347,179,622,1,1,3,1,P07
4,348,356,229,3,1,3,1,P07
4,349,333,450,2,1,3,1,P07
4,350,442,440,5,1,3,1,P07
4,351,219,280,2,1,3,1,P07
4,352,454,481,1,1,3,1,P07
4,353,185,284,1,1,3,1,P07
4,354,288,267,2,1,3,1,P07
4,355,396,578,1,1,3,1,P07
4,356,143,260,2,1,3,1,P07
4,357,312,583,1,1,3,1,P07
4,358,386,342,1,1,3,1,P07
4,359,395,171,5,1,3,1,P07
4,360,278,505,1,1,3,1,P07
4,361,251,308,3,1,3,1,P07
4,362,667,130,4,1,3,1,P07
4,363,425,144,1,1,3,1,P07
4,364,652,169,4,1,3,1,P07
4,365,448,344,2,1,3,1,P07
4,366,333,423,1,1,3,1,P07
4,367,443,105,2,1,3,1,P07
4,368,252,176,4,1,3,1,P07
4,369,527,213,2,1,3,1,P07
4,370,407,317,2,2,3,1,P07
4,371,211,387,3,3,3,1,P07
4,372,328,490,2,1,3,1,P07
4,373,440,550,1,1,3,1,P07
4,374,367,400,1,1,3,1,P07
4,375,516,186,1,1,3,1,P07
4,376,294,245,1,1,3,1,P07
4,377,352,615,2,1,3,1,P07
4,378,488,218,2,1,3,1,P07
4,379,310,299,2,1,3,1,P07
4,380,496,221,4,2,3,1,P07
4,381,122,314,1,1,3,1,P07
4,382,702,297,1,1,3,1,P07
4,383,585,400,1,1,3,1,P07
4,384,434,541,1,1,3,1,P07
4,385,760,189,2,1,3,1,P07
4,386,370,530,2,1,3,1,P07
4,387,298,559,3,1,3,1,P07
4,388,683,311,1,1,3,1,P07
4,389,95,347,1,2,3,1,P07
4,390,401,277,1,1,3,1,P07
4,391,230,475,1,1,3,1,P07
4,392,691,144,1,1,3,1,P07
4,393,288,183,4,1,3,1,P07
4,394,469,526,1,1,3,1,P07
4,395,377,516,3,1,3,1,P07
4,396,410,199,4,1,3,1,P07
4,397,327,267,1,1,3,1,P07
4,398,379,325,1,1,3,1,P07
4,399,238,183,2,1,3,1,P07
4,400,295,266,2,1,3,1,P07
4,401,656,329,2,1,3,1,P07
4,402,469,146,3,1,3,1,P07
4,403,301,161,2,1,3,1,P07
4,404,638,201,4,1,3,1,P07
4,405,223,191,2,1,3,1,P07
4,406,395,322,2,2,3,1,P07
4,407,272,602,1,1,3,1,P07
4,408,351,305,2,1,3,1,P07
4,409,636,243,6,1,3,1,P07
4,410,397,117,5,1,3,1,P07
4,411,303,447,1,1,3,1,P07
4,412,194,310,3,1,3,1,P07
4,413,438,255,1,1,3,1,P07
4,414,536,196,2,1,3,1,P07
4,415,428,244,5,1,3,1,P07
4,416,326,235,2,1,3,1,P07
4,417,566,225,2,1,3,1,P07
4,418,269,494,1,1,3,1,P07
4,419,313,131,3,1,3,1,P07
4,420,266,182,3,1,3,1,P07
4,421,319,130,1,1,3,1,P07
4,422,394,296,2,1,3,1,P07
4,423,650,318,2,1,3,1,P07
4,424,301,249,3,1,3,1,P07
4,425,258,187,1,1,3,1,P07
4,426,212,263,1,1,3,1,P07
4,427,303,363,1,1,3,1,P07
4,428,284,561,1,1,3,1,P07
4,429,371,602,1,3,3,1,P07
4,430,120,310,1,1,3,1,P07
4,431,252,243,1,1,3,1,P07
4,432,428,342,3,1,3,1,P07
4,433,419,487,2,1,3,1,P07
4,434,433,373,3,1,3,1,P07
4,435,245,454,1,1,3,1,P07
4,436,355,329,1,1,3,1,P07
4,437,378,555,1,1,3,1,P07
4,438,203,277,1,1,3,1,P07
4,439,467,342,4,1,3,1,P07
4,440,757,227,4,1,3,1,P07
4,441,251,545,1,1,3,1,P07
4,442,364,426,1,2,3,1,P07
4,443,697,242,1,1,3,1,P07
4,444,515,455,1,1,3,1,P07
4,445,262,523,2,2,3,1,P07
4,446,376,232,3,1,3,1,P07
4,447,534,366,2,1,3,1,P07
4,448,314,586,1,1,3,1,P07
4,449,493,256,1,1,3,1,P07
4,450,369,338,2,1,3,1,P07
4,451,454,239,2,1,3,1,P07
4,452,328,303,2,1,3,1,P07
4,453,165,309,1,1,3,1,P07
4,454,232,243,1,1,3,1,P07
4,455,586,289,2,1,3,1,P07
4,456,604,267,2,1,3,1,P07
4,457,375,430,2,2,3,1,P07
4,458,326,100,1,1,3,1,P07
4,459,438,236,1,1,3,1,P07
4,460,447,177,2,1,3,1,P07
4,461,248,274,1,1,3,1,P07
4,462,438,336,2,1,3,1,P07
4,463,561,304,1,1,3,1,P07
4,464,389,445,2,1,3,1,P07
4,465,346,109,1,1,3,1,P07
4,466,249,151,5,1,3,1,P07
4,467,734,251,1,1,3,1,P07
4,468,278,338,2,1,3,1,P07
4,469,507,261,1,1,3,1,P07
4,470,384,339,2,1,3,1,P07
4,471,183,230,1,1,3,1,P07
4,472,516,427,1,1,3,1,P07
4,473,427,281,3,1,3,1,P07
4,474,667,97,5,2,3,1,P07
4,475,498,365,2,1,3,1,P07
4,476,221,202,3,1,3,1,P07
4,477,134,282,1,1,3,1,P07
4,478,547,207,4,1,3,1,P07
4,479,52,488,1,1,3,1,P07
4,480,239,205,2,1,3,1,P07
4,481,616,287,1,1,3,1,P07
4,482,186,218,1,1,3,1,P07
4,483,243,471,1,1,3,1,P07
4,484,264,164,1,1,3,1,P07
4,485,400,211,2,1,3,1,P07
4,486,431,392,1,1,3,1,P07
4,487,305,373,2,1,3,1,P07
4,488,249,195,3,1,3,1,P07
4,489,574,406,1,1,3,1,P07
4,490,604,247,1,1,3,1,P07
4,491,625,188,3,1,3,1,P07
4,492,553,179,2,1,3,1,P07
4,493,384,573,1,1,3,1,P07
4,494,431,109,3,1,3,1,P07
4,495,250,682,1,1,3,1,P07
4,496,620,333,1,1,3,1,P07
4,497,389,148,3,1,3,1,P07
4,498,320,421,1,1,3,1,P07
4,499,322,472,1,1,3,1,P07
4,500,279,251,3,1,3,1,P07
4,501,313,230,1,1,3,1,P07
4,502,322,241,1,1,3,1,P07
4,503,450,415,2,1,3,1,P07
4,504,378,238,1,1,3,1,P07
4,505,329,485,1,2,3,1,P07
4,506,491,307,1,1,3,1,P07
4,507,529,437,2,1,3,1,P07
4,508,323,528,2,2,3,1,P07
4,509,556,438,3,1,3,1,P07
4,510,542,438,1,1,3,1,P07
4,511,500,465,1,1,3,1,P07
4,512,400,328,1,1,3,1,P07
4,513,261,187,1,1,3,1,P07
4,514,352,423,1,1,3,1,P07
4,515,478,166,2,1,3,1,P07
4,516,350,274,1,1,3,1,P07
4,517,204,276,4,1,3,1,P07
4,518,380,184,2,1,3,1,P07
4,519,185,217,2,1,3,1,P07
4,520,356,291,1,1,3,1,P07
4,521,408,329,1,1,3,1,P07
4,522,512,202,3,1,3,1,P07
4,523,367,332,1,1,3,1,P07
4,524,205,610,2,1,3,1,P07
4,525,336,484,1,1,3,1,P07
4,526,195,637,1,1,3,1,P07
4,527,630,348,1,1,3,1,P07
4,528,533,129,2,1,3,1,P07
4,529,627,345,2,1,3,1,P07
4,530,106,355,1,3,3,1,P07
4,531,348,299,5,1,3,1,P07
4,532,376,146,1,1,3,1,P07
4,533,370,512,1,1,3,1,P07
4,534,334,499,2,1,3,1,P07
4,535,458,271,2,1,3,1,P07
4,536,469,317,3,1,3,1,P07
4,537,726,202,2,1,3,1,P07
4,538,158,586,1,1,3,1,P07
4,539,469,116,1,1,3,1,P07
4,540,303,243,1,1,3,1,P07
4,541,405,171,1,1,3,1,P07
4,542,157,260,3,3,3,1,P07
4,543,273,213,1,1,3,1,P07
4,544,407,438,2,1,3,1,P07
4,545,644,226,3,1,3,1,P07
4,546,462,200,1,1,3,1,P07
4,547,317,542,1,1,3,1,P07
4,548,247,702,1,1,3,1,P07
4,549,311,429,3,2,3,1,P07
4,550,522,250,2,1,3,1,P07
4,551,510,215,3,1,3,1,P07
4,552,258,245,3,1,3,1,P07
4,553,466,170,2,1,3,1,P07
4,554,375,443,4,1,3,1,P07
4,555,482,156,2,1,3,1,P07
4,556,248,688,2,3,3,1,P07
4,557,415,127,3,1,3,1,P07
4,558,494,171,6,1,3,1,P07
4,559,253,191,3,1,3,1,P07
4,560,365,201,1,1,3,1,P07
4,561,421,140,2,1,3,1,P07
4,562,314,104,4,3,3,1,P07
4,563,532,413,1,2,3,1,P07
4,564,556,349,2,1,3,1,P07
4,565,353,461,1,1,3,1,P07
4,566,443,175,2,1,3,1,P07
4,567,284,339,2,1,3,1,P07
4,568,534,287,2,1,3,1,P07
4,569,501,160,1,1,3,1,P07
4,570,301,642,1,1,3,1,P07
4,571,503,440,2,1,3,1,P07
4,572,313,284,1,1,3,1,P07
4,573,352,219,2,1,3,1,P07
4,574,310,307,1,1,3,1,P07
4,575,634,195,1,1,3,1,P07
4,576,434,535,1,1,3,1,P07
4,577,498,329,1,1,3,1,P07
4,578,148,316,2,1,3,1,P07
4,579,258,218,1,1,3,1,P07
4,580,347,196,1,1,3,1,P07
4,581,457,289,2,1,3,1,P07
4,582,355,307,1,1,3,1,P07
4,583,487,229,1,1,3,1,P07
4,584,349,214,2,1,3,1,P07
4,585,243,180,1,1,3,1,P07
4,586,332,390,1,1,3,1,P07
4,587,217,459,1,1,3,1,P07
4,588,179,289,4,3,3,1,P07
4,589,269,137,3,1,3,1,P07
4,590,315,463,2,1,3,1,P07
4,591,484,379,2,1,3,1,P07
4,592,300,343,1,1,3,1,P07
4,593,242,331,3,2,3,1,P07
4,594,647,168,2,1,3,1,P07
4,595,375,207,2,1,3,1,P07
4,596,765,233,1,1,3,1,P07
4,597,434,108,2,1,3,1,P07
4,598,300,183,1,1,3,1,P07
4,599,471,417,3,1,3,1,P07
4,600,482,481,2,1,3,1,P07
4,601,194,223,1,1,3,1,P07
4,602,356,262,4,1,3,1,P07
4,603,221,232,1,1,3,1,P07
4,604,449,267,2,1,3,1,P07
4,605,256,167,1,1,3,1,P07
4,606,419,124,1,1,3,1,P07
4,607,413,146,1,1,3,1,P07
4,608,586,139,2,1,3,1,P07
4,609,273,204,1,3,3,1,P07
4,610,340,356,1,1,3,1,P07
4,611,173,327,1,1,3,1,P07
4,612,485,495,3,2,3,1,P07
4,613,317,249,2,1,3,1,P07
4,614,315,419,2,2,3,1,P07
4,615,546,130,4,1,3,1,P07
4,616,270,378,1,1,3,1,P07
4,617,409,84,3,1,3,1,P07
4,618,263,311,1,1,3,1,P07
4,619,300,551,1,1,3,1,P07
4,620,226,229,2,1,3,1,P07
4,621,384,503,1,1,3,1,P07
4,622,438,309,3,2,3,1,P07
4,623,257,272,2,1,3,1,P07
4,624,566,372,5,1,3,1,P07
4,625,479,288,3,1,3,1,P07
4,626,311,135,3,1,3,1,P07
4,627,357,242,1,1,3,1,P07
4,628,201,369,1,1,3,1,P07
4,629,409,516,1,1,3,1,P07
4,630,496,120,1,1,3,1,P07
4,631,150,523,1,2,3,1,P07
4,632,471,496,2,1,3,1,P07
4,633,270,671,3,2,3,1,P07
4,634,151,531,1,1,3,1,P07
4,635,415,231,2,1,3,1,P07
4,636,466,225,2,1,3,1,P07
4,637,457,504,4,2,3,1,P07
4,638,356,522,1,3,3,1,P07
4,639,518,276,4,1,3,1,P07
4,640,477,472,1,1,3,1,P07
4,641,317,101,1,2,3,1,P07
4,642,422,157,4,1,3,1,P07
4,643,292,113,2,1,3,1,P07
4,644,570,424,1,2,3,1,P07
4,645,351,482,1,2,3,1,P07
4,646,336,319,1,1,3,1,P07
4,647,267,256,1,1,3,1,P07
4,648,432,268,2,1,3,1,P07
4,649,389,283,4,1,3,1,P07
4,650,174,428,1,2,3,1,P07
4,651,355,130,5,2,3,1,P07
4,652,380,384,3,1,3,1,P07
4,653,399,170,1,1,3,1,P07
4,654,248,435,3,1,3,1,P07
4,655,125,326,1,1,3,1,P07
4,656,332,297,2,2,3,1,P07
4,657,143,396,1,2,3,1,P07
4,658,178,420,1,1,3,1,P07
4,659,475,194,4,1,3,1,P07
4,660,409,411,1,1,3,1,P07
4,661,564,207,1,1,3,1,P07
4,662,338,208,1,1,3,1,P07
4,663,310,136,6,1,3,1,P07
4,664,458,245,1,1,3,1,P07
4,665,85,355,1,1,3,1,P07
4,666,237,232,2,1,3,1,P07
4,667,739,252,3,1,3,1,P07
4,668,445,212,3,1,3,1,P07
4,669,310,310,2,1,3,1,P07
4,670,330,468,1,1,3,1,P07
4,671,315,123,1,1,3,1,P07
4,672,529,417,2,1,3,1,P07
4,673,583,369,1,1,3,1,P07
4,674,150,285,2,1,3,1,P07
4,675,263,382,1,2,3,1,P07
4,676,266,399,3,1,3,1,P07
4,677,302,482,1,1,3,1,P07
4,678,296,307,3,1,3,1,P07
4,679,307,222,3,1,3,1,P07
4,680,399,210,1,1,3,1,P07
4,681,136,353,1,2,3,1,P07
4,682,368,267,3,1,3,1,P07
4,683,544,393,1,2,3,1,P07
4,684,372,282,4,1,3,1,P07
4,685,357,463,1,1,3,1,P07
4,686,406,372,1,1,3,1,P07
4,687,420,363,1,1,3,1,P07
4,688,442,324,6,1,3,1,P07
4,689,393,439,2,1,3,1,P07
4,690,626,291,2,1,3,1,P07
4,691,227,388,1,1,3,1,P07
4,692,206,345,1,1,3,1,P07
4,693,480,377,5,1,3,1,P07
4,694,282,231,2,1,3,1,P07
4,695,616,180,1,1,3,1,P07
4,696,426,324,2,1,3,1,P07
4,697,458,447,2,1,3,1,P07
4,698,433,162,6,1,3,1,P07
4,699,556,420,2,1,3,1,P07
4,700,343,288,1,1,3,1,P07
4,701,447,545,2,1,3,1,P07
4,702,363,238,3,1,3,1,P07
4,703,198,604,1,1,3,1,P07
4,704,364,590,1,1,3,1,P07
4,705,316,389,3,1,3,1,P07
4,706,456,140,2,1,3,1,P07
4,707,509,390,2,1,3,1,P07
4,708,452,288,4,2,3,1,P07
4,709,326,442,1,1,3,1,P07
4,710,453,443,2,1,3,1,P07
4,711,336,350,3,1,3,1,P07
4,712,363,219,1,1,3,1,P07
4,713,272,354,1,1,3,1,P07
4,714,253,253,1,1,3,1,P07
4,715,399,432,2,1,3,1,P07
4,716,754,218,6,1,3,1,P07
4,717,749,128,2,2,3,1,P07
4,718,333,97,1,1,3,1,P07
4,719,285,165,1,1,3,1,P07
4,720,502,383,1,1,3,1,P07
4,721,162,260,1,1,3,1,P07
4,722,571,310,1,1,3,1,P07
4,723,457,201,3,1,3,1,P07
4,724,365,373,2,1,3,1,P07
4,725,538,451,2,1,3,1,P07
4,726,466,162,4,1,3,1,P07
4,727,334,419,1,1,3,1,P07
4,728,386,424,1,1,3,1,P07
4,729,440,473,1,1,3,1,P07
4,730,219,557,1,1,3,1,P07
4,731,159,248,1,1,3,1,P07
4,732,443,259,3,1,3,1,P07
4,733,295,425,1,1,3,1,P07
4,734,605,376,2,1,3,1,P07
4,735,247,229,1,2,3,1,P07
4,736,216,378,1,2,3,1,P07
4,737,374,155,3,1,3,1,P07
4,738,313,481,1,2,3,1,P07
4,739,135,311,1,1,3,1,P07
4,740,234,513,1,1,3,1,P07
4,741,376,321,1,1,3,1,P07
4,742,266,498,1,1,3,1,P07
4,743,340,372,1,2,3,1,P07
4,744,601,229,4,1,3,1,P07
4,745,106,309,1,1,3,1,P07
4,746,411,265,2,1,3,1,P07
4,747,475,418,3,1,3,1,P07
4,748,499,247,2,1,3,1,P07
4,749,487,268,1,1,3,1,P07
4,750,238,472,1,1,3,1,P07
4,751,587,306,2,1,3,1,P07
4,752,274,267,1,1,3,1,P07
4,753,655,299,1,1,3,1,P07
4,754,583,355,2,1,3,1,P07
4,755,281,444,3,2,3,1,P07
4,756,295,142,2,1,3,1,P07
4,757,646,300,5,1,3,1,P07
4,758,252,402,3,1,3,1,P07
4,759,307,276,1,1,3,1,P07
4,760,361,406,1,1,3,1,P07
4,761,314,122,2,1,3,1,P07
4,762,587,400,2,1,3,1,P07
4,763,330,203,1,1,3,1,P07
4,764,321,245,4,1,3,1,P07
4,765,651,260,2,1,3,1,P07
4,766,383,199,1,2,3,1,P07
4,767,292,117,3,1,3,1,P07
4,768,353,252,1,1,3,1,P07
4,769,388,466,1,2,3,1,P07
4,770,401,106,5,1,3,1,P07
4,771,210,397,1,1,3,1,P07
4,772,229,314,1,1,3,1,P07
4,773,259,250,1,1,3,1,P07
4,774,375,145,1,1,3,1,P07
4,775,174,228,2,1,3,1,P07
4,776,221,199,2,1,3,1,P07
4,777,181,516,1,1,3,1,P07
4,778,497,353,2,1,3,1,P07
4,779,302,319,1,1,3,1,P07
4,780,530,240,3,1,3,1,P07
4,781,439,121,3,1,3,1,P07
4,782,402,242,1,1,3,1,P07
4,783,283,168,1,1,3,1,P07
4,784,261,388,1,1,3,1,P07
4,785,389,595,2,1,3,1,P07
4,786,383,300,1,1,3,1,P07
4,787,354,259,1,1,3,1,P07
4,788,624,372,5,1,3,1,P07
4,789,378,107,5,1,3,1,P07
4,790,305,522,1,2,3,1,P07
4,791,445,172,1,1,3,1,P07
4,792,617,267,3,1,3,1,P07
4,793,386,298,2,1,3,1,P07
4,794,518,282,1,1,3,1,P07
4,795,645,222,3,1,3,1,P07
4,796,586,374,1,1,3,1,P07
4,797,387,263,2,1,3,1,P07
4,798,642,353,2,1,3,1,P07
4,799,405,554,1,1,3,1,P07
4,800,265,288,2,1,3,1,P07
4,801,416,366,1,1,3,1,P07
4,802,170,295,2,1,3,1,P07
4,803,528,345,3,1,3,1,P07
4,804,455,407,1,1,3,1,P07
4,805,171,258,1,2,3,1,P07
4,806,587,401,1,1,3,1,P07
4,807,568,336,2,1,3,1,P07
4,808,268,458,3,1,3,1,P07
4,809,421,463,1,2,3,1,P07
4,810,519,103,4,1,3,1,P07
4,811,650,118,2,1,3,1,P07
4,812,181,438,1,1,3,1,P07
4,813,171,267,1,1,3,1,P07
4,814,264,286,2,1,3,1,P07
4,815,688,305,3,1,3,1,P07
4,816,162,261,4,1,3,1,P07
4,817,341,624,1,1,3,1,P07
4,818,291,112,3,1,3,1,P07
4,819,289,292,1,1,3,1,P07
4,820,626,277,2,1,3,1,P07
4,821,205,347,1,1,3,1,P07
4,822,655,308,1,1,3,1,P07
4,823,233,327,2,1,3,1,P07
4,824,128,319,1,1,3,1,P07
4,825,476,168,2,1,3,1,P07
4,826,562,299,4,1,3,1,P07
4,827,272,262,3,1,3,1,P07
4,828,518,201,2,1,3,1,P07
4,829,338,204,2,1,3,1,P07
4,830,333,586,3,1,3,1,P07
4,831,582,219,4,1,3,1,P07
4,832,191,311,2,2,3,1,P07
4,833,460,347,1,3,3,1,P07
4,834,270,249,1,2,3,1,P07
4,835,367,206,1,1,3,1,P07
4,836,359,138,1,1,3,1,P07
4,837,390,219,1,1,3,1,P07
4,838,433,222,1,1,3,1,P07
4,839,490,385,1,1,3,1,P07
4,840,447,225,1,1,3,1,P07
4,841,164,475,1,1,3,1,P07
4,842,232,263,1,1,3,1,P07
4,843,235,173,3,1,3,1,P07
4,844,402,441,1,1,3,1,P07
4,845,284,120,2,1,3,1,P07
4,846,290,227,3,1,3,1,P07
4,847,521,380,2,1,3,1,P07
4,848,469,357,1,1,3,1,P07
4,849,431,274,3,1,3,1,P07
4,850,281,171,3,1,3,1,P07
4,851,543,173,2,1,3,1,P07
4,852,247,291,1,1,3,1,P07
4,853,319,562,1,1,3,1,P07
4,854,516,176,2,1,3,1,P07
4,855,540,256,1,1,3,1,P07
4,856,670,201,1,1,3,1,P07
4,857,604,354,1,1,3,1,P07
4,858,492,500,1,1,3,1,P07
4,859,372,213,2,1,3,1,P07
4,860,303,376,1,1,3,1,P07
4,861,445,274,1,1,3,1,P07
4,862,136,768,1,1,3,1,P07
4,863,420,506,1,1,3,1,P07
4,864,379,174,2,1,3,1,P07
4,865,384,604,1,1,3,1,P07
4,866,513,255,2,1,3,1,P07
4,867,477,418,2,1,3,1,P07
4,868,305,200,2,1,3,1,P07
4,869,451,302,1,1,3,1,P07
4,870,533,77,3,1,3,1,P07
4,871,329,145,2,1,3,1,P07
4,872,492,204,5,1,3,1,P07
4,873,179,222,1,1,3,1,P07
4,874,218,412,1,1,3,1,P07
4,875,541,329,2,1,3,1,P07
4,876,270,505,1,1,3,1,P07
4,877,529,373,1,2,3,1,P07
4,878,270,266,2,1,3,1,P07
4,879,349,154,2,1,3,1,P07
4,880,302,347,1,1,3,1,P07
4,881,360,236,1,1,3,1,P07
4,882,622,177,2,1,3,1,P07
4,883,608,158,2,1,3,1,P07
4,884,666,267,2,1,3,1,P07
4,885,500,176,2,1,3,1,P07
4,886,577,274,1,1,3,1,P07
4,887,345,450,2,1,3,1,P07
4,888,406,359,1,1,3,1,P07
4,889,189,290,1,1,3,1,P07
4,890,529,221,2,1,3,1,P07
4,891,238,233,2,1,3,1,P07
4,892,546,387,2,1,3,1,P07
4,893,615,382,3,1,3,1,P07
4,894,250,262,1,1,3,1,P07
4,895,450,243,2,1,3,1,P07
4,896,691,250,1,1,3,1,P07
4,897,500,257,3,1,3,1,P07
4,898,565,410,1,1,3,1,P07
4,899,691,277,5,1,3,1,P07
4,900,229,683,1,1,3,1,P07
4,901,163,406,1,1,3,1,P07
4,902,268,254,1,1,3,1,P07
4,903,769,57,2,1,3,1,P07
4,904,509,269,3,1,3,1,P07
4,905,574,138,3,1,3,1,P07
4,906,184,332,1,1,3,1,P07
4,907,403,491,1,1,3,1,P07
4,908,547,234,5,1,3,1,P07
4,909,412,432,2,1,3,1,P07
4,910,444,371,1,1,3,1,P07
4,911,268,211,5,1,3,1,P07
4,912,616,290,1,1,3,1,P07
4,913,168,563,1,1,3,1,P07
4,914,249,249,1,1,3,1,P07
4,915,342,123,2,1,3,1,P07
4,916,195,258,2,1,3,1,P07
4,917,453,517,1,1,3,1,P07
4,918,304,563,2,1,3,1,P07
4,919,237,590,1,1,3,1,P07
4,920,287,477,1,1,3,1,P07
4,921,535,332,5,1,3,1,P07
4,922,237,294,2,1,3,1,P07
4,923,455,505,1,1,3,1,P07
4,924,286,277,1,1,3,1,P07
4,925,296,300,1,1,3,1,P07
4,926,341,491,1,1,3,1,P07
4,927,761,218,4,1,3,1,P07
4,928,288,445,1,1,3,1,P07
4,929,602,313,2,1,3,1,P07
4,930,394,377,2,1,3,1,P07
4,931,459,437,1,1,3,1,P07
4,932,348,203,5,1,3,1,P07
4,933,576,327,2,1,3,1,P07
4,934,245,552,1,2,3,1,P07
4,935,339,283,2,1,3,1,P07
4,936,298,167,2,1,3,1,P07
4,937,356,304,3,1,3,1,P07
4,938,310,364,1,1,3,1,P07
4,939,253,574,1,1,3,1,P07
4,940,267,270,1,1,3,1,P07
4,941,398,498,1,1,3,1,P07
4,942,283,287,2,1,3,1,P07
4,943,186,447,1,1,3,1,P07
4,944,189,232,1,1,3,1,P07
4,945,355,603,1,1,3,1,P07
4,946,595,254,1,1,3,1,P07
4,947,657,326,3,1,3,1,P07
4,948,322,174,3,1,3,1,P07
4,949,181,752,1,1,3,1,P07
4,950,410,127,2,1,3,1,P07
4,951,506,298,1,1,3,1,P07
4,952,367,353,1,1,3,1,P07
4,953,464,118,2,1,3,1,P07
4,954,218,225,1,2,3,1,P07
4,955,156,529,1,1,3,1,P07
4,956,523,252,1,2,3,1,P07
4,957,320,187,4,1,3,1,P07
4,958,366,216,1,1,3,1,P07
4,959,150,308,2,2,3,1,P07
4,960,293,411,3,1,3,1,P07
4,961,274,214,2,1,3,1,P07
4,962,502,420,3,1,3,1,P07
4,963,329,298,2,1,3,1,P07
4,964,304,539,1,1,3,1,P07
4,965,279,376,1,1,3,1,P07
4,966,205,211,4,1,3,1,P07
4,967,465,203,6,1,3,1,P07
4,968,441,191,2,1,3,1,P07
4,969,288,248,1,1,3,1,P07
4,970,171,389,1,1,3,1,P07
4,971,383,464,1,1,3,1,P07
4,972,606,229,4,1,3,1,P07
4,973,549,448,1,1,3,1,P07
4,974,527,226,4,2,3,1,P07
4,975,219,206,1,1,3,1,P07
4,976,459,309,1,1,3,1,P07
4,977,388,416,1,1,3,1,P07
4,978,557,177,3,1,3,1,P07
4,979,415,277,1,1,3,1,P07
4,980,224,467,3,1,3,1,P07
4,981,608,208,2,1,3,1,P07
4,982,391,432,2,1,3,1,P07
4,983,269,151,3,1,3,1,P07
4,984,590,250,1,1,3,1,P07
4,985,467,345,4,1,3,1,P07
4,986,298,129,5,1,3,1,P07
4,987,469,426,1,1,3,1,P07
4,988,634,168,2,1,3,1,P07
4,989,490,156,6,1,3,1,P07
4,990,319,318,1,1,3,1,P07
4,991,228,290,1,1,3,1,P07
4,992,517,327,4,1,3,1,P07
4,993,608,176,2,1,3,1,P07
4,994,272,189,1,1,3,1,P07
4,995,234,172,2,1,3,1,P07
4,996,502,173,3,1,3,1,P07
4,997,644,340,2,1,3,1,P07
4,998,384,278,4,2,3,1,P07
4,999,243,175,1,1,3,1,P07
4,1000,406,475,1,1,3,1,P07
5,1,425,235,9,1,9,1,P07
5,2,376,560,5,2,9,1,P07
5,3,514,245,8,1,9,1,P07
5,4,322,236,5,1,9,1,P07
5,5,277,149,8,1,9,1,P07
5,6,596,249,6,1,9,1,P07
5,7,359,182,10,1,9,1,P07
5,8,464,77,7,1,9,1,P07
5,9,332,328,3,1,9,1,P07
5,10,482,82,9,1,9,1,P07
5,11,282,168,6,1,9,1,P07
5,12,673,150,4,1,9,1,P07
5,13,539,206,5,1,9,1,P07
5,14,296,259,5,1,9,1,P07
5,15,738,208,3,1,9,1,P07
5,16,362,135,7,1,9,1,P07
5,17,334,146,5,1,9,1,P07
5,18,453,250,2,1,9,1,P07
5,19,524,250,8,1,9,1,P07
5,20,773,137,5,1,9,1,P07
5,21,560,342,4,1,9,1,P07
5,22,435,127,5,1,9,1,P07
5,23,423,196,7,1,9,1,P07
5,24,506,151,1,1,9,1,P07
5,25,358,301,5,1,9,1,P07
5,26,429,155,5,1,9,1,P07
5,27,517,176,10,1,9,1,P07
5,28,266,178,6,1,9,1,P07
5,29,684,284,7,1,9,1,P07
5,30,319,232,5,1,9,1,P07
5,31,638,220,12,1,9,1,P07
5,32,414,125,5,2,9,1,P07
5,33,295,283,4,1,9,1,P07
5,34,304,96,4,1,9,1,P07
5,35,400,321,6,1,9,1,P07
5,36,741,184,11,1,9,1,P07
5,37,498,184,7,1,9,1,P07
5,38,346,238,7,1,9,1,P07
5,39,773,114,9,1,9,1,P07
5,40,297,174,3,1,9,1,P07
5,41,331,161,10,2,9,1,P07
5,42,402,224,8,1,9,1,P07
5,43,442,116,11,1,9,1,P07
5,44,824,173,7,1,9,1,P07
5,45,547,394,11,2,9,1,P07
5,46,437,315,6,1,9,1,P07
5,47,609,203,8,1,9,1,P07
5,48,272,238,1,1,9,1,P07
5,49,382,403,3,2,9,1,P07
5,50,399,188,7,1,9,1,P07
5,51,713,196,7,1,9,1,P07
5,52,643,266,9,1,9,1,P07
5,53,510,252,6,1,9,1,P07
5,54,431,146,4,1,9,1,P07
5,55,412,173,2,1,9,1,P07
5,56,494,235,3,1,9,1,P07
5,57,577,312,5,1,9,1,P07
5,58,372,370,5,1,9,1,P07
5,59,326,183,7,1,9,1,P07
5,60,346,128,12,1,9,1,P07
5,61,368,129,9,1,9,1,P07
5,62,422,274,5,3,9,1,P07
5,63,332,318,7,1,9,1,P07
5,64,442,119,12,1,9,1,P07
5,65,412,107,6,1,9,1,P07
5,66,322,481,2,1,9,1,P07
5,67,533,274,5,1,9,1,P07
5,68,809,113,7,1,9,1,P07
5,69,463,195,7,1,9,1,P07
5,70,277,252,6,1,9,1,P07
5,71,383,76,4,1,9,1,P07
5,72,638,268,5,1,9,1,P07
5,73,749,208,5,1,9,1,P07
5,74,475,187,9,1,9,1,P07
5,75,328,96,6,1,9,1,P07
5,76,524,246,7,1,9,1,P07
5,77,351,131,7,1,9,1,P07
5,78,349,213,6,1,9,1,P07
5,79,555,208,8,1,9,1,P07
5,80,468,177,6,1,9,1,P07
5,81,514,222,13,1,9,1,P07
5,82,437,190,9,1,9,1,P07
5,83,447,439,1,1,9,1,P07
5,84,599,134,6,1,9,1,P07
5,85,422,179,7,1,9,1,P07
5,86,656,179,6,1,9,1,P07
5,87,640,320,5,1,9,1,P07
5,88,432,148,11,1,9,1,P07
5,89,215,255,2,1,9,1,P07
5,90,581,164,6,1,9,1,P07
5,91,604,121,7,1,9,1,P07
5,92,219,200,5,1,9,1,P07
5,93,638,170,14,1,9,1,P07
5,94,610,226,5,1,9,1,P07
5,95,393,465,5,1,9,1,P07
5,96,324,301,5,1,9,1,P07
5,97,469,109,4,1,9,1,P07
5,98,245,196,5,1,9,1,P07
5,99,376,201,6,1,9,1,P07
5,100,420,294,6,1,9,1,P07
5,101,592,142,9,1,9,1,P07
5,102,415,173,17,1,9,1,P07
5,103,543,177,4,1,9,1,P07
5,104,636,353,5,1,9,1,P07
5,105,562,208,7,1,9,1,P07
5,106,821,97,7,1,9,1,P07
5,107,488,279,4,1,9,1,P07
5,108,531,218,5,1,9,1,P07
5,109,413,110,7,1,9,1,P07
5,110,472,77,14,1,9,1,P07
5,111,417,365,8,1,9,1,P07
5,112,433,384,3,1,9,1,P07
5,113,364,203,6,1,9,1,P07
5,114,338,100,7,1,9,1,P07
5,115,533,133,7,1,9,1,P07
5,116,297,115,5,1,9,1,P07
5,117,750,176,6,1,9,1,P07
5,118,547,194,11,1,9,1,P07
5,119,400,576,5,1,9,1,P07
5,120,573,177,4,1,9,1,P07
5,121,216,257,8,1,9,1,P07
5,122,325,87,6,1,9,1,P07
5,123,404,194,9,1,9,1,P07
5,124,531,268,1,1,9,1,P07
5,125,561,96,9,1,9,1,P07
5,126,496,131,8,1,9,1,P07
5,127,473,315,2,1,9,1,P07
5,128,594,194,5,1,9,1,P07
5,129,683,183,7,1,9,1,P07
5,130,548,131,9,1,9,1,P07
5,131,463,292,8,1,9,1,P07
5,132,281,157,7,1,9,1,P07
5,133,289,205,11,1,9,1,P07
5,134,559,185,5,1,9,1,P07
5,135,468,162,6,1,9,1,P07
5,136,599,92,9,1,9,1,P07
5,137,400,287,6,1,9,1,P07
5,138,469,124,7,1,9,1,P07
5,139,513,134,9,1,9,1,P07
5,140,355,212,9,1,9,1,P07
5,141,398,396,4,1,9,1,P07
5,142,410,172,8,1,9,1,P07
5,143,593,61,7,1,9,1,P07
5,144,208,267,2,1,9,1,P07
5,145,405,125,9,1,9,1,P07
5,146,724,261,7,1,9,1,P07
5,147,363,77,4,1,9,1,P07
5,148,350,271,5,1,9,1,P07
5,149,346,316,3,1,9,1,P07
5,150,285,137,7,1,9,1,P07
5,151,550,323,4,1,9,1,P07
5,152,370,351,3,1,9,1,P07
5,153,569,166,9,1,9,1,P07
5,154,469,352,5,1,9,1,P07
5,155,628,260,7,1,9,1,P07
5,156,417,109,9,1,9,1,P07
5,157,428,201,2,1,9,1,P07
5,158,509,119,9,1,9,1,P07
5,159,479,239,5,1,9,1,P07
5,160,384,280,5,1,9,1,P07
5,161,340,254,7,1,9,1,P07
5,162,734,155,4,1,9,1,P07
5,163,668,167,5,1,9,1,P07
5,164,259,195,4,1,9,1,P07
5,165,730,233,14,1,9,1,P07
5,166,658,181,4,1,9,1,P07
5,167,257,277,4,1,9,1,P07
5,168,307,158,5,1,9,1,P07
5,169,546,150,12,1,9,1,P07
5,170,521,167,5,1,9,1,P07
5,171,617,327,5,1,9,1,P07
5,172,460,365,6,1,9,1,P07
5,173,551,190,9,1,9,1,P07
5,174,375,538,6,1,9,1,P07
5,175,501,107,6,1,9,1,P07
5,176,707,106,8,1,9,1,P07
5,177,573,334,6,1,9,1,P07
5,178,324,166,5,1,9,1,P07
5,179,447,135,7,1,9,1,P07
5,180,421,212,12,1,9,1,P07
5,181,483,328,2,1,9,1,P07
5,182,831,136,7,1,9,1,P07
5,183,311,229,1,1,9,1,P07
5,184,738,165,6,1,9,1,P07
5,185,352,141,2,1,9,1,P07
5,186,337,389,2,1,9,1,P07
5,187,436,322,5,1,9,1,P07
5,188,529,328,4,1,9,1,P07
5,189,375,88,6,1,9,1,P07
5,190,226,198,4,1,9,1,P07
5,191,292,171,10,1,9,1,P07
5,192,420,215,2,1,9,1,P07
5,193,422,223,7,1,9,1,P07
5,194,543,409,6,1,9,1,P07
5,195,646,319,7,1,9,1,P07
5,196,440,225,4,1,9,1,P07
5,197,213,192,2,1,9,1,P07
5,198,720,107,5,1,9,1,P07
5,199,758,236,6,3,9,1,P07
5,200,387,117,6,1,9,1,P07
5,201,277,216,1,1,9,1,P07
5,202,645,164,4,1,9,1,P07
5,203,644,163,9,1,9,1,P07
5,204,361,178,3,1,9,1,P07
5,205,261,193,5,2,9,1,P07
5,206,271,229,4,1,9,1,P07
5,207,572,106,9,1,9,1,P07
5,208,352,223,6,1,9,1,P07
5,209,507,492,9,1,9,1,P07
5,210,654,197,8,1,9,1,P07
5,211,475,132,6,1,9,1,P07
5,212,491,194,2,1,9,1,P07
5,213,369,65,10,1,9,1,P07
5,214,350,149,8,1,9,1,P07
5,215,577,288,3,1,9,1,P07
5,216,443,236,8,1,9,1,P07
5,217,411,240,4,1,9,1,P07
5,218,315,125,8,1,9,1,P07
5,219,458,333,5,1,9,1,P07
5,220,652,258,6,1,9,1,P07
5,221,334,214,9,1,9,1,P07
5,222,247,224,8,1,9,1,P07
5,223,560,148,10,1,9,1,P07
5,224,420,399,6,1,9,1,P07
5,225,600,140,5,1,9,1,P07
5,226,565,354,4,1,9,1,P07
5,227,308,422,1,1,9,1,P07
5,228,587,180,10,1,9,1,P07
5,229,723,187,5,1,9,1,P07
5,230,395,324,8,1,9,1,P07
5,231,398,225,7,1,9,1,P07
5,232,660,208,10,1,9,1,P07
5,233,518,310,5,1,9,1,P07
5,234,284,126,9,1,9,1,P07
5,235,314,153,8,1,9,1,P07
5,236,588,376,3,3,9,1,P07
5,237,359,316,4,1,9,1,P07
5,238,396,120,11,1,9,1,P07
5,239,458,273,5,1,9,1,P07
5,240,437,229,5,1,9,1,P07
5,241,590,218,2,1,9,1,P07
5,242,387,156,5,1,9,1,P07
5,243,478,154,8,1,9,1,P07
5,244,178,222,1,1,9,1,P07
5,245,645,319,5,1,9,1,P07
5,246,606,254,11,1,9,1,P07
5,247,422,255,5,1,9,1,P07
5,248,414,357,11,1,9,1,P07
5,249,305,205,9,1,9,1,P07
5,250,535,410,4,1,9,1,P07
5,251,427,232,5,1,9,1,P07
5,252,431,109,7,1,9,1,P07
5,253,753,231,5,1,9,1,P07
5,254,440,319,3,1,9,1,P07
5,255,336,513,5,1,9,1,P07
5,256,673,236,6,1,9,1,P07
5,257,593,114,5,1,9,1,P07
5,258,777,126,8,1,9,1,P07
5,259,537,222,6,1,9,1,P07
5,260,611,222,8,1,9,1,P07
5,261,613,153,10,1,9,1,P07
5,262,464,109,9,1,9,1,P07
5,263,627,275,5,1,9,1,P07
5,264,308,120,8,1,9,1,P07
5,265,473,113,9,1,9,1,P07
5,266,386,142,6,1,9,1,P07
5,267,336,71,8,1,9,1,P07
5,268,556,213,4,1,9,1,P07
5,269,324,122,5,1,9,1,P07
5,270,564,359,4,1,9,1,P07
5,271,683,124,9,1,9,1,P07
5,272,626,120,3,1,9,1,P07
5,273,327,229,7,1,9,1,P07
5,274,635,235,11,1,9,1,P07
5,275,306,166,8,1,9,1,P07
5,276,418,130,4,1,9,1,P07
5,277,229,207,3,2,9,1,P07
5,278,725,149,6,1,9,1,P07
5,279,526,162,6,1,9,1,P07
5,280,334,204,8,1,9,1,P07
5,281,539,166,5,1,9,1,P07
5,282,735,131,6,1,9,1,P07
5,283,646,145,3,1,9,1,P07
5,284,527,354,6,1,9,1,P07
5,285,667,242,7,1,9,1,P07
5,286,429,525,3,1,9,1,P07
5,287,304,127,9,1,9,1,P07
5,288,839,73,10,1,9,1,P07
5,289,730,101,7,1,9,1,P07
5,290,438,303,5,1,9,1,P07
5,291,394,128,5,1,9,1,P07
5,292,597,257,6,1,9,1,P07
5,293,481,63,3,1,9,1,P07
5,294,769,181,10,1,9,1,P07
5,295,388,182,4,1,9,1,P07
5,296,602,128,5,1,9,1,P07
5,297,704,135,9,1,9,1,P07
5,298,585,227,7,1,9,1,P07
5,299,674,92,8,1,9,1,P07
5,300,331,284,2,1,9,1,P07
5,301,467,225,6,1,9,1,P07
5,302,681,164,5,1,9,1,P07
5,303,279,148,3,1,9,1,P07
5,304,286,130,6,1,9,1,P07
5,305,499,231,6,2,9,1,P07
5,306,539,169,8,1,9,1,P07
5,307,204,300,4,1,9,1,P07
5,308,322,131,7,1,9,1,P07
5,309,739,87,6,1,9,1,P07
5,310,478,257,9,1,9,1,P07
5,311,483,121,4,1,9,1,P07
5,312,378,375,3,2,9,1,P07
5,313,488,108,5,1,9,1,P07
5,314,778,196,9,1,9,1,P07
5,315,313,213,4,1,9,1,P07
5,316,589,372,4,1,9,1,P07
5,317,494,384,5,1,9,1,P07
5,318,696,140,14,1,9,1,P07
5,319,309,140,12,1,9,1,P07
5,320,399,264,7,1,9,1,P07
5,321,613,142,8,1,9,1,P07
5,322,305,355,7,1,9,1,P07
5,323,600,72,6,1,9,1,P07
5,324,716,147,9,1,9,1,P07
5,325,237,199,5,3,9,1,P07
5,326,388,120,8,1,9,1,P07
5,327,586,122,7,1,9,1,P07
5,328,688,215,8,1,9,1,P07
5,329,601,334,5,1,9,1,P07
5,330,377,72,5,1,9,1,P07
5,331,374,434,2,1,9,1,P07
5,332,567,315,3,1,9,1,P07
5,333,469,171,6,1,9,1,P07
5,334,360,153,8,2,9,1,P07
5,335,589,127,9,1,9,1,P07
5,336,388,150,8,1,9,1,P07
5,337,383,166,4,1,9,1,P07
5,338,484,333,2,1,9,1,P07
5,339,501,122,9,1,9,1,P07
5,340,501,388,9,1,9,1,P07
5,341,276,242,5,1,9,1,P07
5,342,570,189,5,1,9,1,P07
5,343,478,312,4,1,9,1,P07
5,344,416,539,3,1,9,1,P07
5,345,464,191,4,1,9,1,P07
5,346,508,376,6,1,9,1,P07
5,347,624,187,9,1,9,1,P07
5,348,405,130,2,1,9,1,P07
5,349,411,312,4,1,9,1,P07
5,350,315,585,1,1,9,1,P07
5,351,726,120,4,1,9,1,P07
5,352,497,247,6,1,9,1,P07
5,353,777,180,9,1,9,1,P07
5,354,346,264,4,1,9,1,P07
5,355,308,250,3,1,9,1,P07
5,356,542,92,7,1,9,1,P07
5,357,287,136,5,1,9,1,P07
5,358,312,118,5,1,9,1,P07
5,359,320,109,13,1,9,1,P07
5,360,330,220,5,1,9,1,P07
5,361,661,284,2,1,9,1,P07
5,362,378,366,4,1,9,1,P07
5,363,481,82,4,1,9,1,P07
5,364,709,285,6,1,9,1,P07
5,365,565,140,6,1,9,1,P07
5,366,642,316,6,1,9,1,P07
5,367,201,371,4,2,9,1,P07
5,368,379,183,9,2,9,1,P07
5,369,490,114,12,1,9,1,P07
5,370,472,256,3,1,9,1,P07
5,371,345,191,14,1,9,1,P07
5,372,658,285,5,2,9,1,P07
5,373,456,283,5,1,9,1,P07
5,374,652,247,5,1,9,1,P07
5,375,601,340,3,1,9,1,P07
5,376,606,249,6,1,9,1,P07
5,377,398,53,4,1,9,1,P07
5,378,336,162,4,1,9,1,P07
5,379,565,207,6,1,9,1,P07
5,380,478,320,6,1,9,1,P07
5,381,501,82,3,1,9,1,P07
5,382,348,73,7,1,9,1,P07
5,383,562,352,7,1,9,1,P07
5,384,159,246,4,1,9,1,P07
5,385,477,172,7,1,9,1,P07
5,386,111,289,5,2,9,1,P07
5,387,362,141,7,1,9,1,P07
5,388,492,256,8,1,9,1,P07
5,389,507,212,8,1,9,1,P07
5,390,583,282,8,1,9,1,P07
5,391,299,108,5,1,9,1,P07
5,392,382,446,2,1,9,1,P07
5,393,540,381,7,1,9,1,P07
5,394,397,149,11,1,9,1,P07
5,395,371,261,7,1,9,1,P07
5,396,474,193,7,1,9,1,P07
5,397,627,236,4,1,9,1,P07
5,398,503,180,7,1,9,1,P07
5,399,430,69,11,1,9,1,P07
5,400,507,229,11,1,9,1,P07
5,401,411,260,1,1,9,1,P07
5,402,340,82,3,1,9,1,P07
5,403,718,211,4,1,9,1,P07
5,404,446,438,2,1,9,1,P07
5,405,536,335,6,1,9,1,P07
5,406,752,106,4,1,9,1,P07
5,407,609,95,5,1,9,1,P07
5,408,452,467,5,2,9,1,P07
5,409,310,434,2,1,9,1,P07
5,410,348,118,8,1,9,1,P07
5,411,639,202,7,1,9,1,P07
5,412,641,134,10,1,9,1,P07
5,413,501,97,6,1,9,1,P07
5,414,422,161,9,1,9,1,P07
5,415,423,69,4,1,9,1,P07
5,416,583,409,1,1,9,1,P07
5,417,392,272,9,1,9,1,P07
5,418,449,170,8,1,9,1,P07
5,419,324,91,10,1,9,1,P07
5,420,561,156,8,1,9,1,P07
5,421,599,128,6,1,9,1,P07
5,422,413,100,9,1,9,1,P07
5,423,329,129,5,1,9,1,P07
5,424,454,307,6,1,9,1,P07
5,425,755,147,7,1,9,1,P07
5,426,560,209,6,1,9,1,P07
5,427,388,58,11,1,9,1,P07
5,428,533,138,4,1,9,1,P07
5,429,439,210,8,1,9,1,P07
5,430,598,116,7,1,9,1,P07
5,431,544,108,7,1,9,1,P07
5,432,816,138,8,1,9,1,P07
5,433,389,130,8,1,9,1,P07
5,434,282,282,7,1,9,1,P07
5,435,535,163,6,1,9,1,P07
5,436,401,94,9,1,9,1,P07
5,437,352,201,5,1,9,1,P07
5,438,560,181,7,1,9,1,P07
5,439,507,102,13,1,9,1,P07
5,440,198,384,1,1,9,1,P07
5,441,381,141,10,1,9,1,P07
5,442,372,137,10,1,9,1,P07
5,443,528,316,6,1,9,1,P07
5,444,262,143,4,1,9,1,P07
5,445,492,326,5,1,9,1,P07
5,446,432,65,15,1,9,1,P07
5,447,738,238,11,1,9,1,P07
5,448,285,184,5,1,9,1,P07
5,449,378,175,9,1,9,1,P07
5,450,749,57,6,1,9,1,P07
5,451,153,261,1,1,9,1,P07
5,452,299,271,7,1,9,1,P07
5,453,718,205,7,1,9,1,P07
5,454,592,210,6,1,9,1,P07
5,455,570,161,10,1,9,1,P07
5,456,403,84,10,1,9,1,P07
5,457,489,199,8,1,9,1,P07
5,458,344,80,7,1,9,1,P07
5,459,463,289,4,1,9,1,P07
5,460,469,335,4,1,9,1,P07
5,461,677,182,6,1,9,1,P07
5,462,591,195,2,1,9,1,P07
5,463,472,102,14,1,9,1,P07
5,464,542,163,9,1,9,1,P07
5,465,664,239,7,1,9,1,P07
5,466,602,149,6,1,9,1,P07
5,467,418,194,7,1,9,1,P07
5,468,401,312,6,1,9,1,P07
5,469,770,152,10,1,9,1,P07
5,470,588,145,12,1,9,1,P07
5,471,684,165,5,1,9,1,P07
5,472,251,216,4,1,9,1,P07
5,473,620,298,6,1,9,1,P07
5,474,341,135,5,1,9,1,P07
5,475,601,280,5,1,9,1,P07
5,476,301,140,4,1,9,1,P07
5,477,349,281,3,1,9,1,P07
5,478,335,72,8,1,9,1,P07
5,479,529,432,4,1,9,1,P07
5,480,434,496,3,1,9,1,P07
5,481,413,138,5,2,9,1,P07
5,482,425,51,9,1,9,1,P07
5,483,496,108,6,1,9,1,P07
5,484,339,148,10,1,9,1,P07
5,485,426,459,7,1,9,1,P07
5,486,469,348,5,1,9,1,P07
5,487,609,164,5,1,9,1,P07
5,488,328,228,3,1,9,1,P07
5,489,437,57,5,1,9,1,P07
5,490,447,127,4,1,9,1,P07
5,491,433,107,10,1,9,1,P07
5,492,387,313,13,1,9,1,P07
5,493,776,211,10,1,9,1,P07
5,494,286,196,4,1,9,1,P07
5,495,640,323,8,1,9,1,P07
5,496,538,341,3,1,9,1,P07
5,497,446,131,8,1,9,1,P07
5,498,294,274,3,1,9,1,P07
5,499,788,204,9,1,9,1,P07
5,500,346,95,8,1,9,1,P07
5,501,805,158,4,1,9,1,P07
5,502,297,154,5,1,9,1,P07
5,503,556,118,6,1,9,1,P07
5,504,320,193,4,1,9,1,P07
5,505,510,250,4,1,9,1,P07
5,506,425,262,1,1,9,1,P07
5,507,254,204,8,1,9,1,P07
5,508,403,151,3,1,9,1,P07
5,509,450,114,4,1,9,1,P07
5,510,733,103,9,1,9,1,P07
5,511,507,145,4,1,9,1,P07
5,512,546,276,6,1,9,1,P07
5,513,539,343,4,1,9,1,P07
5,514,575,320,6,1,9,1,P07
5,515,354,158,6,1,9,1,P07
5,516,516,342,4,1,9,1,P07
5,517,412,71,6,1,9,1,P07
5,518,459,238,11,1,9,1,P07
5,519,396,119,7,1,9,1,P07
5,520,615,123,7,1,9,1,P07
5,521,324,349,4,2,9,1,P07
5,522,442,185,6,1,9,1,P07
5,523,540,181,4,1,9,1,P07
5,524,794,205,7,1,9,1,P07
5,525,582,351,3,1,9,1,P07
5,526,486,133,12,1,9,1,P07
5,527,768,162,7,1,9,1,P07
5,528,354,379,3,1,9,1,P07
5,529,570,165,6,1,9,1,P07
5,530,580,225,6,1,9,1,P07
5,531,420,366,4,2,9,1,P07
5,532,422,124,10,1,9,1,P07
5,533,703,242,2,1,9,1,P07
5,534,575,192,9,1,9,1,P07
5,535,368,148,6,1,9,1,P07
5,536,668,127,8,1,9,1,P07
5,537,679,153,10,1,9,1,P07
5,538,261,167,6,1,9,1,P07
5,539,400,307,8,1,9,1,P07
5,540,254,195,7,1,9,1,P07
5,541,827,153,1,1,9,1,P07
5,542,493,145,7,1,9,1,P07
5,543,689,134,8,1,9,1,P07
5,544,491,88,6,1,9,1,P07
5,545,376,376,7,1,9,1,P07
5,546,443,353,9,1,9,1,P07
5,547,620,287,10,1,9,1,P07
5,548,481,139,12,1,9,1,P07
5,549,250,163,4,1,9,1,P07
5,550,600,141,9,1,9,1,P07
5,551,384,221,4,1,9,1,P07
5,552,474,65,7,1,9,1,P07
5,553,287,291,4,1,9,1,P07
5,554,557,229,9,1,9,1,P07
5,555,468,423,5,1,9,1,P07
5,556,312,122,4,1,9,1,P07
5,557,606,228,7,1,9,1,P07
5,558,644,241,10,1,9,1,P07
5,559,535,230,3,1,9,1,P07
5,560,515,265,9,1,9,1,P07
5,561,359,165,2,1,9,1,P07
5,562,573,177,10,1,9,1,P07
5,563,594,271,6,1,9,1,P07
5,564,737,158,8,1,9,1,P07
5,565,444,289,3,1,9,1,P07
5,566,519,97,4,1,9,1,P07
5,567,447,177,6,1,9,1,P07
5,568,415,99,5,1,9,1,P07
5,569,495,416,6,2,9,1,P07
5,570,494,199,1,1,9,1,P07
5,571,312,164,7,1,9,1,P07
5,572,494,388,7,1,9,1,P07
5,573,356,75,5,1,9,1,P07
5,574,400,144,14,1,9,1,P07
5,575,532,310,6,1,9,1,P07
5,576,561,371,4,1,9,1,P07
5,577,313,131,2,1,9,1,P07
5,578,293,140,8,1,9,1,P07
5,579,758,136,7,1,9,1,P07
5,580,544,314,7,1,9,1,P07
5,581,750,195,6,1,9,1,P07
5,582,450,291,6,1,9,1,P07
5,583,550,122,11,1,9,1,P07
5,584,662,114,10,1,9,1,P07
5,585,728,181,7,1,9,1,P07
5,586,445,302,7,2,9,1,P07
5,587,323,294,6,1,9,1,P07
5,588,678,224,9,1,9,1,P07
5,589,296,165,3,1,9,1,P07
5,590,324,130,9,1,9,1,P07
5,591,311,391,6,1,9,1,P07
5,592,465,314,2,1,9,1,P07
5,593,497,142,2,1,9,1,P07
5,594,363,106,8,1,9,1,P07
5,595,415,191,9,1,9,1,P07
5,596,585,175,4,2,9,1,P07
5,597,422,77,5,1,9,1,P07
5,598,266,176,3,1,9,1,P07
5,599,219,186,3,1,9,1,P07
5,600,828,151,10,1,9,1,P07
5,601,472,88,6,1,9,1,P07
5,602,726,187,10,1,9,1,P07
5,603,460,349,5,1,9,1,P07
5,604,372,117,7,1,9,1,P07
5,605,442,250,4,1,9,1,P07
5,606,146,366,1,1,9,1,P07
5,607,380,154,9,1,9,1,P07
5,608,387,81,13,1,9,1,P07
5,609,406,185,5,1,9,1,P07
5,610,435,236,6,1,9,1,P07
5,611,505,139,4,1,9,1,P07
5,612,375,258,3,1,9,1,P07
5,613,410,174,7,1,9,1,P07
5,614,538,289,6,1,9,1,P07
5,615,333,81,2,1,9,1,P07
5,616,482,161,3,1,9,1,P07
5,617,391,378,4,1,9,1,P07
5,618,736,203,6,1,9,1,P07
5,619,525,182,8,1,9,1,P07
5,620,466,193,6,1,9,1,P07
5,621,546,223,13,1,9,1,P07
5,622,507,99,10,1,9,1,P07
5,623,581,258,6,1,9,1,P07
5,624,589,323,6,1,9,1,P07
5,625,590,348,7,1,9,1,P07
5,626,327,115,6,1,9,1,P07
5,627,324,149,8,1,9,1,P07
5,628,778,176,7,1,9,1,P07
5,629,784,186,10,1,9,1,P07
5,630,539,361,6,1,9,1,P07
5,631,399,144,5,1,9,1,P07
5,632,416,492,8,2,9,1,P07
5,633,515,83,9,1,9,1,P07
5,634,420,246,4,1,9,1,P07
5,635,208,248,6,1,9,1,P07
5,636,319,82,7,1,9,1,P07
5,637,340,105,10,1,9,1,P07
5,638,527,341,3,1,9,1,P07
5,639,342,547,2,1,9,1,P07
5,640,301,100,8,1,9,1,P07
5,641,646,165,6,1,9,1,P07
5,642,552,121,6,1,9,1,P07
5,643,343,69,5,1,9,1,P07
5,644,365,118,13,1,9,1,P07
5,645,726,243,6,1,9,1,P07
5,646,332,95,8,1,9,1,P07
5,647,413,148,11,1,9,1,P07
5,648,513,329,1,1,9,1,P07
5,649,357,165,5,1,9,1,P07
5,650,583,391,6,1,9,1,P07
5,651,644,152,7,1,9,1,P07
5,652,332,151,6,1,9,1,P07
5,653,893,87,10,1,9,1,P07
5,654,619,158,5,1,9,1,P07
5,655,225,253,6,1,9,1,P07
5,656,333,174,7,1,9,1,P07
5,657,716,210,7,1,9,1,P07
5,658,380,257,6,1,9,1,P07
5,659,300,196,3,1,9,1,P07
5,660,547,364,8,1,9,1,P07
5,661,722,167,9,1,9,1,P07
5,662,416,427,1,1,9,1,P07
5,663,610,194,4,1,9,1,P07
5,664,319,126,7,1,9,1,P07
5,665,543,401,7,1,9,1,P07
5,666,496,166,5,1,9,1,P07
5,667,320,121,2,1,9,1,P07
5,668,580,283,3,1,9,1,P07
5,669,421,57,7,1,9,1,P07
5,670,251,198,4,1,9,1,P07
5,671,339,65,5,1,9,1,P07
5,672,778,177,9,1,9,1,P07
5,673,597,241,5,1,9,1,P07
5,674,602,173,9,1,9,1,P07
5,675,468,47,13,1,9,1,P07
5,676,275,176,5,2,9,1,P07
5,677,703,223,11,1,9,1,P07
5,678,339,66,7,1,9,1,P07
5,679,727,56,9,1,9,1,P07
5,680,309,210,4,1,9,1,P07
5,681,594,262,5,1,9,1,P07
5,682,455,81,5,1,9,1,P07
5,683,666,102,12,1,9,1,P07
5,684,501,311,5,1,9,1,P07
5,685,776,150,10,1,9,1,P07
5,686,701,198,5,1,9,1,P07
5,687,373,229,4,1,9,1,P07
5,688,505,275,2,1,9,1,P07
5,689,888,100,3,1,9,1,P07
5,690,541,343,7,1,9,1,P07
5,691,390,30,7,1,9,1,P07
5,692,580,135,10,1,9,1,P07
5,693,582,312,1,1,9,1,P07
5,694,244,171,1,1,9,1,P07
5,695,170,243,7,2,9,1,P07
5,696,522,235,3,1,9,1,P07
5,697,437,62,3,1,9,1,P07
5,698,596,220,4,1,9,1,P07
5,699,678,116,4,1,9,1,P07
5,700,553,196,8,1,9,1,P07
5,701,338,376,3,1,9,1,P07
5,702,392,241,5,1,9,1,P07
5,703,382,155,7,2,9,1,P07
5,704,763,162,5,1,9,1,P07
5,705,470,425,4,1,9,1,P07
5,706,459,512,1,1,9,1,P07
5,707,353,59,6,1,9,1,P07
5,708,375,182,5,1,9,1,P07
5,709,507,293,6,1,9,1,P07
5,710,210,193,4,1,9,1,P07
5,711,687,149,6,1,9,1,P07
5,712,582,189,12,1,9,1,P07
5,713,392,263,4,1,9,1,P07
5,714,499,156,5,1,9,1,P07
5,715,540,443,5,1,9,1,P07
5,716,375,191,7,1,9,1,P07
5,717,664,200,10,1,9,1,P07
5,718,657,132,8,1,9,1,P07
5,719,536,213,6,1,9,1,P07
5,720,616,101,8,1,9,1,P07
5,721,420,158,8,1,9,1,P07
5,722,295,219,4,1,9,1,P07
5,723,512,179,4,1,9,1,P07
5,724,469,150,8,1,9,1,P07
5,725,299,160,7,1,9,1,P07
5,726,587,226,5,1,9,1,P07
5,727,574,244,9,2,9,1,P07
5,728,501,418,5,1,9,1,P07
5,729,328,89,8,1,9,1,P07
5,730,651,249,7,1,9,1,P07
5,731,341,70,6,1,9,1,P07
5,732,422,154,10,1,9,1,P07
5,733,404,462,5,1,9,1,P07
5,734,229,276,2,1,9,1,P07
5,735,608,342,2,1,9,1,P07
5,736,500,108,9,1,9,1,P07
5,737,716,187,9,1,9,1,P07
5,738,556,239,5,1,9,1,P07
5,739,530,165,6,1,9,1,P07
5,740,670,178,7,1,9,1,P07
5,741,705,156,3,1,9,1,P07
5,742,395,73,4,1,9,1,P07
5,743,412,57,4,1,9,1,P07
5,744,303,108,3,1,9,1,P07
5,745,444,345,4,1,9,1,P07
5,746,341,430,2,1,9,1,P07
5,747,413,250,4,1,9,1,P07
5,748,590,291,6,1,9,1,P07
5,749,598,75,2,1,9,1,P07
5,750,601,147,9,1,9,1,P07
5,751,580,288,4,1,9,1,P07
5,752,456,361,7,1,9,1,P07
5,753,362,84,9,1,9,1,P07
5,754,342,240,4,1,9,1,P07
5,755,466,150,10,1,9,1,P07
5,756,444,27,7,1,9,1,P07
5,757,382,253,4,1,9,1,P07
5,758,531,87,8,1,9,1,P07
5,759,424,29,10,1,9,1,P07
5,760,609,208,12,1,9,1,P07
5,761,565,198,16,1,9,1,P07
5,762,596,235,7,1,9,1,P07
5,763,423,88,9,1,9,1,P07
5,764,533,285,6,1,9,1,P07
5,765,352,310,3,1,9,1,P07
5,766,279,406,5,1,9,1,P07
5,767,291,146,8,1,9,1,P07
5,768,476,331,5,1,9,1,P07
5,769,734,150,7,1,9,1,P07
5,770,737,139,12,1,9,1,P07
5,771,279,183,3,1,9,1,P07
5,772,447,150,8,1,9,1,P07
5,773,378,106,7,1,9,1,P07
5,774,529,412,8,1,9,1,P07
5,775,665,115,9,1,9,1,P07
5,776,439,135,14,1,9,1,P07
5,777,350,205,10,1,9,1,P07
5,778,642,142,7,1,9,1,P07
5,779,358,118,6,1,9,1,P07
5,780,504,116,9,1,9,1,P07
5,781,320,208,11,1,9,1,P07
5,782,506,305,8,1,9,1,P07
5,783,504,162,10,1,9,1,P07
5,784,642,173,4,1,9,1,P07
5,785,328,89,11,1,9,1,P07
5,786,463,116,11,1,9,1,P07
5,787,465,191,4,1,9,1,P07
5,788,342,63,6,1,9,1,P07
5,789,623,154,1,1,9,1,P07
5,790,595,82,6,1,9,1,P07
5,791,632,183,6,1,9,1,P07
5,792,325,116,5,1,9,1,P07
5,793,322,445,5,2,9,1,P07
5,794,593,212,9,1,9,1,P07
5,795,398,335,8,1,9,1,P07
5,796,368,339,5,1,9,1,P07
5,797,506,75,8,1,9,1,P07
5,798,761,117,12,1,9,1,P07
5,799,312,101,9,1,9,1,P07
5,800,557,252,11,1,9,1,P07
5,801,699,251,4,1,9,1,P07
5,802,417,84,10,1,9,1,P07
5,803,578,100,4,1,9,1,P07
5,804,549,399,4,1,9,1,P07
5,805,534,261,4,1,9,1,P07
5,806,310,196,9,1,9,1,P07
5,807,570,191,5,1,9,1,P07
5,808,512,45,4,1,9,1,P07
5,809,435,267,3,1,9,1,P07
5,810,477,191,9,1,9,1,P07
5,811,339,107,7,1,9,1,P07
5,812,745,230,9,1,9,1,P07
5,813,652,223,8,1,9,1,P07
5,814,752,241,9,1,9,1,P07
5,815,300,193,8,1,9,1,P07
5,816,557,180,8,1,9,1,P07
5,817,557,380,5,1,9,1,P07
5,818,178,323,5,2,9,1,P07
5,819,391,311,4,1,9,1,P07
5,820,534,334,2,1,9,1,P07
5,821,666,331,11,1,9,1,P07
5,822,375,102,7,1,9,1,P07
5,823,802,174,5,1,9,1,P07
5,824,723,266,3,1,9,1,P07
5,825,301,116,2,1,9,1,P07
5,826,412,111,7,1,9,1,P07
5,827,469,76,8,1,9,1,P07
5,828,467,388,4,1,9,1,P07
5,829,351,166,5,1,9,1,P07
5,830,444,137,6,1,9,1,P07
5,831,554,110,13,1,9,1,P07
5,832,474,325,4,1,9,1,P07
5,833,564,114,7,1,9,1,P07
5,834,499,92,13,1,9,1,P07
5,835,623,190,10,1,9,1,P07
5,836,472,131,8,1,9,1,P07
5,837,764,173,6,1,9,1,P07
5,838,550,186,6,1,9,1,P07
5,839,550,190,9,1,9,1,P07
5,840,723,88,10,1,9,1,P07
5,841,570,304,7,1,9,1,P07
5,842,245,177,4,1,9,1,P07
5,843,352,242,5,1,9,1,P07
5,844,556,112,4,1,9,1,P07
5,845,414,210,5,1,9,1,P07
5,846,580,178,6,1,9,1,P07
5,847,256,214,5,1,9,1,P07
5,848,283,159,4,1,9,1,P07
5,849,839,125,9,1,9,1,P07
5,850,345,217,3,1,9,1,P07
5,851,479,90,9,1,9,1,P07
5,852,543,106,7,1,9,1,P07
5,853,414,207,7,1,9,1,P07
5,854,382,46,5,1,9,1,P07
5,855,351,74,10,1,9,1,P07
5,856,551,184,4,1,9,1,P07
5,857,497,443,8,1,9,1,P07
5,858,606,279,8,1,9,1,P07
5,859,427,259,2,1,9,1,P07
5,860,277,143,8,1,9,1,P07
5,861,420,63,7,1,9,1,P07
5,862,367,37,4,1,9,1,P07
5,863,552,353,7,1,9,1,P07
5,864,325,168,4,1,9,1,P07
5,865,481,87,5,1,9,1,P07
5,866,521,165,6,1,9,1,P07
5,867,464,165,2,1,9,1,P07
5,868,244,445,5,1,9,1,P07
5,869,413,74,6,1,9,1,P07
5,870,621,120,12,1,9,1,P07
5,871,335,130,7,1,9,1,P07
5,872,653,330,5,1,9,1,P07
5,873,360,214,5,1,9,1,P07
5,874,435,145,3,1,9,1,P07
5,875,619,83,9,1,9,1,P07
5,876,707,143,9,1,9,1,P07
5,877,301,204,4,1,9,1,P07
5,878,339,147,10,1,9,1,P07
5,879,684,178,13,1,9,1,P07
5,880,388,114,4,1,9,1,P07
5,881,520,205,8,1,9,1,P07
5,882,184,223,3,1,9,1,P07
5,883,329,83,9,1,9,1,P07
5,884,590,169,14,1,9,1,P07
5,885,499,129,13,1,9,1,P07
5,886,459,77,10,1,9,1,P07
5,887,576,389,9,1,9,1,P07
5,888,461,355,10,1,9,1,P07
5,889,389,56,10,1,9,1,P07
5,890,290,192,6,1,9,1,P07
5,891,421,527,4,2,9,1,P07
5,892,407,75,5,1,9,1,P07
5,893,653,113,9,1,9,1,P07
5,894,327,179,4,1,9,1,P07
5,895,477,137,7,1,9,1,P07
5,896,616,182,4,1,9,1,P07
5,897,691,197,6,1,9,1,P07
5,898,356,217,5,2,9,1,P07
5,899,553,266,6,1,9,1,P07
5,900,336,91,12,1,9,1,P07
5,901,422,383,6,1,9,1,P07
5,902,654,257,6,1,9,1,P07
5,903,575,218,6,1,9,1,P07
5,904,523,78,8,1,9,1,P07
5,905,280,125,1,1,9,1,P07
5,906,300,174,8,1,9,1,P07
5,907,636,316,2,1,9,1,P07
5,908,633,268,5,1,9,1,P07
5,909,398,89,14,2,9,1,P07
5,910,521,309,7,1,9,1,P07
5,911,456,138,7,1,9,1,P07
5,912,568,168,6,1,9,1,P07
5,913,405,115,2,1,9,1,P07
5,914,612,268,6,1,9,1,P07
5,915,363,61,2,1,9,1,P07
5,916,356,120,8,1,9,1,P07
5,917,685,185,5,1,9,1,P07
5,918,547,213,8,1,9,1,P07
5,919,650,125,8,2,9,1,P07
5,920,622,118,7,1,9,1,P07
5,921,425,235,3,1,9,1,P07
5,922,402,367,5,1,9,1,P07
5,923,700,279,6,1,9,1,P07
5,924,405,162,3,1,9,1,P07
5,925,584,343,4,1,9,1,P07
5,926,482,106,8,2,9,1,P07
5,927,597,216,6,1,9,1,P07
5,928,328,222,4,1,9,1,P07
5,929,355,54,5,1,9,1,P07
5,930,385,125,11,1,9,1,P07
5,931,525,311,4,1,9,1,P07
5,932,225,307,4,1,9,1,P07
5,933,252,281,5,1,9,1,P07
5,934,357,206,3,1,9,1,P07
5,935,327,212,4,1,9,1,P07
5,936,399,286,10,1,9,1,P07
5,937,767,150,7,1,9,1,P07
5,938,675,203,8,1,9,1,P07
5,939,500,129,3,1,9,1,P07
5,940,279,151,3,1,9,1,P07
5,941,395,147,5,1,9,1,P07
5,942,417,147,7,1,9,1,P07
5,943,646,145,8,1,9,1,P07
5,944,583,163,6,1,9,1,P07
5,945,609,281,7,1,9,1,P07
5,946,403,216,8,1,9,1,P07
5,947,451,133,3,1,9,1,P07
5,948,724,252,11,1,9,1,P07
5,949,329,109,5,1,9,1,P07
5,950,331,69,6,1,9,1,P07
5,951,254,435,3,1,9,1,P07
5,952,670,247,3,1,9,1,P07
5,953,468,126,8,1,9,1,P07
5,954,467,149,8,1,9,1,P07
5,955,325,101,6,1,9,1,P07
5,956,502,426,7,1,9,1,P07
5,957,495,400,7,1,9,1,P07
5,958,311,109,14,1,9,1,P07
5,959,762,105,9,1,9,1,P07
5,960,442,192,12,1,9,1,P07
5,961,579,214,5,1,9,1,P07
5,962,520,278,9,1,9,1,P07
5,963,500,348,6,1,9,1,P07
5,964,294,117,8,1,9,1,P07
5,965,688,277,6,1,9,1,P07
5,966,326,106,6,1,9,1,P07
5,967,457,501,2,1,9,1,P07
5,968,480,349,3,1,9,1,P07
5,969,638,148,5,1,9,1,P07
5,970,409,472,8,1,9,1,P07
5,971,789,169,8,1,9,1,P07
5,972,404,138,11,1,9,1,P07
5,973,282,179,5,1,9,1,P07
5,974,717,136,4,1,9,1,P07
5,975,419,105,3,1,9,1,P07
5,976,370,123,7,1,9,1,P07
5,977,313,109,8,1,9,1,P07
5,978,606,180,6,1,9,1,P07
5,979,513,209,2,1,9,1,P07
5,980,665,138,3,1,9,1,P07
5,981,348,164,4,1,9,1,P07
5,982,594,248,10,1,9,1,P07
5,983,825,144,3,1,9,1,P07
5,984,544,174,9,1,9,1,P07
5,985,526,67,9,1,9,1,P07
5,986,777,215,10,1,9,1,P07
5,987,288,163,5,1,9,1,P07
5,988,612,142,4,1,9,1,P07
5,989,619,164,6,1,9,1,P07
5,990,602,368,5,1,9,1,P07
5,991,504,196,7,1,9,1,P07
5,992,407,94,8,1,9,1,P07
5,993,529,229,5,1,9,1,P07
5,994,400,97,7,1,9,1,P07
5,995,464,162,4,1,9,1,P07
5,996,411,104,5,1,9,1,P07
5,997,646,279,9,1,9,1,P07
5,998,521,115,3,1,9,1,P07
5,999,404,178,11,1,9,1,P07
5,1000,338,226,8,1,9,1,P07
