condition,session,b1,b2,r1,r2,schedule_r1,schedule_r2,PID
1,1,38,433,1,7,1,9,P09
1,2,39,674,1,7,1,9,P09
1,3,28,645,1,6,1,9,P09
1,4,34,446,1,11,1,9,P09
1,5,16,436,1,4,1,9,P09
1,6,12,859,1,14,1,9,P09
1,7,45,572,1,8,1,9,P09
1,8,28,542,1,9,1,9,P09
1,9,31,593,1,8,1,9,P09
1,10,22,610,1,9,1,9,P09
1,11,49,403,1,9,1,9,P09
1,12,23,779,1,11,1,9,P09
1,13,19,634,1,12,1,9,P09
1,14,55,817,1,12,1,9,P09
1,15,16,613,1,8,1,9,P09
1,16,30,881,1,10,1,9,P09
1,17,32,937,1,8,1,9,P09
1,18,42,882,1,5,1,9,P09
1,19,34,940,1,7,1,9,P09
1,20,84,418,1,9,1,9,P09
1,21,78,834,1,9,1,9,P09
1,22,65,619,1,8,1,9,P09
1,23,68,554,1,16,1,9,P09
1,24,93,703,1,11,1,9,P09
1,25,67,789,1,11,1,9,P09
1,26,26,550,1,8,1,9,P09
1,27,20,565,1,7,1,9,P09
1,28,42,531,1,10,1,9,P09
1,29,10,428,1,12,1,9,P09
1,30,75,537,1,6,1,9,P09
1,31,56,901,1,10,1,9,P09
1,32,70,392,1,2,1,9,P09
1,33,33,389,1,9,1,9,P09
1,34,105,544,1,6,1,9,P09
1,35,42,432,1,12,1,9,P09
1,36,107,693,1,6,1,9,P09
1,37,50,630,1,4,1,9,P09
1,38,20,612,1,7,1,9,P09
1,39,29,426,1,8,1,9,P09
1,40,57,848,1,8,1,9,P09
1,41,54,456,1,6,1,9,P09
1,42,24,957,1,6,1,9,P09
1,43,41,476,1,9,1,9,P09
1,44,23,377,1,6,1,9,P09
1,45,65,653,1,8,1,9,P09
1,46,27,692,1,10,1,9,P09
1,47,20,954,1,12,1,9,P09
1,48,40,779,1,10,1,9,P09
1,49,61,407,1,7,1,9,P09
1,50,125,598,1,4,1,9,P09
1,51,33,786,1,6,1,9,P09
1,52,29,614,1,7,1,9,P09
1,53,13,563,1,10,1,9,P09
1,54,46,782,1,9,1,9,P09
1,55,33,746,1,12,1,9,P09
1,56,55,422,1,8,1,9,P09
1,57,69,716,1,11,1,9,P09
1,58,41,567,1,7,1,9,P09
1,59,13,539,1,6,1,9,P09
1,60,68,732,1,5,1,9,P09
1,61,15,497,1,11,1,9,P09
1,62,20,533,1,6,1,9,P09
1,63,60,669,1,10,1,9,P09
1,64,32,768,1,11,1,9,P09
1,65,18,479,1,13,1,9,P09
1,66,63,610,1,11,1,9,P09
1,67,12,533,1,8,1,9,P09
1,68,33,685,1,9,1,9,P09
1,69,30,886,1,10,1,9,P09
1,70,39,940,1,10,1,9,P09
1,71,39,397,1,18,1,9,P09
1,72,18,388,1,5,1,9,P09
1,73,96,598,1,3,1,9,P09
1,74,57,668,1,11,1,9,P09
1,75,25,755,1,3,1,9,P09
1,76,127,702,1,10,1,9,P09
1,77,67,785,1,12,1,9,P09
1,78,75,882,1,8,1,9,P09
1,79,143,622,1,8,1,9,P09
1,80,19,466,1,10,1,9,P09
1,81,72,755,1,8,1,9,P09
1,82,52,730,1,7,1,9,P09
1,83,22,665,1,8,1,9,P09
1,84,27,704,1,11,1,9,P09
1,85,52,533,1,10,1,9,P09
1,86,51,478,1,6,1,9,P09
1,87,60,931,1,6,1,9,P09
1,88,32,532,1,7,1,9,P09
1,89,40,557,1,8,1,9,P09
1,90,35,859,1,6,1,9,P09
1,91,43,873,1,14,1,9,P09
1,92,37,451,1,6,1,9,P09
1,93,29,843,1,6,1,9,P09
1,94,19,708,1,8,1,9,P09
1,95,49,674,1,9,1,9,P09
1,96,45,699,1,8,1,9,P09
1,97,39,501,1,10,1,9,P09
1,98,14,627,1,7,1,9,P09
1,99,67,706,1,11,1,9,P09
1,100,16,900,1,6,1,9,P09
1,101,21,849,1,9,1,9,P09
1,102,22,919,1,10,1,9,P09
1,103,47,466,1,11,1,9,P09
1,104,47,394,1,4,1,9,P09
1,105,52,884,1,11,1,9,P09
1,106,35,376,1,6,1,9,P09
1,107,26,626,1,8,1,9,P09
1,108,113,706,1,8,1,9,P09
1,109,40,950,1,5,1,9,P09
1,110,10,784,1,7,1,9,P09
1,111,57,447,1,8,1,9,P09
1,112,24,548,1,5,1,9,P09
1,113,29,769,1,6,1,9,P09
1,114,27,592,1,5,1,9,P09
1,115,82,805,1,4,1,9,P09
1,116,28,495,1,9,1,9,P09
1,117,147,612,1,7,1,9,P09
1,118,72,790,1,6,1,9,P09
1,119,45,827,1,2,1,9,P09
1,120,17,396,1,10,1,9,P09
1,121,34,638,1,9,1,9,P09
1,122,26,449,1,7,1,9,P09
1,123,75,485,1,7,1,9,P09
1,124,66,587,1,9,1,9,P09
1,125,44,903,1,8,1,9,P09
1,126,38,957,1,9,1,9,P09
1,127,43,487,1,7,1,9,P09
1,128,35,653,1,7,1,9,P09
1,129,19,466,1,10,1,9,P09
1,130,65,413,1,5,1,9,P09
1,131,40,795,1,6,1,9,P09
1,132,84,882,1,9,1,9,P09
1,133,36,729,1,10,1,9,P09
1,134,26,504,1,11,1,9,P09
1,135,60,927,1,8,1,9,P09
1,136,13,675,1,9,1,9,P09
1,137,21,691,1,14,1,9,P09
1,138,29,877,1,10,1,9,P09
1,139,25,494,1,3,1,9,P09
1,140,53,549,1,10,1,9,P09
1,141,23,938,1,7,1,9,P09
1,142,12,452,1,6,1,9,P09
1,143,33,545,1,10,1,9,P09
1,144,55,627,1,6,1,9,P09
1,145,76,686,1,7,1,9,P09
1,146,19,507,1,9,1,9,P09
1,147,25,698,1,5,1,9,P09
1,148,40,561,1,9,1,9,P09
1,149,32,602,1,10,1,9,P09
1,150,32,555,1,5,1,9,P09
1,151,43,796,1,6,1,9,P09
1,152,26,499,1,11,1,9,P09
1,153,52,795,1,9,1,9,P09
1,154,33,425,1,10,1,9,P09
1,155,16,522,1,12,1,9,P09
1,156,30,886,1,12,1,9,P09
1,157,49,578,1,12,1,9,P09
1,158,32,704,1,10,1,9,P09
1,159,29,917,1,8,1,9,P09
1,160,17,510,1,6,1,9,P09
1,161,50,639,1,8,1,9,P09
1,162,13,681,1,6,1,9,P09
1,163,93,643,1,7,1,9,P09
1,164,44,826,1,11,1,9,P09
1,165,13,963,1,10,1,9,P09
1,166,16,406,1,9,1,9,P09
1,167,11,743,1,9,1,9,P09
1,168,30,542,1,7,1,9,P09
1,169,22,495,1,10,1,9,P09
1,170,34,536,1,8,1,9,P09
1,171,13,520,1,14,1,9,P09
1,172,18,576,1,11,1,9,P09
1,173,50,711,1,11,1,9,P09
1,174,14,390,1,11,1,9,P09
1,175,93,399,1,7,1,9,P09
1,176,21,824,1,13,1,9,P09
1,177,115,711,1,3,1,9,P09
1,178,25,530,1,6,1,9,P09
1,179,101,563,1,4,1,9,P09
1,180,25,391,1,8,1,9,P09
1,181,45,610,1,11,1,9,P09
1,182,37,837,1,12,1,9,P09
1,183,67,898,1,4,1,9,P09
1,184,43,867,1,10,1,9,P09
1,185,25,384,1,10,1,9,P09
1,186,18,579,1,14,1,9,P09
1,187,73,778,1,7,1,9,P09
1,188,26,712,1,12,1,9,P09
1,189,36,542,1,8,1,9,P09
1,190,20,412,1,9,1,9,P09
1,191,43,694,1,9,1,9,P09
1,192,52,734,1,7,1,9,P09
1,193,46,836,1,10,1,9,P09
1,194,25,622,1,7,1,9,P09
1,195,29,546,1,13,1,9,P09
1,196,30,408,1,3,1,9,P09
1,197,77,483,1,10,1,9,P09
1,198,47,861,1,10,1,9,P09
1,199,21,563,1,6,1,9,P09
1,200,87,697,1,7,1,9,P09
1,201,33,677,1,8,1,9,P09
1,202,38,622,1,4,1,9,P09
1,203,71,617,1,6,1,9,P09
1,204,99,859,1,12,1,9,P09
1,205,16,628,1,8,1,9,P09
1,206,31,539,1,9,1,9,P09
1,207,87,651,1,3,1,9,P09
1,208,43,916,1,10,1,9,P09
1,209,11,428,1,7,1,9,P09
1,210,22,501,1,8,1,9,P09
1,211,79,903,1,11,1,9,P09
1,212,16,423,1,14,1,9,P09
1,213,118,867,1,4,1,9,P09
1,214,54,936,1,11,1,9,P09
1,215,70,780,1,6,1,9,P09
1,216,71,743,1,15,1,9,P09
1,217,26,935,1,9,1,9,P09
1,218,65,905,1,7,1,9,P09
1,219,59,547,1,8,1,9,P09
1,220,59,369,1,11,1,9,P09
1,221,47,559,1,6,1,9,P09
1,222,45,404,1,9,1,9,P09
1,223,42,777,1,7,1,9,P09
1,224,16,479,1,4,1,9,P09
1,225,41,797,1,15,1,9,P09
1,226,82,761,1,7,1,9,P09
1,227,35,496,1,10,1,9,P09
1,228,104,367,1,8,1,9,P09
1,229,186,619,1,5,1,9,P09
1,230,131,547,1,12,1,9,P09
1,231,34,566,1,14,1,9,P09
1,232,12,660,1,9,1,9,P09
1,233,21,651,1,11,1,9,P09
1,234,17,568,1,10,1,9,P09
1,235,45,891,1,6,1,9,P09
1,236,90,773,1,8,1,9,P09
1,237,62,770,1,9,1,9,P09
1,238,37,665,1,9,1,9,P09
1,239,42,594,1,10,1,9,P09
1,240,20,626,1,11,1,9,P09
1,241,55,840,1,9,1,9,P09
1,242,38,893,1,8,1,9,P09
1,243,17,814,1,11,1,9,P09
1,244,74,713,1,15,1,9,P09
1,245,62,790,1,8,1,9,P09
1,246,73,773,2,10,1,9,P09
1,247,97,553,1,5,1,9,P09
1,248,88,806,1,4,1,9,P09
1,249,35,418,1,9,1,9,P09
1,250,31,651,1,5,1,9,P09
1,251,12,458,1,8,1,9,P09
1,252,59,564,1,9,1,9,P09
1,253,55,492,1,10,1,9,P09
1,254,22,792,1,12,1,9,P09
1,255,11,496,1,7,1,9,P09
1,256,38,957,1,6,1,9,P09
1,257,74,608,1,4,1,9,P09
1,258,22,437,1,8,1,9,P09
1,259,88,625,1,9,1,9,P09
1,260,48,751,1,7,1,9,P09
1,261,48,723,1,11,1,9,P09
1,262,37,434,1,13,1,9,P09
1,263,51,712,1,7,1,9,P09
1,264,21,677,1,8,1,9,P09
1,265,31,588,1,10,1,9,P09
1,266,19,649,1,11,1,9,P09
1,267,35,698,1,5,1,9,P09
1,268,47,911,1,6,1,9,P09
1,269,48,867,1,11,1,9,P09
1,270,64,690,1,10,1,9,P09
1,271,41,377,1,7,1,9,P09
1,272,25,861,1,10,1,9,P09
1,273,61,841,1,8,1,9,P09
1,274,67,583,1,4,1,9,P09
1,275,30,436,1,7,1,9,P09
1,276,16,808,1,11,1,9,P09
1,277,95,834,1,6,1,9,P09
1,278,85,637,1,5,1,9,P09
1,279,35,859,1,10,1,9,P09
1,280,32,806,1,10,1,9,P09
1,281,83,552,1,9,1,9,P09
1,282,45,442,1,10,1,9,P09
1,283,62,395,1,6,1,9,P09
1,284,15,625,1,10,1,9,P09
1,285,25,813,1,9,1,9,P09
1,286,21,766,1,9,1,9,P09
1,287,19,497,1,10,1,9,P09
1,288,59,519,1,8,1,9,P09
1,289,29,737,1,10,1,9,P09
1,290,131,860,1,9,1,9,P09
1,291,50,538,1,12,1,9,P09
1,292,38,644,1,9,1,9,P09
1,293,45,801,1,8,1,9,P09
1,294,82,805,1,10,1,9,P09
1,295,26,467,1,11,1,9,P09
1,296,42,885,1,12,1,9,P09
1,297,55,888,1,7,1,9,P09
1,298,38,590,1,9,1,9,P09
1,299,69,628,1,2,1,9,P09
1,300,52,716,1,10,1,9,P09
1,301,23,847,1,5,1,9,P09
1,302,32,688,1,10,1,9,P09
1,303,21,584,1,9,1,9,P09
1,304,10,486,1,7,1,9,P09
1,305,23,710,1,16,1,9,P09
1,306,39,490,1,7,1,9,P09
1,307,31,488,1,8,1,9,P09
1,308,26,959,1,10,1,9,P09
1,309,44,886,1,14,1,9,P09
1,310,16,685,1,5,1,9,P09
1,311,125,610,1,4,1,9,P09
1,312,32,826,1,6,1,9,P09
1,313,13,640,1,11,1,9,P09
1,314,17,505,1,8,1,9,P09
1,315,33,375,1,10,1,9,P09
1,316,82,839,1,12,1,9,P09
1,317,116,803,1,9,1,9,P09
1,318,91,524,1,5,1,9,P09
1,319,30,635,1,9,1,9,P09
1,320,68,875,1,10,1,9,P09
1,321,70,638,2,10,1,9,P09
1,322,11,445,1,7,1,9,P09
1,323,84,597,1,9,1,9,P09
1,324,51,764,1,11,1,9,P09
1,325,37,719,1,9,1,9,P09
1,326,57,523,1,7,1,9,P09
1,327,113,859,1,7,1,9,P09
1,328,27,539,1,7,1,9,P09
1,329,74,886,1,14,1,9,P09
1,330,19,849,1,9,1,9,P09
1,331,20,398,1,11,1,9,P09
1,332,35,557,1,3,1,9,P09
1,333,187,787,1,10,1,9,P09
1,334,26,745,1,6,1,9,P09
1,335,20,532,1,9,1,9,P09
1,336,37,637,1,7,1,9,P09
1,337,19,768,1,11,1,9,P09
1,338,64,623,1,8,1,9,P09
1,339,30,396,1,10,1,9,P09
1,340,180,766,1,6,1,9,P09
1,341,18,469,1,4,1,9,P09
1,342,58,927,1,6,1,9,P09
1,343,112,644,1,6,1,9,P09
1,344,38,961,1,9,1,9,P09
1,345,40,820,1,4,1,9,P09
1,346,12,453,1,13,1,9,P09
1,347,53,869,1,6,1,9,P09
1,348,12,828,1,10,1,9,P09
1,349,81,557,1,7,1,9,P09
1,350,36,526,1,9,1,9,P09
1,351,70,553,1,7,1,9,P09
1,352,31,571,1,11,1,9,P09
1,353,107,801,1,9,1,9,P09
1,354,26,603,1,4,1,9,P09
1,355,27,527,1,7,1,9,P09
1,356,49,942,1,8,1,9,P09
1,357,16,604,1,8,1,9,P09
1,358,20,385,1,10,1,9,P09
1,359,18,712,1,5,1,9,P09
1,360,61,909,1,9,1,9,P09
1,361,22,538,1,9,1,9,P09
1,362,71,920,1,6,1,9,P09
1,363,51,414,1,14,1,9,P09
1,364,26,914,1,9,1,9,P09
1,365,35,507,1,8,1,9,P09
1,366,81,850,1,9,1,9,P09
1,367,79,706,1,3,1,9,P09
1,368,19,510,1,9,1,9,P09
1,369,63,901,1,8,1,9,P09
1,370,30,624,1,9,1,9,P09
1,371,17,549,1,8,1,9,P09
1,372,62,871,1,7,1,9,P09
1,373,37,468,1,9,1,9,P09
1,374,45,748,1,10,1,9,P09
1,375,17,511,1,9,1,9,P09
1,376,75,878,1,8,1,9,P09
1,377,57,491,1,13,1,9,P09
1,378,30,543,1,6,1,9,P09
1,379,15,701,1,10,1,9,P09
1,380,129,657,1,4,1,9,P09
1,381,42,855,1,8,1,9,P09
1,382,66,861,1,8,1,9,P09
1,383,26,819,1,8,1,9,P09
1,384,82,717,1,7,1,9,P09
1,385,32,771,1,13,1,9,P09
1,386,25,647,1,5,1,9,P09
1,387,14,471,1,8,1,9,P09
1,388,16,467,1,11,1,9,P09
1,389,29,448,1,9,1,9,P09
1,390,64,706,1,6,1,9,P09
1,391,28,593,1,8,1,9,P09
1,392,125,587,1,13,1,9,P09
1,393,39,642,1,7,1,9,P09
1,394,13,583,1,15,1,9,P09
1,395,17,921,1,12,1,9,P09
1,396,40,738,1,11,1,9,P09
1,397,81,616,1,10,1,9,P09
1,398,50,651,1,12,1,9,P09
1,399,50,625,1,6,1,9,P09
1,400,85,367,1,8,1,9,P09
1,401,105,690,1,12,1,9,P09
1,402,77,867,1,8,1,9,P09
1,403,45,834,1,13,1,9,P09
1,404,16,759,1,8,1,9,P09
1,405,55,862,1,12,1,9,P09
1,406,62,775,1,6,1,9,P09
1,407,12,505,1,7,1,9,P09
1,408,17,601,1,13,1,9,P09
1,409,78,833,1,5,1,9,P09
1,410,38,688,1,11,1,9,P09
1,411,54,658,1,5,1,9,P09
1,412,53,575,1,9,1,9,P09
1,413,15,523,1,5,1,9,P09
1,414,51,857,1,6,1,9,P09
1,415,56,756,1,7,1,9,P09
1,416,29,747,1,11,1,9,P09
1,417,33,389,1,12,1,9,P09
1,418,40,529,1,9,1,9,P09
1,419,79,523,1,6,1,9,P09
1,420,63,731,1,10,1,9,P09
1,421,50,787,1,6,1,9,P09
1,422,67,470,1,12,1,9,P09
1,423,37,530,1,3,1,9,P09
1,424,57,581,1,6,1,9,P09
1,425,13,588,1,5,1,9,P09
1,426,34,566,1,4,1,9,P09
1,427,76,514,1,8,1,9,P09
1,428,26,401,1,5,1,9,P09
1,429,25,439,1,9,1,9,P09
1,430,27,907,1,5,1,9,P09
1,431,80,839,1,3,1,9,P09
1,432,52,479,1,9,1,9,P09
1,433,16,737,1,9,1,9,P09
1,434,87,726,1,7,1,9,P09
1,435,123,758,1,8,1,9,P09
1,436,44,805,1,12,1,9,P09
1,437,16,430,1,11,1,9,P09
1,438,55,421,1,4,1,9,P09
1,439,24,533,1,11,1,9,P09
1,440,34,654,1,8,1,9,P09
1,441,32,710,1,12,1,9,P09
1,442,68,464,1,1,1,9,P09
1,443,16,505,1,4,1,9,P09
1,444,25,583,1,9,1,9,P09
1,445,127,674,1,4,1,9,P09
1,446,56,357,1,12,1,9,P09
1,447,41,641,1,4,1,9,P09
1,448,50,695,1,7,1,9,P09
1,449,29,599,1,6,1,9,P09
1,450,37,497,1,10,1,9,P09
1,451,50,567,1,11,1,9,P09
1,452,42,708,1,11,1,9,P09
1,453,56,553,1,8,1,9,P09
1,454,17,620,1,12,1,9,P09
1,455,25,645,1,6,1,9,P09
1,456,37,573,1,10,1,9,P09
1,457,35,585,1,4,1,9,P09
1,458,20,566,1,9,1,9,P09
1,459,58,406,1,5,1,9,P09
1,460,57,727,1,7,1,9,P09
1,461,29,430,1,11,1,9,P09
1,462,26,630,1,7,1,9,P09
1,463,83,609,1,5,1,9,P09
1,464,24,579,1,6,1,9,P09
1,465,35,545,1,8,1,9,P09
1,466,37,768,1,9,1,9,P09
1,467,32,556,1,6,1,9,P09
1,468,45,920,1,7,1,9,P09
1,469,48,815,1,7,1,9,P09
1,470,70,512,1,7,1,9,P09
1,471,33,872,1,9,1,9,P09
1,472,151,715,1,6,1,9,P09
1,473,53,559,2,12,1,9,P09
1,474,14,497,1,5,1,9,P09
1,475,63,917,1,12,1,9,P09
1,476,12,426,1,7,1,9,P09
1,477,187,599,1,6,1,9,P09
1,478,55,812,1,12,1,9,P09
1,479,58,813,1,10,1,9,P09
1,480,163,816,1,2,1,9,P09
1,481,37,570,1,5,1,9,P09
1,482,26,879,1,9,1,9,P09
1,483,20,523,1,7,1,9,P09
1,484,19,419,1,10,1,9,P09
1,485,26,934,1,8,1,9,P09
1,486,19,387,1,8,1,9,P09
1,487,41,773,1,11,1,9,P09
1,488,48,610,1,6,1,9,P09
1,489,18,390,1,10,1,9,P09
1,490,116,733,1,4,1,9,P09
1,491,67,735,1,8,1,9,P09
1,492,66,921,1,8,1,9,P09
1,493,82,751,1,6,1,9,P09
1,494,49,451,1,6,1,9,P09
1,495,53,379,1,2,1,9,P09
1,496,159,721,1,5,1,9,P09
1,497,23,407,1,12,1,9,P09
1,498,27,968,1,9,1,9,P09
1,499,31,512,1,10,1,9,P09
1,500,95,732,1,9,1,9,P09
1,501,17,548,1,11,1,9,P09
1,502,40,643,1,8,1,9,P09
1,503,50,544,1,7,1,9,P09
1,504,45,435,1,8,1,9,P09
1,505,13,666,1,9,1,9,P09
1,506,68,698,1,6,1,9,P09
1,507,97,357,1,11,1,9,P09
1,508,18,472,1,12,1,9,P09
1,509,72,548,1,7,1,9,P09
1,510,30,912,1,6,1,9,P09
1,511,57,585,1,7,1,9,P09
1,512,71,836,1,9,1,9,P09
1,513,12,492,1,5,1,9,P09
1,514,20,472,1,11,1,9,P09
1,515,31,622,1,11,1,9,P09
1,516,18,400,1,9,1,9,P09
1,517,206,710,1,7,1,9,P09
1,518,50,462,1,9,1,9,P09
1,519,35,545,1,4,1,9,P09
1,520,33,809,1,7,1,9,P09
1,521,31,785,1,4,1,9,P09
1,522,26,789,1,7,1,9,P09
1,523,30,782,1,9,1,9,P09
1,524,39,594,1,4,1,9,P09
1,525,31,427,1,2,1,9,P09
1,526,23,698,1,9,1,9,P09
1,527,20,507,1,8,1,9,P09
1,528,27,401,1,8,1,9,P09
1,529,35,456,1,7,1,9,P09
1,530,41,615,1,6,1,9,P09
1,531,96,873,1,8,1,9,P09
1,532,22,631,1,9,1,9,P09
1,533,27,607,1,12,1,9,P09
1,534,92,730,1,9,1,9,P09
1,535,74,629,1,3,1,9,P09
1,536,99,830,1,8,1,9,P09
1,537,16,837,1,6,1,9,P09
1,538,70,869,1,10,1,9,P09
1,539,59,723,1,10,1,9,P09
1,540,44,373,1,8,1,9,P09
1,541,41,740,1,8,1,9,P09
1,542,76,895,1,12,1,9,P09
1,543,40,892,1,12,1,9,P09
1,544,48,714,1,14,1,9,P09
1,545,16,532,1,6,1,9,P09
1,546,30,680,1,9,1,9,P09
1,547,73,356,1,11,1,9,P09
1,548,53,847,1,15,1,9,P09
1,549,29,703,1,12,1,9,P09
1,550,37,471,1,3,1,9,P09
1,551,132,402,1,10,1,9,P09
1,552,70,682,1,9,1,9,P09
1,553,30,704,1,8,1,9,P09
1,554,22,669,1,8,1,9,P09
1,555,17,453,1,5,1,9,P09
1,556,41,473,1,12,1,9,P09
1,557,39,595,1,9,1,9,P09
1,558,21,430,1,4,1,9,P09
1,559,37,635,1,9,1,9,P09
1,560,20,512,1,6,1,9,P09
1,561,25,797,1,7,1,9,P09
1,562,37,389,1,7,1,9,P09
1,563,34,486,1,9,1,9,P09
1,564,14,893,1,7,1,9,P09
1,565,33,479,1,3,1,9,P09
1,566,26,772,1,8,1,9,P09
1,567,35,798,1,9,1,9,P09
1,568,15,525,1,11,1,9,P09
1,569,64,860,1,5,1,9,P09
1,570,67,834,1,6,1,9,P09
1,571,57,874,1,14,1,9,P09
1,572,25,693,1,12,1,9,P09
1,573,34,960,1,7,1,9,P09
1,574,12,444,1,4,1,9,P09
1,575,39,824,1,12,1,9,P09
1,576,59,914,1,10,1,9,P09
1,577,67,764,1,10,1,9,P09
1,578,41,752,1,9,1,9,P09
1,579,79,754,1,17,1,9,P09
1,580,29,782,1,10,1,9,P09
1,581,56,505,1,13,1,9,P09
1,582,11,412,1,11,1,9,P09
1,583,35,865,1,4,1,9,P09
1,584,174,684,1,7,1,9,P09
1,585,34,727,1,5,1,9,P09
1,586,27,385,1,9,1,9,P09
1,587,76,918,1,10,1,9,P09
1,588,46,485,1,9,1,9,P09
1,589,49,605,1,9,1,9,P09
1,590,13,664,1,10,1,9,P09
1,591,33,585,1,9,1,9,P09
1,592,37,432,1,11,1,9,P09
1,593,47,888,1,7,1,9,P09
1,594,31,411,1,8,1,9,P09
1,595,81,532,1,5,1,9,P09
1,596,74,758,1,7,1,9,P09
1,597,10,522,1,7,1,9,P09
1,598,71,755,1,1,1,9,P09
1,599,28,753,1,9,1,9,P09
1,600,35,395,1,17,1,9,P09
1,601,26,702,1,2,1,9,P09
1,602,37,873,1,7,1,9,P09
1,603,38,439,1,8,1,9,P09
1,604,71,887,1,10,1,9,P09
1,605,109,869,1,7,1,9,P09
1,606,66,808,1,11,1,9,P09
1,607,24,521,1,5,1,9,P09
1,608,42,929,1,9,1,9,P09
1,609,21,439,1,5,1,9,P09
1,610,35,391,1,9,1,9,P09
1,611,79,644,1,5,1,9,P09
1,612,43,636,1,15,1,9,P09
1,613,39,867,1,9,1,9,P09
1,614,21,792,1,6,1,9,P09
1,615,11,629,1,8,1,9,P09
1,616,21,754,1,4,1,9,P09
1,617,15,390,1,10,1,9,P09
1,618,44,430,1,6,1,9,P09
1,619,20,561,1,9,1,9,P09
1,620,48,552,1,8,1,9,P09
1,621,54,760,1,5,1,9,P09
1,622,12,492,1,4,1,9,P09
1,623,56,659,1,11,1,9,P09
1,624,16,967,1,13,1,9,P09
1,625,64,613,1,11,1,9,P09
1,626,20,450,1,12,1,9,P09
1,627,44,438,1,12,1,9,P09
1,628,15,471,1,18,1,9,P09
1,629,64,869,1,6,1,9,P09
1,630,64,336,1,2,1,9,P09
1,631,106,533,1,7,1,9,P09
1,632,39,736,1,11,1,9,P09
1,633,19,542,1,9,1,9,P09
1,634,27,493,1,13,1,9,P09
1,635,57,902,1,11,1,9,P09
1,636,59,701,1,12,1,9,P09
1,637,72,629,1,12,1,9,P09
1,638,14,457,1,9,1,9,P09
1,639,114,510,1,3,1,9,P09
1,640,47,560,1,12,1,9,P09
1,641,64,893,1,5,1,9,P09
1,642,11,864,1,12,1,9,P09
1,643,86,751,1,11,1,9,P09
1,644,145,720,1,7,1,9,P09
1,645,21,417,1,4,1,9,P09
1,646,106,818,1,9,1,9,P09
1,647,42,941,1,10,1,9,P09
1,648,25,480,1,6,1,9,P09
1,649,66,560,1,9,1,9,P09
1,650,23,389,1,10,1,9,P09
1,651,77,470,1,10,1,9,P09
1,652,30,609,1,6,1,9,P09
1,653,33,816,1,7,1,9,P09
1,654,44,693,1,8,1,9,P09
1,655,42,819,1,9,1,9,P09
1,656,114,873,1,11,1,9,P09
1,657,42,779,1,14,1,9,P09
1,658,50,364,1,11,1,9,P09
1,659,33,717,1,6,1,9,P09
1,660,46,910,1,9,1,9,P09
1,661,30,522,1,9,1,9,P09
1,662,65,764,1,7,1,9,P09
1,663,21,668,1,12,1,9,P09
1,664,13,590,1,3,1,9,P09
1,665,15,534,1,5,1,9,P09
1,666,38,424,1,14,1,9,P09
1,667,24,396,1,11,1,9,P09
1,668,26,739,1,8,1,9,P09
1,669,86,857,1,11,1,9,P09
1,670,43,736,1,6,1,9,P09
1,671,71,826,1,9,1,9,P09
1,672,31,553,1,10,1,9,P09
1,673,109,391,1,8,1,9,P09
1,674,55,511,1,8,1,9,P09
1,675,44,940,1,6,1,9,P09
1,676,72,669,1,5,1,9,P09
1,677,68,743,1,4,1,9,P09
1,678,27,534,1,11,1,9,P09
1,679,69,882,1,9,1,9,P09
1,680,24,479,1,7,1,9,P09
1,681,30,934,1,11,1,9,P09
1,682,50,492,1,11,1,9,P09
1,683,71,450,1,6,1,9,P09
1,684,21,621,1,12,1,9,P09
1,685,43,525,1,9,1,9,P09
1,686,91,437,1,8,1,9,P09
1,687,12,423,1,6,1,9,P09
1,688,27,450,1,13,1,9,P09
1,689,62,403,1,12,1,9,P09
1,690,43,653,1,3,1,9,P09
1,691,216,711,1,6,1,9,P09
1,692,22,432,1,6,1,9,P09
1,693,36,733,1,8,1,9,P09
1,694,30,923,1,9,1,9,P09
1,695,69,750,1,8,1,9,P09
1,696,42,766,1,6,1,9,P09
1,697,31,430,1,13,1,9,P09
1,698,32,420,1,3,1,9,P09
1,699,81,538,1,7,1,9,P09
1,700,28,706,1,8,1,9,P09
1,701,16,654,1,7,1,9,P09
1,702,17,786,1,6,1,9,P09
1,703,26,904,1,11,1,9,P09
1,704,10,508,1,7,1,9,P09
1,705,48,427,1,11,1,9,P09
1,706,43,661,1,8,1,9,P09
1,707,59,450,1,12,1,9,P09
1,708,88,795,1,6,1,9,P09
1,709,29,710,1,6,1,9,P09
1,710,52,460,1,9,1,9,P09
1,711,96,752,1,9,1,9,P09
1,712,21,416,1,11,1,9,P09
1,713,20,415,1,6,1,9,P09
1,714,13,431,1,8,1,9,P09
1,715,44,920,1,3,1,9,P09
1,716,27,437,1,10,1,9,P09
1,717,37,415,1,8,1,9,P09
1,718,76,674,1,11,1,9,P09
1,719,60,795,1,14,1,9,P09
1,720,24,648,1,11,1,9,P09
1,721,23,485,1,10,1,9,P09
1,722,69,731,1,7,1,9,P09
1,723,101,622,1,9,1,9,P09
1,724,75,358,1,10,1,9,P09
1,725,23,543,1,5,1,9,P09
1,726,12,590,1,11,1,9,P09
1,727,23,716,1,9,1,9,P09
1,728,19,752,1,9,1,9,P09
1,729,61,623,1,8,1,9,P09
1,730,58,375,1,6,1,9,P09
1,731,16,516,1,13,1,9,P09
1,732,52,865,1,6,1,9,P09
1,733,36,809,1,10,1,9,P09
1,734,71,844,1,7,1,9,P09
1,735,20,465,1,5,1,9,P09
1,736,47,818,1,15,1,9,P09
1,737,21,757,1,9,1,9,P09
1,738,16,763,1,5,1,9,P09
1,739,26,632,1,6,1,9,P09
1,740,24,768,1,10,1,9,P09
1,741,31,967,1,9,1,9,P09
1,742,38,867,1,7,1,9,P09
1,743,38,636,1,5,1,9,P09
1,744,13,873,1,12,1,9,P09
1,745,109,564,1,2,1,9,P09
1,746,41,825,1,15,1,9,P09
1,747,60,445,1,13,1,9,P09
1,748,21,478,1,8,1,9,P09
1,749,52,866,1,10,1,9,P09
1,750,115,747,1,15,1,9,P09
1,751,19,549,1,1,1,9,P09
1,752,42,878,1,6,1,9,P09
1,753,46,844,1,10,1,9,P09
1,754,38,665,1,6,1,9,P09
1,755,63,897,1,13,1,9,P09
1,756,18,484,1,4,1,9,P09
1,757,42,709,1,11,1,9,P09
1,758,81,713,1,10,1,9,P09
1,759,49,590,1,6,1,9,P09
1,760,42,719,1,8,1,9,P09
1,761,70,532,1,5,1,9,P09
1,762,11,400,1,10,1,9,P09
1,763,30,826,1,5,1,9,P09
1,764,21,493,1,10,1,9,P09
1,765,28,553,1,4,1,9,P09
1,766,34,482,1,11,1,9,P09
1,767,66,674,1,12,1,9,P09
1,768,40,458,1,8,1,9,P09
1,769,81,912,1,10,1,9,P09
1,770,57,389,1,11,1,9,P09
1,771,61,905,1,10,1,9,P09
1,772,47,593,1,19,1,9,P09
1,773,14,730,1,8,1,9,P09
1,774,56,688,1,5,1,9,P09
1,775,23,571,1,12,1,9,P09
1,776,34,687,1,13,1,9,P09
1,777,78,830,1,11,1,9,P09
1,778,43,734,1,3,1,9,P09
1,779,44,869,1,6,1,9,P09
1,780,60,730,1,8,1,9,P09
1,781,32,409,1,8,1,9,P09
1,782,27,598,1,7,1,9,P09
1,783,32,406,1,9,1,9,P09
1,784,126,733,1,3,1,9,P09
1,785,80,355,1,5,1,9,P09
1,786,40,658,1,12,1,9,P09
1,787,18,447,1,6,1,9,P09
1,788,56,793,1,14,1,9,P09
1,789,22,472,1,7,1,9,P09
1,790,93,582,1,6,1,9,P09
1,791,73,753,1,12,1,9,P09
1,792,60,389,1,11,1,9,P09
1,793,11,723,1,8,1,9,P09
1,794,22,492,1,13,1,9,P09
1,795,74,909,1,8,1,9,P09
1,796,92,504,1,5,1,9,P09
1,797,16,416,1,10,1,9,P09
1,798,113,794,1,8,1,9,P09
1,799,41,430,1,6,1,9,P09
1,800,34,561,1,8,1,9,P09
1,801,98,752,1,5,1,9,P09
1,802,51,789,1,11,1,9,P09
1,803,32,888,1,8,1,9,P09
1,804,147,828,1,4,1,9,P09
1,805,52,900,1,7,1,9,P09
1,806,37,684,1,10,1,9,P09
1,807,36,688,1,11,1,9,P09
1,808,18,384,1,10,1,9,P09
1,809,39,725,1,8,1,9,P09
1,810,47,603,1,5,1,9,P09
1,811,64,899,1,6,1,9,P09
1,812,38,512,1,14,1,9,P09
1,813,112,384,1,9,1,9,P09
1,814,19,657,1,10,1,9,P09
1,815,42,820,1,9,1,9,P09
1,816,15,764,1,11,1,9,P09
1,817,28,717,1,9,1,9,P09
1,818,10,413,1,6,1,9,P09
1,819,99,859,1,6,1,9,P09
1,820,59,873,1,7,1,9,P09
1,821,21,381,1,8,1,9,P09
1,822,22,397,1,9,1,9,P09
1,823,52,706,1,10,1,9,P09
1,824,32,430,1,9,1,9,P09
1,825,19,835,1,17,1,9,P09
1,826,46,720,1,7,1,9,P09
1,827,44,860,1,10,1,9,P09
1,828,10,520,1,9,1,9,P09
1,829,33,803,1,8,1,9,P09
1,830,11,526,1,6,1,9,P09
1,831,30,390,1,7,1,9,P09
1,832,13,527,1,8,1,9,P09
1,833,17,397,1,6,1,9,P09
1,834,23,389,1,13,1,9,P09
1,835,35,402,1,7,1,9,P09
1,836,40,740,1,6,1,9,P09
1,837,18,782,1,4,1,9,P09
1,838,24,570,1,11,1,9,P09
1,839,10,501,1,9,1,9,P09
1,840,25,681,1,8,1,9,P09
1,841,113,872,1,7,1,9,P09
1,842,67,574,1,10,1,9,P09
1,843,52,518,1,5,1,9,P09
1,844,17,427,1,12,1,9,P09
1,845,52,806,1,11,1,9,P09
1,846,66,901,1,6,1,9,P09
1,847,111,836,1,8,1,9,P09
1,848,127,715,1,13,1,9,P09
1,849,56,796,1,11,1,9,P09
1,850,62,864,1,8,1,9,P09
1,851,28,514,1,6,1,9,P09
1,852,110,836,1,9,1,9,P09
1,853,21,460,1,6,1,9,P09
1,854,34,557,1,8,1,9,P09
1,855,26,433,1,9,1,9,P09
1,856,45,434,1,9,1,9,P09
1,857,15,491,1,10,1,9,P09
1,858,29,462,1,6,1,9,P09
1,859,97,768,1,11,1,9,P09
1,860,12,901,1,3,1,9,P09
1,861,53,464,1,9,1,9,P09
1,862,27,417,2,11,1,9,P09
1,863,85,746,1,7,1,9,P09
1,864,11,640,1,13,1,9,P09
1,865,43,763,1,11,1,9,P09
1,866,20,648,1,9,1,9,P09
1,867,46,688,1,8,1,9,P09
1,868,62,858,1,11,1,9,P09
1,869,20,558,1,7,1,9,P09
1,870,35,845,1,9,1,9,P09
1,871,36,450,1,7,1,9,P09
1,872,27,631,1,8,1,9,P09
1,873,33,777,1,11,1,9,P09
1,874,27,835,1,12,1,9,P09
1,875,21,496,1,8,1,9,P09
1,876,52,663,1,9,1,9,P09
1,877,35,791,1,8,1,9,P09
1,878,20,593,1,7,1,9,P09
1,879,15,409,1,10,1,9,P09
1,880,34,621,1,6,1,9,P09
1,881,71,746,1,2,1,9,P09
1,882,20,393,1,9,1,9,P09
1,883,46,627,1,11,1,9,P09
1,884,40,519,1,8,1,9,P09
1,885,63,879,1,4,1,9,P09
1,886,19,480,1,6,1,9,P09
1,887,15,846,1,14,1,9,P09
1,888,48,630,1,8,1,9,P09
1,889,52,853,1,7,1,9,P09
1,890,40,886,1,9,1,9,P09
1,891,65,834,1,9,1,9,P09
1,892,43,444,1,11,1,9,P09
1,893,62,486,1,6,1,9,P09
1,894,20,794,1,7,1,9,P09
1,895,14,721,1,8,1,9,P09
1,896,15,952,1,9,1,9,P09
1,897,32,448,1,8,1,9,P09
1,898,28,811,1,9,1,9,P09
1,899,10,593,1,5,1,9,P09
1,900,44,820,1,12,1,9,P09
1,901,22,706,1,10,1,9,P09
1,902,33,688,1,6,1,9,P09
1,903,79,564,1,12,1,9,P09
1,904,27,715,1,5,1,9,P09
1,905,124,574,1,7,1,9,P09
1,906,35,633,1,8,1,9,P09
1,907,53,797,1,6,1,9,P09
1,908,30,803,1,7,1,9,P09
1,909,81,823,1,6,1,9,P09
1,910,40,425,1,12,1,9,P09
1,911,65,914,1,5,1,9,P09
1,912,56,812,1,8,1,9,P09
1,913,75,566,1,9,1,9,P09
1,914,23,403,1,8,1,9,P09
1,915,29,392,1,8,1,9,P09
1,916,20,416,1,8,1,9,P09
1,917,26,391,1,9,1,9,P09
1,918,75,520,1,12,1,9,P09
1,919,99,749,1,7,1,9,P09
1,920,53,789,1,8,1,9,P09
1,921,76,533,1,9,1,9,P09
1,922,26,476,1,13,1,9,P09
1,923,51,919,1,7,1,9,P09
1,924,20,519,1,6,1,9,P09
1,925,29,967,1,14,1,9,P09
1,926,86,741,1,9,1,9,P09
1,927,120,601,1,5,1,9,P09
1,928,45,569,1,8,1,9,P09
1,929,81,902,1,9,1,9,P09
1,930,76,518,1,10,1,9,P09
1,931,16,406,1,5,1,9,P09
1,932,42,453,1,8,1,9,P09
1,933,54,788,1,5,1,9,P09
1,934,33,851,1,17,1,9,P09
1,935,45,492,1,8,1,9,P09
1,936,25,520,1,6,1,9,P09
1,937,28,527,1,13,1,9,P09
1,938,78,908,1,9,1,9,P09
1,939,27,720,1,7,1,9,P09
1,940,55,626,1,5,1,9,P09
1,941,31,511,1,5,1,9,P09
1,942,27,902,1,5,1,9,P09
1,943,55,844,1,10,1,9,P09
1,944,12,664,1,15,1,9,P09
1,945,101,462,1,8,1,9,P09
1,946,54,769,1,7,1,9,P09
1,947,59,353,1,13,1,9,P09
1,948,158,723,1,4,1,9,P09
1,949,66,878,1,11,1,9,P09
1,950,161,503,1,4,1,9,P09
1,951,53,432,1,8,1,9,P09
1,952,29,949,1,9,1,9,P09
1,953,10,425,1,10,1,9,P09
1,954,62,393,1,9,1,9,P09
1,955,35,814,1,8,1,9,P09
1,956,63,718,1,12,1,9,P09
1,957,38,867,1,5,1,9,P09
1,958,88,593,1,8,1,9,P09
1,959,14,403,1,9,1,9,P09
1,960,128,863,1,6,1,9,P09
1,961,63,770,1,8,1,9,P09
1,962,15,526,1,7,1,9,P09
1,963,74,700,1,5,1,9,P09
1,964,43,819,1,13,1,9,P09
1,965,118,617,1,3,1,9,P09
1,966,37,576,1,19,1,9,P09
1,967,57,817,1,8,1,9,P09
1,968,32,499,1,9,1,9,P09
1,969,72,464,1,4,1,9,P09
1,970,38,464,1,8,1,9,P09
1,971,217,567,1,2,1,9,P09
1,972,72,631,1,12,1,9,P09
1,973,66,490,1,10,1,9,P09
1,974,10,416,1,3,1,9,P09
1,975,36,740,1,6,1,9,P09
1,976,44,948,1,12,1,9,P09
1,977,40,782,1,10,1,9,P09
1,978,50,727,1,10,1,9,P09
1,979,85,793,1,6,1,9,P09
1,980,21,445,1,10,1,9,P09
1,981,36,413,1,11,1,9,P09
1,982,50,797,1,9,1,9,P09
1,983,11,851,1,12,1,9,P09
1,984,50,811,1,10,1,9,P09
1,985,29,756,1,7,1,9,P09
1,986,38,636,1,13,1,9,P09
1,987,38,473,1,7,1,9,P09
1,988,52,775,1,10,1,9,P09
1,989,86,868,1,9,1,9,P09
1,990,25,583,1,11,1,9,P09
1,991,41,425,1,9,1,9,P09
1,992,57,760,1,7,1,9,P09
1,993,69,903,1,10,1,9,P09
1,994,100,717,1,7,1,9,P09
1,995,87,851,1,8,1,9,P09
1,996,104,887,1,9,1,9,P09
1,997,45,555,1,10,1,9,P09
1,998,36,621,1,5,1,9,P09
1,999,23,950,1,14,1,9,P09
1,1000,53,832,1,9,1,9,P09
2,1,232,400,1,1,1,3,P09
2,2,43,550,1,3,1,3,P09
2,3,57,706,1,1,1,3,P09
2,4,98,562,1,1,1,3,P09
2,5,119,804,1,1,1,3,P09
2,6,269,579,1,2,1,3,P09
2,7,216,748,1,1,1,3,P09
2,8,104,687,1,2,1,3,P09
2,9,121,540,1,4,1,3,P09
2,10,54,374,1,2,1,3,P09
2,11,154,722,1,3,1,3,P09
2,12,95,787,1,3,1,3,P09
2,13,52,606,1,1,1,3,P09
2,14,51,646,1,3,1,3,P09
2,15,123,811,1,1,1,3,P09
2,16,36,656,1,2,1,3,P09
2,17,85,361,1,5,1,3,P09
2,18,176,324,1,1,1,3,P09
2,19,18,427,1,2,1,3,P09
2,20,105,631,1,1,1,3,P09
2,21,87,686,1,2,1,3,P09
2,22,49,438,1,3,1,3,P09
2,23,80,461,1,5,1,3,P09
2,24,56,856,1,3,1,3,P09
2,25,207,746,1,3,1,3,P09
2,26,96,801,1,3,1,3,P09
2,27,131,833,1,2,1,3,P09
2,28,37,465,1,1,1,3,P09
2,29,47,490,1,3,1,3,P09
2,30,194,670,1,1,1,3,P09
2,31,305,327,1,3,1,3,P09
2,32,133,617,1,3,1,3,P09
2,33,109,866,1,3,1,3,P09
2,34,81,579,1,4,1,3,P09
2,35,95,618,1,1,1,3,P09
2,36,143,476,1,1,1,3,P09
2,37,25,426,1,4,1,3,P09
2,38,48,483,1,3,1,3,P09
2,39,31,403,1,2,1,3,P09
2,40,118,773,1,5,1,3,P09
2,41,28,582,1,5,1,3,P09
2,42,45,641,1,1,1,3,P09
2,43,143,470,1,2,1,3,P09
2,44,134,666,1,2,1,3,P09
2,45,120,391,1,2,1,3,P09
2,46,91,333,1,6,1,3,P09
2,47,184,697,1,3,1,3,P09
2,48,153,801,1,1,1,3,P09
2,49,100,868,1,3,1,3,P09
2,50,94,715,1,4,1,3,P09
2,51,68,397,1,1,1,3,P09
2,52,157,822,1,2,1,3,P09
2,53,210,521,1,3,1,3,P09
2,54,31,398,1,2,1,3,P09
2,55,172,452,1,1,1,3,P09
2,56,143,653,1,1,1,3,P09
2,57,73,394,1,2,1,3,P09
2,58,169,474,1,2,1,3,P09
2,59,31,445,1,5,1,3,P09
2,60,38,388,1,3,1,3,P09
2,61,49,407,1,2,1,3,P09
2,62,88,414,1,2,1,3,P09
2,63,111,819,1,1,1,3,P09
2,64,32,436,1,3,1,3,P09
2,65,82,779,1,2,1,3,P09
2,66,78,409,1,5,1,3,P09
2,67,144,442,1,1,1,3,P09
2,68,51,671,1,2,1,3,P09
2,69,75,491,1,3,1,3,P09
2,70,131,518,1,3,1,3,P09
2,71,156,622,1,3,1,3,P09
2,72,117,812,1,4,1,3,P09
2,73,52,660,1,1,1,3,P09
2,74,104,803,1,7,1,3,P09
2,75,49,520,1,1,1,3,P09
2,76,107,890,1,1,1,3,P09
2,77,33,810,1,2,1,3,P09
2,78,60,848,1,5,1,3,P09
2,79,31,723,1,6,1,3,P09
2,80,122,653,1,1,1,3,P09
2,81,141,697,1,4,1,3,P09
2,82,22,432,1,3,1,3,P09
2,83,53,573,1,4,1,3,P09
2,84,170,380,1,4,1,3,P09
2,85,84,486,1,5,1,3,P09
2,86,100,819,1,3,1,3,P09
2,87,242,595,1,2,1,3,P09
2,88,29,930,1,3,1,3,P09
2,89,121,314,1,1,1,3,P09
2,90,84,823,1,1,1,3,P09
2,91,91,441,1,3,1,3,P09
2,92,41,604,1,2,1,3,P09
2,93,74,368,1,4,1,3,P09
2,94,151,521,1,4,1,3,P09
2,95,40,393,1,2,1,3,P09
2,96,94,557,1,4,1,3,P09
2,97,48,508,1,3,1,3,P09
2,98,93,622,1,6,1,3,P09
2,99,128,576,1,1,1,3,P09
2,100,366,337,1,2,1,3,P09
2,101,118,482,1,2,1,3,P09
2,102,65,403,1,3,1,3,P09
2,103,97,607,1,2,1,3,P09
2,104,162,813,1,1,1,3,P09
2,105,76,691,1,6,1,3,P09
2,106,119,602,1,4,1,3,P09
2,107,250,689,1,2,1,3,P09
2,108,229,615,1,1,1,3,P09
2,109,75,683,1,7,1,3,P09
2,110,75,455,1,3,1,3,P09
2,111,41,385,1,3,1,3,P09
2,112,43,589,1,3,1,3,P09
2,113,243,575,1,4,1,3,P09
2,114,135,853,1,2,1,3,P09
2,115,117,556,2,2,1,3,P09
2,116,51,700,1,3,1,3,P09
2,117,109,686,1,5,1,3,P09
2,118,160,493,1,3,1,3,P09
2,119,62,518,1,4,1,3,P09
2,120,117,741,1,2,1,3,P09
2,121,70,626,1,3,1,3,P09
2,122,53,514,1,1,1,3,P09
2,123,129,580,1,3,1,3,P09
2,124,112,706,1,5,1,3,P09
2,125,126,739,1,2,1,3,P09
2,126,112,702,1,1,1,3,P09
2,127,20,526,1,2,1,3,P09
2,128,69,464,1,2,1,3,P09
2,129,58,843,1,3,1,3,P09
2,130,82,728,1,2,1,3,P09
2,131,90,899,1,8,1,3,P09
2,132,132,450,1,4,1,3,P09
2,133,140,658,1,1,1,3,P09
2,134,66,805,1,1,1,3,P09
2,135,39,577,1,1,1,3,P09
2,136,60,504,1,1,1,3,P09
2,137,68,687,1,1,1,3,P09
2,138,181,540,1,6,1,3,P09
2,139,130,619,1,2,1,3,P09
2,140,166,322,1,2,1,3,P09
2,141,91,400,1,4,1,3,P09
2,142,72,354,1,2,1,3,P09
2,143,84,881,1,3,1,3,P09
2,144,73,854,1,1,1,3,P09
2,145,83,744,1,5,1,3,P09
2,146,133,785,1,2,1,3,P09
2,147,78,783,1,4,1,3,P09
2,148,65,340,1,1,1,3,P09
2,149,175,734,1,2,1,3,P09
2,150,128,370,1,3,1,3,P09
2,151,138,776,1,1,1,3,P09
2,152,104,801,1,1,1,3,P09
2,153,102,895,1,3,1,3,P09
2,154,54,610,1,2,1,3,P09
2,155,70,800,1,1,1,3,P09
2,156,90,657,1,3,1,3,P09
2,157,43,516,1,1,1,3,P09
2,158,42,878,1,4,1,3,P09
2,159,110,415,1,3,1,3,P09
2,160,173,696,1,4,1,3,P09
2,161,169,607,1,3,1,3,P09
2,162,37,505,1,3,1,3,P09
2,163,159,755,1,5,1,3,P09
2,164,17,442,1,5,1,3,P09
2,165,106,684,1,1,1,3,P09
2,166,81,534,1,6,1,3,P09
2,167,22,448,1,6,1,3,P09
2,168,254,641,1,2,1,3,P09
2,169,59,737,1,3,1,3,P09
2,170,90,607,1,7,1,3,P09
2,171,111,568,1,1,1,3,P09
2,172,135,416,1,5,1,3,P09
2,173,89,707,1,1,1,3,P09
2,174,82,333,1,2,1,3,P09
2,175,36,374,1,4,1,3,P09
2,176,206,577,1,4,1,3,P09
2,177,105,731,1,2,1,3,P09
2,178,58,816,1,1,1,3,P09
2,179,84,333,1,1,1,3,P09
2,180,58,696,1,2,1,3,P09
2,181,362,466,1,2,1,3,P09
2,182,82,392,2,2,1,3,P09
2,183,59,442,1,5,1,3,P09
2,184,156,450,1,3,1,3,P09
2,185,86,502,1,4,1,3,P09
2,186,167,502,1,5,1,3,P09
2,187,88,883,1,3,1,3,P09
2,188,188,693,1,2,1,3,P09
2,189,94,698,1,3,1,3,P09
2,190,59,353,1,4,1,3,P09
2,191,148,543,1,4,1,3,P09
2,192,97,664,1,6,1,3,P09
2,193,207,461,1,3,1,3,P09
2,194,42,481,1,1,1,3,P09
2,195,216,649,2,1,1,3,P09
2,196,82,710,1,3,1,3,P09
2,197,71,566,1,5,1,3,P09
2,198,127,819,1,1,1,3,P09
2,199,66,498,1,3,1,3,P09
2,200,45,669,1,6,1,3,P09
2,201,66,931,1,1,1,3,P09
2,202,40,537,1,2,1,3,P09
2,203,94,667,1,1,1,3,P09
2,204,81,727,1,1,1,3,P09
2,205,73,339,1,1,1,3,P09
2,206,69,387,1,1,1,3,P09
2,207,38,525,1,2,1,3,P09
2,208,47,433,1,2,1,3,P09
2,209,107,843,1,1,1,3,P09
2,210,104,328,1,5,1,3,P09
2,211,112,572,1,2,1,3,P09
2,212,148,521,1,1,1,3,P09
2,213,48,533,1,8,1,3,P09
2,214,28,393,1,4,1,3,P09
2,215,61,393,1,2,1,3,P09
2,216,83,356,1,3,1,3,P09
2,217,152,786,1,2,1,3,P09
2,218,89,633,1,6,1,3,P09
2,219,57,785,1,5,1,3,P09
2,220,52,662,1,1,1,3,P09
2,221,203,739,1,1,1,3,P09
2,222,115,803,1,4,1,3,P09
2,223,59,442,1,3,1,3,P09
2,224,192,788,1,2,1,3,P09
2,225,153,587,1,1,1,3,P09
2,226,84,863,1,1,1,3,P09
2,227,58,452,1,1,1,3,P09
2,228,56,582,1,4,1,3,P09
2,229,115,738,1,4,1,3,P09
2,230,98,890,1,3,1,3,P09
2,231,58,738,1,5,1,3,P09
2,232,90,339,1,4,1,3,P09
2,233,255,621,1,3,1,3,P09
2,234,87,845,1,1,1,3,P09
2,235,149,360,1,1,1,3,P09
2,236,82,352,1,3,1,3,P09
2,237,177,719,1,2,1,3,P09
2,238,99,409,1,3,1,3,P09
2,239,60,564,1,1,1,3,P09
2,240,75,821,1,4,1,3,P09
2,241,156,843,1,1,1,3,P09
2,242,75,495,1,3,1,3,P09
2,243,33,379,1,2,1,3,P09
2,244,135,723,1,4,1,3,P09
2,245,172,471,1,3,1,3,P09
2,246,155,619,1,1,1,3,P09
2,247,46,779,1,4,1,3,P09
2,248,137,374,1,3,1,3,P09
2,249,187,764,2,1,1,3,P09
2,250,46,413,1,1,1,3,P09
2,251,235,762,1,4,1,3,P09
2,252,36,632,1,2,1,3,P09
2,253,113,745,1,3,1,3,P09
2,254,88,592,1,3,1,3,P09
2,255,243,749,1,1,1,3,P09
2,256,30,414,1,3,1,3,P09
2,257,182,571,1,4,1,3,P09
2,258,120,837,1,6,1,3,P09
2,259,44,473,1,3,1,3,P09
2,260,47,725,1,5,1,3,P09
2,261,116,881,1,5,1,3,P09
2,262,141,315,1,5,1,3,P09
2,263,72,886,1,1,1,3,P09
2,264,95,834,1,4,1,3,P09
2,265,47,551,1,2,1,3,P09
2,266,148,720,1,3,1,3,P09
2,267,117,357,1,4,1,3,P09
2,268,33,716,1,3,1,3,P09
2,269,72,737,1,3,1,3,P09
2,270,43,844,1,1,1,3,P09
2,271,59,916,1,6,1,3,P09
2,272,94,875,1,7,1,3,P09
2,273,109,789,1,3,1,3,P09
2,274,109,575,1,1,1,3,P09
2,275,110,654,1,5,1,3,P09
2,276,115,645,1,1,1,3,P09
2,277,130,672,1,4,1,3,P09
2,278,70,459,1,4,1,3,P09
2,279,109,672,1,4,1,3,P09
2,280,128,590,1,1,1,3,P09
2,281,36,570,1,3,1,3,P09
2,282,117,637,1,4,1,3,P09
2,283,90,509,1,3,1,3,P09
2,284,84,717,1,1,1,3,P09
2,285,89,462,1,5,1,3,P09
2,286,163,706,1,3,1,3,P09
2,287,99,838,1,3,1,3,P09
2,288,286,626,1,1,1,3,P09
2,289,44,416,1,3,1,3,P09
2,290,46,590,1,2,1,3,P09
2,291,177,710,1,1,1,3,P09
2,292,92,896,1,4,1,3,P09
2,293,54,419,1,3,1,3,P09
2,294,84,546,1,1,1,3,P09
2,295,95,814,1,3,1,3,P09
2,296,72,336,1,2,1,3,P09
2,297,30,577,1,5,1,3,P09
2,298,194,515,1,2,1,3,P09
2,299,102,744,1,1,1,3,P09
2,300,53,937,1,2,1,3,P09
2,301,101,790,1,5,1,3,P09
2,302,99,702,1,2,1,3,P09
2,303,23,389,1,1,1,3,P09
2,304,114,461,1,2,1,3,P09
2,305,41,481,1,2,1,3,P09
2,306,84,827,1,3,1,3,P09
2,307,56,385,1,5,1,3,P09
2,308,70,494,1,2,1,3,P09
2,309,76,729,1,2,1,3,P09
2,310,52,386,1,1,1,3,P09
2,311,166,815,1,2,1,3,P09
2,312,44,421,1,4,1,3,P09
2,313,63,798,1,2,1,3,P09
2,314,147,789,1,2,1,3,P09
2,315,164,735,1,1,1,3,P09
2,316,93,537,1,2,1,3,P09
2,317,73,454,1,4,1,3,P09
2,318,43,743,1,4,1,3,P09
2,319,77,759,1,1,1,3,P09
2,320,69,796,1,2,1,3,P09
2,321,102,602,1,1,1,3,P09
2,322,93,767,2,4,1,3,P09
2,323,38,654,1,1,1,3,P09
2,324,95,500,1,1,1,3,P09
2,325,195,489,1,1,1,3,P09
2,326,80,424,1,2,1,3,P09
2,327,11,724,1,4,1,3,P09
2,328,137,342,1,5,1,3,P09
2,329,72,415,1,1,1,3,P09
2,330,150,774,1,2,1,3,P09
2,331,101,445,1,2,1,3,P09
2,332,200,594,1,2,1,3,P09
2,333,57,600,1,1,1,3,P09
2,334,91,429,1,1,1,3,P09
2,335,145,780,1,2,1,3,P09
2,336,99,471,1,1,1,3,P09
2,337,59,425,1,2,1,3,P09
2,338,77,681,1,2,1,3,P09
2,339,208,678,1,1,1,3,P09
2,340,23,700,1,4,1,3,P09
2,341,75,589,1,2,1,3,P09
2,342,37,398,1,2,1,3,P09
2,343,95,500,1,3,1,3,P09
2,344,51,501,1,3,1,3,P09
2,345,29,464,1,2,1,3,P09
2,346,110,492,1,6,1,3,P09
2,347,147,832,1,3,1,3,P09
2,348,60,720,1,1,1,3,P09
2,349,46,469,1,3,1,3,P09
2,350,56,835,1,5,1,3,P09
2,351,208,746,1,5,1,3,P09
2,352,45,790,1,5,1,3,P09
2,353,48,813,1,4,1,3,P09
2,354,70,641,1,2,1,3,P09
2,355,150,509,1,3,1,3,P09
2,356,210,437,1,3,1,3,P09
2,357,35,436,1,1,1,3,P09
2,358,95,834,1,4,1,3,P09
2,359,49,527,1,4,1,3,P09
2,360,158,566,1,3,1,3,P09
2,361,58,419,1,3,1,3,P09
2,362,100,818,1,5,1,3,P09
2,363,139,567,1,2,1,3,P09
2,364,174,486,1,1,1,3,P09
2,365,167,516,1,2,1,3,P09
2,366,177,620,1,2,1,3,P09
2,367,123,859,1,3,1,3,P09
2,368,37,783,1,2,1,3,P09
2,369,64,709,1,3,1,3,P09
2,370,62,931,1,6,1,3,P09
2,371,28,385,1,3,1,3,P09
2,372,192,742,1,4,1,3,P09
2,373,144,276,1,2,1,3,P09
2,374,119,809,1,2,1,3,P09
2,375,22,390,1,8,1,3,P09
2,376,140,689,1,2,1,3,P09
2,377,180,618,1,1,1,3,P09
2,378,40,622,1,3,1,3,P09
2,379,34,380,1,5,1,3,P09
2,380,109,712,1,3,1,3,P09
2,381,152,251,1,1,1,3,P09
2,382,44,424,1,2,1,3,P09
2,383,64,583,1,5,1,3,P09
2,384,139,721,1,3,1,3,P09
2,385,73,765,1,1,1,3,P09
2,386,33,544,1,1,1,3,P09
2,387,103,466,1,4,1,3,P09
2,388,26,480,1,1,1,3,P09
2,389,28,437,1,3,1,3,P09
2,390,70,572,1,1,1,3,P09
2,391,75,701,1,3,1,3,P09
2,392,61,374,1,4,1,3,P09
2,393,48,592,1,1,1,3,P09
2,394,150,531,1,5,1,3,P09
2,395,97,360,1,1,1,3,P09
2,396,57,538,1,2,1,3,P09
2,397,49,463,1,3,1,3,P09
2,398,123,695,1,3,1,3,P09
2,399,50,558,1,3,1,3,P09
2,400,67,562,1,1,1,3,P09
2,401,131,526,1,3,1,3,P09
2,402,103,741,1,1,1,3,P09
2,403,154,722,1,2,1,3,P09
2,404,51,517,1,2,1,3,P09
2,405,176,690,1,2,1,3,P09
2,406,150,555,1,10,1,3,P09
2,407,56,421,1,3,1,3,P09
2,408,141,760,1,4,1,3,P09
2,409,24,385,1,5,1,3,P09
2,410,96,450,1,2,1,3,P09
2,411,131,660,1,3,1,3,P09
2,412,141,428,1,2,1,3,P09
2,413,171,759,1,1,1,3,P09
2,414,60,777,1,2,1,3,P09
2,415,303,592,1,3,1,3,P09
2,416,59,529,1,6,1,3,P09
2,417,386,582,1,1,1,3,P09
2,418,84,326,1,1,1,3,P09
2,419,156,775,1,1,1,3,P09
2,420,124,730,1,3,1,3,P09
2,421,92,767,1,3,1,3,P09
2,422,85,833,1,2,1,3,P09
2,423,92,772,1,3,1,3,P09
2,424,64,346,1,1,1,3,P09
2,425,46,616,1,4,1,3,P09
2,426,242,533,1,5,1,3,P09
2,427,107,617,1,4,1,3,P09
2,428,80,788,1,3,1,3,P09
2,429,56,428,1,2,1,3,P09
2,430,43,850,1,1,1,3,P09
2,431,231,655,1,1,1,3,P09
2,432,94,400,1,3,1,3,P09
2,433,92,572,1,4,1,3,P09
2,434,24,564,1,3,1,3,P09
2,435,45,355,1,1,1,3,P09
2,436,68,404,1,2,1,3,P09
2,437,141,668,1,1,1,3,P09
2,438,63,522,1,5,1,3,P09
2,439,42,524,1,2,1,3,P09
2,440,22,441,1,4,1,3,P09
2,441,78,810,1,3,1,3,P09
2,442,160,742,1,3,1,3,P09
2,443,152,425,1,4,1,3,P09
2,444,42,530,1,2,1,3,P09
2,445,168,805,1,5,1,3,P09
2,446,67,785,1,1,1,3,P09
2,447,92,653,1,1,1,3,P09
2,448,82,639,1,3,1,3,P09
2,449,51,840,1,1,1,3,P09
2,450,113,871,1,3,1,3,P09
2,451,91,612,1,4,1,3,P09
2,452,58,657,1,4,1,3,P09
2,453,55,522,1,5,1,3,P09
2,454,75,635,1,4,1,3,P09
2,455,41,415,1,1,1,3,P09
2,456,37,372,1,2,1,3,P09
2,457,45,494,1,2,1,3,P09
2,458,115,718,1,2,1,3,P09
2,459,282,712,1,1,1,3,P09
2,460,35,379,1,2,1,3,P09
2,461,95,597,1,3,1,3,P09
2,462,111,831,1,3,1,3,P09
2,463,125,731,1,3,1,3,P09
2,464,144,549,1,5,1,3,P09
2,465,63,513,1,3,1,3,P09
2,466,95,756,1,2,1,3,P09
2,467,56,385,1,6,1,3,P09
2,468,75,524,1,1,1,3,P09
2,469,48,566,1,2,1,3,P09
2,470,72,478,1,1,1,3,P09
2,471,65,906,1,3,1,3,P09
2,472,195,369,1,2,1,3,P09
2,473,73,761,1,1,1,3,P09
2,474,13,395,1,3,1,3,P09
2,475,56,711,1,1,1,3,P09
2,476,153,755,1,3,1,3,P09
2,477,182,431,1,1,1,3,P09
2,478,69,540,1,2,1,3,P09
2,479,113,427,1,1,1,3,P09
2,480,150,775,1,3,1,3,P09
2,481,349,610,2,2,1,3,P09
2,482,71,413,1,3,1,3,P09
2,483,71,634,1,4,1,3,P09
2,484,192,536,1,4,1,3,P09
2,485,93,812,1,2,1,3,P09
2,486,30,434,1,4,1,3,P09
2,487,85,907,1,4,1,3,P09
2,488,118,528,1,2,1,3,P09
2,489,184,328,1,3,1,3,P09
2,490,71,428,1,3,1,3,P09
2,491,46,408,1,1,1,3,P09
2,492,56,562,1,4,1,3,P09
2,493,104,883,1,3,1,3,P09
2,494,176,402,1,1,1,3,P09
2,495,53,759,1,3,1,3,P09
2,496,31,460,1,3,1,3,P09
2,497,77,566,1,1,1,3,P09
2,498,234,690,1,1,1,3,P09
2,499,86,870,1,4,1,3,P09
2,500,25,523,1,6,1,3,P09
2,501,125,730,1,1,1,3,P09
2,502,158,824,1,2,1,3,P09
2,503,191,598,1,1,1,3,P09
2,504,81,459,1,3,1,3,P09
2,505,98,374,1,4,1,3,P09
2,506,102,454,1,1,1,3,P09
2,507,201,737,1,3,1,3,P09
2,508,69,372,1,3,1,3,P09
2,509,86,911,1,6,1,3,P09
2,510,86,894,1,3,1,3,P09
2,511,85,614,1,1,1,3,P09
2,512,46,662,1,2,1,3,P09
2,513,87,719,1,3,1,3,P09
2,514,31,525,1,1,1,3,P09
2,515,65,858,1,4,1,3,P09
2,516,72,912,1,3,1,3,P09
2,517,130,469,1,2,1,3,P09
2,518,100,302,1,2,1,3,P09
2,519,60,860,1,3,1,3,P09
2,520,104,619,1,1,1,3,P09
2,521,55,366,1,1,1,3,P09
2,522,25,606,1,4,1,3,P09
2,523,60,461,1,2,1,3,P09
2,524,110,532,1,1,1,3,P09
2,525,123,494,1,1,1,3,P09
2,526,71,830,1,2,1,3,P09
2,527,82,644,1,1,1,3,P09
2,528,143,752,1,5,1,3,P09
2,529,172,776,1,2,1,3,P09
2,530,50,665,1,5,1,3,P09
2,531,87,872,1,1,1,3,P09
2,532,59,638,1,4,1,3,P09
2,533,39,655,1,4,1,3,P09
2,534,76,345,1,3,1,3,P09
2,535,47,574,1,3,1,3,P09
2,536,178,718,1,2,1,3,P09
2,537,74,794,1,1,1,3,P09
2,538,95,383,1,5,1,3,P09
2,539,96,756,1,3,1,3,P09
2,540,117,681,1,6,1,3,P09
2,541,113,627,1,1,1,3,P09
2,542,77,629,1,1,1,3,P09
2,543,46,733,1,2,1,3,P09
2,544,66,424,1,6,1,3,P09
2,545,93,688,1,3,1,3,P09
2,546,55,401,1,2,1,3,P09
2,547,146,707,1,1,1,3,P09
2,548,248,444,1,3,1,3,P09
2,549,88,350,1,2,1,3,P09
2,550,133,677,1,3,1,3,P09
2,551,61,465,1,1,1,3,P09
2,552,43,473,1,2,1,3,P09
2,553,73,565,1,1,1,3,P09
2,554,87,490,1,1,1,3,P09
2,555,173,539,1,3,1,3,P09
2,556,97,736,1,3,1,3,P09
2,557,60,354,1,3,1,3,P09
2,558,89,622,1,4,1,3,P09
2,559,51,370,1,1,1,3,P09
2,560,94,592,1,2,1,3,P09
2,561,44,564,1,2,1,3,P09
2,562,75,364,1,3,1,3,P09
2,563,132,775,1,2,1,3,P09
2,564,97,598,1,5,1,3,P09
2,565,90,824,1,2,1,3,P09
2,566,170,780,1,4,1,3,P09
2,567,131,512,1,2,1,3,P09
2,568,70,818,1,1,1,3,P09
2,569,146,355,1,1,1,3,P09
2,570,122,748,1,2,1,3,P09
2,571,122,426,1,3,1,3,P09
2,572,29,573,1,3,1,3,P09
2,573,70,765,1,2,1,3,P09
2,574,160,427,1,3,1,3,P09
2,575,61,418,1,1,1,3,P09
2,576,24,714,1,3,1,3,P09
2,577,84,784,1,4,1,3,P09
2,578,113,290,1,3,1,3,P09
2,579,116,774,1,3,1,3,P09
2,580,229,532,1,5,1,3,P09
2,581,267,236,1,1,1,3,P09
2,582,42,392,1,2,1,3,P09
2,583,16,586,1,2,1,3,P09
2,584,92,548,1,1,1,3,P09
2,585,58,423,1,2,1,3,P09
2,586,250,680,1,3,1,3,P09
2,587,210,698,1,1,1,3,P09
2,588,134,631,1,6,1,3,P09
2,589,129,476,1,7,1,3,P09
2,590,185,579,1,2,1,3,P09
2,591,49,505,1,4,1,3,P09
2,592,43,798,1,2,1,3,P09
2,593,95,532,1,1,1,3,P09
2,594,140,739,1,4,1,3,P09
2,595,39,433,1,7,1,3,P09
2,596,247,683,1,1,1,3,P09
2,597,110,823,1,3,1,3,P09
2,598,46,696,1,5,1,3,P09
2,599,64,697,1,2,1,3,P09
2,600,91,777,1,5,1,3,P09
2,601,36,794,1,6,1,3,P09
2,602,169,536,1,1,1,3,P09
2,603,108,640,1,1,1,3,P09
2,604,95,579,1,1,1,3,P09
2,605,53,513,1,4,1,3,P09
2,606,182,444,1,1,1,3,P09
2,607,61,367,1,4,1,3,P09
2,608,100,524,1,2,1,3,P09
2,609,84,660,1,2,1,3,P09
2,610,63,349,1,2,1,3,P09
2,611,165,655,1,1,1,3,P09
2,612,68,459,1,2,1,3,P09
2,613,103,412,1,3,1,3,P09
2,614,174,656,1,2,1,3,P09
2,615,40,417,1,1,1,3,P09
2,616,147,825,1,1,1,3,P09
2,617,77,819,1,5,1,3,P09
2,618,223,776,1,1,1,3,P09
2,619,121,697,1,5,1,3,P09
2,620,133,797,1,3,1,3,P09
2,621,90,891,1,5,1,3,P09
2,622,112,564,1,3,1,3,P09
2,623,91,816,1,2,1,3,P09
2,624,71,601,1,3,1,3,P09
2,625,107,622,1,2,1,3,P09
2,626,114,687,1,1,1,3,P09
2,627,34,707,1,2,1,3,P09
2,628,20,531,1,2,1,3,P09
2,629,44,388,1,2,1,3,P09
2,630,119,418,1,1,1,3,P09
2,631,47,691,1,4,1,3,P09
2,632,124,672,1,7,1,3,P09
2,633,59,844,1,4,1,3,P09
2,634,48,742,1,4,1,3,P09
2,635,115,324,1,1,1,3,P09
2,636,69,806,1,1,1,3,P09
2,637,31,458,1,2,1,3,P09
2,638,112,638,1,1,1,3,P09
2,639,185,626,1,4,1,3,P09
2,640,146,360,1,1,1,3,P09
2,641,78,358,1,4,1,3,P09
2,642,66,491,1,3,1,3,P09
2,643,30,374,1,7,1,3,P09
2,644,89,597,1,2,1,3,P09
2,645,120,724,1,2,1,3,P09
2,646,196,513,1,1,1,3,P09
2,647,40,611,1,5,1,3,P09
2,648,58,466,1,4,1,3,P09
2,649,47,378,1,3,1,3,P09
2,650,104,665,1,2,1,3,P09
2,651,68,675,1,1,1,3,P09
2,652,78,326,1,6,1,3,P09
2,653,74,776,1,1,1,3,P09
2,654,64,558,1,2,1,3,P09
2,655,60,850,1,5,1,3,P09
2,656,87,891,1,2,1,3,P09
2,657,44,872,1,2,1,3,P09
2,658,183,530,1,1,1,3,P09
2,659,183,659,1,2,1,3,P09
2,660,140,658,1,1,1,3,P09
2,661,103,826,1,1,1,3,P09
2,662,91,863,1,1,1,3,P09
2,663,59,734,1,1,1,3,P09
2,664,96,632,2,2,1,3,P09
2,665,89,818,1,5,1,3,P09
2,666,183,301,1,1,1,3,P09
2,667,246,694,1,1,1,3,P09
2,668,59,402,1,7,1,3,P09
2,669,83,730,1,4,1,3,P09
2,670,74,506,1,3,1,3,P09
2,671,208,318,1,2,1,3,P09
2,672,58,707,1,2,1,3,P09
2,673,98,733,1,3,1,3,P09
2,674,69,633,1,3,1,3,P09
2,675,91,506,1,5,1,3,P09
2,676,47,557,1,1,1,3,P09
2,677,72,601,1,2,1,3,P09
2,678,35,804,1,3,1,3,P09
2,679,74,401,1,6,1,3,P09
2,680,116,402,1,2,1,3,P09
2,681,96,709,1,3,1,3,P09
2,682,66,343,1,4,1,3,P09
2,683,110,414,1,2,1,3,P09
2,684,38,399,1,1,1,3,P09
2,685,143,621,1,1,1,3,P09
2,686,55,575,1,3,1,3,P09
2,687,116,806,1,1,1,3,P09
2,688,104,711,1,4,1,3,P09
2,689,93,600,1,5,1,3,P09
2,690,27,451,1,3,1,3,P09
2,691,75,813,1,2,1,3,P09
2,692,76,730,1,2,1,3,P09
2,693,102,803,1,1,1,3,P09
2,694,184,579,1,3,1,3,P09
2,695,65,502,1,1,1,3,P09
2,696,31,374,1,6,1,3,P09
2,697,87,826,1,1,1,3,P09
2,698,75,509,1,3,1,3,P09
2,699,90,740,1,3,1,3,P09
2,700,142,544,1,4,1,3,P09
2,701,87,704,1,4,1,3,P09
2,702,52,573,1,3,1,3,P09
2,703,114,462,1,3,1,3,P09
2,704,67,374,1,1,1,3,P09
2,705,83,497,1,4,1,3,P09
2,706,72,374,1,2,1,3,P09
2,707,99,717,1,1,1,3,P09
2,708,137,811,1,2,1,3,P09
2,709,65,481,1,3,1,3,P09
2,710,96,865,1,1,1,3,P09
2,711,83,800,1,2,1,3,P09
2,712,62,470,1,1,1,3,P09
2,713,67,440,1,4,1,3,P09
2,714,34,408,1,4,1,3,P09
2,715,62,406,1,2,1,3,P09
2,716,81,329,1,3,1,3,P09
2,717,156,484,1,2,1,3,P09
2,718,141,634,1,5,1,3,P09
2,719,220,491,1,3,1,3,P09
2,720,121,700,1,3,1,3,P09
2,721,68,435,1,2,1,3,P09
2,722,66,816,1,1,1,3,P09
2,723,111,506,1,5,1,3,P09
2,724,107,529,1,2,1,3,P09
2,725,65,353,1,2,1,3,P09
2,726,200,700,1,1,1,3,P09
2,727,65,424,1,8,1,3,P09
2,728,179,605,1,1,1,3,P09
2,729,192,747,1,3,1,3,P09
2,730,116,830,1,3,1,3,P09
2,731,35,596,1,3,1,3,P09
2,732,83,634,1,8,1,3,P09
2,733,49,561,1,3,1,3,P09
2,734,72,342,1,1,1,3,P09
2,735,56,590,1,4,1,3,P09
2,736,149,443,1,3,1,3,P09
2,737,72,664,1,7,1,3,P09
2,738,32,672,1,2,1,3,P09
2,739,101,722,1,3,1,3,P09
2,740,28,722,1,7,1,3,P09
2,741,116,394,1,4,1,3,P09
2,742,72,899,1,3,1,3,P09
2,743,120,568,1,4,1,3,P09
2,744,39,478,1,5,1,3,P09
2,745,174,471,1,4,1,3,P09
2,746,52,597,1,1,1,3,P09
2,747,130,817,1,2,1,3,P09
2,748,129,849,1,1,1,3,P09
2,749,60,468,1,4,1,3,P09
2,750,34,784,1,5,1,3,P09
2,751,95,869,1,2,1,3,P09
2,752,72,599,1,3,1,3,P09
2,753,90,652,1,3,1,3,P09
2,754,209,611,1,2,1,3,P09
2,755,36,409,1,1,1,3,P09
2,756,104,502,1,1,1,3,P09
2,757,243,393,2,1,1,3,P09
2,758,118,554,1,1,1,3,P09
2,759,122,648,1,1,1,3,P09
2,760,42,404,1,7,1,3,P09
2,761,70,809,1,5,1,3,P09
2,762,35,372,1,1,1,3,P09
2,763,67,708,1,1,1,3,P09
2,764,70,791,1,4,1,3,P09
2,765,180,613,1,1,1,3,P09
2,766,98,596,1,4,1,3,P09
2,767,76,903,1,1,1,3,P09
2,768,37,705,1,3,1,3,P09
2,769,120,534,1,4,1,3,P09
2,770,102,591,1,3,1,3,P09
2,771,75,395,1,3,1,3,P09
2,772,182,811,1,1,1,3,P09
2,773,174,703,1,1,1,3,P09
2,774,175,576,1,1,1,3,P09
2,775,60,573,1,1,1,3,P09
2,776,52,536,1,4,1,3,P09
2,777,42,545,1,6,1,3,P09
2,778,45,410,1,3,1,3,P09
2,779,109,689,1,1,1,3,P09
2,780,99,838,1,1,1,3,P09
2,781,64,508,1,1,1,3,P09
2,782,227,483,1,2,1,3,P09
2,783,99,776,1,4,1,3,P09
2,784,171,318,1,2,1,3,P09
2,785,60,544,1,1,1,3,P09
2,786,95,690,1,2,1,3,P09
2,787,76,712,1,3,1,3,P09
2,788,230,678,1,2,1,3,P09
2,789,227,718,1,2,1,3,P09
2,790,109,851,1,3,1,3,P09
2,791,92,822,1,1,1,3,P09
2,792,76,920,1,2,1,3,P09
2,793,62,564,1,1,1,3,P09
2,794,29,378,1,4,1,3,P09
2,795,52,542,1,3,1,3,P09
2,796,119,873,1,1,1,3,P09
2,797,60,366,1,4,1,3,P09
2,798,130,779,1,1,1,3,P09
2,799,55,865,1,3,1,3,P09
2,800,103,762,1,3,1,3,P09
2,801,114,439,1,1,1,3,P09
2,802,68,570,1,1,1,3,P09
2,803,84,387,1,4,1,3,P09
2,804,43,366,1,1,1,3,P09
2,805,122,784,1,2,1,3,P09
2,806,73,568,1,2,1,3,P09
2,807,105,623,1,1,1,3,P09
2,808,144,741,1,9,1,3,P09
2,809,68,581,1,3,1,3,P09
2,810,83,728,1,1,1,3,P09
2,811,59,403,1,4,1,3,P09
2,812,68,774,1,4,1,3,P09
2,813,136,298,1,2,1,3,P09
2,814,98,331,1,1,1,3,P09
2,815,161,555,1,1,1,3,P09
2,816,106,588,1,2,1,3,P09
2,817,113,814,1,2,1,3,P09
2,818,206,350,1,2,1,3,P09
2,819,64,647,1,1,1,3,P09
2,820,49,851,1,4,1,3,P09
2,821,57,842,1,3,1,3,P09
2,822,140,600,1,6,1,3,P09
2,823,60,600,1,4,1,3,P09
2,824,57,729,1,3,1,3,P09
2,825,201,592,1,3,1,3,P09
2,826,64,408,1,1,1,3,P09
2,827,82,474,1,3,1,3,P09
2,828,186,700,1,2,1,3,P09
2,829,71,792,1,7,1,3,P09
2,830,98,393,1,2,1,3,P09
2,831,28,414,1,5,1,3,P09
2,832,150,795,1,3,1,3,P09
2,833,210,641,1,3,1,3,P09
2,834,24,496,1,2,1,3,P09
2,835,27,546,1,5,1,3,P09
2,836,311,620,2,1,1,3,P09
2,837,114,758,1,3,1,3,P09
2,838,64,642,1,9,1,3,P09
2,839,176,697,1,2,1,3,P09
2,840,77,585,1,3,1,3,P09
2,841,92,539,1,2,1,3,P09
2,842,155,830,1,2,1,3,P09
2,843,67,706,1,1,1,3,P09
2,844,51,889,1,4,1,3,P09
2,845,177,723,1,3,1,3,P09
2,846,170,818,1,1,1,3,P09
2,847,46,650,1,1,1,3,P09
2,848,96,680,1,4,1,3,P09
2,849,89,771,1,2,1,3,P09
2,850,59,550,1,1,1,3,P09
2,851,178,726,1,5,1,3,P09
2,852,61,364,1,3,1,3,P09
2,853,65,663,1,1,1,3,P09
2,854,27,718,1,3,1,3,P09
2,855,122,669,1,6,1,3,P09
2,856,85,754,1,2,1,3,P09
2,857,180,566,1,2,1,3,P09
2,858,66,593,1,1,1,3,P09
2,859,244,577,1,1,1,3,P09
2,860,64,470,1,4,1,3,P09
2,861,143,683,1,2,1,3,P09
2,862,70,853,1,1,1,3,P09
2,863,133,559,1,3,1,3,P09
2,864,204,792,1,2,1,3,P09
2,865,151,818,1,3,1,3,P09
2,866,41,473,1,1,1,3,P09
2,867,23,521,1,1,1,3,P09
2,868,100,560,1,1,1,3,P09
2,869,79,689,1,2,1,3,P09
2,870,67,405,1,6,1,3,P09
2,871,82,418,1,1,1,3,P09
2,872,36,422,1,3,1,3,P09
2,873,88,536,1,1,1,3,P09
2,874,20,564,1,3,1,3,P09
2,875,82,528,1,1,1,3,P09
2,876,67,734,1,4,1,3,P09
2,877,86,497,1,3,1,3,P09
2,878,109,673,1,4,1,3,P09
2,879,64,430,1,3,1,3,P09
2,880,30,464,1,3,1,3,P09
2,881,71,685,1,1,1,3,P09
2,882,133,308,1,2,1,3,P09
2,883,48,471,1,3,1,3,P09
2,884,68,664,1,1,1,3,P09
2,885,123,686,1,4,1,3,P09
2,886,37,451,1,3,1,3,P09
2,887,83,376,1,1,1,3,P09
2,888,115,768,1,3,1,3,P09
2,889,115,787,1,2,1,3,P09
2,890,110,605,1,3,1,3,P09
2,891,127,733,1,3,1,3,P09
2,892,134,343,1,3,1,3,P09
2,893,217,765,1,2,1,3,P09
2,894,65,893,1,3,1,3,P09
2,895,74,645,1,2,1,3,P09
2,896,61,427,1,2,1,3,P09
2,897,156,592,1,4,1,3,P09
2,898,93,877,1,2,1,3,P09
2,899,111,441,1,2,1,3,P09
2,900,99,602,1,1,1,3,P09
2,901,61,931,1,3,1,3,P09
2,902,124,472,1,7,1,3,P09
2,903,87,558,1,1,1,3,P09
2,904,231,686,1,2,1,3,P09
2,905,61,571,1,4,1,3,P09
2,906,23,414,1,5,1,3,P09
2,907,117,625,1,3,1,3,P09
2,908,63,442,1,1,1,3,P09
2,909,85,326,1,1,1,3,P09
2,910,74,859,1,5,1,3,P09
2,911,32,517,1,2,1,3,P09
2,912,89,322,1,7,1,3,P09
2,913,131,836,1,5,1,3,P09
2,914,48,514,1,1,1,3,P09
2,915,114,724,1,1,1,3,P09
2,916,44,418,1,4,1,3,P09
2,917,235,441,1,1,1,3,P09
2,918,80,365,1,1,1,3,P09
2,919,196,642,1,5,1,3,P09
2,920,148,636,1,1,1,3,P09
2,921,97,444,1,3,1,3,P09
2,922,198,771,1,7,1,3,P09
2,923,40,381,1,1,1,3,P09
2,924,170,504,1,5,1,3,P09
2,925,159,616,1,1,1,3,P09
2,926,204,704,1,1,1,3,P09
2,927,47,615,1,3,1,3,P09
2,928,53,796,1,3,1,3,P09
2,929,141,580,1,2,1,3,P09
2,930,125,598,1,1,1,3,P09
2,931,13,499,1,3,1,3,P09
2,932,229,707,1,1,1,3,P09
2,933,116,780,1,2,1,3,P09
2,934,87,680,1,3,1,3,P09
2,935,34,612,1,3,1,3,P09
2,936,72,843,1,1,1,3,P09
2,937,31,555,1,1,1,3,P09
2,938,178,479,1,2,1,3,P09
2,939,59,487,1,2,1,3,P09
2,940,217,764,1,1,1,3,P09
2,941,86,810,1,3,1,3,P09
2,942,43,415,1,4,1,3,P09
2,943,45,449,1,5,1,3,P09
2,944,169,754,1,3,1,3,P09
2,945,52,608,1,1,1,3,P09
2,946,95,448,1,2,1,3,P09
2,947,183,600,1,2,1,3,P09
2,948,35,715,1,3,1,3,P09
2,949,114,842,1,2,1,3,P09
2,950,64,397,1,4,1,3,P09
2,951,129,682,1,2,1,3,P09
2,952,55,575,1,3,1,3,P09
2,953,124,793,1,1,1,3,P09
2,954,76,878,1,5,1,3,P09
2,955,78,750,1,1,1,3,P09
2,956,69,506,1,2,1,3,P09
2,957,53,797,1,3,1,3,P09
2,958,153,567,1,1,1,3,P09
2,959,44,466,1,2,1,3,P09
2,960,26,555,1,3,1,3,P09
2,961,69,437,1,2,1,3,P09
2,962,171,702,1,2,1,3,P09
2,963,97,627,1,1,1,3,P09
2,964,156,529,1,4,1,3,P09
2,965,152,574,1,2,1,3,P09
2,966,95,548,1,2,1,3,P09
2,967,56,626,1,5,1,3,P09
2,968,153,604,1,1,1,3,P09
2,969,76,509,1,4,1,3,P09
2,970,44,766,1,5,1,3,P09
2,971,91,584,1,2,1,3,P09
2,972,89,447,1,1,1,3,P09
2,973,77,655,1,2,1,3,P09
2,974,142,582,1,2,1,3,P09
2,975,75,376,1,2,1,3,P09
2,976,167,619,1,2,1,3,P09
2,977,84,461,1,1,1,3,P09
2,978,44,374,1,3,1,3,P09
2,979,101,507,1,1,1,3,P09
2,980,50,362,1,5,1,3,P09
2,981,75,393,1,1,1,3,P09
2,982,32,639,1,3,1,3,P09
2,983,60,631,1,2,1,3,P09
2,984,171,637,1,1,1,3,P09
2,985,86,634,1,7,1,3,P09
2,986,66,651,1,4,1,3,P09
2,987,205,627,1,2,1,3,P09
2,988,39,456,1,2,1,3,P09
2,989,163,756,1,1,1,3,P09
2,990,138,723,1,2,1,3,P09
2,991,51,376,1,2,1,3,P09
2,992,96,517,1,1,1,3,P09
2,993,61,749,1,2,1,3,P09
2,994,117,745,1,5,1,3,P09
2,995,30,446,1,2,1,3,P09
2,996,72,638,1,3,1,3,P09
2,997,120,862,1,3,1,3,P09
2,998,66,916,1,3,1,3,P09
2,999,112,476,1,1,1,3,P09
2,1000,58,424,1,1,1,3,P09
3,1,215,550,1,1,1,1,P09
3,2,142,364,1,2,1,1,P09
3,3,202,758,1,4,1,1,P09
3,4,143,289,1,1,1,1,P09
3,5,108,429,1,1,1,1,P09
3,6,213,354,1,2,1,1,P09
3,7,241,321,2,1,1,1,P09
3,8,132,313,1,1,1,1,P09
3,9,218,736,1,1,1,1,P09
3,10,106,316,1,1,1,1,P09
3,11,207,309,1,1,1,1,P09
3,12,142,355,1,2,1,1,P09
3,13,197,580,1,1,1,1,P09
3,14,331,641,1,1,1,1,P09
3,15,107,505,1,1,1,1,P09
3,16,137,692,1,1,1,1,P09
3,17,133,582,1,1,1,1,P09
3,18,118,288,1,3,1,1,P09
3,19,160,344,1,1,1,1,P09
3,20,498,475,1,2,1,1,P09
3,21,95,517,1,1,1,1,P09
3,22,117,342,1,1,1,1,P09
3,23,103,643,1,2,1,1,P09
3,24,134,697,1,1,1,1,P09
3,25,99,343,1,1,1,1,P09
3,26,75,431,1,1,1,1,P09
3,27,453,521,1,1,1,1,P09
3,28,111,403,1,2,1,1,P09
3,29,280,502,1,1,1,1,P09
3,30,371,415,1,1,1,1,P09
3,31,99,611,1,1,1,1,P09
3,32,192,682,1,1,1,1,P09
3,33,412,517,1,1,1,1,P09
3,34,95,503,1,1,1,1,P09
3,35,66,460,1,1,1,1,P09
3,36,161,762,1,1,1,1,P09
3,37,245,602,1,1,1,1,P09
3,38,223,546,1,2,1,1,P09
3,39,202,357,1,1,1,1,P09
3,40,158,474,1,2,1,1,P09
3,41,266,373,1,1,1,1,P09
3,42,199,217,1,1,1,1,P09
3,43,152,604,1,1,1,1,P09
3,44,137,797,1,1,1,1,P09
3,45,385,524,1,1,1,1,P09
3,46,317,682,1,1,1,1,P09
3,47,290,498,1,1,1,1,P09
3,48,171,430,1,1,1,1,P09
3,49,139,282,1,1,1,1,P09
3,50,93,759,1,1,1,1,P09
3,51,336,501,1,1,1,1,P09
3,52,420,471,1,1,1,1,P09
3,53,80,413,1,1,1,1,P09
3,54,303,618,1,2,1,1,P09
3,55,52,363,1,1,1,1,P09
3,56,200,328,1,2,1,1,P09
3,57,271,200,1,1,1,1,P09
3,58,180,565,1,1,1,1,P09
3,59,246,448,1,1,1,1,P09
3,60,201,753,1,1,1,1,P09
3,61,27,408,1,2,1,1,P09
3,62,186,771,1,1,1,1,P09
3,63,141,704,1,2,1,1,P09
3,64,176,523,1,3,1,1,P09
3,65,208,270,1,1,1,1,P09
3,66,162,394,1,1,1,1,P09
3,67,358,343,1,1,1,1,P09
3,68,140,518,1,1,1,1,P09
3,69,462,459,1,1,1,1,P09
3,70,135,362,1,1,1,1,P09
3,71,346,476,1,2,1,1,P09
3,72,284,562,1,2,1,1,P09
3,73,173,413,1,1,1,1,P09
3,74,141,754,1,1,1,1,P09
3,75,89,362,1,1,1,1,P09
3,76,79,789,1,1,1,1,P09
3,77,253,535,1,1,1,1,P09
3,78,167,516,1,1,1,1,P09
3,79,123,854,1,1,1,1,P09
3,80,226,338,1,1,1,1,P09
3,81,226,490,1,1,1,1,P09
3,82,321,613,1,1,1,1,P09
3,83,140,294,1,1,1,1,P09
3,84,284,391,1,1,1,1,P09
3,85,102,311,1,1,1,1,P09
3,86,180,797,1,1,1,1,P09
3,87,177,304,1,1,1,1,P09
3,88,201,599,1,1,1,1,P09
3,89,33,385,1,2,1,1,P09
3,90,205,336,1,3,1,1,P09
3,91,137,483,1,1,1,1,P09
3,92,81,340,1,2,1,1,P09
3,93,139,304,1,1,1,1,P09
3,94,319,576,1,1,1,1,P09
3,95,97,548,1,1,1,1,P09
3,96,200,508,1,3,1,1,P09
3,97,215,527,1,2,1,1,P09
3,98,114,850,1,2,1,1,P09
3,99,186,789,1,1,1,1,P09
3,100,98,560,1,1,1,1,P09
3,101,159,521,2,3,1,1,P09
3,102,319,536,1,1,1,1,P09
3,103,82,453,1,1,1,1,P09
3,104,204,682,1,2,1,1,P09
3,105,126,663,1,1,1,1,P09
3,106,153,803,1,1,1,1,P09
3,107,159,459,1,1,1,1,P09
3,108,99,446,1,1,1,1,P09
3,109,78,327,1,2,1,1,P09
3,110,117,440,1,3,1,1,P09
3,111,124,347,2,1,1,1,P09
3,112,254,559,1,1,1,1,P09
3,113,484,249,1,1,1,1,P09
3,114,166,751,1,1,1,1,P09
3,115,91,682,1,1,1,1,P09
3,116,85,907,1,1,1,1,P09
3,117,249,491,1,3,1,1,P09
3,118,179,802,1,1,1,1,P09
3,119,158,350,1,1,1,1,P09
3,120,154,723,1,1,1,1,P09
3,121,227,617,1,1,1,1,P09
3,122,114,723,1,1,1,1,P09
3,123,104,373,1,1,1,1,P09
3,124,164,528,1,1,1,1,P09
3,125,164,444,1,2,1,1,P09
3,126,177,261,1,1,1,1,P09
3,127,127,615,1,1,1,1,P09
3,128,85,726,1,2,1,1,P09
3,129,429,527,1,1,1,1,P09
3,130,218,766,1,1,1,1,P09
3,131,124,608,1,2,1,1,P09
3,132,164,623,1,1,1,1,P09
3,133,142,401,1,1,1,1,P09
3,134,221,517,1,1,1,1,P09
3,135,354,604,1,1,1,1,P09
3,136,112,539,1,1,1,1,P09
3,137,199,554,1,1,1,1,P09
3,138,131,303,1,1,1,1,P09
3,139,254,486,1,1,1,1,P09
3,140,134,515,1,2,1,1,P09
3,141,157,312,1,1,1,1,P09
3,142,330,493,1,1,1,1,P09
3,143,136,747,1,1,1,1,P09
3,144,283,691,1,2,1,1,P09
3,145,158,386,1,2,1,1,P09
3,146,109,471,1,1,1,1,P09
3,147,268,359,1,1,1,1,P09
3,148,124,423,1,2,1,1,P09
3,149,118,440,1,1,1,1,P09
3,150,127,596,1,2,1,1,P09
3,151,118,295,1,5,1,1,P09
3,152,262,466,1,1,1,1,P09
3,153,359,535,1,1,1,1,P09
3,154,97,510,1,1,1,1,P09
3,155,213,418,1,1,1,1,P09
3,156,173,743,1,1,1,1,P09
3,157,160,522,1,1,1,1,P09
3,158,199,467,1,2,1,1,P09
3,159,153,733,1,1,1,1,P09
3,160,157,564,1,1,1,1,P09
3,161,144,652,1,2,1,1,P09
3,162,187,488,1,1,1,1,P09
3,163,358,377,1,1,1,1,P09
3,164,135,494,1,1,1,1,P09
3,165,168,440,1,1,1,1,P09
3,166,237,238,1,1,1,1,P09
3,167,466,454,1,2,1,1,P09
3,168,117,438,1,1,1,1,P09
3,169,116,382,1,1,1,1,P09
3,170,176,379,1,1,1,1,P09
3,171,103,407,1,1,1,1,P09
3,172,112,592,1,1,1,1,P09
3,173,89,526,1,1,1,1,P09
3,174,161,570,1,1,1,1,P09
3,175,103,386,1,1,1,1,P09
3,176,90,356,1,1,1,1,P09
3,177,100,727,1,1,1,1,P09
3,178,166,356,1,1,1,1,P09
3,179,334,393,1,1,1,1,P09
3,180,301,386,1,1,1,1,P09
3,181,86,421,1,1,1,1,P09
3,182,339,475,1,1,1,1,P09
3,183,188,650,1,3,1,1,P09
3,184,154,371,1,1,1,1,P09
3,185,45,444,1,1,1,1,P09
3,186,255,538,1,2,1,1,P09
3,187,159,465,1,1,1,1,P09
3,188,175,486,1,1,1,1,P09
3,189,216,492,1,1,1,1,P09
3,190,509,385,1,1,1,1,P09
3,191,140,668,1,1,1,1,P09
3,192,146,424,1,1,1,1,P09
3,193,81,323,1,1,1,1,P09
3,194,266,491,1,1,1,1,P09
3,195,146,323,1,1,1,1,P09
3,196,247,670,1,1,1,1,P09
3,197,160,782,1,2,1,1,P09
3,198,215,469,1,1,1,1,P09
3,199,127,536,1,1,1,1,P09
3,200,54,622,2,2,1,1,P09
3,201,318,668,1,2,1,1,P09
3,202,169,386,1,1,1,1,P09
3,203,239,438,1,1,1,1,P09
3,204,186,451,2,1,1,1,P09
3,205,159,282,1,1,1,1,P09
3,206,273,568,1,1,1,1,P09
3,207,302,425,1,1,1,1,P09
3,208,246,191,2,1,1,1,P09
3,209,59,429,1,3,1,1,P09
3,210,216,631,1,1,1,1,P09
3,211,309,356,1,1,1,1,P09
3,212,188,330,1,1,1,1,P09
3,213,91,447,1,1,1,1,P09
3,214,235,446,1,3,1,1,P09
3,215,493,470,2,1,1,1,P09
3,216,140,506,2,1,1,1,P09
3,217,91,531,1,1,1,1,P09
3,218,127,435,1,1,1,1,P09
3,219,150,564,1,1,1,1,P09
3,220,183,715,1,1,1,1,P09
3,221,104,781,1,1,1,1,P09
3,222,148,461,1,1,1,1,P09
3,223,103,364,1,1,1,1,P09
3,224,212,515,1,1,1,1,P09
3,225,95,309,1,1,1,1,P09
3,226,155,406,2,2,1,1,P09
3,227,202,709,1,1,1,1,P09
3,228,140,727,2,1,1,1,P09
3,229,60,346,1,2,1,1,P09
3,230,121,766,1,1,1,1,P09
3,231,268,670,1,1,1,1,P09
3,232,107,448,1,1,1,1,P09
3,233,107,473,1,1,1,1,P09
3,234,115,427,1,2,1,1,P09
3,235,61,363,1,1,1,1,P09
3,236,395,568,1,1,1,1,P09
3,237,72,338,1,1,1,1,P09
3,238,170,283,1,1,1,1,P09
3,239,70,418,1,2,1,1,P09
3,240,124,341,1,1,1,1,P09
3,241,365,445,1,1,1,1,P09
3,242,170,779,1,2,1,1,P09
3,243,113,346,1,1,1,1,P09
3,244,288,567,1,1,1,1,P09
3,245,137,469,1,1,1,1,P09
3,246,329,587,1,1,1,1,P09
3,247,113,480,1,2,1,1,P09
3,248,411,359,1,1,1,1,P09
3,249,63,441,1,1,1,1,P09
3,250,216,495,1,1,1,1,P09
3,251,163,312,1,1,1,1,P09
3,252,359,416,1,1,1,1,P09
3,253,193,295,1,1,1,1,P09
3,254,89,740,1,3,1,1,P09
3,255,240,429,1,1,1,1,P09
3,256,92,732,1,2,1,1,P09
3,257,20,447,1,1,1,1,P09
3,258,363,540,1,1,1,1,P09
3,259,240,413,1,1,1,1,P09
3,260,149,431,1,1,1,1,P09
3,261,157,426,1,1,1,1,P09
3,262,246,737,1,1,1,1,P09
3,263,175,385,1,1,1,1,P09
3,264,307,686,1,1,1,1,P09
3,265,322,260,1,1,1,1,P09
3,266,86,339,1,1,1,1,P09
3,267,64,380,1,1,1,1,P09
3,268,243,710,1,1,1,1,P09
3,269,121,870,1,1,1,1,P09
3,270,276,421,1,1,1,1,P09
3,271,124,401,1,1,1,1,P09
3,272,280,324,1,1,1,1,P09
3,273,368,253,1,1,1,1,P09
3,274,116,785,1,1,1,1,P09
3,275,83,354,1,1,1,1,P09
3,276,146,621,1,1,1,1,P09
3,277,167,640,1,1,1,1,P09
3,278,164,456,1,1,1,1,P09
3,279,151,691,1,1,1,1,P09
3,280,98,356,1,2,1,1,P09
3,281,291,576,1,1,1,1,P09
3,282,173,640,1,1,1,1,P09
3,283,201,228,1,1,1,1,P09
3,284,81,361,1,1,1,1,P09
3,285,146,509,1,1,1,1,P09
3,286,408,380,1,1,1,1,P09
3,287,309,560,1,1,1,1,P09
3,288,106,531,1,1,1,1,P09
3,289,265,324,1,1,1,1,P09
3,290,106,362,1,1,1,1,P09
3,291,202,349,1,1,1,1,P09
3,292,149,399,1,1,1,1,P09
3,293,328,312,1,1,1,1,P09
3,294,440,276,1,1,1,1,P09
3,295,72,355,1,1,1,1,P09
3,296,220,624,1,1,1,1,P09
3,297,74,383,1,1,1,1,P09
3,298,134,565,1,1,1,1,P09
3,299,261,291,1,1,1,1,P09
3,300,167,571,1,1,1,1,P09
3,301,352,625,1,2,1,1,P09
3,302,365,548,1,1,1,1,P09
3,303,242,180,1,1,1,1,P09
3,304,184,447,1,1,1,1,P09
3,305,142,830,1,1,1,1,P09
3,306,314,561,1,1,1,1,P09
3,307,411,343,1,1,1,1,P09
3,308,134,602,1,1,1,1,P09
3,309,115,458,1,1,1,1,P09
3,310,512,463,1,1,1,1,P09
3,311,132,412,1,1,1,1,P09
3,312,191,784,1,1,1,1,P09
3,313,71,349,1,1,1,1,P09
3,314,191,381,1,1,1,1,P09
3,315,225,343,1,1,1,1,P09
3,316,117,437,1,1,1,1,P09
3,317,136,625,1,2,1,1,P09
3,318,92,687,1,1,1,1,P09
3,319,183,262,1,1,1,1,P09
3,320,469,529,1,1,1,1,P09
3,321,237,271,1,1,1,1,P09
3,322,141,537,1,1,1,1,P09
3,323,142,306,1,1,1,1,P09
3,324,95,860,1,1,1,1,P09
3,325,173,548,1,2,1,1,P09
3,326,178,576,1,1,1,1,P09
3,327,485,512,1,1,1,1,P09
3,328,74,469,1,1,1,1,P09
3,329,71,571,1,1,1,1,P09
3,330,262,517,1,1,1,1,P09
3,331,211,448,1,1,1,1,P09
3,332,177,444,1,1,1,1,P09
3,333,103,309,1,1,1,1,P09
3,334,349,610,1,1,1,1,P09
3,335,326,545,1,2,1,1,P09
3,336,233,330,1,2,1,1,P09
3,337,197,265,1,1,1,1,P09
3,338,88,359,1,1,1,1,P09
3,339,369,408,1,1,1,1,P09
3,340,108,453,1,1,1,1,P09
3,341,189,692,1,1,1,1,P09
3,342,111,345,1,1,1,1,P09
3,343,213,273,1,2,1,1,P09
3,344,90,503,1,2,1,1,P09
3,345,148,551,1,2,1,1,P09
3,346,191,737,1,1,1,1,P09
3,347,304,636,1,1,1,1,P09
3,348,151,387,1,1,1,1,P09
3,349,107,328,1,1,1,1,P09
3,350,362,507,1,1,1,1,P09
3,351,117,285,1,2,1,1,P09
3,352,114,492,1,2,1,1,P09
3,353,106,305,1,1,1,1,P09
3,354,188,271,1,1,1,1,P09
3,355,179,736,1,1,1,1,P09
3,356,223,335,1,1,1,1,P09
3,357,97,554,1,1,1,1,P09
3,358,242,699,1,1,1,1,P09
3,359,288,632,1,1,1,1,P09
3,360,50,479,1,3,1,1,P09
3,361,186,569,1,1,1,1,P09
3,362,126,392,1,1,1,1,P09
3,363,348,433,1,1,1,1,P09
3,364,82,716,1,1,1,1,P09
3,365,88,377,2,1,1,1,P09
3,366,281,573,2,1,1,1,P09
3,367,254,328,1,1,1,1,P09
3,368,235,602,1,1,1,1,P09
3,369,181,328,1,1,1,1,P09
3,370,191,677,1,1,1,1,P09
3,371,117,403,1,1,1,1,P09
3,372,144,709,1,2,1,1,P09
3,373,244,674,1,2,1,1,P09
3,374,129,366,1,1,1,1,P09
3,375,86,540,1,2,1,1,P09
3,376,88,401,1,1,1,1,P09
3,377,253,412,1,1,1,1,P09
3,378,277,309,1,1,1,1,P09
3,379,73,381,1,1,1,1,P09
3,380,205,491,2,1,1,1,P09
3,381,135,354,1,1,1,1,P09
3,382,417,465,2,1,1,1,P09
3,383,251,548,1,1,1,1,P09
3,384,58,385,1,2,1,1,P09
3,385,334,288,1,1,1,1,P09
3,386,424,318,1,1,1,1,P09
3,387,135,640,1,1,1,1,P09
3,388,243,712,1,1,1,1,P09
3,389,191,503,1,1,1,1,P09
3,390,271,481,1,1,1,1,P09
3,391,358,427,1,1,1,1,P09
3,392,156,448,1,1,1,1,P09
3,393,249,516,1,1,1,1,P09
3,394,282,575,1,1,1,1,P09
3,395,221,718,1,1,1,1,P09
3,396,82,353,1,1,1,1,P09
3,397,222,546,1,3,1,1,P09
3,398,203,318,1,1,1,1,P09
3,399,165,735,1,1,1,1,P09
3,400,67,467,1,1,1,1,P09
3,401,122,658,1,2,1,1,P09
3,402,175,627,1,2,1,1,P09
3,403,73,428,1,1,1,1,P09
3,404,58,361,1,1,1,1,P09
3,405,189,459,1,1,1,1,P09
3,406,85,655,1,1,1,1,P09
3,407,271,427,1,2,1,1,P09
3,408,103,502,1,3,1,1,P09
3,409,219,441,1,1,1,1,P09
3,410,420,299,1,2,1,1,P09
3,411,419,243,1,1,1,1,P09
3,412,123,689,1,1,1,1,P09
3,413,236,601,1,2,1,1,P09
3,414,193,576,1,1,1,1,P09
3,415,273,636,1,1,1,1,P09
3,416,74,406,1,1,1,1,P09
3,417,66,402,1,2,1,1,P09
3,418,360,374,1,1,1,1,P09
3,419,135,433,1,1,1,1,P09
3,420,126,720,1,1,1,1,P09
3,421,201,433,1,1,1,1,P09
3,422,180,656,1,1,1,1,P09
3,423,197,592,1,1,1,1,P09
3,424,331,619,1,1,1,1,P09
3,425,239,161,1,1,1,1,P09
3,426,221,507,1,1,1,1,P09
3,427,336,493,1,1,1,1,P09
3,428,119,835,1,2,1,1,P09
3,429,135,444,1,1,1,1,P09
3,430,208,409,1,1,1,1,P09
3,431,88,504,1,1,1,1,P09
3,432,172,760,1,1,1,1,P09
3,433,50,402,1,1,1,1,P09
3,434,162,574,1,3,1,1,P09
3,435,93,340,1,1,1,1,P09
3,436,394,410,1,1,1,1,P09
3,437,169,653,1,1,1,1,P09
3,438,226,676,1,1,1,1,P09
3,439,194,517,1,1,1,1,P09
3,440,207,360,1,1,1,1,P09
3,441,149,654,1,2,1,1,P09
3,442,237,634,1,1,1,1,P09
3,443,143,650,1,1,1,1,P09
3,444,164,595,1,2,1,1,P09
3,445,389,597,1,1,1,1,P09
3,446,129,467,1,2,1,1,P09
3,447,183,431,1,1,1,1,P09
3,448,79,398,1,1,1,1,P09
3,449,125,409,1,1,1,1,P09
3,450,151,563,1,1,1,1,P09
3,451,92,632,1,1,1,1,P09
3,452,189,593,1,1,1,1,P09
3,453,233,463,1,1,1,1,P09
3,454,378,443,1,1,1,1,P09
3,455,372,572,1,1,1,1,P09
3,456,305,571,1,1,1,1,P09
3,457,71,352,1,2,1,1,P09
3,458,134,335,1,1,1,1,P09
3,459,162,605,1,1,1,1,P09
3,460,127,532,1,3,1,1,P09
3,461,172,792,1,1,1,1,P09
3,462,281,703,1,2,1,1,P09
3,463,214,635,1,1,1,1,P09
3,464,102,334,1,1,1,1,P09
3,465,131,489,1,1,1,1,P09
3,466,78,484,1,1,1,1,P09
3,467,294,675,1,1,1,1,P09
3,468,147,453,1,4,1,1,P09
3,469,177,432,1,1,1,1,P09
3,470,292,608,1,2,1,1,P09
3,471,233,665,1,1,1,1,P09
3,472,242,597,1,1,1,1,P09
3,473,118,712,1,1,1,1,P09
3,474,342,366,1,2,1,1,P09
3,475,117,306,1,1,1,1,P09
3,476,303,515,1,1,1,1,P09
3,477,167,579,1,1,1,1,P09
3,478,112,484,1,2,1,1,P09
3,479,132,388,1,1,1,1,P09
3,480,126,637,2,1,1,1,P09
3,481,354,307,2,1,1,1,P09
3,482,203,473,1,1,1,1,P09
3,483,157,700,1,1,1,1,P09
3,484,121,482,1,1,1,1,P09
3,485,121,789,1,1,1,1,P09
3,486,289,479,1,3,1,1,P09
3,487,116,358,1,1,1,1,P09
3,488,231,308,1,1,1,1,P09
3,489,221,339,1,2,1,1,P09
3,490,214,543,1,1,1,1,P09
3,491,157,378,1,1,1,1,P09
3,492,350,649,1,1,1,1,P09
3,493,204,591,1,1,1,1,P09
3,494,295,386,1,1,1,1,P09
3,495,159,496,1,1,1,1,P09
3,496,184,301,1,2,1,1,P09
3,497,233,688,1,1,1,1,P09
3,498,351,577,1,1,1,1,P09
3,499,323,646,1,1,1,1,P09
3,500,147,613,1,2,1,1,P09
3,501,167,557,1,1,1,1,P09
3,502,139,412,1,2,1,1,P09
3,503,146,360,1,1,1,1,P09
3,504,104,400,1,1,1,1,P09
3,505,134,338,1,1,1,1,P09
3,506,80,405,1,3,1,1,P09
3,507,187,488,1,1,1,1,P09
3,508,333,296,1,1,1,1,P09
3,509,125,489,1,1,1,1,P09
3,510,350,247,2,2,1,1,P09
3,511,82,426,1,2,1,1,P09
3,512,105,679,1,1,1,1,P09
3,513,390,277,1,1,1,1,P09
3,514,134,467,1,1,1,1,P09
3,515,178,363,1,3,1,1,P09
3,516,228,553,1,1,1,1,P09
3,517,139,447,1,1,1,1,P09
3,518,269,360,1,1,1,1,P09
3,519,205,445,1,1,1,1,P09
3,520,256,584,1,1,1,1,P09
3,521,150,256,1,2,1,1,P09
3,522,239,285,1,1,1,1,P09
3,523,372,606,1,2,1,1,P09
3,524,127,328,1,1,1,1,P09
3,525,173,420,1,1,1,1,P09
3,526,91,326,1,2,1,1,P09
3,527,131,639,1,1,1,1,P09
3,528,75,330,1,1,1,1,P09
3,529,83,819,1,2,1,1,P09
3,530,225,349,1,1,1,1,P09
3,531,104,496,1,1,1,1,P09
3,532,96,373,1,1,1,1,P09
3,533,160,401,1,1,1,1,P09
3,534,296,619,1,1,1,1,P09
3,535,208,587,1,1,1,1,P09
3,536,154,549,1,1,1,1,P09
3,537,237,502,1,1,1,1,P09
3,538,202,635,1,1,1,1,P09
3,539,279,651,1,1,1,1,P09
3,540,128,433,1,1,1,1,P09
3,541,94,590,1,1,1,1,P09
3,542,271,424,1,1,1,1,P09
3,543,82,320,1,1,1,1,P09
3,544,206,534,1,1,1,1,P09
3,545,134,586,1,5,1,1,P09
3,546,167,294,1,2,1,1,P09
3,547,218,695,1,1,1,1,P09
3,548,82,373,1,1,1,1,P09
3,549,105,326,1,1,1,1,P09
3,550,190,495,1,1,1,1,P09
3,551,97,402,1,1,1,1,P09
3,552,288,439,1,1,1,1,P09
3,553,143,740,1,1,1,1,P09
3,554,383,439,1,1,1,1,P09
3,555,190,658,1,1,1,1,P09
3,556,126,298,1,1,1,1,P09
3,557,159,438,1,1,1,1,P09
3,558,254,554,1,2,1,1,P09
3,559,185,466,1,1,1,1,P09
3,560,284,684,1,1,1,1,P09
3,561,267,472,1,1,1,1,P09
3,562,72,776,1,1,1,1,P09
3,563,213,625,1,2,1,1,P09
3,564,186,529,1,1,1,1,P09
3,565,36,527,1,2,1,1,P09
3,566,211,580,1,1,1,1,P09
3,567,286,271,1,1,1,1,P09
3,568,257,481,1,1,1,1,P09
3,569,126,683,1,4,1,1,P09
3,570,74,693,1,1,1,1,P09
3,571,134,737,1,1,1,1,P09
3,572,187,401,1,1,1,1,P09
3,573,353,604,1,1,1,1,P09
3,574,235,588,1,1,1,1,P09
3,575,94,794,1,2,1,1,P09
3,576,309,619,1,1,1,1,P09
3,577,192,791,1,1,1,1,P09
3,578,117,394,1,1,1,1,P09
3,579,195,212,1,1,1,1,P09
3,580,241,488,2,1,1,1,P09
3,581,99,723,1,1,1,1,P09
3,582,120,512,1,1,1,1,P09
3,583,77,568,1,1,1,1,P09
3,584,335,646,1,1,1,1,P09
3,585,173,532,1,1,1,1,P09
3,586,367,482,1,1,1,1,P09
3,587,309,599,1,1,1,1,P09
3,588,205,526,1,1,1,1,P09
3,589,251,679,1,1,1,1,P09
3,590,147,497,1,1,1,1,P09
3,591,177,450,1,2,1,1,P09
3,592,163,341,1,2,1,1,P09
3,593,111,352,1,1,1,1,P09
3,594,118,326,1,1,1,1,P09
3,595,213,308,1,1,1,1,P09
3,596,315,661,1,1,1,1,P09
3,597,126,577,2,1,1,1,P09
3,598,93,635,1,1,1,1,P09
3,599,153,743,1,1,1,1,P09
3,600,94,565,1,2,1,1,P09
3,601,188,654,1,1,1,1,P09
3,602,187,688,1,1,1,1,P09
3,603,84,680,1,2,1,1,P09
3,604,254,512,1,3,1,1,P09
3,605,196,566,1,2,1,1,P09
3,606,122,511,1,2,1,1,P09
3,607,142,427,1,1,1,1,P09
3,608,152,728,1,2,1,1,P09
3,609,236,474,1,2,1,1,P09
3,610,90,548,1,1,1,1,P09
3,611,213,497,1,1,1,1,P09
3,612,326,511,1,1,1,1,P09
3,613,98,870,1,1,1,1,P09
3,614,325,450,1,2,1,1,P09
3,615,234,485,1,2,1,1,P09
3,616,128,543,1,1,1,1,P09
3,617,92,729,1,1,1,1,P09
3,618,414,540,1,1,1,1,P09
3,619,245,552,1,1,1,1,P09
3,620,152,576,1,1,1,1,P09
3,621,248,704,1,1,1,1,P09
3,622,86,537,1,1,1,1,P09
3,623,144,293,1,1,1,1,P09
3,624,112,344,1,1,1,1,P09
3,625,198,739,1,3,1,1,P09
3,626,227,474,1,1,1,1,P09
3,627,104,496,1,1,1,1,P09
3,628,122,817,1,1,1,1,P09
3,629,219,771,1,1,1,1,P09
3,630,546,401,1,1,1,1,P09
3,631,138,581,2,1,1,1,P09
3,632,99,379,1,1,1,1,P09
3,633,231,768,1,2,1,1,P09
3,634,122,686,1,2,1,1,P09
3,635,132,709,1,1,1,1,P09
3,636,153,341,1,1,1,1,P09
3,637,261,664,1,1,1,1,P09
3,638,228,720,1,1,1,1,P09
3,639,190,638,1,1,1,1,P09
3,640,117,418,1,1,1,1,P09
3,641,462,397,2,1,1,1,P09
3,642,138,265,1,1,1,1,P09
3,643,215,334,1,1,1,1,P09
3,644,134,270,1,1,1,1,P09
3,645,149,563,1,2,1,1,P09
3,646,98,508,1,1,1,1,P09
3,647,186,449,1,1,1,1,P09
3,648,204,584,1,1,1,1,P09
3,649,202,367,1,1,1,1,P09
3,650,420,556,1,1,1,1,P09
3,651,117,589,1,1,1,1,P09
3,652,85,757,1,1,1,1,P09
3,653,128,364,1,1,1,1,P09
3,654,354,569,1,2,1,1,P09
3,655,92,453,1,1,1,1,P09
3,656,124,463,1,1,1,1,P09
3,657,70,349,1,3,1,1,P09
3,658,122,569,1,1,1,1,P09
3,659,114,678,1,1,1,1,P09
3,660,197,415,2,1,1,1,P09
3,661,165,449,1,2,1,1,P09
3,662,151,250,1,1,1,1,P09
3,663,134,418,1,1,1,1,P09
3,664,216,462,1,1,1,1,P09
3,665,155,532,1,1,1,1,P09
3,666,107,477,1,1,1,1,P09
3,667,221,410,1,1,1,1,P09
3,668,88,545,1,1,1,1,P09
3,669,49,511,1,1,1,1,P09
3,670,118,574,1,1,1,1,P09
3,671,241,714,1,1,1,1,P09
3,672,147,520,1,1,1,1,P09
3,673,189,401,1,1,1,1,P09
3,674,160,786,1,1,1,1,P09
3,675,291,639,1,1,1,1,P09
3,676,144,484,1,2,1,1,P09
3,677,29,476,1,1,1,1,P09
3,678,218,295,1,1,1,1,P09
3,679,107,765,1,1,1,1,P09
3,680,270,501,1,1,1,1,P09
3,681,154,614,1,1,1,1,P09
3,682,149,406,1,3,1,1,P09
3,683,207,534,1,1,1,1,P09
3,684,140,390,1,1,1,1,P09
3,685,281,283,1,1,1,1,P09
3,686,86,651,1,1,1,1,P09
3,687,196,475,1,1,1,1,P09
3,688,198,723,1,1,1,1,P09
3,689,247,374,1,1,1,1,P09
3,690,200,769,1,1,1,1,P09
3,691,115,419,1,1,1,1,P09
3,692,208,516,1,1,1,1,P09
3,693,231,372,1,1,1,1,P09
3,694,175,431,1,1,1,1,P09
3,695,97,446,1,1,1,1,P09
3,696,137,310,1,1,1,1,P09
3,697,111,881,1,1,1,1,P09
3,698,115,543,1,1,1,1,P09
3,699,177,726,1,1,1,1,P09
3,700,235,170,1,1,1,1,P09
3,701,396,595,1,1,1,1,P09
3,702,222,756,1,1,1,1,P09
3,703,91,401,1,1,1,1,P09
3,704,91,556,1,1,1,1,P09
3,705,339,325,1,1,1,1,P09
3,706,184,703,1,1,1,1,P09
3,707,180,583,1,1,1,1,P09
3,708,205,711,1,1,1,1,P09
3,709,251,520,1,1,1,1,P09
3,710,237,326,1,1,1,1,P09
3,711,63,424,1,1,1,1,P09
3,712,137,811,1,1,1,1,P09
3,713,264,314,1,1,1,1,P09
3,714,103,495,1,1,1,1,P09
3,715,210,251,1,1,1,1,P09
3,716,161,781,1,2,1,1,P09
3,717,149,658,1,1,1,1,P09
3,718,159,767,1,2,1,1,P09
3,719,165,703,1,1,1,1,P09
3,720,103,355,1,1,1,1,P09
3,721,170,739,1,1,1,1,P09
3,722,152,440,1,2,1,1,P09
3,723,214,384,1,1,1,1,P09
3,724,315,400,1,1,1,1,P09
3,725,59,560,1,1,1,1,P09
3,726,230,667,1,5,1,1,P09
3,727,61,377,1,2,1,1,P09
3,728,342,505,1,1,1,1,P09
3,729,331,640,1,1,1,1,P09
3,730,304,465,1,1,1,1,P09
3,731,176,509,1,2,1,1,P09
3,732,105,843,1,2,1,1,P09
3,733,102,547,1,2,1,1,P09
3,734,246,364,1,2,1,1,P09
3,735,381,518,1,1,1,1,P09
3,736,199,429,1,1,1,1,P09
3,737,195,761,1,1,1,1,P09
3,738,163,760,1,1,1,1,P09
3,739,105,518,1,1,1,1,P09
3,740,119,764,1,1,1,1,P09
3,741,153,810,1,1,1,1,P09
3,742,70,898,1,1,1,1,P09
3,743,381,368,1,1,1,1,P09
3,744,179,781,1,2,1,1,P09
3,745,186,447,1,1,1,1,P09
3,746,153,602,1,1,1,1,P09
3,747,126,372,1,1,1,1,P09
3,748,327,543,1,2,1,1,P09
3,749,167,412,1,1,1,1,P09
3,750,274,466,1,1,1,1,P09
3,751,84,362,1,1,1,1,P09
3,752,204,449,1,1,1,1,P09
3,753,197,636,1,1,1,1,P09
3,754,275,473,1,1,1,1,P09
3,755,131,363,1,3,1,1,P09
3,756,125,668,1,2,1,1,P09
3,757,140,662,2,1,1,1,P09
3,758,231,653,1,1,1,1,P09
3,759,175,456,1,1,1,1,P09
3,760,238,596,1,1,1,1,P09
3,761,258,609,1,1,1,1,P09
3,762,43,452,1,1,1,1,P09
3,763,326,660,1,1,1,1,P09
3,764,258,680,1,1,1,1,P09
3,765,147,569,1,1,1,1,P09
3,766,239,599,1,1,1,1,P09
3,767,258,180,2,1,1,1,P09
3,768,264,321,1,1,1,1,P09
3,769,200,389,1,1,1,1,P09
3,770,132,364,1,1,1,1,P09
3,771,149,631,1,1,1,1,P09
3,772,104,460,1,1,1,1,P09
3,773,337,361,1,1,1,1,P09
3,774,54,431,1,1,1,1,P09
3,775,234,739,1,1,1,1,P09
3,776,63,507,1,2,1,1,P09
3,777,75,435,1,1,1,1,P09
3,778,180,443,1,1,1,1,P09
3,779,150,302,1,1,1,1,P09
3,780,125,396,1,1,1,1,P09
3,781,328,544,1,1,1,1,P09
3,782,89,400,1,1,1,1,P09
3,783,126,508,1,1,1,1,P09
3,784,113,325,1,1,1,1,P09
3,785,171,642,1,1,1,1,P09
3,786,92,533,1,1,1,1,P09
3,787,87,803,1,2,1,1,P09
3,788,172,290,1,1,1,1,P09
3,789,228,288,1,1,1,1,P09
3,790,219,692,1,1,1,1,P09
3,791,135,757,1,1,1,1,P09
3,792,304,643,1,1,1,1,P09
3,793,128,593,1,2,1,1,P09
3,794,269,709,1,1,1,1,P09
3,795,242,713,1,1,1,1,P09
3,796,126,379,1,1,1,1,P09
3,797,161,381,1,1,1,1,P09
3,798,142,515,1,1,1,1,P09
3,799,363,480,1,2,1,1,P09
3,800,200,643,1,2,1,1,P09
3,801,68,367,1,3,1,1,P09
3,802,127,760,1,1,1,1,P09
3,803,165,396,1,1,1,1,P09
3,804,207,303,1,2,1,1,P09
3,805,175,532,1,2,1,1,P09
3,806,203,722,1,1,1,1,P09
3,807,243,586,1,1,1,1,P09
3,808,255,452,1,1,1,1,P09
3,809,164,282,1,1,1,1,P09
3,810,275,452,1,1,1,1,P09
3,811,274,374,1,1,1,1,P09
3,812,76,397,1,1,1,1,P09
3,813,54,674,1,1,1,1,P09
3,814,173,523,1,1,1,1,P09
3,815,137,436,1,1,1,1,P09
3,816,89,564,1,1,1,1,P09
3,817,54,463,1,2,1,1,P09
3,818,241,514,1,2,1,1,P09
3,819,265,712,2,1,1,1,P09
3,820,160,500,1,1,1,1,P09
3,821,121,837,1,1,1,1,P09
3,822,143,610,1,2,1,1,P09
3,823,284,389,1,1,1,1,P09
3,824,403,339,1,1,1,1,P09
3,825,237,557,1,1,1,1,P09
3,826,314,455,1,1,1,1,P09
3,827,81,741,1,2,1,1,P09
3,828,218,710,1,2,1,1,P09
3,829,95,432,1,1,1,1,P09
3,830,224,773,1,1,1,1,P09
3,831,143,316,1,1,1,1,P09
3,832,65,346,1,1,1,1,P09
3,833,212,453,1,1,1,1,P09
3,834,125,383,1,1,1,1,P09
3,835,163,730,1,1,1,1,P09
3,836,238,336,2,1,1,1,P09
3,837,262,645,1,1,1,1,P09
3,838,199,362,1,1,1,1,P09
3,839,141,382,1,1,1,1,P09
3,840,154,285,1,1,1,1,P09
3,841,176,427,1,1,1,1,P09
3,842,147,648,1,1,1,1,P09
3,843,52,416,1,1,1,1,P09
3,844,171,418,1,1,1,1,P09
3,845,59,522,1,1,1,1,P09
3,846,161,814,1,1,1,1,P09
3,847,327,387,4,1,1,1,P09
3,848,261,673,1,1,1,1,P09
3,849,167,789,1,1,1,1,P09
3,850,224,699,1,2,1,1,P09
3,851,331,315,1,1,1,1,P09
3,852,115,810,1,1,1,1,P09
3,853,117,613,1,1,1,1,P09
3,854,168,237,1,1,1,1,P09
3,855,315,366,1,1,1,1,P09
3,856,312,533,1,1,1,1,P09
3,857,307,650,1,1,1,1,P09
3,858,105,437,1,1,1,1,P09
3,859,311,455,1,1,1,1,P09
3,860,186,428,2,1,1,1,P09
3,861,201,785,1,1,1,1,P09
3,862,250,523,1,1,1,1,P09
3,863,164,623,1,1,1,1,P09
3,864,188,662,1,1,1,1,P09
3,865,76,418,1,2,1,1,P09
3,866,276,566,1,1,1,1,P09
3,867,117,392,1,1,1,1,P09
3,868,110,778,1,1,1,1,P09
3,869,123,696,1,2,1,1,P09
3,870,194,594,1,1,1,1,P09
3,871,164,368,1,1,1,1,P09
3,872,142,685,1,1,1,1,P09
3,873,149,340,1,1,1,1,P09
3,874,120,534,1,1,1,1,P09
3,875,285,596,1,1,1,1,P09
3,876,117,310,1,1,1,1,P09
3,877,219,762,1,1,1,1,P09
3,878,299,405,1,1,1,1,P09
3,879,264,623,1,1,1,1,P09
3,880,100,415,1,1,1,1,P09
3,881,307,351,1,1,1,1,P09
3,882,271,644,1,1,1,1,P09
3,883,129,370,1,1,1,1,P09
3,884,323,583,2,1,1,1,P09
3,885,285,705,1,3,1,1,P09
3,886,68,336,1,1,1,1,P09
3,887,78,354,1,1,1,1,P09
3,888,268,638,2,1,1,1,P09
3,889,285,558,1,1,1,1,P09
3,890,268,521,1,1,1,1,P09
3,891,67,490,1,1,1,1,P09
3,892,94,341,1,1,1,1,P09
3,893,410,434,1,1,1,1,P09
3,894,187,641,1,1,1,1,P09
3,895,266,612,1,1,1,1,P09
3,896,98,877,1,1,1,1,P09
3,897,128,300,1,1,1,1,P09
3,898,251,598,1,1,1,1,P09
3,899,140,472,1,1,1,1,P09
3,900,230,587,1,1,1,1,P09
3,901,84,342,1,1,1,1,P09
3,902,199,211,1,1,1,1,P09
3,903,254,652,1,1,1,1,P09
3,904,186,702,1,1,1,1,P09
3,905,191,327,1,1,1,1,P09
3,906,285,710,1,1,1,1,P09
3,907,216,761,1,1,1,1,P09
3,908,148,459,1,1,1,1,P09
3,909,178,522,1,1,1,1,P09
3,910,329,366,1,1,1,1,P09
3,911,69,428,1,1,1,1,P09
3,912,86,492,1,3,1,1,P09
3,913,182,252,1,2,1,1,P09
3,914,90,508,1,1,1,1,P09
3,915,171,502,1,1,1,1,P09
3,916,286,582,1,1,1,1,P09
3,917,161,666,1,1,1,1,P09
3,918,48,373,1,1,1,1,P09
3,919,168,830,1,2,1,1,P09
3,920,164,302,1,1,1,1,P09
3,921,229,743,1,1,1,1,P09
3,922,148,379,1,1,1,1,P09
3,923,149,377,1,1,1,1,P09
3,924,122,305,1,2,1,1,P09
3,925,218,751,1,1,1,1,P09
3,926,204,632,1,1,1,1,P09
3,927,124,333,1,1,1,1,P09
3,928,195,645,1,1,1,1,P09
3,929,374,504,1,1,1,1,P09
3,930,233,391,1,3,1,1,P09
3,931,317,632,1,1,1,1,P09
3,932,158,581,1,1,1,1,P09
3,933,174,459,1,1,1,1,P09
3,934,84,523,1,1,1,1,P09
3,935,121,657,1,1,1,1,P09
3,936,286,686,1,3,1,1,P09
3,937,203,497,1,1,1,1,P09
3,938,349,497,1,1,1,1,P09
3,939,126,278,1,1,1,1,P09
3,940,163,478,1,1,1,1,P09
3,941,138,539,1,1,1,1,P09
3,942,114,395,1,1,1,1,P09
3,943,231,540,1,1,1,1,P09
3,944,119,441,1,1,1,1,P09
3,945,90,543,1,1,1,1,P09
3,946,172,484,1,1,1,1,P09
3,947,231,460,1,1,1,1,P09
3,948,141,380,1,2,1,1,P09
3,949,166,542,1,1,1,1,P09
3,950,150,346,1,2,1,1,P09
3,951,287,628,1,1,1,1,P09
3,952,95,329,1,1,1,1,P09
3,953,146,687,1,1,1,1,P09
3,954,76,482,1,1,1,1,P09
3,955,255,320,1,1,1,1,P09
3,956,128,384,1,1,1,1,P09
3,957,215,540,1,1,1,1,P09
3,958,184,381,1,1,1,1,P09
3,959,172,334,1,1,1,1,P09
3,960,171,410,1,1,1,1,P09
3,961,158,483,1,1,1,1,P09
3,962,205,489,1,1,1,1,P09
3,963,175,644,1,1,1,1,P09
3,964,82,745,1,2,1,1,P09
3,965,65,342,1,1,1,1,P09
3,966,435,484,1,1,1,1,P09
3,967,323,481,1,1,1,1,P09
3,968,177,773,1,2,1,1,P09
3,969,55,353,1,1,1,1,P09
3,970,338,574,1,1,1,1,P09
3,971,164,682,1,1,1,1,P09
3,972,173,652,1,1,1,1,P09
3,973,143,520,1,1,1,1,P09
3,974,181,426,1,1,1,1,P09
3,975,144,359,1,1,1,1,P09
3,976,154,414,1,2,1,1,P09
3,977,407,490,1,1,1,1,P09
3,978,145,457,1,1,1,1,P09
3,979,135,678,1,1,1,1,P09
3,980,109,498,1,1,1,1,P09
3,981,150,296,1,1,1,1,P09
3,982,161,435,1,2,1,1,P09
3,983,146,559,1,1,1,1,P09
3,984,120,555,1,2,1,1,P09
3,985,158,825,1,3,1,1,P09
3,986,76,454,1,1,1,1,P09
3,987,158,440,1,1,1,1,P09
3,988,407,487,1,1,1,1,P09
3,989,130,292,1,1,1,1,P09
3,990,168,260,1,2,1,1,P09
3,991,140,595,1,1,1,1,P09
3,992,124,496,1,3,1,1,P09
3,993,266,557,1,2,1,1,P09
3,994,240,528,2,1,1,1,P09
3,995,230,746,1,1,1,1,P09
3,996,148,433,1,1,1,1,P09
3,997,218,525,1,1,1,1,P09
3,998,248,478,1,1,1,1,P09
3,999,273,552,1,1,1,1,P09
3,1000,139,409,1,1,1,1,P09
4,1,211,233,1,1,3,1,P09
4,2,494,312,2,2,3,1,P09
4,3,330,491,5,1,3,1,P09
4,4,247,303,3,2,3,1,P09
4,5,241,432,1,3,3,1,P09
4,6,492,295,3,1,3,1,P09
4,7,320,218,1,1,3,1,P09
4,8,516,469,1,1,3,1,P09
4,9,161,371,2,1,3,1,P09
4,10,403,545,2,1,3,1,P09
4,11,190,325,1,1,3,1,P09
4,12,402,76,2,1,3,1,P09
4,13,631,240,3,1,3,1,P09
4,14,337,336,2,2,3,1,P09
4,15,295,455,1,1,3,1,P09
4,16,151,447,1,1,3,1,P09
4,17,219,288,2,1,3,1,P09
4,18,190,228,1,1,3,1,P09
4,19,134,375,1,1,3,1,P09
4,20,237,203,2,1,3,1,P09
4,21,338,337,1,2,3,1,P09
4,22,194,221,3,1,3,1,P09
4,23,144,669,1,1,3,1,P09
4,24,285,149,1,1,3,1,P09
4,25,290,500,3,1,3,1,P09
4,26,321,626,3,2,3,1,P09
4,27,283,424,2,1,3,1,P09
4,28,395,480,3,1,3,1,P09
4,29,181,362,2,1,3,1,P09
4,30,429,554,1,1,3,1,P09
4,31,326,559,4,1,3,1,P09
4,32,361,275,1,1,3,1,P09
4,33,335,446,1,1,3,1,P09
4,34,428,499,1,1,3,1,P09
4,35,269,321,2,1,3,1,P09
4,36,273,313,3,1,3,1,P09
4,37,433,355,1,1,3,1,P09
4,38,250,554,1,1,3,1,P09
4,39,287,452,2,1,3,1,P09
4,40,158,481,1,1,3,1,P09
4,41,253,464,1,1,3,1,P09
4,42,318,335,2,1,3,1,P09
4,43,416,350,4,1,3,1,P09
4,44,185,439,3,1,3,1,P09
4,45,128,353,3,1,3,1,P09
4,46,293,460,1,2,3,1,P09
4,47,287,395,1,1,3,1,P09
4,48,279,505,1,2,3,1,P09
4,49,470,185,1,1,3,1,P09
4,50,403,499,1,1,3,1,P09
4,51,481,283,1,1,3,1,P09
4,52,299,144,2,1,3,1,P09
4,53,396,157,2,1,3,1,P09
4,54,589,358,1,2,3,1,P09
4,55,572,296,1,1,3,1,P09
4,56,304,279,1,1,3,1,P09
4,57,382,314,3,1,3,1,P09
4,58,174,375,1,2,3,1,P09
4,59,266,183,3,1,3,1,P09
4,60,179,301,1,1,3,1,P09
4,61,311,97,1,1,3,1,P09
4,62,333,206,1,1,3,1,P09
4,63,208,347,3,2,3,1,P09
4,64,209,416,1,1,3,1,P09
4,65,305,479,2,1,3,1,P09
4,66,389,356,1,1,3,1,P09
4,67,281,375,1,1,3,1,P09
4,68,306,544,1,1,3,1,P09
4,69,740,232,4,1,3,1,P09
4,70,322,611,1,1,3,1,P09
4,71,389,274,2,1,3,1,P09
4,72,340,211,1,1,3,1,P09
4,73,270,658,1,1,3,1,P09
4,74,293,662,3,1,3,1,P09
4,75,243,350,1,1,3,1,P09
4,76,244,228,1,1,3,1,P09
4,77,365,431,1,1,3,1,P09
4,78,309,464,1,1,3,1,P09
4,79,607,388,3,1,3,1,P09
4,80,430,549,1,1,3,1,P09
4,81,284,322,2,1,3,1,P09
4,82,572,377,1,1,3,1,P09
4,83,391,373,3,1,3,1,P09
4,84,149,258,2,1,3,1,P09
4,85,135,556,1,1,3,1,P09
4,86,321,348,2,1,3,1,P09
4,87,260,541,1,1,3,1,P09
4,88,270,168,4,1,3,1,P09
4,89,316,465,2,3,3,1,P09
4,90,344,140,4,1,3,1,P09
4,91,257,555,2,1,3,1,P09
4,92,457,438,2,1,3,1,P09
4,93,332,584,1,1,3,1,P09
4,94,435,322,1,1,3,1,P09
4,95,314,272,1,1,3,1,P09
4,96,201,439,1,1,3,1,P09
4,97,345,627,1,1,3,1,P09
4,98,178,408,1,2,3,1,P09
4,99,375,174,1,1,3,1,P09
4,100,223,518,1,3,3,1,P09
4,101,182,412,1,1,3,1,P09
4,102,375,459,1,1,3,1,P09
4,103,175,483,1,1,3,1,P09
4,104,531,353,2,1,3,1,P09
4,105,376,443,1,1,3,1,P09
4,106,248,415,2,1,3,1,P09
4,107,629,303,1,1,3,1,P09
4,108,377,595,3,1,3,1,P09
4,109,451,244,1,1,3,1,P09
4,110,99,307,1,1,3,1,P09
4,111,190,254,2,1,3,1,P09
4,112,478,248,1,1,3,1,P09
4,113,222,251,1,1,3,1,P09
4,114,610,352,1,1,3,1,P09
4,115,485,489,1,1,3,1,P09
4,116,407,387,2,1,3,1,P09
4,117,431,353,2,1,3,1,P09
4,118,523,423,1,1,3,1,P09
4,119,703,272,1,1,3,1,P09
4,120,354,462,1,1,3,1,P09
4,121,460,476,1,1,3,1,P09
4,122,186,228,1,1,3,1,P09
4,123,276,628,1,1,3,1,P09
4,124,668,310,2,1,3,1,P09
4,125,310,465,1,1,3,1,P09
4,126,441,546,1,1,3,1,P09
4,127,268,210,1,1,3,1,P09
4,128,440,479,1,1,3,1,P09
4,129,224,602,2,1,3,1,P09
4,130,470,481,1,1,3,1,P09
4,131,232,453,1,1,3,1,P09
4,132,295,657,1,1,3,1,P09
4,133,190,602,1,6,3,1,P09
4,134,204,317,1,1,3,1,P09
4,135,356,248,1,1,3,1,P09
4,136,348,598,1,1,3,1,P09
4,137,445,220,2,1,3,1,P09
4,138,230,287,1,1,3,1,P09
4,139,374,279,6,1,3,1,P09
4,140,123,288,1,1,3,1,P09
4,141,352,328,2,1,3,1,P09
4,142,524,293,1,1,3,1,P09
4,143,227,184,1,1,3,1,P09
4,144,165,299,2,1,3,1,P09
4,145,645,216,2,1,3,1,P09
4,146,232,432,2,1,3,1,P09
4,147,511,408,2,1,3,1,P09
4,148,203,386,1,3,3,1,P09
4,149,279,220,2,1,3,1,P09
4,150,401,585,2,2,3,1,P09
4,151,235,221,2,1,3,1,P09
4,152,488,165,4,1,3,1,P09
4,153,423,510,4,1,3,1,P09
4,154,168,441,1,1,3,1,P09
4,155,363,251,1,1,3,1,P09
4,156,220,212,1,1,3,1,P09
4,157,481,353,1,1,3,1,P09
4,158,230,171,2,1,3,1,P09
4,159,383,450,3,1,3,1,P09
4,160,656,125,1,1,3,1,P09
4,161,394,279,4,1,3,1,P09
4,162,275,387,1,1,3,1,P09
4,163,286,279,2,1,3,1,P09
4,164,280,708,1,1,3,1,P09
4,165,290,494,1,2,3,1,P09
4,166,129,328,3,3,3,1,P09
4,167,270,708,1,1,3,1,P09
4,168,239,296,2,1,3,1,P09
4,169,273,388,2,1,3,1,P09
4,170,298,530,2,2,3,1,P09
4,171,474,212,6,1,3,1,P09
4,172,254,267,2,1,3,1,P09
4,173,250,553,1,1,3,1,P09
4,174,265,171,4,1,3,1,P09
4,175,241,253,1,1,3,1,P09
4,176,123,319,1,1,3,1,P09
4,177,422,361,2,1,3,1,P09
4,178,220,280,1,1,3,1,P09
4,179,256,298,1,1,3,1,P09
4,180,293,588,4,1,3,1,P09
4,181,464,523,1,1,3,1,P09
4,182,317,496,2,1,3,1,P09
4,183,209,438,1,1,3,1,P09
4,184,166,459,1,1,3,1,P09
4,185,244,490,1,1,3,1,P09
4,186,427,192,1,1,3,1,P09
4,187,270,183,1,1,3,1,P09
4,188,163,447,1,1,3,1,P09
4,189,292,333,1,1,3,1,P09
4,190,169,583,1,1,3,1,P09
4,191,282,678,1,1,3,1,P09
4,192,342,433,2,1,3,1,P09
4,193,280,202,3,1,3,1,P09
4,194,448,342,1,1,3,1,P09
4,195,385,555,2,1,3,1,P09
4,196,435,114,1,1,3,1,P09
4,197,173,369,1,1,3,1,P09
4,198,122,285,1,2,3,1,P09
4,199,333,502,2,1,3,1,P09
4,200,287,582,2,1,3,1,P09
4,201,278,275,2,1,3,1,P09
4,202,389,511,2,1,3,1,P09
4,203,225,658,1,1,3,1,P09
4,204,270,454,3,1,3,1,P09
4,205,203,201,3,1,3,1,P09
4,206,197,729,1,2,3,1,P09
4,207,406,463,2,1,3,1,P09
4,208,418,479,1,1,3,1,P09
4,209,366,268,1,1,3,1,P09
4,210,293,584,1,1,3,1,P09
4,211,204,314,1,1,3,1,P09
4,212,435,417,1,1,3,1,P09
4,213,389,237,2,1,3,1,P09
4,214,187,260,2,2,3,1,P09
4,215,173,284,1,1,3,1,P09
4,216,493,336,2,1,3,1,P09
4,217,240,563,1,1,3,1,P09
4,218,463,214,4,1,3,1,P09
4,219,172,673,1,1,3,1,P09
4,220,271,361,1,1,3,1,P09
4,221,510,354,1,1,3,1,P09
4,222,151,526,1,1,3,1,P09
4,223,286,441,1,1,3,1,P09
4,224,317,666,1,1,3,1,P09
4,225,162,449,1,1,3,1,P09
4,226,275,267,2,1,3,1,P09
4,227,210,422,1,1,3,1,P09
4,228,334,244,1,1,3,1,P09
4,229,351,341,2,2,3,1,P09
4,230,184,346,3,1,3,1,P09
4,231,172,289,1,1,3,1,P09
4,232,271,265,1,1,3,1,P09
4,233,190,256,1,1,3,1,P09
4,234,371,240,2,1,3,1,P09
4,235,358,416,1,1,3,1,P09
4,236,148,336,2,1,3,1,P09
4,237,89,539,3,3,3,1,P09
4,238,203,565,1,1,3,1,P09
4,239,255,690,1,1,3,1,P09
4,240,224,354,1,1,3,1,P09
4,241,447,534,1,1,3,1,P09
4,242,153,274,2,1,3,1,P09
4,243,292,251,1,1,3,1,P09
4,244,483,494,2,2,3,1,P09
4,245,263,714,1,1,3,1,P09
4,246,330,264,3,1,3,1,P09
4,247,453,407,4,1,3,1,P09
4,248,244,274,2,1,3,1,P09
4,249,311,420,3,1,3,1,P09
4,250,188,256,1,1,3,1,P09
4,251,356,500,1,1,3,1,P09
4,252,294,299,2,1,3,1,P09
4,253,234,290,1,1,3,1,P09
4,254,549,375,1,1,3,1,P09
4,255,337,508,3,1,3,1,P09
4,256,424,377,1,1,3,1,P09
4,257,240,265,2,1,3,1,P09
4,258,426,294,3,1,3,1,P09
4,259,213,417,1,1,3,1,P09
4,260,307,382,1,2,3,1,P09
4,261,390,417,1,1,3,1,P09
4,262,255,156,1,1,3,1,P09
4,263,390,286,1,1,3,1,P09
4,264,242,514,1,1,3,1,P09
4,265,406,462,2,1,3,1,P09
4,266,243,241,2,1,3,1,P09
4,267,331,487,1,1,3,1,P09
4,268,413,311,3,1,3,1,P09
4,269,221,638,1,1,3,1,P09
4,270,259,305,2,1,3,1,P09
4,271,390,473,1,2,3,1,P09
4,272,500,327,3,1,3,1,P09
4,273,372,197,1,1,3,1,P09
4,274,585,236,3,1,3,1,P09
4,275,377,518,1,1,3,1,P09
4,276,496,306,1,1,3,1,P09
4,277,366,551,1,1,3,1,P09
4,278,176,372,1,1,3,1,P09
4,279,203,225,1,1,3,1,P09
4,280,553,266,2,1,3,1,P09
4,281,91,348,4,1,3,1,P09
4,282,464,238,2,1,3,1,P09
4,283,435,376,2,1,3,1,P09
4,284,345,445,2,3,3,1,P09
4,285,497,287,4,1,3,1,P09
4,286,289,357,1,1,3,1,P09
4,287,385,554,3,1,3,1,P09
4,288,262,301,2,1,3,1,P09
4,289,208,384,1,1,3,1,P09
4,290,310,299,2,1,3,1,P09
4,291,154,655,1,1,3,1,P09
4,292,531,396,1,2,3,1,P09
4,293,338,541,1,1,3,1,P09
4,294,582,151,2,1,3,1,P09
4,295,333,285,2,1,3,1,P09
4,296,274,553,1,1,3,1,P09
4,297,110,493,1,1,3,1,P09
4,298,425,432,3,1,3,1,P09
4,299,90,479,1,1,3,1,P09
4,300,144,298,1,1,3,1,P09
4,301,215,639,1,1,3,1,P09
4,302,388,386,1,1,3,1,P09
4,303,297,196,1,1,3,1,P09
4,304,279,352,3,1,3,1,P09
4,305,232,367,1,4,3,1,P09
4,306,378,281,4,1,3,1,P09
4,307,245,253,3,1,3,1,P09
4,308,234,366,1,1,3,1,P09
4,309,216,681,1,1,3,1,P09
4,310,192,229,2,1,3,1,P09
4,311,321,226,1,1,3,1,P09
4,312,451,534,1,1,3,1,P09
4,313,398,178,7,1,3,1,P09
4,314,276,186,2,1,3,1,P09
4,315,126,511,1,1,3,1,P09
4,316,216,220,2,1,3,1,P09
4,317,392,427,2,1,3,1,P09
4,318,334,403,1,1,3,1,P09
4,319,350,306,1,1,3,1,P09
4,320,221,221,3,1,3,1,P09
4,321,285,361,1,1,3,1,P09
4,322,313,170,1,1,3,1,P09
4,323,386,227,2,1,3,1,P09
4,324,299,126,1,1,3,1,P09
4,325,370,323,1,1,3,1,P09
4,326,468,264,2,1,3,1,P09
4,327,362,310,4,1,3,1,P09
4,328,336,396,2,1,3,1,P09
4,329,182,627,2,1,3,1,P09
4,330,305,640,1,1,3,1,P09
4,331,321,673,1,1,3,1,P09
4,332,265,183,3,1,3,1,P09
4,333,276,173,1,1,3,1,P09
4,334,323,367,2,1,3,1,P09
4,335,554,414,1,1,3,1,P09
4,336,328,383,1,1,3,1,P09
4,337,240,264,6,1,3,1,P09
4,338,562,316,1,1,3,1,P09
4,339,245,421,1,1,3,1,P09
4,340,224,621,1,1,3,1,P09
4,341,297,676,1,4,3,1,P09
4,342,146,535,1,1,3,1,P09
4,343,213,282,1,1,3,1,P09
4,344,339,431,3,1,3,1,P09
4,345,340,566,1,1,3,1,P09
4,346,335,471,3,1,3,1,P09
4,347,195,504,1,1,3,1,P09
4,348,321,363,1,1,3,1,P09
4,349,302,631,1,1,3,1,P09
4,350,161,319,1,1,3,1,P09
4,351,381,428,4,1,3,1,P09
4,352,669,315,4,1,3,1,P09
4,353,216,580,1,1,3,1,P09
4,354,192,301,1,1,3,1,P09
4,355,153,359,1,1,3,1,P09
4,356,222,569,1,2,3,1,P09
4,357,364,176,1,1,3,1,P09
4,358,221,727,1,1,3,1,P09
4,359,269,161,1,1,3,1,P09
4,360,72,397,1,1,3,1,P09
4,361,136,359,1,1,3,1,P09
4,362,602,287,3,1,3,1,P09
4,363,191,507,1,1,3,1,P09
4,364,383,324,2,1,3,1,P09
4,365,132,407,1,2,3,1,P09
4,366,440,320,1,1,3,1,P09
4,367,317,584,1,1,3,1,P09
4,368,523,306,1,1,3,1,P09
4,369,244,569,2,1,3,1,P09
4,370,343,442,1,1,3,1,P09
4,371,314,563,3,1,3,1,P09
4,372,336,378,3,1,3,1,P09
4,373,484,319,4,1,3,1,P09
4,374,249,207,1,1,3,1,P09
4,375,412,362,2,1,3,1,P09
4,376,274,246,5,1,3,1,P09
4,377,338,337,5,2,3,1,P09
4,378,303,615,3,1,3,1,P09
4,379,318,388,2,1,3,1,P09
4,380,541,444,1,1,3,1,P09
4,381,268,321,1,1,3,1,P09
4,382,521,440,3,1,3,1,P09
4,383,451,272,2,1,3,1,P09
4,384,529,263,2,1,3,1,P09
4,385,227,741,1,1,3,1,P09
4,386,416,292,3,1,3,1,P09
4,387,398,570,1,1,3,1,P09
4,388,340,530,1,1,3,1,P09
4,389,385,130,1,1,3,1,P09
4,390,221,512,1,1,3,1,P09
4,391,510,228,2,1,3,1,P09
4,392,110,727,1,2,3,1,P09
4,393,267,562,2,1,3,1,P09
4,394,241,453,1,1,3,1,P09
4,395,323,184,1,1,3,1,P09
4,396,100,525,1,2,3,1,P09
4,397,258,319,1,1,3,1,P09
4,398,511,167,2,1,3,1,P09
4,399,164,441,1,1,3,1,P09
4,400,274,439,1,1,3,1,P09
4,401,118,292,1,1,3,1,P09
4,402,178,266,2,1,3,1,P09
4,403,255,594,1,1,3,1,P09
4,404,568,283,2,1,3,1,P09
4,405,603,218,1,2,3,1,P09
4,406,186,315,1,1,3,1,P09
4,407,541,318,2,1,3,1,P09
4,408,235,334,1,1,3,1,P09
4,409,401,482,1,1,3,1,P09
4,410,356,403,1,1,3,1,P09
4,411,339,245,1,1,3,1,P09
4,412,183,447,1,1,3,1,P09
4,413,233,475,1,1,3,1,P09
4,414,520,461,1,1,3,1,P09
4,415,636,287,1,1,3,1,P09
4,416,435,481,3,1,3,1,P09
4,417,195,448,1,3,3,1,P09
4,418,507,358,2,1,3,1,P09
4,419,244,535,1,1,3,1,P09
4,420,240,268,1,2,3,1,P09
4,421,206,633,1,2,3,1,P09
4,422,297,477,1,1,3,1,P09
4,423,335,647,1,1,3,1,P09
4,424,251,383,1,1,3,1,P09
4,425,238,341,1,1,3,1,P09
4,426,230,498,1,1,3,1,P09
4,427,203,245,1,1,3,1,P09
4,428,284,491,1,1,3,1,P09
4,429,416,558,1,1,3,1,P09
4,430,121,592,1,2,3,1,P09
4,431,483,410,1,1,3,1,P09
4,432,306,258,1,1,3,1,P09
4,433,271,359,3,1,3,1,P09
4,434,392,255,2,1,3,1,P09
4,435,306,673,1,1,3,1,P09
4,436,300,155,2,1,3,1,P09
4,437,191,496,1,2,3,1,P09
4,438,509,268,4,2,3,1,P09
4,439,329,541,1,1,3,1,P09
4,440,395,178,2,1,3,1,P09
4,441,289,708,1,1,3,1,P09
4,442,134,485,1,1,3,1,P09
4,443,225,364,4,1,3,1,P09
4,444,568,399,2,1,3,1,P09
4,445,580,336,3,1,3,1,P09
4,446,215,297,1,1,3,1,P09
4,447,455,321,1,1,3,1,P09
4,448,240,178,2,1,3,1,P09
4,449,491,385,3,1,3,1,P09
4,450,245,390,3,1,3,1,P09
4,451,187,802,1,1,3,1,P09
4,452,289,566,1,1,3,1,P09
4,453,430,168,2,1,3,1,P09
4,454,258,159,3,2,3,1,P09
4,455,453,206,1,1,3,1,P09
4,456,332,395,3,1,3,1,P09
4,457,286,203,2,1,3,1,P09
4,458,190,451,1,2,3,1,P09
4,459,266,184,2,1,3,1,P09
4,460,250,235,1,1,3,1,P09
4,461,234,715,1,1,3,1,P09
4,462,435,475,3,2,3,1,P09
4,463,366,406,2,2,3,1,P09
4,464,282,443,1,1,3,1,P09
4,465,438,559,3,1,3,1,P09
4,466,205,258,1,1,3,1,P09
4,467,350,388,3,2,3,1,P09
4,468,413,510,1,1,3,1,P09
4,469,156,341,1,2,3,1,P09
4,470,266,399,3,1,3,1,P09
4,471,240,541,1,1,3,1,P09
4,472,158,262,1,1,3,1,P09
4,473,570,396,4,2,3,1,P09
4,474,181,304,1,1,3,1,P09
4,475,467,440,1,1,3,1,P09
4,476,117,293,1,1,3,1,P09
4,477,309,503,1,2,3,1,P09
4,478,325,440,5,2,3,1,P09
4,479,507,424,2,1,3,1,P09
4,480,309,379,1,1,3,1,P09
4,481,263,239,2,1,3,1,P09
4,482,363,595,2,1,3,1,P09
4,483,506,412,1,1,3,1,P09
4,484,377,469,1,1,3,1,P09
4,485,240,373,1,1,3,1,P09
4,486,464,380,4,1,3,1,P09
4,487,316,548,1,1,3,1,P09
4,488,455,269,2,1,3,1,P09
4,489,231,361,4,1,3,1,P09
4,490,361,537,1,1,3,1,P09
4,491,556,408,1,1,3,1,P09
4,492,301,526,1,1,3,1,P09
4,493,352,350,3,1,3,1,P09
4,494,415,497,3,1,3,1,P09
4,495,241,708,1,1,3,1,P09
4,496,198,464,1,2,3,1,P09
4,497,460,234,1,1,3,1,P09
4,498,228,335,2,1,3,1,P09
4,499,184,239,1,1,3,1,P09
4,500,344,608,2,1,3,1,P09
4,501,171,505,1,1,3,1,P09
4,502,119,349,3,1,3,1,P09
4,503,270,346,1,1,3,1,P09
4,504,521,194,2,1,3,1,P09
4,505,620,346,1,1,3,1,P09
4,506,245,403,1,1,3,1,P09
4,507,228,363,1,2,3,1,P09
4,508,217,449,1,1,3,1,P09
4,509,393,327,2,1,3,1,P09
4,510,380,228,4,1,3,1,P09
4,511,352,417,1,1,3,1,P09
4,512,482,385,1,1,3,1,P09
4,513,193,434,1,1,3,1,P09
4,514,406,375,1,1,3,1,P09
4,515,389,487,3,1,3,1,P09
4,516,495,436,1,1,3,1,P09
4,517,191,427,1,3,3,1,P09
4,518,461,333,1,1,3,1,P09
4,519,586,285,1,1,3,1,P09
4,520,277,418,3,1,3,1,P09
4,521,238,305,1,1,3,1,P09
4,522,533,332,2,1,3,1,P09
4,523,404,541,1,2,3,1,P09
4,524,346,131,1,2,3,1,P09
4,525,674,243,1,1,3,1,P09
4,526,191,237,1,1,3,1,P09
4,527,259,352,1,1,3,1,P09
4,528,338,392,4,1,3,1,P09
4,529,611,321,3,1,3,1,P09
4,530,293,425,1,1,3,1,P09
4,531,352,323,5,1,3,1,P09
4,532,320,421,2,1,3,1,P09
4,533,227,291,2,2,3,1,P09
4,534,407,356,3,1,3,1,P09
4,535,442,183,2,1,3,1,P09
4,536,137,436,1,1,3,1,P09
4,537,304,446,1,1,3,1,P09
4,538,197,283,1,2,3,1,P09
4,539,365,392,1,1,3,1,P09
4,540,521,427,2,1,3,1,P09
4,541,236,391,1,1,3,1,P09
4,542,541,325,1,2,3,1,P09
4,543,223,399,2,1,3,1,P09
4,544,268,430,3,1,3,1,P09
4,545,140,279,1,1,3,1,P09
4,546,257,307,1,1,3,1,P09
4,547,598,264,2,1,3,1,P09
4,548,72,383,1,1,3,1,P09
4,549,453,410,1,1,3,1,P09
4,550,308,201,1,1,3,1,P09
4,551,481,355,1,1,3,1,P09
4,552,286,299,3,1,3,1,P09
4,553,349,334,1,1,3,1,P09
4,554,354,196,2,1,3,1,P09
4,555,523,402,3,1,3,1,P09
4,556,321,336,4,1,3,1,P09
4,557,378,496,2,1,3,1,P09
4,558,351,413,1,1,3,1,P09
4,559,263,390,2,1,3,1,P09
4,560,360,257,1,1,3,1,P09
4,561,356,521,2,1,3,1,P09
4,562,230,543,2,1,3,1,P09
4,563,336,240,1,1,3,1,P09
4,564,286,597,1,1,3,1,P09
4,565,288,139,1,1,3,1,P09
4,566,363,437,1,1,3,1,P09
4,567,380,233,1,1,3,1,P09
4,568,275,415,1,1,3,1,P09
4,569,366,306,4,1,3,1,P09
4,570,302,300,2,1,3,1,P09
4,571,332,149,1,1,3,1,P09
4,572,218,547,1,4,3,1,P09
4,573,497,230,1,1,3,1,P09
4,574,302,314,3,1,3,1,P09
4,575,148,482,1,1,3,1,P09
4,576,334,117,1,1,3,1,P09
4,577,238,167,1,1,3,1,P09
4,578,42,478,1,1,3,1,P09
4,579,310,288,1,1,3,1,P09
4,580,144,321,1,2,3,1,P09
4,581,411,409,1,1,3,1,P09
4,582,95,776,1,1,3,1,P09
4,583,189,274,4,1,3,1,P09
4,584,502,493,3,1,3,1,P09
4,585,310,356,1,1,3,1,P09
4,586,393,314,1,1,3,1,P09
4,587,255,492,3,1,3,1,P09
4,588,505,307,1,1,3,1,P09
4,589,276,564,1,1,3,1,P09
4,590,311,309,2,1,3,1,P09
4,591,342,290,1,1,3,1,P09
4,592,183,287,1,2,3,1,P09
4,593,306,480,2,1,3,1,P09
4,594,438,414,2,1,3,1,P09
4,595,290,580,1,1,3,1,P09
4,596,156,289,3,1,3,1,P09
4,597,372,319,1,1,3,1,P09
4,598,300,478,1,2,3,1,P09
4,599,493,435,2,1,3,1,P09
4,600,342,187,3,1,3,1,P09
4,601,239,237,3,3,3,1,P09
4,602,135,320,1,1,3,1,P09
4,603,278,142,3,1,3,1,P09
4,604,342,301,3,1,3,1,P09
4,605,244,410,4,1,3,1,P09
4,606,310,223,1,1,3,1,P09
4,607,475,329,2,1,3,1,P09
4,608,364,554,1,1,3,1,P09
4,609,441,325,6,1,3,1,P09
4,610,130,348,1,1,3,1,P09
4,611,391,380,1,1,3,1,P09
4,612,391,224,1,2,3,1,P09
4,613,294,223,1,1,3,1,P09
4,614,463,490,2,1,3,1,P09
4,615,508,212,2,1,3,1,P09
4,616,225,338,1,1,3,1,P09
4,617,255,172,1,1,3,1,P09
4,618,278,366,1,1,3,1,P09
4,619,385,328,3,1,3,1,P09
4,620,344,272,2,1,3,1,P09
4,621,470,186,1,1,3,1,P09
4,622,213,209,3,1,3,1,P09
4,623,351,397,1,1,3,1,P09
4,624,535,419,1,2,3,1,P09
4,625,707,276,5,1,3,1,P09
4,626,169,599,1,1,3,1,P09
4,627,274,321,2,1,3,1,P09
4,628,235,348,2,1,3,1,P09
4,629,521,258,3,1,3,1,P09
4,630,275,411,1,1,3,1,P09
4,631,304,278,1,1,3,1,P09
4,632,246,198,3,1,3,1,P09
4,633,306,252,1,1,3,1,P09
4,634,238,503,2,1,3,1,P09
4,635,268,532,1,1,3,1,P09
4,636,174,343,1,1,3,1,P09
4,637,133,356,1,2,3,1,P09
4,638,483,167,1,1,3,1,P09
4,639,174,462,1,1,3,1,P09
4,640,179,261,2,1,3,1,P09
4,641,325,565,1,1,3,1,P09
4,642,408,542,1,1,3,1,P09
4,643,297,510,3,1,3,1,P09
4,644,250,251,3,1,3,1,P09
4,645,411,230,2,1,3,1,P09
4,646,204,605,2,1,3,1,P09
4,647,327,426,1,1,3,1,P09
4,648,329,481,1,1,3,1,P09
4,649,356,557,1,1,3,1,P09
4,650,170,606,1,1,3,1,P09
4,651,128,279,1,1,3,1,P09
4,652,373,329,3,1,3,1,P09
4,653,423,464,1,1,3,1,P09
4,654,287,236,2,1,3,1,P09
4,655,216,335,2,1,3,1,P09
4,656,144,450,1,1,3,1,P09
4,657,435,349,4,1,3,1,P09
4,658,402,331,1,1,3,1,P09
4,659,811,163,2,1,3,1,P09
4,660,234,211,1,1,3,1,P09
4,661,444,527,1,1,3,1,P09
4,662,397,472,1,1,3,1,P09
4,663,278,353,1,1,3,1,P09
4,664,600,305,1,1,3,1,P09
4,665,529,209,2,1,3,1,P09
4,666,160,729,1,1,3,1,P09
4,667,426,394,1,1,3,1,P09
4,668,339,455,1,1,3,1,P09
4,669,190,345,1,2,3,1,P09
4,670,291,211,1,1,3,1,P09
4,671,455,477,1,1,3,1,P09
4,672,185,456,1,1,3,1,P09
4,673,295,428,1,1,3,1,P09
4,674,429,464,2,1,3,1,P09
4,675,329,423,1,1,3,1,P09
4,676,588,393,1,1,3,1,P09
4,677,125,335,1,1,3,1,P09
4,678,252,319,2,2,3,1,P09
4,679,203,234,2,1,3,1,P09
4,680,194,366,1,1,3,1,P09
4,681,361,444,1,1,3,1,P09
4,682,278,636,1,1,3,1,P09
4,683,253,330,1,1,3,1,P09
4,684,292,475,1,1,3,1,P09
4,685,289,147,3,1,3,1,P09
4,686,398,473,4,1,3,1,P09
4,687,298,394,1,1,3,1,P09
4,688,149,417,1,2,3,1,P09
4,689,639,228,3,1,3,1,P09
4,690,205,377,1,2,3,1,P09
4,691,253,156,3,1,3,1,P09
4,692,305,300,1,1,3,1,P09
4,693,253,512,1,2,3,1,P09
4,694,222,285,3,1,3,1,P09
4,695,168,439,1,1,3,1,P09
4,696,185,358,1,1,3,1,P09
4,697,213,296,1,1,3,1,P09
4,698,329,191,1,1,3,1,P09
4,699,154,248,2,1,3,1,P09
4,700,329,457,1,1,3,1,P09
4,701,259,305,1,1,3,1,P09
4,702,552,446,2,1,3,1,P09
4,703,285,444,1,1,3,1,P09
4,704,245,366,1,1,3,1,P09
4,705,386,184,1,1,3,1,P09
4,706,343,375,3,1,3,1,P09
4,707,295,561,1,1,3,1,P09
4,708,347,411,1,1,3,1,P09
4,709,179,277,1,1,3,1,P09
4,710,296,459,1,1,3,1,P09
4,711,197,256,6,1,3,1,P09
4,712,428,348,2,1,3,1,P09
4,713,685,194,3,1,3,1,P09
4,714,333,289,1,1,3,1,P09
4,715,265,721,1,1,3,1,P09
4,716,392,329,6,1,3,1,P09
4,717,81,459,1,1,3,1,P09
4,718,437,561,1,1,3,1,P09
4,719,548,308,2,1,3,1,P09
4,720,307,653,2,1,3,1,P09
4,721,255,302,1,1,3,1,P09
4,722,134,334,1,1,3,1,P09
4,723,335,395,3,1,3,1,P09
4,724,244,170,2,1,3,1,P09
4,725,332,500,1,1,3,1,P09
4,726,154,399,2,1,3,1,P09
4,727,322,460,1,1,3,1,P09
4,728,137,328,1,1,3,1,P09
4,729,247,251,1,1,3,1,P09
4,730,311,263,1,1,3,1,P09
4,731,373,407,1,1,3,1,P09
4,732,151,399,1,1,3,1,P09
4,733,161,317,1,3,3,1,P09
4,734,265,704,2,1,3,1,P09
4,735,422,460,3,1,3,1,P09
4,736,578,361,3,1,3,1,P09
4,737,337,382,1,1,3,1,P09
4,738,554,427,2,1,3,1,P09
4,739,529,415,1,1,3,1,P09
4,740,638,331,5,1,3,1,P09
4,741,448,479,1,1,3,1,P09
4,742,541,348,6,1,3,1,P09
4,743,250,331,1,1,3,1,P09
4,744,538,365,2,1,3,1,P09
4,745,162,390,1,1,3,1,P09
4,746,561,402,1,1,3,1,P09
4,747,235,694,1,1,3,1,P09
4,748,207,433,2,3,3,1,P09
4,749,258,386,1,1,3,1,P09
4,750,478,383,3,1,3,1,P09
4,751,420,537,1,1,3,1,P09
4,752,409,295,3,1,3,1,P09
4,753,181,417,1,1,3,1,P09
4,754,231,605,1,1,3,1,P09
4,755,392,389,1,1,3,1,P09
4,756,430,398,1,2,3,1,P09
4,757,272,259,1,1,3,1,P09
4,758,581,392,2,1,3,1,P09
4,759,231,288,1,1,3,1,P09
4,760,343,293,1,2,3,1,P09
4,761,242,329,1,1,3,1,P09
4,762,151,433,1,1,3,1,P09
4,763,224,356,2,1,3,1,P09
4,764,373,478,4,1,3,1,P09
4,765,215,242,1,1,3,1,P09
4,766,303,354,1,1,3,1,P09
4,767,313,654,1,1,3,1,P09
4,768,440,227,1,1,3,1,P09
4,769,202,312,1,1,3,1,P09
4,770,189,654,1,1,3,1,P09
4,771,321,497,2,1,3,1,P09
4,772,322,401,1,2,3,1,P09
4,773,157,521,1,1,3,1,P09
4,774,530,334,1,1,3,1,P09
4,775,171,704,1,1,3,1,P09
4,776,414,323,4,1,3,1,P09
4,777,319,603,1,1,3,1,P09
4,778,215,283,1,1,3,1,P09
4,779,432,437,2,1,3,1,P09
4,780,275,454,1,1,3,1,P09
4,781,273,419,1,1,3,1,P09
4,782,382,414,1,1,3,1,P09
4,783,325,546,1,1,3,1,P09
4,784,399,267,4,1,3,1,P09
4,785,322,227,1,1,3,1,P09
4,786,313,590,1,1,3,1,P09
4,787,358,422,1,1,3,1,P09
4,788,193,274,1,1,3,1,P09
4,789,285,570,2,2,3,1,P09
4,790,369,473,1,1,3,1,P09
4,791,203,715,1,1,3,1,P09
4,792,270,617,1,2,3,1,P09
4,793,329,439,2,2,3,1,P09
4,794,394,501,1,1,3,1,P09
4,795,240,265,2,1,3,1,P09
4,796,283,269,1,1,3,1,P09
4,797,635,288,1,1,3,1,P09
4,798,512,359,2,1,3,1,P09
4,799,332,634,2,1,3,1,P09
4,800,352,514,1,1,3,1,P09
4,801,235,212,1,1,3,1,P09
4,802,371,439,1,1,3,1,P09
4,803,383,277,1,1,3,1,P09
4,804,434,252,1,1,3,1,P09
4,805,257,172,2,1,3,1,P09
4,806,368,627,1,1,3,1,P09
4,807,423,329,1,1,3,1,P09
4,808,326,125,1,1,3,1,P09
4,809,242,311,3,1,3,1,P09
4,810,434,128,1,1,3,1,P09
4,811,433,324,1,1,3,1,P09
4,812,311,456,1,1,3,1,P09
4,813,321,457,2,1,3,1,P09
4,814,394,551,1,1,3,1,P09
4,815,283,659,1,1,3,1,P09
4,816,244,235,1,1,3,1,P09
4,817,297,277,3,1,3,1,P09
4,818,289,182,2,1,3,1,P09
4,819,352,388,1,1,3,1,P09
4,820,256,277,2,2,3,1,P09
4,821,254,258,1,1,3,1,P09
4,822,168,275,2,1,3,1,P09
4,823,340,295,2,2,3,1,P09
4,824,168,251,2,1,3,1,P09
4,825,301,358,1,1,3,1,P09
4,826,345,597,1,1,3,1,P09
4,827,569,273,1,1,3,1,P09
4,828,181,354,1,1,3,1,P09
4,829,154,479,1,1,3,1,P09
4,830,381,141,1,1,3,1,P09
4,831,731,95,2,1,3,1,P09
4,832,431,347,3,1,3,1,P09
4,833,483,229,1,1,3,1,P09
4,834,147,369,1,1,3,1,P09
4,835,326,568,1,1,3,1,P09
4,836,471,310,5,1,3,1,P09
4,837,335,509,1,1,3,1,P09
4,838,320,345,3,1,3,1,P09
4,839,318,228,3,1,3,1,P09
4,840,428,533,1,1,3,1,P09
4,841,192,342,1,1,3,1,P09
4,842,152,579,1,1,3,1,P09
4,843,213,252,2,1,3,1,P09
4,844,135,409,1,1,3,1,P09
4,845,265,663,1,1,3,1,P09
4,846,202,439,1,1,3,1,P09
4,847,547,280,1,1,3,1,P09
4,848,225,539,1,1,3,1,P09
4,849,449,418,5,1,3,1,P09
4,850,192,339,1,2,3,1,P09
4,851,342,618,1,1,3,1,P09
4,852,216,319,3,1,3,1,P09
4,853,203,760,2,1,3,1,P09
4,854,371,562,1,1,3,1,P09
4,855,353,345,1,2,3,1,P09
4,856,104,537,1,1,3,1,P09
4,857,138,338,1,1,3,1,P09
4,858,554,376,1,1,3,1,P09
4,859,340,211,5,1,3,1,P09
4,860,299,431,2,1,3,1,P09
4,861,528,395,2,1,3,1,P09
4,862,259,256,4,1,3,1,P09
4,863,289,461,1,1,3,1,P09
4,864,406,372,3,1,3,1,P09
4,865,183,247,3,1,3,1,P09
4,866,222,315,1,1,3,1,P09
4,867,321,575,1,1,3,1,P09
4,868,231,339,2,1,3,1,P09
4,869,148,485,1,1,3,1,P09
4,870,154,267,1,1,3,1,P09
4,871,314,644,1,1,3,1,P09
4,872,295,217,3,1,3,1,P09
4,873,318,504,1,1,3,1,P09
4,874,182,628,1,2,3,1,P09
4,875,254,454,1,1,3,1,P09
4,876,321,612,3,1,3,1,P09
4,877,469,440,3,1,3,1,P09
4,878,109,333,1,1,3,1,P09
4,879,271,646,1,1,3,1,P09
4,880,135,289,1,1,3,1,P09
4,881,190,393,1,1,3,1,P09
4,882,390,584,1,1,3,1,P09
4,883,78,322,1,1,3,1,P09
4,884,308,356,1,1,3,1,P09
4,885,291,580,1,1,3,1,P09
4,886,149,309,1,1,3,1,P09
4,887,216,278,2,1,3,1,P09
4,888,245,362,1,2,3,1,P09
4,889,261,221,3,1,3,1,P09
4,890,474,170,2,1,3,1,P09
4,891,225,430,1,1,3,1,P09
4,892,168,248,4,1,3,1,P09
4,893,403,265,5,1,3,1,P09
4,894,316,177,1,1,3,1,P09
4,895,333,372,1,1,3,1,P09
4,896,556,433,1,1,3,1,P09
4,897,312,535,1,1,3,1,P09
4,898,526,309,4,1,3,1,P09
4,899,472,525,1,1,3,1,P09
4,900,454,299,4,2,3,1,P09
4,901,203,222,1,1,3,1,P09
4,902,381,387,1,1,3,1,P09
4,903,316,488,1,1,3,1,P09
4,904,490,244,3,1,3,1,P09
4,905,344,348,1,1,3,1,P09
4,906,179,512,3,1,3,1,P09
4,907,534,282,2,1,3,1,P09
4,908,338,485,1,2,3,1,P09
4,909,537,375,2,1,3,1,P09
4,910,290,571,1,1,3,1,P09
4,911,199,252,1,1,3,1,P09
4,912,532,339,2,1,3,1,P09
4,913,257,170,3,1,3,1,P09
4,914,298,589,1,1,3,1,P09
4,915,400,582,1,1,3,1,P09
4,916,292,280,1,1,3,1,P09
4,917,315,322,1,1,3,1,P09
4,918,432,488,1,1,3,1,P09
4,919,267,577,1,2,3,1,P09
4,920,151,449,1,1,3,1,P09
4,921,325,432,1,1,3,1,P09
4,922,393,292,4,1,3,1,P09
4,923,194,467,1,1,3,1,P09
4,924,423,502,1,3,3,1,P09
4,925,354,344,4,2,3,1,P09
4,926,197,711,1,1,3,1,P09
4,927,183,297,2,1,3,1,P09
4,928,190,317,1,1,3,1,P09
4,929,188,258,1,1,3,1,P09
4,930,275,262,5,1,3,1,P09
4,931,335,421,1,1,3,1,P09
4,932,197,277,1,3,3,1,P09
4,933,289,330,1,2,3,1,P09
4,934,722,253,1,1,3,1,P09
4,935,331,198,4,1,3,1,P09
4,936,290,461,1,1,3,1,P09
4,937,339,390,1,1,3,1,P09
4,938,356,561,3,1,3,1,P09
4,939,258,713,1,1,3,1,P09
4,940,306,136,2,1,3,1,P09
4,941,201,443,1,1,3,1,P09
4,942,289,369,1,3,3,1,P09
4,943,147,298,1,1,3,1,P09
4,944,91,341,1,1,3,1,P09
4,945,225,753,2,1,3,1,P09
4,946,337,351,2,1,3,1,P09
4,947,651,79,1,1,3,1,P09
4,948,185,418,1,1,3,1,P09
4,949,251,676,2,1,3,1,P09
4,950,137,470,2,1,3,1,P09
4,951,646,352,1,1,3,1,P09
4,952,157,513,2,2,3,1,P09
4,953,384,309,1,1,3,1,P09
4,954,118,323,1,1,3,1,P09
4,955,214,330,2,1,3,1,P09
4,956,315,661,2,1,3,1,P09
4,957,199,278,1,2,3,1,P09
4,958,323,445,1,1,3,1,P09
4,959,451,335,1,1,3,1,P09
4,960,270,456,1,1,3,1,P09
4,961,194,314,2,1,3,1,P09
4,962,195,529,1,2,3,1,P09
4,963,487,427,2,1,3,1,P09
4,964,236,243,5,1,3,1,P09
4,965,228,282,2,1,3,1,P09
4,966,470,448,1,1,3,1,P09
4,967,249,289,1,1,3,1,P09
4,968,260,383,1,1,3,1,P09
4,969,302,525,1,3,3,1,P09
4,970,281,163,3,1,3,1,P09
4,971,165,256,1,1,3,1,P09
4,972,288,371,1,1,3,1,P09
4,973,197,315,2,1,3,1,P09
4,974,497,361,1,1,3,1,P09
4,975,301,281,1,1,3,1,P09
4,976,440,251,1,1,3,1,P09
4,977,489,467,2,1,3,1,P09
4,978,209,513,1,1,3,1,P09
4,979,302,550,1,1,3,1,P09
4,980,583,342,1,1,3,1,P09
4,981,213,355,2,1,3,1,P09
4,982,303,287,1,1,3,1,P09
4,983,311,473,1,1,3,1,P09
4,984,584,353,3,1,3,1,P09
4,985,137,484,1,2,3,1,P09
4,986,357,563,3,1,3,1,P09
4,987,325,367,1,1,3,1,P09
4,988,209,283,4,1,3,1,P09
4,989,111,414,1,1,3,1,P09
4,990,541,390,1,1,3,1,P09
4,991,553,376,1,1,3,1,P09
4,992,168,337,1,1,3,1,P09
4,993,627,370,5,1,3,1,P09
4,994,131,290,1,1,3,1,P09
4,995,348,204,4,3,3,1,P09
4,996,388,305,1,3,3,1,P09
4,997,274,282,1,2,3,1,P09
4,998,352,223,1,1,3,1,P09
4,999,443,427,1,1,3,1,P09
4,1000,516,422,1,1,3,1,P09
5,1,698,244,7,1,9,1,P09
5,2,731,167,12,1,9,1,P09
5,3,539,268,10,1,9,1,P09
5,4,505,283,6,1,9,1,P09
5,5,282,295,2,1,9,1,P09
5,6,492,462,8,1,9,1,P09
5,7,283,150,3,1,9,1,P09
5,8,449,348,7,1,9,1,P09
5,9,750,153,7,1,9,1,P09
5,10,375,148,6,2,9,1,P09
5,11,350,68,10,1,9,1,P09
5,12,667,120,7,1,9,1,P09
5,13,374,153,5,1,9,1,P09
5,14,600,244,4,1,9,1,P09
5,15,525,174,12,1,9,1,P09
5,16,289,230,5,1,9,1,P09
5,17,329,239,2,1,9,1,P09
5,18,438,222,6,1,9,1,P09
5,19,427,268,3,1,9,1,P09
5,20,389,277,3,1,9,1,P09
5,21,373,93,12,1,9,1,P09
5,22,488,266,5,1,9,1,P09
5,23,341,179,9,1,9,1,P09
5,24,384,530,5,1,9,1,P09
5,25,395,217,1,1,9,1,P09
5,26,249,518,4,1,9,1,P09
5,27,582,112,5,1,9,1,P09
5,28,335,204,7,1,9,1,P09
5,29,275,147,3,1,9,1,P09
5,30,566,323,1,1,9,1,P09
5,31,745,160,9,1,9,1,P09
5,32,393,144,7,1,9,1,P09
5,33,646,287,7,1,9,1,P09
5,34,335,298,6,1,9,1,P09
5,35,590,123,5,1,9,1,P09
5,36,498,108,9,1,9,1,P09
5,37,545,84,7,1,9,1,P09
5,38,443,178,3,1,9,1,P09
5,39,716,140,11,1,9,1,P09
5,40,605,361,4,1,9,1,P09
5,41,377,211,3,1,9,1,P09
5,42,487,81,11,1,9,1,P09
5,43,504,192,8,1,9,1,P09
5,44,263,325,4,1,9,1,P09
5,45,393,114,7,1,9,1,P09
5,46,199,201,5,1,9,1,P09
5,47,590,356,9,1,9,1,P09
5,48,418,298,8,1,9,1,P09
5,49,567,115,8,1,9,1,P09
5,50,355,335,7,1,9,1,P09
5,51,227,359,7,1,9,1,P09
5,52,393,188,6,1,9,1,P09
5,53,250,255,3,1,9,1,P09
5,54,504,271,6,1,9,1,P09
5,55,456,430,14,1,9,1,P09
5,56,443,235,5,1,9,1,P09
5,57,439,122,5,1,9,1,P09
5,58,620,192,6,1,9,1,P09
5,59,587,242,6,1,9,1,P09
5,60,420,133,4,1,9,1,P09
5,61,411,141,6,1,9,1,P09
5,62,509,284,6,1,9,1,P09
5,63,176,373,8,1,9,1,P09
5,64,303,156,7,1,9,1,P09
5,65,399,383,8,1,9,1,P09
5,66,456,361,3,1,9,1,P09
5,67,335,232,6,1,9,1,P09
5,68,316,122,7,1,9,1,P09
5,69,347,171,8,1,9,1,P09
5,70,556,237,3,1,9,1,P09
5,71,335,468,4,1,9,1,P09
5,72,422,432,5,1,9,1,P09
5,73,564,248,9,1,9,1,P09
5,74,373,234,7,1,9,1,P09
5,75,641,228,4,1,9,1,P09
5,76,379,255,3,1,9,1,P09
5,77,433,125,8,1,9,1,P09
5,78,719,230,6,1,9,1,P09
5,79,495,308,6,1,9,1,P09
5,80,483,369,4,1,9,1,P09
5,81,470,509,2,3,9,1,P09
5,82,353,175,4,1,9,1,P09
5,83,483,312,4,1,9,1,P09
5,84,489,272,6,1,9,1,P09
5,85,637,233,17,1,9,1,P09
5,86,258,146,9,1,9,1,P09
5,87,758,174,12,1,9,1,P09
5,88,570,174,5,1,9,1,P09
5,89,434,196,5,1,9,1,P09
5,90,504,117,9,1,9,1,P09
5,91,574,160,9,1,9,1,P09
5,92,516,442,5,1,9,1,P09
5,93,323,247,6,1,9,1,P09
5,94,409,158,9,1,9,1,P09
5,95,411,383,4,1,9,1,P09
5,96,378,204,7,1,9,1,P09
5,97,444,204,8,1,9,1,P09
5,98,558,341,4,1,9,1,P09
5,99,439,167,9,1,9,1,P09
5,100,619,184,8,1,9,1,P09
5,101,228,227,3,1,9,1,P09
5,102,717,123,8,1,9,1,P09
5,103,345,317,3,1,9,1,P09
5,104,262,160,7,1,9,1,P09
5,105,502,371,3,1,9,1,P09
5,106,376,455,4,1,9,1,P09
5,107,465,270,8,1,9,1,P09
5,108,364,447,2,1,9,1,P09
5,109,299,284,4,1,9,1,P09
5,110,351,149,8,1,9,1,P09
5,111,503,200,5,1,9,1,P09
5,112,393,217,4,1,9,1,P09
5,113,286,207,5,1,9,1,P09
5,114,593,222,7,1,9,1,P09
5,115,333,121,3,1,9,1,P09
5,116,417,177,7,1,9,1,P09
5,117,363,114,5,1,9,1,P09
5,118,553,282,4,1,9,1,P09
5,119,626,272,6,3,9,1,P09
5,120,536,365,7,1,9,1,P09
5,121,242,169,7,1,9,1,P09
5,122,409,190,9,1,9,1,P09
5,123,419,417,4,1,9,1,P09
5,124,346,186,6,1,9,1,P09
5,125,488,222,9,1,9,1,P09
5,126,704,271,8,1,9,1,P09
5,127,418,323,3,1,9,1,P09
5,128,401,140,6,1,9,1,P09
5,129,643,254,6,1,9,1,P09
5,130,303,107,8,1,9,1,P09
5,131,456,178,2,1,9,1,P09
5,132,255,234,2,1,9,1,P09
5,133,515,278,6,1,9,1,P09
5,134,857,126,8,1,9,1,P09
5,135,432,112,9,1,9,1,P09
5,136,390,159,9,1,9,1,P09
5,137,312,250,1,1,9,1,P09
5,138,557,420,5,2,9,1,P09
5,139,330,105,4,1,9,1,P09
5,140,399,94,2,1,9,1,P09
5,141,581,77,10,1,9,1,P09
5,142,579,199,5,1,9,1,P09
5,143,609,130,8,1,9,1,P09
5,144,565,292,5,1,9,1,P09
5,145,279,220,2,1,9,1,P09
5,146,392,474,3,2,9,1,P09
5,147,650,347,11,1,9,1,P09
5,148,405,147,5,1,9,1,P09
5,149,603,255,6,1,9,1,P09
5,150,446,519,4,1,9,1,P09
5,151,865,83,9,1,9,1,P09
5,152,592,251,4,1,9,1,P09
5,153,503,324,2,1,9,1,P09
5,154,801,188,6,1,9,1,P09
5,155,317,124,6,1,9,1,P09
5,156,324,291,5,1,9,1,P09
5,157,330,85,5,1,9,1,P09
5,158,424,528,5,1,9,1,P09
5,159,637,279,6,1,9,1,P09
5,160,635,199,4,1,9,1,P09
5,161,586,281,4,1,9,1,P09
5,162,374,237,5,1,9,1,P09
5,163,778,212,9,1,9,1,P09
5,164,451,165,6,1,9,1,P09
5,165,450,549,6,2,9,1,P09
5,166,520,193,3,1,9,1,P09
5,167,408,195,7,1,9,1,P09
5,168,488,165,6,1,9,1,P09
5,169,610,367,4,1,9,1,P09
5,170,282,136,7,1,9,1,P09
5,171,674,320,6,1,9,1,P09
5,172,300,246,2,1,9,1,P09
5,173,825,137,10,1,9,1,P09
5,174,728,178,5,1,9,1,P09
5,175,746,106,8,1,9,1,P09
5,176,355,99,5,1,9,1,P09
5,177,373,368,4,2,9,1,P09
5,178,286,312,4,1,9,1,P09
5,179,303,118,6,1,9,1,P09
5,180,278,129,5,1,9,1,P09
5,181,630,187,8,1,9,1,P09
5,182,280,158,4,1,9,1,P09
5,183,460,212,6,1,9,1,P09
5,184,373,325,4,1,9,1,P09
5,185,590,173,9,1,9,1,P09
5,186,225,275,2,1,9,1,P09
5,187,661,200,7,1,9,1,P09
5,188,170,465,5,1,9,1,P09
5,189,454,263,6,1,9,1,P09
5,190,263,654,2,1,9,1,P09
5,191,426,362,5,1,9,1,P09
5,192,672,248,9,1,9,1,P09
5,193,355,374,5,1,9,1,P09
5,194,473,408,6,1,9,1,P09
5,195,283,129,3,1,9,1,P09
5,196,427,218,7,2,9,1,P09
5,197,292,293,4,1,9,1,P09
5,198,289,176,5,1,9,1,P09
5,199,343,60,8,1,9,1,P09
5,200,359,317,1,1,9,1,P09
5,201,654,199,4,1,9,1,P09
5,202,552,299,2,1,9,1,P09
5,203,430,173,6,1,9,1,P09
5,204,764,229,3,1,9,1,P09
5,205,643,266,6,1,9,1,P09
5,206,340,234,6,1,9,1,P09
5,207,653,227,6,1,9,1,P09
5,208,287,172,8,1,9,1,P09
5,209,261,226,9,1,9,1,P09
5,210,590,355,4,1,9,1,P09
5,211,390,269,4,1,9,1,P09
5,212,509,205,7,1,9,1,P09
5,213,558,379,5,1,9,1,P09
5,214,321,132,6,1,9,1,P09
5,215,350,106,7,1,9,1,P09
5,216,405,89,5,1,9,1,P09
5,217,457,316,7,1,9,1,P09
5,218,319,119,7,1,9,1,P09
5,219,557,279,8,1,9,1,P09
5,220,554,388,7,1,9,1,P09
5,221,765,156,9,1,9,1,P09
5,222,606,226,7,1,9,1,P09
5,223,752,221,6,1,9,1,P09
5,224,270,260,5,2,9,1,P09
5,225,171,244,2,1,9,1,P09
5,226,417,111,6,1,9,1,P09
5,227,317,90,8,1,9,1,P09
5,228,513,256,3,1,9,1,P09
5,229,281,189,7,1,9,1,P09
5,230,397,173,5,1,9,1,P09
5,231,576,219,8,1,9,1,P09
5,232,329,141,7,1,9,1,P09
5,233,453,53,6,1,9,1,P09
5,234,582,357,6,1,9,1,P09
5,235,517,334,2,1,9,1,P09
5,236,647,209,9,1,9,1,P09
5,237,264,223,7,1,9,1,P09
5,238,660,187,10,1,9,1,P09
5,239,494,249,7,1,9,1,P09
5,240,572,177,6,1,9,1,P09
5,241,283,330,5,1,9,1,P09
5,242,344,207,2,1,9,1,P09
5,243,484,182,6,1,9,1,P09
5,244,430,361,2,1,9,1,P09
5,245,617,264,6,1,9,1,P09
5,246,643,261,10,1,9,1,P09
5,247,673,245,13,1,9,1,P09
5,248,419,254,7,1,9,1,P09
5,249,489,264,4,2,9,1,P09
5,250,650,264,7,1,9,1,P09
5,251,545,450,3,1,9,1,P09
5,252,399,422,6,1,9,1,P09
5,253,368,212,2,1,9,1,P09
5,254,700,250,8,1,9,1,P09
5,255,493,142,7,1,9,1,P09
5,256,342,189,7,1,9,1,P09
5,257,504,240,10,1,9,1,P09
5,258,355,541,3,1,9,1,P09
5,259,647,119,7,1,9,1,P09
5,260,312,348,2,1,9,1,P09
5,261,451,241,6,1,9,1,P09
5,262,551,294,4,1,9,1,P09
5,263,445,251,5,1,9,1,P09
5,264,301,192,3,1,9,1,P09
5,265,585,354,11,1,9,1,P09
5,266,508,190,3,1,9,1,P09
5,267,337,406,3,1,9,1,P09
5,268,481,59,12,1,9,1,P09
5,269,275,385,4,1,9,1,P09
5,270,488,338,4,1,9,1,P09
5,271,625,277,7,1,9,1,P09
5,272,809,178,9,1,9,1,P09
5,273,758,113,2,1,9,1,P09
5,274,807,170,10,1,9,1,P09
5,275,479,98,5,1,9,1,P09
5,276,459,102,6,1,9,1,P09
5,277,615,246,10,1,9,1,P09
5,278,494,186,7,1,9,1,P09
5,279,629,268,5,1,9,1,P09
5,280,496,289,11,1,9,1,P09
5,281,575,361,10,1,9,1,P09
5,282,238,549,1,1,9,1,P09
5,283,378,251,9,1,9,1,P09
5,284,314,358,3,1,9,1,P09
5,285,409,460,8,1,9,1,P09
5,286,401,185,10,1,9,1,P09
5,287,527,82,6,1,9,1,P09
5,288,370,432,5,1,9,1,P09
5,289,671,203,5,1,9,1,P09
5,290,760,195,8,1,9,1,P09
5,291,261,231,7,1,9,1,P09
5,292,181,420,2,1,9,1,P09
5,293,526,364,3,1,9,1,P09
5,294,505,110,7,1,9,1,P09
5,295,589,245,13,1,9,1,P09
5,296,618,314,13,1,9,1,P09
5,297,352,439,2,2,9,1,P09
5,298,507,184,5,1,9,1,P09
5,299,302,98,2,1,9,1,P09
5,300,238,264,8,1,9,1,P09
5,301,256,197,4,1,9,1,P09
5,302,214,191,5,1,9,1,P09
5,303,813,106,8,1,9,1,P09
5,304,310,111,5,1,9,1,P09
5,305,435,355,3,1,9,1,P09
5,306,308,686,1,1,9,1,P09
5,307,682,261,7,1,9,1,P09
5,308,391,289,8,1,9,1,P09
5,309,582,229,9,1,9,1,P09
5,310,377,158,2,1,9,1,P09
5,311,372,351,3,1,9,1,P09
5,312,235,657,7,1,9,1,P09
5,313,352,117,9,1,9,1,P09
5,314,599,198,9,1,9,1,P09
5,315,325,173,3,1,9,1,P09
5,316,205,310,4,1,9,1,P09
5,317,366,315,6,1,9,1,P09
5,318,684,177,7,1,9,1,P09
5,319,425,313,8,1,9,1,P09
5,320,586,381,4,1,9,1,P09
5,321,582,347,8,1,9,1,P09
5,322,668,221,4,1,9,1,P09
5,323,350,403,1,1,9,1,P09
5,324,301,265,2,1,9,1,P09
5,325,367,186,5,1,9,1,P09
5,326,522,117,5,1,9,1,P09
5,327,540,268,5,1,9,1,P09
5,328,492,277,5,1,9,1,P09
5,329,306,283,4,1,9,1,P09
5,330,333,161,6,1,9,1,P09
5,331,241,293,5,1,9,1,P09
5,332,807,100,5,1,9,1,P09
5,333,533,318,7,1,9,1,P09
5,334,321,205,6,1,9,1,P09
5,335,342,164,7,1,9,1,P09
5,336,598,299,5,1,9,1,P09
5,337,313,88,4,1,9,1,P09
5,338,302,114,3,1,9,1,P09
5,339,638,332,7,1,9,1,P09
5,340,410,73,7,1,9,1,P09
5,341,595,373,3,1,9,1,P09
5,342,411,361,4,1,9,1,P09
5,343,470,362,1,1,9,1,P09
5,344,376,80,5,1,9,1,P09
5,345,596,333,5,1,9,1,P09
5,346,406,297,5,1,9,1,P09
5,347,220,255,7,2,9,1,P09
5,348,701,255,5,1,9,1,P09
5,349,652,232,14,1,9,1,P09
5,350,582,246,5,1,9,1,P09
5,351,595,139,8,1,9,1,P09
5,352,421,368,4,1,9,1,P09
5,353,355,400,2,1,9,1,P09
5,354,624,342,6,1,9,1,P09
5,355,291,472,1,1,9,1,P09
5,356,451,127,8,1,9,1,P09
5,357,464,240,5,1,9,1,P09
5,358,211,301,1,1,9,1,P09
5,359,510,205,7,1,9,1,P09
5,360,401,75,7,1,9,1,P09
5,361,512,244,9,1,9,1,P09
5,362,528,335,3,1,9,1,P09
5,363,382,168,5,1,9,1,P09
5,364,394,542,2,1,9,1,P09
5,365,672,123,8,1,9,1,P09
5,366,490,223,8,1,9,1,P09
5,367,595,356,9,1,9,1,P09
5,368,228,173,7,1,9,1,P09
5,369,611,260,6,1,9,1,P09
5,370,509,349,2,1,9,1,P09
5,371,423,238,6,1,9,1,P09
5,372,579,316,7,1,9,1,P09
5,373,482,296,3,1,9,1,P09
5,374,718,153,6,1,9,1,P09
5,375,701,278,7,1,9,1,P09
5,376,492,221,9,1,9,1,P09
5,377,476,122,6,1,9,1,P09
5,378,391,192,9,1,9,1,P09
5,379,403,89,2,1,9,1,P09
5,380,322,274,2,1,9,1,P09
5,381,355,309,9,1,9,1,P09
5,382,417,202,7,1,9,1,P09
5,383,617,311,6,1,9,1,P09
5,384,575,232,2,1,9,1,P09
5,385,428,249,7,1,9,1,P09
5,386,582,145,6,1,9,1,P09
5,387,456,219,6,2,9,1,P09
5,388,324,115,1,1,9,1,P09
5,389,495,228,1,1,9,1,P09
5,390,486,275,6,1,9,1,P09
5,391,714,188,6,1,9,1,P09
5,392,378,154,6,1,9,1,P09
5,393,726,242,1,1,9,1,P09
5,394,689,209,7,1,9,1,P09
5,395,316,206,5,1,9,1,P09
5,396,258,312,6,1,9,1,P09
5,397,328,165,10,1,9,1,P09
5,398,490,119,6,1,9,1,P09
5,399,203,232,4,1,9,1,P09
5,400,386,295,5,1,9,1,P09
5,401,841,146,6,1,9,1,P09
5,402,580,115,6,1,9,1,P09
5,403,302,140,6,1,9,1,P09
5,404,382,372,2,1,9,1,P09
5,405,673,246,9,1,9,1,P09
5,406,446,506,4,1,9,1,P09
5,407,351,269,5,1,9,1,P09
5,408,401,269,3,1,9,1,P09
5,409,381,141,8,3,9,1,P09
5,410,343,166,10,1,9,1,P09
5,411,482,362,6,1,9,1,P09
5,412,240,165,4,1,9,1,P09
5,413,448,370,5,1,9,1,P09
5,414,423,74,11,1,9,1,P09
5,415,370,130,9,1,9,1,P09
5,416,402,184,2,1,9,1,P09
5,417,314,239,6,1,9,1,P09
5,418,691,214,4,1,9,1,P09
5,419,365,275,6,1,9,1,P09
5,420,289,224,6,1,9,1,P09
5,421,621,324,6,1,9,1,P09
5,422,652,128,11,1,9,1,P09
5,423,525,274,9,1,9,1,P09
5,424,413,74,9,1,9,1,P09
5,425,364,51,7,1,9,1,P09
5,426,285,393,5,1,9,1,P09
5,427,421,331,4,1,9,1,P09
5,428,426,378,4,1,9,1,P09
5,429,633,226,5,1,9,1,P09
5,430,407,173,5,1,9,1,P09
5,431,578,389,8,1,9,1,P09
5,432,593,214,6,1,9,1,P09
5,433,415,342,6,2,9,1,P09
5,434,404,216,6,1,9,1,P09
5,435,578,266,7,1,9,1,P09
5,436,304,536,2,1,9,1,P09
5,437,790,204,10,1,9,1,P09
5,438,423,359,4,1,9,1,P09
5,439,255,155,12,1,9,1,P09
5,440,440,207,5,1,9,1,P09
5,441,298,285,4,1,9,1,P09
5,442,350,356,2,1,9,1,P09
5,443,559,355,4,1,9,1,P09
5,444,598,93,5,1,9,1,P09
5,445,365,112,4,1,9,1,P09
5,446,149,370,1,1,9,1,P09
5,447,345,163,6,1,9,1,P09
5,448,434,395,5,1,9,1,P09
5,449,726,193,8,1,9,1,P09
5,450,213,280,3,1,9,1,P09
5,451,475,239,5,1,9,1,P09
5,452,562,131,10,1,9,1,P09
5,453,333,109,6,1,9,1,P09
5,454,343,80,14,1,9,1,P09
5,455,275,188,6,1,9,1,P09
5,456,670,313,11,1,9,1,P09
5,457,510,248,8,1,9,1,P09
5,458,324,250,3,1,9,1,P09
5,459,257,283,7,1,9,1,P09
5,460,493,194,12,1,9,1,P09
5,461,404,179,4,1,9,1,P09
5,462,788,141,6,1,9,1,P09
5,463,597,287,8,1,9,1,P09
5,464,308,197,4,1,9,1,P09
5,465,702,228,9,1,9,1,P09
5,466,417,284,3,1,9,1,P09
5,467,178,275,5,1,9,1,P09
5,468,360,81,8,1,9,1,P09
5,469,761,202,4,1,9,1,P09
5,470,272,179,4,1,9,1,P09
5,471,270,404,3,1,9,1,P09
5,472,378,251,3,1,9,1,P09
5,473,542,239,7,1,9,1,P09
5,474,395,368,2,1,9,1,P09
5,475,616,112,10,1,9,1,P09
5,476,461,191,5,1,9,1,P09
5,477,515,169,7,1,9,1,P09
5,478,350,136,4,1,9,1,P09
5,479,233,251,3,1,9,1,P09
5,480,220,324,2,1,9,1,P09
5,481,416,120,5,1,9,1,P09
5,482,467,130,5,1,9,1,P09
5,483,557,197,7,1,9,1,P09
5,484,373,141,4,1,9,1,P09
5,485,624,317,1,1,9,1,P09
5,486,312,267,3,1,9,1,P09
5,487,649,154,7,1,9,1,P09
5,488,433,431,5,1,9,1,P09
5,489,502,268,7,1,9,1,P09
5,490,589,209,10,1,9,1,P09
5,491,502,219,4,1,9,1,P09
5,492,747,252,7,1,9,1,P09
5,493,531,402,3,1,9,1,P09
5,494,464,155,11,1,9,1,P09
5,495,296,253,5,1,9,1,P09
5,496,590,407,2,1,9,1,P09
5,497,296,304,4,1,9,1,P09
5,498,502,145,6,1,9,1,P09
5,499,397,432,4,3,9,1,P09
5,500,570,270,5,1,9,1,P09
5,501,438,206,7,1,9,1,P09
5,502,420,347,8,1,9,1,P09
5,503,539,100,13,1,9,1,P09
5,504,302,144,5,1,9,1,P09
5,505,424,448,4,1,9,1,P09
5,506,792,140,5,1,9,1,P09
5,507,589,143,10,1,9,1,P09
5,508,380,439,5,2,9,1,P09
5,509,409,229,6,1,9,1,P09
5,510,640,331,4,1,9,1,P09
5,511,409,103,5,1,9,1,P09
5,512,547,164,3,1,9,1,P09
5,513,405,75,12,1,9,1,P09
5,514,572,292,6,1,9,1,P09
5,515,322,298,8,2,9,1,P09
5,516,236,187,4,1,9,1,P09
5,517,363,371,4,3,9,1,P09
5,518,467,311,4,1,9,1,P09
5,519,747,171,6,1,9,1,P09
5,520,555,194,7,3,9,1,P09
5,521,404,514,2,1,9,1,P09
5,522,398,177,8,2,9,1,P09
5,523,574,190,7,1,9,1,P09
5,524,393,213,3,1,9,1,P09
5,525,697,236,7,1,9,1,P09
5,526,451,117,8,1,9,1,P09
5,527,302,132,4,2,9,1,P09
5,528,671,170,11,1,9,1,P09
5,529,539,109,7,1,9,1,P09
5,530,608,277,10,1,9,1,P09
5,531,657,170,11,2,9,1,P09
5,532,720,210,9,1,9,1,P09
5,533,280,221,7,1,9,1,P09
5,534,332,119,7,2,9,1,P09
5,535,735,238,9,1,9,1,P09
5,536,326,412,2,1,9,1,P09
5,537,626,364,9,1,9,1,P09
5,538,269,183,5,1,9,1,P09
5,539,751,201,7,1,9,1,P09
5,540,559,101,7,1,9,1,P09
5,541,526,214,8,1,9,1,P09
5,542,352,72,6,1,9,1,P09
5,543,537,135,2,1,9,1,P09
5,544,418,115,9,1,9,1,P09
5,545,562,296,7,1,9,1,P09
5,546,394,165,5,1,9,1,P09
5,547,391,97,7,1,9,1,P09
5,548,331,317,10,1,9,1,P09
5,549,412,223,7,2,9,1,P09
5,550,369,146,3,1,9,1,P09
5,551,272,197,6,1,9,1,P09
5,552,382,171,8,1,9,1,P09
5,553,344,162,11,1,9,1,P09
5,554,651,189,4,1,9,1,P09
5,555,567,217,6,1,9,1,P09
5,556,615,273,4,2,9,1,P09
5,557,395,75,10,1,9,1,P09
5,558,266,152,2,1,9,1,P09
5,559,386,155,6,1,9,1,P09
5,560,666,184,11,1,9,1,P09
5,561,372,205,5,2,9,1,P09
5,562,333,96,5,1,9,1,P09
5,563,398,322,4,1,9,1,P09
5,564,319,86,3,1,9,1,P09
5,565,546,201,4,1,9,1,P09
5,566,457,69,6,1,9,1,P09
5,567,589,142,10,1,9,1,P09
5,568,385,216,5,1,9,1,P09
5,569,565,250,10,3,9,1,P09
5,570,532,161,4,1,9,1,P09
5,571,444,272,10,1,9,1,P09
5,572,498,221,12,1,9,1,P09
5,573,384,141,8,1,9,1,P09
5,574,493,170,6,1,9,1,P09
5,575,418,226,3,1,9,1,P09
5,576,595,353,3,1,9,1,P09
5,577,526,372,7,3,9,1,P09
5,578,670,285,7,1,9,1,P09
5,579,315,217,5,1,9,1,P09
5,580,307,174,6,1,9,1,P09
5,581,368,560,1,1,9,1,P09
5,582,397,303,6,2,9,1,P09
5,583,360,299,3,1,9,1,P09
5,584,519,270,5,1,9,1,P09
5,585,231,170,9,1,9,1,P09
5,586,480,268,2,1,9,1,P09
5,587,630,158,4,1,9,1,P09
5,588,408,326,3,1,9,1,P09
5,589,341,380,3,1,9,1,P09
5,590,736,202,9,1,9,1,P09
5,591,333,179,6,1,9,1,P09
5,592,731,168,6,1,9,1,P09
5,593,647,205,7,1,9,1,P09
5,594,471,233,7,1,9,1,P09
5,595,452,156,9,1,9,1,P09
5,596,354,436,10,1,9,1,P09
5,597,351,54,5,1,9,1,P09
5,598,627,156,8,1,9,1,P09
5,599,552,386,4,3,9,1,P09
5,600,715,268,6,1,9,1,P09
5,601,487,283,9,1,9,1,P09
5,602,367,81,5,1,9,1,P09
5,603,246,250,4,1,9,1,P09
5,604,596,278,6,1,9,1,P09
5,605,413,236,4,4,9,1,P09
5,606,346,260,5,1,9,1,P09
5,607,301,313,4,1,9,1,P09
5,608,492,319,3,2,9,1,P09
5,609,310,133,13,1,9,1,P09
5,610,150,262,4,2,9,1,P09
5,611,524,385,4,2,9,1,P09
5,612,303,313,2,1,9,1,P09
5,613,391,113,6,1,9,1,P09
5,614,438,362,8,1,9,1,P09
5,615,667,240,10,1,9,1,P09
5,616,482,192,6,2,9,1,P09
5,617,530,69,8,1,9,1,P09
5,618,493,93,6,1,9,1,P09
5,619,562,398,10,1,9,1,P09
5,620,326,418,4,1,9,1,P09
5,621,616,166,6,1,9,1,P09
5,622,494,359,6,1,9,1,P09
5,623,734,107,7,1,9,1,P09
5,624,668,169,8,1,9,1,P09
5,625,471,367,8,1,9,1,P09
5,626,367,212,5,1,9,1,P09
5,627,427,215,4,1,9,1,P09
5,628,221,210,7,1,9,1,P09
5,629,428,248,7,1,9,1,P09
5,630,219,284,3,1,9,1,P09
5,631,297,144,2,1,9,1,P09
5,632,532,331,3,1,9,1,P09
5,633,412,66,8,1,9,1,P09
5,634,407,466,2,1,9,1,P09
5,635,220,186,7,1,9,1,P09
5,636,605,273,12,1,9,1,P09
5,637,487,333,8,1,9,1,P09
5,638,331,175,9,1,9,1,P09
5,639,356,353,1,1,9,1,P09
5,640,346,474,6,1,9,1,P09
5,641,616,105,11,1,9,1,P09
5,642,326,353,4,1,9,1,P09
5,643,698,227,6,1,9,1,P09
5,644,672,279,8,1,9,1,P09
5,645,304,206,6,1,9,1,P09
5,646,492,314,3,1,9,1,P09
5,647,566,404,2,1,9,1,P09
5,648,519,203,7,1,9,1,P09
5,649,526,214,4,1,9,1,P09
5,650,527,115,7,1,9,1,P09
5,651,325,638,6,2,9,1,P09
5,652,344,418,4,1,9,1,P09
5,653,659,254,8,1,9,1,P09
5,654,534,107,5,1,9,1,P09
5,655,603,281,8,2,9,1,P09
5,656,334,114,5,1,9,1,P09
5,657,316,227,4,2,9,1,P09
5,658,587,278,6,1,9,1,P09
5,659,319,189,7,1,9,1,P09
5,660,434,331,11,1,9,1,P09
5,661,361,213,7,1,9,1,P09
5,662,526,172,4,1,9,1,P09
5,663,498,376,5,1,9,1,P09
5,664,600,148,5,1,9,1,P09
5,665,219,270,6,1,9,1,P09
5,666,404,80,10,1,9,1,P09
5,667,592,321,6,2,9,1,P09
5,668,760,165,5,1,9,1,P09
5,669,426,469,3,1,9,1,P09
5,670,341,500,2,1,9,1,P09
5,671,438,383,3,1,9,1,P09
5,672,180,316,1,1,9,1,P09
5,673,329,305,7,1,9,1,P09
5,674,356,126,6,1,9,1,P09
5,675,583,253,4,1,9,1,P09
5,676,394,159,11,1,9,1,P09
5,677,684,232,1,2,9,1,P09
5,678,502,205,8,1,9,1,P09
5,679,402,158,8,1,9,1,P09
5,680,273,233,3,1,9,1,P09
5,681,420,578,3,1,9,1,P09
5,682,302,562,7,1,9,1,P09
5,683,590,152,7,1,9,1,P09
5,684,591,392,7,1,9,1,P09
5,685,531,393,4,2,9,1,P09
5,686,376,146,2,1,9,1,P09
5,687,148,265,1,2,9,1,P09
5,688,331,173,8,1,9,1,P09
5,689,442,141,7,1,9,1,P09
5,690,721,104,6,1,9,1,P09
5,691,319,360,3,1,9,1,P09
5,692,566,271,3,1,9,1,P09
5,693,773,166,7,1,9,1,P09
5,694,256,185,7,1,9,1,P09
5,695,435,369,6,1,9,1,P09
5,696,240,471,1,1,9,1,P09
5,697,468,145,16,1,9,1,P09
5,698,646,125,10,2,9,1,P09
5,699,154,271,4,1,9,1,P09
5,700,551,114,6,1,9,1,P09
5,701,598,247,8,1,9,1,P09
5,702,534,305,6,1,9,1,P09
5,703,386,474,5,1,9,1,P09
5,704,465,306,6,1,9,1,P09
5,705,633,232,8,1,9,1,P09
5,706,390,353,6,1,9,1,P09
5,707,646,347,2,1,9,1,P09
5,708,592,139,10,1,9,1,P09
5,709,358,366,7,1,9,1,P09
5,710,298,199,7,1,9,1,P09
5,711,726,200,6,1,9,1,P09
5,712,553,222,2,1,9,1,P09
5,713,574,99,2,1,9,1,P09
5,714,564,184,9,1,9,1,P09
5,715,530,338,4,1,9,1,P09
5,716,355,328,5,1,9,1,P09
5,717,418,196,7,1,9,1,P09
5,718,482,100,7,1,9,1,P09
5,719,296,361,7,1,9,1,P09
5,720,292,179,3,1,9,1,P09
5,721,199,214,4,1,9,1,P09
5,722,464,357,2,1,9,1,P09
5,723,646,124,9,1,9,1,P09
5,724,609,234,8,1,9,1,P09
5,725,350,361,4,1,9,1,P09
5,726,554,285,5,1,9,1,P09
5,727,225,229,5,1,9,1,P09
5,728,364,379,3,1,9,1,P09
5,729,307,142,4,1,9,1,P09
5,730,466,158,11,1,9,1,P09
5,731,284,201,3,1,9,1,P09
5,732,560,293,5,1,9,1,P09
5,733,480,132,3,1,9,1,P09
5,734,297,193,7,1,9,1,P09
5,735,574,292,8,1,9,1,P09
5,736,552,332,6,1,9,1,P09
5,737,485,140,10,1,9,1,P09
5,738,518,462,5,1,9,1,P09
5,739,358,311,7,1,9,1,P09
5,740,727,204,11,1,9,1,P09
5,741,464,148,5,1,9,1,P09
5,742,306,99,7,1,9,1,P09
5,743,263,311,12,1,9,1,P09
5,744,300,277,9,1,9,1,P09
5,745,668,297,5,1,9,1,P09
5,746,343,137,9,1,9,1,P09
5,747,211,237,6,1,9,1,P09
5,748,288,465,1,1,9,1,P09
5,749,450,504,8,2,9,1,P09
5,750,440,493,1,2,9,1,P09
5,751,572,150,6,1,9,1,P09
5,752,290,668,1,1,9,1,P09
5,753,524,291,4,2,9,1,P09
5,754,767,116,12,1,9,1,P09
5,755,372,61,11,1,9,1,P09
5,756,481,412,4,1,9,1,P09
5,757,348,126,9,1,9,1,P09
5,758,304,238,4,2,9,1,P09
5,759,308,261,4,1,9,1,P09
5,760,349,119,3,1,9,1,P09
5,761,588,332,5,1,9,1,P09
5,762,230,330,3,1,9,1,P09
5,763,191,269,5,1,9,1,P09
5,764,619,309,1,1,9,1,P09
5,765,245,669,4,1,9,1,P09
5,766,219,220,6,1,9,1,P09
5,767,514,130,5,1,9,1,P09
5,768,397,242,7,1,9,1,P09
5,769,588,293,11,1,9,1,P09
5,770,559,250,11,1,9,1,P09
5,771,649,301,4,1,9,1,P09
5,772,394,107,10,1,9,1,P09
5,773,550,128,3,1,9,1,P09
5,774,430,401,7,1,9,1,P09
5,775,388,390,6,1,9,1,P09
5,776,509,235,6,1,9,1,P09
5,777,486,345,5,1,9,1,P09
5,778,342,71,5,1,9,1,P09
5,779,259,157,4,1,9,1,P09
5,780,363,215,7,1,9,1,P09
5,781,658,295,7,1,9,1,P09
5,782,241,209,6,1,9,1,P09
5,783,483,238,2,1,9,1,P09
5,784,424,221,8,1,9,1,P09
5,785,577,343,5,1,9,1,P09
5,786,648,196,10,1,9,1,P09
5,787,360,141,8,1,9,1,P09
5,788,340,307,6,1,9,1,P09
5,789,414,157,7,1,9,1,P09
5,790,469,100,5,1,9,1,P09
5,791,502,366,4,1,9,1,P09
5,792,422,406,5,1,9,1,P09
5,793,449,227,3,1,9,1,P09
5,794,663,313,4,1,9,1,P09
5,795,295,387,1,1,9,1,P09
5,796,457,398,4,1,9,1,P09
5,797,343,178,5,1,9,1,P09
5,798,445,100,8,1,9,1,P09
5,799,668,327,4,1,9,1,P09
5,800,255,262,5,1,9,1,P09
5,801,407,329,3,1,9,1,P09
5,802,516,148,13,1,9,1,P09
5,803,460,139,6,1,9,1,P09
5,804,466,226,10,1,9,1,P09
5,805,450,517,2,1,9,1,P09
5,806,302,211,5,1,9,1,P09
5,807,659,176,7,1,9,1,P09
5,808,517,284,9,1,9,1,P09
5,809,323,193,2,1,9,1,P09
5,810,589,306,5,1,9,1,P09
5,811,504,236,11,1,9,1,P09
5,812,694,117,10,1,9,1,P09
5,813,522,352,5,2,9,1,P09
5,814,222,200,4,1,9,1,P09
5,815,319,275,5,1,9,1,P09
5,816,526,142,3,1,9,1,P09
5,817,399,105,13,1,9,1,P09
5,818,702,293,9,1,9,1,P09
5,819,629,303,7,1,9,1,P09
5,820,426,538,6,1,9,1,P09
5,821,273,289,3,1,9,1,P09
5,822,238,355,7,2,9,1,P09
5,823,420,335,5,1,9,1,P09
5,824,641,71,8,1,9,1,P09
5,825,402,200,8,1,9,1,P09
5,826,497,242,9,1,9,1,P09
5,827,600,230,1,1,9,1,P09
5,828,253,355,7,1,9,1,P09
5,829,377,508,4,1,9,1,P09
5,830,576,240,7,2,9,1,P09
5,831,600,381,8,1,9,1,P09
5,832,232,482,3,1,9,1,P09
5,833,551,225,8,1,9,1,P09
5,834,365,175,4,1,9,1,P09
5,835,439,107,9,1,9,1,P09
5,836,595,229,7,1,9,1,P09
5,837,506,280,9,1,9,1,P09
5,838,309,334,4,1,9,1,P09
5,839,640,231,2,1,9,1,P09
5,840,511,228,1,1,9,1,P09
5,841,332,304,2,1,9,1,P09
5,842,331,272,6,1,9,1,P09
5,843,348,117,8,1,9,1,P09
5,844,467,286,5,1,9,1,P09
5,845,773,167,3,1,9,1,P09
5,846,555,119,5,1,9,1,P09
5,847,513,324,4,1,9,1,P09
5,848,333,291,5,1,9,1,P09
5,849,486,224,2,1,9,1,P09
5,850,354,139,5,1,9,1,P09
5,851,345,431,7,1,9,1,P09
5,852,556,397,4,2,9,1,P09
5,853,518,336,5,1,9,1,P09
5,854,406,98,5,1,9,1,P09
5,855,585,265,5,1,9,1,P09
5,856,521,308,6,1,9,1,P09
5,857,369,232,7,1,9,1,P09
5,858,548,445,5,1,9,1,P09
5,859,291,145,6,1,9,1,P09
5,860,402,202,8,1,9,1,P09
5,861,714,199,8,1,9,1,P09
5,862,686,279,10,1,9,1,P09
5,863,442,157,8,1,9,1,P09
5,864,288,161,4,1,9,1,P09
5,865,405,89,2,1,9,1,P09
5,866,508,301,6,1,9,1,P09
5,867,222,190,4,1,9,1,P09
5,868,780,159,12,1,9,1,P09
5,869,552,314,3,1,9,1,P09
5,870,376,201,7,1,9,1,P09
5,871,648,223,6,1,9,1,P09
5,872,535,400,2,1,9,1,P09
5,873,337,236,5,2,9,1,P09
5,874,561,423,4,1,9,1,P09
5,875,479,231,10,1,9,1,P09
5,876,388,217,9,1,9,1,P09
5,877,569,196,6,1,9,1,P09
5,878,762,148,7,1,9,1,P09
5,879,238,174,4,1,9,1,P09
5,880,297,108,2,1,9,1,P09
5,881,253,317,5,1,9,1,P09
5,882,456,260,10,1,9,1,P09
5,883,474,161,10,1,9,1,P09
5,884,344,108,10,1,9,1,P09
5,885,409,275,9,1,9,1,P09
5,886,429,139,3,1,9,1,P09
5,887,674,270,5,1,9,1,P09
5,888,277,260,2,1,9,1,P09
5,889,295,111,8,1,9,1,P09
5,890,284,192,5,1,9,1,P09
5,891,489,424,6,1,9,1,P09
5,892,369,324,6,1,9,1,P09
5,893,319,110,6,1,9,1,P09
5,894,406,438,5,1,9,1,P09
5,895,471,177,9,1,9,1,P09
5,896,684,236,7,1,9,1,P09
5,897,536,269,5,1,9,1,P09
5,898,303,193,6,1,9,1,P09
5,899,278,131,8,1,9,1,P09
5,900,386,331,6,1,9,1,P09
5,901,416,144,6,1,9,1,P09
5,902,686,250,6,1,9,1,P09
5,903,474,298,2,1,9,1,P09
5,904,275,235,8,1,9,1,P09
5,905,538,409,2,1,9,1,P09
5,906,470,470,4,1,9,1,P09
5,907,169,321,4,1,9,1,P09
5,908,394,241,3,1,9,1,P09
5,909,400,125,4,1,9,1,P09
5,910,280,266,9,1,9,1,P09
5,911,661,255,6,1,9,1,P09
5,912,598,156,5,1,9,1,P09
5,913,715,278,5,1,9,1,P09
5,914,200,204,3,2,9,1,P09
5,915,330,132,7,1,9,1,P09
5,916,276,227,9,2,9,1,P09
5,917,583,186,5,1,9,1,P09
5,918,455,254,6,1,9,1,P09
5,919,369,106,1,1,9,1,P09
5,920,268,161,6,1,9,1,P09
5,921,193,265,6,1,9,1,P09
5,922,631,137,3,1,9,1,P09
5,923,456,266,9,1,9,1,P09
5,924,501,213,10,1,9,1,P09
5,925,603,119,7,1,9,1,P09
5,926,286,206,7,1,9,1,P09
5,927,578,68,8,1,9,1,P09
5,928,419,175,7,1,9,1,P09
5,929,398,218,8,1,9,1,P09
5,930,417,479,5,2,9,1,P09
5,931,517,142,11,1,9,1,P09
5,932,496,184,15,1,9,1,P09
5,933,588,302,6,1,9,1,P09
5,934,332,179,5,1,9,1,P09
5,935,690,126,7,1,9,1,P09
5,936,836,161,11,1,9,1,P09
5,937,568,421,4,1,9,1,P09
5,938,546,149,8,1,9,1,P09
5,939,513,350,7,1,9,1,P09
5,940,354,81,6,1,9,1,P09
5,941,582,318,3,1,9,1,P09
5,942,287,284,1,1,9,1,P09
5,943,278,180,5,1,9,1,P09
5,944,288,337,2,1,9,1,P09
5,945,688,285,10,1,9,1,P09
5,946,347,152,8,1,9,1,P09
5,947,633,329,4,1,9,1,P09
5,948,425,439,3,1,9,1,P09
5,949,150,358,1,1,9,1,P09
5,950,350,152,8,1,9,1,P09
5,951,429,356,3,1,9,1,P09
5,952,560,228,5,1,9,1,P09
5,953,513,273,5,1,9,1,P09
5,954,434,235,3,1,9,1,P09
5,955,682,164,3,1,9,1,P09
5,956,580,303,6,1,9,1,P09
5,957,344,302,8,1,9,1,P09
5,958,651,315,7,1,9,1,P09
5,959,266,182,10,1,9,1,P09
5,960,461,447,5,1,9,1,P09
5,961,286,193,2,1,9,1,P09
5,962,270,161,8,1,9,1,P09
5,963,285,534,5,1,9,1,P09
5,964,484,62,10,1,9,1,P09
5,965,305,346,4,2,9,1,P09
5,966,529,310,8,1,9,1,P09
5,967,384,370,6,1,9,1,P09
5,968,317,180,5,1,9,1,P09
5,969,536,153,8,1,9,1,P09
5,970,331,235,4,1,9,1,P09
5,971,536,352,4,1,9,1,P09
5,972,511,131,6,1,9,1,P09
5,973,258,242,2,1,9,1,P09
5,974,367,332,4,1,9,1,P09
5,975,279,231,3,1,9,1,P09
5,976,307,188,6,1,9,1,P09
5,977,606,164,6,1,9,1,P09
5,978,528,408,6,1,9,1,P09
5,979,428,294,6,1,9,1,P09
5,980,490,157,5,1,9,1,P09
5,981,531,185,7,1,9,1,P09
5,982,714,240,3,1,9,1,P09
5,983,512,310,7,1,9,1,P09
5,984,175,239,6,1,9,1,P09
5,985,298,112,7,1,9,1,P09
5,986,380,114,10,1,9,1,P09
5,987,468,394,9,1,9,1,P09
5,988,365,258,4,1,9,1,P09
5,989,482,267,6,1,9,1,P09
5,990,221,253,8,1,9,1,P09
5,991,344,366,3,1,9,1,P09
5,992,418,236,6,1,9,1,P09
5,993,353,94,12,1,9,1,P09
5,994,312,263,2,1,9,1,P09
5,995,219,268,4,1,9,1,P09
5,996,298,259,6,1,9,1,P09
5,997,457,535,3,1,9,1,P09
5,998,593,180,5,1,9,1,P09
5,999,506,366,8,1,9,1,P09
5,1000,302,298,7,2,9,1,P09
