condition,session,b1,b2,r1,r2,schedule_r1,schedule_r2,PID
1,1,117,354,1,4,1,9,P01
1,2,122,769,1,5,1,9,P01
1,3,28,876,1,8,1,9,P01
1,4,229,205,1,9,1,9,P01
1,5,29,423,1,3,1,9,P01
1,6,22,721,1,10,1,9,P01
1,7,516,430,1,5,1,9,P01
1,8,50,924,1,9,1,9,P01
1,9,298,449,1,1,1,9,P01
1,10,107,651,1,6,1,9,P01
1,11,146,763,1,7,1,9,P01
1,12,109,537,1,7,1,9,P01
1,13,457,288,1,4,1,9,P01
1,14,216,334,1,8,1,9,P01
1,15,230,300,3,7,1,9,P01
1,16,29,531,1,13,1,9,P01
1,17,459,393,1,3,1,9,P01
1,18,330,442,1,4,1,9,P01
1,19,146,819,1,18,1,9,P01
1,20,14,739,1,5,1,9,P01
1,21,29,423,1,8,1,9,P01
1,22,61,396,1,8,1,9,P01
1,23,337,138,1,1,1,9,P01
1,24,228,265,1,5,1,9,P01
1,25,133,591,1,10,1,9,P01
1,26,77,624,1,5,1,9,P01
1,27,127,347,1,12,1,9,P01
1,28,46,415,1,9,1,9,P01
1,29,24,526,1,16,1,9,P01
1,30,129,435,1,9,1,9,P01
1,31,17,440,1,11,1,9,P01
1,32,51,428,1,11,1,9,P01
1,33,49,666,2,13,1,9,P01
1,34,71,702,1,15,1,9,P01
1,35,37,808,1,8,1,9,P01
1,36,109,593,1,12,1,9,P01
1,37,399,184,1,2,1,9,P01
1,38,113,469,1,10,1,9,P01
1,39,175,748,1,7,1,9,P01
1,40,66,590,1,7,1,9,P01
1,41,340,567,1,3,1,9,P01
1,42,168,462,1,10,1,9,P01
1,43,276,566,1,3,1,9,P01
1,44,102,647,1,10,1,9,P01
1,45,177,416,1,6,1,9,P01
1,46,43,676,1,8,1,9,P01
1,47,131,687,1,7,1,9,P01
1,48,41,587,1,13,1,9,P01
1,49,53,385,1,9,1,9,P01
1,50,233,420,1,6,1,9,P01
1,51,28,501,1,11,1,9,P01
1,52,679,76,1,1,1,9,P01
1,53,94,725,1,6,1,9,P01
1,54,77,566,1,6,1,9,P01
1,55,77,478,1,9,1,9,P01
1,56,228,476,1,5,1,9,P01
1,57,31,423,1,5,1,9,P01
1,58,87,320,1,4,1,9,P01
1,59,36,459,1,10,1,9,P01
1,60,228,456,1,6,1,9,P01
1,61,27,878,1,9,1,9,P01
1,62,74,560,1,9,1,9,P01
1,63,65,502,1,9,1,9,P01
1,64,36,512,1,10,1,9,P01
1,65,237,663,1,4,1,9,P01
1,66,33,538,1,15,1,9,P01
1,67,102,698,1,11,1,9,P01
1,68,116,381,1,12,1,9,P01
1,69,56,372,1,10,1,9,P01
1,70,24,521,1,8,1,9,P01
1,71,313,430,1,7,1,9,P01
1,72,136,769,1,11,1,9,P01
1,73,510,156,1,6,1,9,P01
1,74,171,266,1,3,1,9,P01
1,75,127,590,1,15,1,9,P01
1,76,392,433,1,3,1,9,P01
1,77,252,380,1,7,1,9,P01
1,78,11,425,1,6,1,9,P01
1,79,88,581,1,3,1,9,P01
1,80,163,695,1,7,1,9,P01
1,81,353,428,1,6,1,9,P01
1,82,467,456,1,2,1,9,P01
1,83,84,514,1,8,1,9,P01
1,84,27,489,1,14,1,9,P01
1,85,64,421,1,7,1,9,P01
1,86,96,393,1,4,1,9,P01
1,87,472,245,1,2,1,9,P01
1,88,108,303,1,11,1,9,P01
1,89,190,416,1,5,1,9,P01
1,90,44,605,1,12,1,9,P01
1,91,171,546,1,7,1,9,P01
1,92,97,726,1,8,1,9,P01
1,93,26,577,1,6,1,9,P01
1,94,32,660,1,6,1,9,P01
1,95,240,343,1,3,1,9,P01
1,96,98,309,1,11,1,9,P01
1,97,204,499,1,10,1,9,P01
1,98,44,809,1,11,1,9,P01
1,99,30,454,1,6,1,9,P01
1,100,188,554,1,6,1,9,P01
1,101,23,870,1,8,1,9,P01
1,102,67,371,1,11,1,9,P01
1,103,20,531,1,9,1,9,P01
1,104,314,193,1,1,1,9,P01
1,105,450,472,1,5,1,9,P01
1,106,538,320,1,1,1,9,P01
1,107,47,913,1,6,1,9,P01
1,108,71,682,1,8,1,9,P01
1,109,16,731,1,10,1,9,P01
1,110,96,784,1,11,1,9,P01
1,111,12,816,1,10,1,9,P01
1,112,106,582,1,6,1,9,P01
1,113,95,396,1,6,1,9,P01
1,114,197,547,1,5,1,9,P01
1,115,234,717,1,7,1,9,P01
1,116,86,839,1,10,1,9,P01
1,117,25,682,1,10,1,9,P01
1,118,78,714,1,11,1,9,P01
1,119,95,809,1,11,1,9,P01
1,120,151,798,1,4,1,9,P01
1,121,113,664,1,7,1,9,P01
1,122,112,560,1,7,1,9,P01
1,123,158,474,1,6,1,9,P01
1,124,221,712,1,6,1,9,P01
1,125,156,262,1,8,1,9,P01
1,126,335,537,1,4,1,9,P01
1,127,71,765,1,11,1,9,P01
1,128,194,393,1,6,1,9,P01
1,129,259,328,1,5,1,9,P01
1,130,235,514,1,9,1,9,P01
1,131,247,289,1,6,1,9,P01
1,132,94,607,1,9,1,9,P01
1,133,125,822,1,6,1,9,P01
1,134,57,924,1,7,1,9,P01
1,135,167,658,1,7,1,9,P01
1,136,135,591,1,9,1,9,P01
1,137,116,718,1,5,1,9,P01
1,138,78,389,1,8,1,9,P01
1,139,390,563,1,8,1,9,P01
1,140,87,384,1,9,1,9,P01
1,141,43,722,1,10,1,9,P01
1,142,145,385,1,10,1,9,P01
1,143,344,332,1,7,1,9,P01
1,144,117,554,1,5,1,9,P01
1,145,212,378,1,8,1,9,P01
1,146,98,655,1,6,1,9,P01
1,147,140,685,1,6,1,9,P01
1,148,173,512,1,5,1,9,P01
1,149,32,622,1,8,1,9,P01
1,150,31,813,1,6,1,9,P01
1,151,53,578,1,10,1,9,P01
1,152,70,543,1,5,1,9,P01
1,153,176,525,1,4,1,9,P01
1,154,32,711,1,10,1,9,P01
1,155,189,655,1,2,1,9,P01
1,156,212,511,1,4,1,9,P01
1,157,174,427,1,7,1,9,P01
1,158,114,581,1,8,1,9,P01
1,159,26,403,1,10,1,9,P01
1,160,111,481,1,4,1,9,P01
1,161,313,290,1,5,1,9,P01
1,162,164,598,1,11,1,9,P01
1,163,124,553,1,7,1,9,P01
1,164,287,645,1,9,1,9,P01
1,165,36,647,1,8,1,9,P01
1,166,186,441,1,11,1,9,P01
1,167,162,812,1,7,1,9,P01
1,168,306,370,1,2,1,9,P01
1,169,50,414,1,6,1,9,P01
1,170,242,422,1,3,1,9,P01
1,171,640,332,1,3,1,9,P01
1,172,127,285,1,3,1,9,P01
1,173,386,450,1,8,1,9,P01
1,174,194,617,1,9,1,9,P01
1,175,33,520,1,12,1,9,P01
1,176,136,734,1,3,1,9,P01
1,177,175,676,1,8,1,9,P01
1,178,107,528,1,9,1,9,P01
1,179,131,271,1,5,1,9,P01
1,180,58,395,1,3,1,9,P01
1,181,70,440,1,7,1,9,P01
1,182,20,554,1,6,1,9,P01
1,183,274,432,1,3,1,9,P01
1,184,20,536,1,11,1,9,P01
1,185,47,377,1,9,1,9,P01
1,186,116,879,1,7,1,9,P01
1,187,51,441,1,9,1,9,P01
1,188,71,347,1,8,1,9,P01
1,189,199,627,1,3,1,9,P01
1,190,158,397,1,5,1,9,P01
1,191,503,161,2,2,1,9,P01
1,192,66,350,1,6,1,9,P01
1,193,82,573,1,12,1,9,P01
1,194,183,328,1,6,1,9,P01
1,195,314,375,1,2,1,9,P01
1,196,332,633,1,1,1,9,P01
1,197,182,255,1,5,1,9,P01
1,198,138,812,1,4,1,9,P01
1,199,92,317,1,7,1,9,P01
1,200,21,801,1,15,1,9,P01
1,201,250,601,1,8,1,9,P01
1,202,82,770,1,9,1,9,P01
1,203,249,329,1,5,1,9,P01
1,204,337,131,1,3,1,9,P01
1,205,135,348,1,5,1,9,P01
1,206,116,675,1,8,1,9,P01
1,207,148,765,1,4,1,9,P01
1,208,35,767,1,11,1,9,P01
1,209,55,369,1,13,1,9,P01
1,210,180,586,1,4,1,9,P01
1,211,50,500,1,4,1,9,P01
1,212,122,438,1,9,1,9,P01
1,213,233,461,1,9,1,9,P01
1,214,148,763,1,6,1,9,P01
1,215,37,703,1,10,1,9,P01
1,216,158,293,1,5,1,9,P01
1,217,77,583,1,6,1,9,P01
1,218,388,496,1,4,1,9,P01
1,219,88,322,1,9,1,9,P01
1,220,25,728,1,6,1,9,P01
1,221,55,649,1,13,1,9,P01
1,222,250,562,1,5,1,9,P01
1,223,106,585,1,6,1,9,P01
1,224,173,266,1,3,1,9,P01
1,225,265,482,1,5,1,9,P01
1,226,45,668,1,9,1,9,P01
1,227,166,678,1,6,1,9,P01
1,228,423,490,1,7,1,9,P01
1,229,133,703,1,5,1,9,P01
1,230,480,510,1,9,1,9,P01
1,231,468,504,1,1,1,9,P01
1,232,68,839,1,14,1,9,P01
1,233,35,904,2,10,1,9,P01
1,234,105,865,1,7,1,9,P01
1,235,202,404,1,7,1,9,P01
1,236,215,192,1,6,1,9,P01
1,237,116,462,1,5,1,9,P01
1,238,80,383,1,6,1,9,P01
1,239,338,357,1,2,1,9,P01
1,240,11,928,1,6,1,9,P01
1,241,10,485,1,3,1,9,P01
1,242,83,461,1,8,1,9,P01
1,243,361,256,1,5,1,9,P01
1,244,187,557,1,11,1,9,P01
1,245,168,653,1,7,1,9,P01
1,246,253,273,1,1,1,9,P01
1,247,211,688,1,4,1,9,P01
1,248,172,542,1,10,1,9,P01
1,249,125,475,1,12,1,9,P01
1,250,10,657,1,9,1,9,P01
1,251,436,334,3,7,1,9,P01
1,252,97,360,1,7,1,9,P01
1,253,154,717,1,5,1,9,P01
1,254,145,504,1,6,1,9,P01
1,255,89,661,1,9,1,9,P01
1,256,178,364,1,2,1,9,P01
1,257,71,880,1,8,1,9,P01
1,258,199,649,1,6,1,9,P01
1,259,88,875,1,10,1,9,P01
1,260,105,790,1,11,1,9,P01
1,261,10,837,1,9,1,9,P01
1,262,72,759,1,10,1,9,P01
1,263,134,552,1,6,1,9,P01
1,264,22,607,1,13,1,9,P01
1,265,292,554,2,9,1,9,P01
1,266,14,461,1,8,1,9,P01
1,267,150,835,1,4,1,9,P01
1,268,35,823,1,5,1,9,P01
1,269,17,644,1,5,1,9,P01
1,270,530,460,1,2,1,9,P01
1,271,222,642,1,6,1,9,P01
1,272,227,553,1,6,1,9,P01
1,273,43,502,1,9,1,9,P01
1,274,22,712,1,8,1,9,P01
1,275,186,402,1,4,1,9,P01
1,276,193,210,1,7,1,9,P01
1,277,127,603,1,9,1,9,P01
1,278,111,662,1,8,1,9,P01
1,279,37,748,1,7,1,9,P01
1,280,316,119,2,2,1,9,P01
1,281,113,682,1,6,1,9,P01
1,282,184,421,1,2,1,9,P01
1,283,327,363,1,3,1,9,P01
1,284,165,578,1,11,1,9,P01
1,285,109,363,1,9,1,9,P01
1,286,43,655,1,7,1,9,P01
1,287,57,562,1,6,1,9,P01
1,288,29,751,1,11,1,9,P01
1,289,194,752,1,7,1,9,P01
1,290,16,600,1,9,1,9,P01
1,291,64,848,1,7,1,9,P01
1,292,307,620,1,6,1,9,P01
1,293,37,817,1,8,1,9,P01
1,294,34,520,1,5,1,9,P01
1,295,100,720,1,5,1,9,P01
1,296,80,453,1,4,1,9,P01
1,297,113,739,1,4,1,9,P01
1,298,158,759,1,3,1,9,P01
1,299,145,587,1,13,1,9,P01
1,300,61,472,1,1,1,9,P01
1,301,239,271,1,2,1,9,P01
1,302,458,373,1,2,1,9,P01
1,303,64,923,1,12,1,9,P01
1,304,193,746,1,8,1,9,P01
1,305,327,230,1,3,1,9,P01
1,306,34,668,1,10,1,9,P01
1,307,107,350,1,5,1,9,P01
1,308,446,99,1,1,1,9,P01
1,309,14,410,1,7,1,9,P01
1,310,158,289,1,3,1,9,P01
1,311,219,334,1,8,1,9,P01
1,312,126,794,1,6,1,9,P01
1,313,123,427,1,3,1,9,P01
1,314,159,346,1,4,1,9,P01
1,315,223,392,1,5,1,9,P01
1,316,179,812,1,8,1,9,P01
1,317,230,358,1,10,1,9,P01
1,318,79,707,1,10,1,9,P01
1,319,222,623,1,5,1,9,P01
1,320,184,550,1,9,1,9,P01
1,321,105,392,1,4,1,9,P01
1,322,28,939,1,10,1,9,P01
1,323,337,510,1,2,1,9,P01
1,324,79,598,1,8,1,9,P01
1,325,144,311,1,8,1,9,P01
1,326,51,596,1,10,1,9,P01
1,327,191,782,1,4,1,9,P01
1,328,44,649,1,5,1,9,P01
1,329,126,452,1,6,1,9,P01
1,330,406,384,1,4,1,9,P01
1,331,56,493,1,7,1,9,P01
1,332,50,568,1,10,1,9,P01
1,333,25,477,1,14,1,9,P01
1,334,35,478,1,4,1,9,P01
1,335,12,428,1,3,1,9,P01
1,336,218,518,1,4,1,9,P01
1,337,248,708,1,7,1,9,P01
1,338,282,648,1,7,1,9,P01
1,339,438,528,1,4,1,9,P01
1,340,61,802,1,7,1,9,P01
1,341,59,799,1,6,1,9,P01
1,342,71,407,1,12,1,9,P01
1,343,110,340,1,5,1,9,P01
1,344,350,427,1,9,1,9,P01
1,345,167,748,1,6,1,9,P01
1,346,57,789,1,11,1,9,P01
1,347,34,787,1,5,1,9,P01
1,348,53,612,1,10,1,9,P01
1,349,108,471,1,8,1,9,P01
1,350,249,734,1,12,1,9,P01
1,351,329,480,1,4,1,9,P01
1,352,166,822,1,5,1,9,P01
1,353,26,551,1,10,1,9,P01
1,354,364,522,1,3,1,9,P01
1,355,128,527,1,11,1,9,P01
1,356,50,454,1,9,1,9,P01
1,357,185,277,1,4,1,9,P01
1,358,136,776,1,8,1,9,P01
1,359,99,547,1,11,1,9,P01
1,360,106,407,1,8,1,9,P01
1,361,117,685,1,7,1,9,P01
1,362,13,683,1,7,1,9,P01
1,363,113,731,1,12,1,9,P01
1,364,206,565,1,5,1,9,P01
1,365,35,517,1,8,1,9,P01
1,366,128,546,1,6,1,9,P01
1,367,600,223,1,2,1,9,P01
1,368,431,114,1,2,1,9,P01
1,369,171,593,1,3,1,9,P01
1,370,11,415,1,9,1,9,P01
1,371,157,246,1,3,1,9,P01
1,372,400,67,1,2,1,9,P01
1,373,199,786,1,3,1,9,P01
1,374,535,362,1,1,1,9,P01
1,375,93,520,1,6,1,9,P01
1,376,317,359,2,2,1,9,P01
1,377,317,223,1,2,1,9,P01
1,378,86,379,1,11,1,9,P01
1,379,264,682,1,6,1,9,P01
1,380,280,189,1,2,1,9,P01
1,381,49,516,1,6,1,9,P01
1,382,220,658,1,7,1,9,P01
1,383,93,495,1,8,1,9,P01
1,384,296,452,1,6,1,9,P01
1,385,19,544,1,10,1,9,P01
1,386,38,619,1,7,1,9,P01
1,387,109,445,1,9,1,9,P01
1,388,188,513,1,5,1,9,P01
1,389,165,646,1,12,1,9,P01
1,390,46,482,1,10,1,9,P01
1,391,142,735,1,4,1,9,P01
1,392,114,832,1,8,1,9,P01
1,393,23,914,1,8,1,9,P01
1,394,60,375,1,5,1,9,P01
1,395,47,418,1,14,1,9,P01
1,396,425,515,1,7,1,9,P01
1,397,235,626,1,8,1,9,P01
1,398,135,796,1,9,1,9,P01
1,399,319,466,1,4,1,9,P01
1,400,98,877,1,8,1,9,P01
1,401,196,768,1,5,1,9,P01
1,402,88,589,1,8,1,9,P01
1,403,110,316,1,8,1,9,P01
1,404,103,429,1,11,1,9,P01
1,405,258,587,1,6,1,9,P01
1,406,486,307,1,5,1,9,P01
1,407,232,377,1,7,1,9,P01
1,408,12,411,1,6,1,9,P01
1,409,31,534,1,8,1,9,P01
1,410,39,643,1,10,1,9,P01
1,411,101,472,1,5,1,9,P01
1,412,32,708,1,9,1,9,P01
1,413,111,493,1,9,1,9,P01
1,414,162,409,1,8,1,9,P01
1,415,177,533,1,11,1,9,P01
1,416,390,497,1,5,1,9,P01
1,417,52,730,1,6,1,9,P01
1,418,78,604,1,5,1,9,P01
1,419,113,829,1,8,1,9,P01
1,420,139,397,1,1,1,9,P01
1,421,151,651,1,3,1,9,P01
1,422,374,269,1,2,1,9,P01
1,423,221,740,1,11,1,9,P01
1,424,158,382,1,6,1,9,P01
1,425,19,787,1,4,1,9,P01
1,426,246,415,1,2,1,9,P01
1,427,53,902,1,3,1,9,P01
1,428,115,326,1,3,1,9,P01
1,429,362,391,1,4,1,9,P01
1,430,77,833,1,12,1,9,P01
1,431,302,212,2,3,1,9,P01
1,432,181,542,1,8,1,9,P01
1,433,100,678,1,11,1,9,P01
1,434,92,876,1,10,1,9,P01
1,435,52,768,1,10,1,9,P01
1,436,149,371,1,8,1,9,P01
1,437,56,728,1,10,1,9,P01
1,438,56,350,2,8,1,9,P01
1,439,55,889,1,8,1,9,P01
1,440,52,394,1,13,1,9,P01
1,441,122,827,1,11,1,9,P01
1,442,190,391,1,6,1,9,P01
1,443,350,270,1,2,1,9,P01
1,444,344,386,1,2,1,9,P01
1,445,116,495,1,5,1,9,P01
1,446,75,501,1,6,1,9,P01
1,447,160,751,1,4,1,9,P01
1,448,20,473,1,7,1,9,P01
1,449,488,438,1,6,1,9,P01
1,450,236,460,1,9,1,9,P01
1,451,91,318,1,5,1,9,P01
1,452,804,104,1,1,1,9,P01
1,453,274,593,1,10,1,9,P01
1,454,330,160,1,2,1,9,P01
1,455,96,765,1,10,1,9,P01
1,456,415,118,1,5,1,9,P01
1,457,137,717,1,11,1,9,P01
1,458,72,749,1,5,1,9,P01
1,459,190,422,1,4,1,9,P01
1,460,25,835,1,5,1,9,P01
1,461,606,88,1,2,1,9,P01
1,462,495,320,1,5,1,9,P01
1,463,380,359,1,5,1,9,P01
1,464,67,339,1,4,1,9,P01
1,465,430,501,1,5,1,9,P01
1,466,198,746,1,6,1,9,P01
1,467,146,835,1,7,1,9,P01
1,468,306,519,1,5,1,9,P01
1,469,147,518,1,6,1,9,P01
1,470,319,397,1,3,1,9,P01
1,471,52,703,1,11,1,9,P01
1,472,167,752,1,10,1,9,P01
1,473,75,469,1,9,1,9,P01
1,474,414,570,1,5,1,9,P01
1,475,62,667,1,11,1,9,P01
1,476,246,363,1,3,1,9,P01
1,477,318,602,1,5,1,9,P01
1,478,46,447,1,6,1,9,P01
1,479,26,450,1,9,1,9,P01
1,480,116,733,1,13,1,9,P01
1,481,139,818,1,6,1,9,P01
1,482,437,520,1,7,1,9,P01
1,483,31,417,1,9,1,9,P01
1,484,11,510,1,10,1,9,P01
1,485,284,479,1,3,1,9,P01
1,486,30,721,1,14,1,9,P01
1,487,79,603,1,5,1,9,P01
1,488,108,485,1,6,1,9,P01
1,489,366,464,1,4,1,9,P01
1,490,11,493,1,12,1,9,P01
1,491,284,333,1,5,1,9,P01
1,492,85,400,1,9,1,9,P01
1,493,293,488,1,7,1,9,P01
1,494,67,585,1,8,1,9,P01
1,495,297,511,1,7,1,9,P01
1,496,306,613,1,7,1,9,P01
1,497,195,529,1,6,1,9,P01
1,498,127,282,1,9,1,9,P01
1,499,197,267,1,2,1,9,P01
1,500,256,676,1,1,1,9,P01
1,501,85,639,1,6,1,9,P01
1,502,33,776,1,16,1,9,P01
1,503,57,786,1,6,1,9,P01
1,504,25,462,1,7,1,9,P01
1,505,16,564,1,9,1,9,P01
1,506,211,594,1,5,1,9,P01
1,507,42,785,1,8,1,9,P01
1,508,242,432,1,4,1,9,P01
1,509,119,774,1,7,1,9,P01
1,510,97,361,1,7,1,9,P01
1,511,63,842,1,7,1,9,P01
1,512,294,597,1,9,1,9,P01
1,513,43,397,1,14,1,9,P01
1,514,129,301,1,4,1,9,P01
1,515,116,531,1,5,1,9,P01
1,516,24,488,1,12,1,9,P01
1,517,210,689,1,11,1,9,P01
1,518,68,748,1,7,1,9,P01
1,519,148,338,1,10,1,9,P01
1,520,67,674,1,12,1,9,P01
1,521,13,419,1,6,1,9,P01
1,522,90,815,1,8,1,9,P01
1,523,14,529,1,8,1,9,P01
1,524,41,397,1,9,1,9,P01
1,525,50,910,1,9,1,9,P01
1,526,99,881,1,9,1,9,P01
1,527,83,393,1,10,1,9,P01
1,528,262,429,1,5,1,9,P01
1,529,485,253,1,1,1,9,P01
1,530,213,502,1,4,1,9,P01
1,531,43,806,1,4,1,9,P01
1,532,113,755,1,7,1,9,P01
1,533,110,544,1,8,1,9,P01
1,534,51,782,1,6,1,9,P01
1,535,257,280,1,4,1,9,P01
1,536,102,741,1,8,1,9,P01
1,537,148,628,1,9,1,9,P01
1,538,24,620,1,6,1,9,P01
1,539,700,273,1,2,1,9,P01
1,540,195,511,1,7,1,9,P01
1,541,96,684,1,10,1,9,P01
1,542,341,494,1,6,1,9,P01
1,543,104,458,1,7,1,9,P01
1,544,322,677,1,10,1,9,P01
1,545,123,357,1,6,1,9,P01
1,546,90,514,1,9,1,9,P01
1,547,62,545,1,5,1,9,P01
1,548,138,671,1,2,1,9,P01
1,549,102,594,1,10,1,9,P01
1,550,311,570,1,6,1,9,P01
1,551,234,755,1,11,1,9,P01
1,552,50,474,1,8,1,9,P01
1,553,53,802,1,9,1,9,P01
1,554,78,426,1,4,1,9,P01
1,555,32,460,1,10,1,9,P01
1,556,43,618,1,11,1,9,P01
1,557,481,345,1,8,1,9,P01
1,558,341,487,1,6,1,9,P01
1,559,299,238,1,2,1,9,P01
1,560,231,359,1,4,1,9,P01
1,561,174,807,1,6,1,9,P01
1,562,643,336,1,4,1,9,P01
1,563,61,755,1,4,1,9,P01
1,564,40,775,1,6,1,9,P01
1,565,53,759,1,8,1,9,P01
1,566,84,549,1,3,1,9,P01
1,567,73,385,1,8,1,9,P01
1,568,62,845,1,5,1,9,P01
1,569,10,600,1,6,1,9,P01
1,570,47,389,1,4,1,9,P01
1,571,88,654,1,10,1,9,P01
1,572,57,715,1,15,1,9,P01
1,573,516,155,1,1,1,9,P01
1,574,61,495,1,8,1,9,P01
1,575,81,417,1,5,1,9,P01
1,576,31,390,1,12,1,9,P01
1,577,198,701,1,1,1,9,P01
1,578,240,459,1,4,1,9,P01
1,579,22,831,1,6,1,9,P01
1,580,258,681,1,6,1,9,P01
1,581,256,592,1,11,1,9,P01
1,582,504,278,1,2,1,9,P01
1,583,154,598,1,4,1,9,P01
1,584,127,757,1,8,1,9,P01
1,585,217,646,1,1,1,9,P01
1,586,457,514,1,9,1,9,P01
1,587,22,403,1,8,1,9,P01
1,588,128,669,1,10,1,9,P01
1,589,44,653,1,14,1,9,P01
1,590,432,209,1,1,1,9,P01
1,591,238,417,1,8,1,9,P01
1,592,43,521,1,5,1,9,P01
1,593,43,403,1,14,1,9,P01
1,594,133,512,1,10,1,9,P01
1,595,10,390,1,7,1,9,P01
1,596,335,211,1,4,1,9,P01
1,597,73,622,1,2,1,9,P01
1,598,76,671,1,13,1,9,P01
1,599,197,488,1,6,1,9,P01
1,600,56,386,1,5,1,9,P01
1,601,175,558,1,7,1,9,P01
1,602,68,736,1,8,1,9,P01
1,603,46,405,1,3,1,9,P01
1,604,327,333,1,2,1,9,P01
1,605,205,558,1,6,1,9,P01
1,606,40,437,1,9,1,9,P01
1,607,157,574,1,8,1,9,P01
1,608,447,469,1,2,1,9,P01
1,609,98,748,1,8,1,9,P01
1,610,95,637,1,10,1,9,P01
1,611,111,608,1,2,1,9,P01
1,612,50,370,1,12,1,9,P01
1,613,203,209,1,5,1,9,P01
1,614,107,433,1,7,1,9,P01
1,615,161,371,1,2,1,9,P01
1,616,72,493,1,6,1,9,P01
1,617,604,291,1,2,1,9,P01
1,618,244,444,1,5,1,9,P01
1,619,45,627,1,4,1,9,P01
1,620,285,235,1,2,1,9,P01
1,621,494,174,1,3,1,9,P01
1,622,92,903,1,5,1,9,P01
1,623,103,760,1,11,1,9,P01
1,624,182,791,1,10,1,9,P01
1,625,368,463,2,7,1,9,P01
1,626,191,485,1,7,1,9,P01
1,627,78,722,1,7,1,9,P01
1,628,205,497,1,10,1,9,P01
1,629,157,484,1,4,1,9,P01
1,630,356,272,1,3,1,9,P01
1,631,386,214,1,2,1,9,P01
1,632,235,271,1,3,1,9,P01
1,633,378,453,1,6,1,9,P01
1,634,675,236,3,6,1,9,P01
1,635,281,488,1,1,1,9,P01
1,636,149,709,1,7,1,9,P01
1,637,96,665,1,5,1,9,P01
1,638,159,253,1,7,1,9,P01
1,639,301,693,1,7,1,9,P01
1,640,148,320,1,15,1,9,P01
1,641,644,264,1,1,1,9,P01
1,642,55,503,1,11,1,9,P01
1,643,27,644,1,11,1,9,P01
1,644,86,881,1,7,1,9,P01
1,645,274,661,1,7,1,9,P01
1,646,123,319,1,8,1,9,P01
1,647,384,229,1,3,1,9,P01
1,648,165,372,1,4,1,9,P01
1,649,124,752,1,8,1,9,P01
1,650,100,743,1,4,1,9,P01
1,651,47,734,1,7,1,9,P01
1,652,125,305,1,15,1,9,P01
1,653,60,491,1,2,1,9,P01
1,654,53,362,1,7,1,9,P01
1,655,134,343,1,6,1,9,P01
1,656,168,696,1,10,1,9,P01
1,657,61,709,1,5,1,9,P01
1,658,37,448,1,13,1,9,P01
1,659,333,337,1,2,1,9,P01
1,660,94,514,1,3,1,9,P01
1,661,138,669,1,6,1,9,P01
1,662,38,422,1,10,1,9,P01
1,663,81,433,1,5,1,9,P01
1,664,246,475,1,3,1,9,P01
1,665,132,563,1,7,1,9,P01
1,666,80,436,1,6,1,9,P01
1,667,513,481,1,4,1,9,P01
1,668,11,725,1,5,1,9,P01
1,669,79,717,1,8,1,9,P01
1,670,76,409,1,6,1,9,P01
1,671,99,600,1,6,1,9,P01
1,672,96,306,1,11,1,9,P01
1,673,159,405,1,3,1,9,P01
1,674,118,482,1,8,1,9,P01
1,675,261,553,1,3,1,9,P01
1,676,42,705,1,1,1,9,P01
1,677,184,759,1,11,1,9,P01
1,678,145,809,1,4,1,9,P01
1,679,22,726,1,11,1,9,P01
1,680,139,660,1,10,1,9,P01
1,681,234,314,1,6,1,9,P01
1,682,199,720,1,6,1,9,P01
1,683,282,582,1,7,1,9,P01
1,684,364,575,1,7,1,9,P01
1,685,121,356,1,7,1,9,P01
1,686,105,847,1,10,1,9,P01
1,687,56,377,1,8,1,9,P01
1,688,48,689,1,6,1,9,P01
1,689,28,719,1,11,1,9,P01
1,690,303,285,1,4,1,9,P01
1,691,512,456,1,1,1,9,P01
1,692,332,635,1,3,1,9,P01
1,693,77,921,1,11,1,9,P01
1,694,218,509,1,7,1,9,P01
1,695,51,737,1,12,1,9,P01
1,696,64,560,1,3,1,9,P01
1,697,160,527,1,9,1,9,P01
1,698,46,458,1,9,1,9,P01
1,699,69,755,1,9,1,9,P01
1,700,349,170,1,1,1,9,P01
1,701,94,706,1,8,1,9,P01
1,702,448,412,1,7,1,9,P01
1,703,67,368,1,4,1,9,P01
1,704,695,205,1,1,1,9,P01
1,705,38,530,1,14,1,9,P01
1,706,26,606,1,7,1,9,P01
1,707,44,903,1,12,1,9,P01
1,708,59,696,1,10,1,9,P01
1,709,163,641,1,6,1,9,P01
1,710,122,876,1,9,1,9,P01
1,711,231,519,1,6,1,9,P01
1,712,226,739,1,8,1,9,P01
1,713,64,349,1,11,1,9,P01
1,714,147,661,1,7,1,9,P01
1,715,357,336,1,3,1,9,P01
1,716,80,715,1,5,1,9,P01
1,717,24,576,1,14,1,9,P01
1,718,202,500,1,5,1,9,P01
1,719,14,587,1,8,1,9,P01
1,720,151,462,1,14,1,9,P01
1,721,18,572,1,12,1,9,P01
1,722,111,634,1,7,1,9,P01
1,723,134,563,1,8,1,9,P01
1,724,232,574,1,5,1,9,P01
1,725,411,565,1,5,1,9,P01
1,726,183,406,1,7,1,9,P01
1,727,42,560,1,8,1,9,P01
1,728,704,118,1,1,1,9,P01
1,729,159,633,1,5,1,9,P01
1,730,163,282,1,3,1,9,P01
1,731,35,744,1,8,1,9,P01
1,732,117,616,1,10,1,9,P01
1,733,155,507,1,9,1,9,P01
1,734,35,585,1,11,1,9,P01
1,735,22,723,1,8,1,9,P01
1,736,232,763,1,6,1,9,P01
1,737,41,614,1,5,1,9,P01
1,738,66,550,1,6,1,9,P01
1,739,23,606,1,9,1,9,P01
1,740,302,387,1,4,1,9,P01
1,741,251,677,1,6,1,9,P01
1,742,156,445,1,5,1,9,P01
1,743,281,199,1,4,1,9,P01
1,744,54,488,1,11,1,9,P01
1,745,288,233,1,5,1,9,P01
1,746,47,595,1,11,1,9,P01
1,747,92,476,1,8,1,9,P01
1,748,528,231,1,3,1,9,P01
1,749,14,844,1,9,1,9,P01
1,750,158,740,1,12,1,9,P01
1,751,272,658,1,7,1,9,P01
1,752,21,691,1,8,1,9,P01
1,753,50,464,1,7,1,9,P01
1,754,373,561,2,5,1,9,P01
1,755,572,426,1,5,1,9,P01
1,756,313,417,1,8,1,9,P01
1,757,66,800,1,11,1,9,P01
1,758,222,586,1,8,1,9,P01
1,759,112,809,1,13,1,9,P01
1,760,105,487,1,4,1,9,P01
1,761,80,491,1,4,1,9,P01
1,762,65,544,1,5,1,9,P01
1,763,25,523,1,9,1,9,P01
1,764,196,410,1,7,1,9,P01
1,765,98,801,1,6,1,9,P01
1,766,13,798,1,10,1,9,P01
1,767,76,758,1,9,1,9,P01
1,768,26,463,1,9,1,9,P01
1,769,35,817,1,9,1,9,P01
1,770,468,394,2,5,1,9,P01
1,771,189,456,1,8,1,9,P01
1,772,145,457,1,6,1,9,P01
1,773,72,503,1,11,1,9,P01
1,774,254,412,1,7,1,9,P01
1,775,307,337,1,3,1,9,P01
1,776,20,654,1,9,1,9,P01
1,777,86,604,1,6,1,9,P01
1,778,40,572,1,7,1,9,P01
1,779,353,607,1,8,1,9,P01
1,780,384,384,1,5,1,9,P01
1,781,108,608,1,10,1,9,P01
1,782,158,550,1,4,1,9,P01
1,783,150,843,1,5,1,9,P01
1,784,94,459,1,6,1,9,P01
1,785,46,581,1,12,1,9,P01
1,786,499,436,1,4,1,9,P01
1,787,445,205,1,6,1,9,P01
1,788,48,388,1,12,1,9,P01
1,789,19,547,1,5,1,9,P01
1,790,55,547,1,10,1,9,P01
1,791,23,549,1,11,1,9,P01
1,792,46,656,1,10,1,9,P01
1,793,522,381,1,5,1,9,P01
1,794,103,320,1,12,1,9,P01
1,795,74,430,1,3,1,9,P01
1,796,106,378,1,5,1,9,P01
1,797,69,420,1,8,1,9,P01
1,798,16,899,1,9,1,9,P01
1,799,142,474,1,8,1,9,P01
1,800,156,531,1,4,1,9,P01
1,801,269,687,1,6,1,9,P01
1,802,269,460,2,3,1,9,P01
1,803,268,511,1,2,1,9,P01
1,804,13,571,1,7,1,9,P01
1,805,69,723,1,9,1,9,P01
1,806,143,711,1,10,1,9,P01
1,807,133,455,1,7,1,9,P01
1,808,55,365,1,7,1,9,P01
1,809,188,666,1,7,1,9,P01
1,810,214,459,1,1,1,9,P01
1,811,73,843,1,10,1,9,P01
1,812,40,373,1,11,1,9,P01
1,813,319,459,1,6,1,9,P01
1,814,381,493,1,3,1,9,P01
1,815,494,424,1,3,1,9,P01
1,816,92,603,2,15,1,9,P01
1,817,190,357,1,2,1,9,P01
1,818,217,310,1,1,1,9,P01
1,819,73,666,1,5,1,9,P01
1,820,214,637,1,6,1,9,P01
1,821,131,572,1,6,1,9,P01
1,822,285,511,1,5,1,9,P01
1,823,23,466,1,8,1,9,P01
1,824,98,767,1,6,1,9,P01
1,825,63,404,1,10,1,9,P01
1,826,88,396,1,6,1,9,P01
1,827,207,591,1,9,1,9,P01
1,828,76,430,1,7,1,9,P01
1,829,84,382,1,8,1,9,P01
1,830,142,714,1,3,1,9,P01
1,831,49,401,1,10,1,9,P01
1,832,77,504,1,7,1,9,P01
1,833,102,322,1,3,1,9,P01
1,834,357,486,1,12,1,9,P01
1,835,62,436,1,8,1,9,P01
1,836,107,359,1,10,1,9,P01
1,837,51,395,1,11,1,9,P01
1,838,275,598,1,11,1,9,P01
1,839,159,321,1,9,1,9,P01
1,840,154,686,1,6,1,9,P01
1,841,22,477,1,6,1,9,P01
1,842,81,844,1,3,1,9,P01
1,843,190,433,1,8,1,9,P01
1,844,359,343,1,7,1,9,P01
1,845,222,677,1,3,1,9,P01
1,846,104,497,1,8,1,9,P01
1,847,199,392,1,5,1,9,P01
1,848,212,650,1,5,1,9,P01
1,849,307,515,1,6,1,9,P01
1,850,189,452,1,7,1,9,P01
1,851,138,487,1,7,1,9,P01
1,852,92,802,1,13,1,9,P01
1,853,151,565,1,6,1,9,P01
1,854,51,896,1,6,1,9,P01
1,855,19,390,1,9,1,9,P01
1,856,172,293,1,4,1,9,P01
1,857,36,785,1,9,1,9,P01
1,858,10,671,1,7,1,9,P01
1,859,113,416,1,5,1,9,P01
1,860,246,720,1,10,1,9,P01
1,861,101,547,1,11,1,9,P01
1,862,36,418,1,8,1,9,P01
1,863,405,276,1,3,1,9,P01
1,864,515,450,1,7,1,9,P01
1,865,295,688,1,3,1,9,P01
1,866,392,187,1,3,1,9,P01
1,867,38,418,1,11,1,9,P01
1,868,81,534,1,11,1,9,P01
1,869,381,90,1,1,1,9,P01
1,870,77,545,1,5,1,9,P01
1,871,73,646,1,4,1,9,P01
1,872,213,732,1,7,1,9,P01
1,873,190,733,1,7,1,9,P01
1,874,53,617,1,11,1,9,P01
1,875,283,692,1,3,1,9,P01
1,876,92,799,1,11,1,9,P01
1,877,87,839,1,4,1,9,P01
1,878,60,664,1,10,1,9,P01
1,879,154,267,1,7,1,9,P01
1,880,377,279,1,2,1,9,P01
1,881,121,305,1,4,1,9,P01
1,882,71,357,1,4,1,9,P01
1,883,201,762,1,6,1,9,P01
1,884,112,438,1,11,1,9,P01
1,885,424,72,1,1,1,9,P01
1,886,36,866,1,10,1,9,P01
1,887,401,74,1,4,1,9,P01
1,888,325,276,1,4,1,9,P01
1,889,19,760,1,11,1,9,P01
1,890,27,894,1,11,1,9,P01
1,891,71,502,1,5,1,9,P01
1,892,78,877,1,11,1,9,P01
1,893,103,783,1,5,1,9,P01
1,894,16,598,1,5,1,9,P01
1,895,78,420,1,8,1,9,P01
1,896,207,304,2,3,1,9,P01
1,897,35,395,1,2,1,9,P01
1,898,76,890,1,7,1,9,P01
1,899,172,459,1,9,1,9,P01
1,900,153,538,1,6,1,9,P01
1,901,13,627,1,11,1,9,P01
1,902,208,753,1,6,1,9,P01
1,903,125,644,1,8,1,9,P01
1,904,117,859,1,4,1,9,P01
1,905,422,231,1,4,1,9,P01
1,906,161,341,1,8,1,9,P01
1,907,321,93,1,1,1,9,P01
1,908,12,835,1,12,1,9,P01
1,909,121,588,2,8,1,9,P01
1,910,21,544,1,8,1,9,P01
1,911,135,665,1,3,1,9,P01
1,912,48,546,1,10,1,9,P01
1,913,11,500,1,10,1,9,P01
1,914,34,672,1,9,1,9,P01
1,915,40,724,1,5,1,9,P01
1,916,269,511,1,7,1,9,P01
1,917,79,573,1,9,1,9,P01
1,918,79,387,1,9,1,9,P01
1,919,36,371,1,8,1,9,P01
1,920,16,479,1,6,1,9,P01
1,921,457,490,1,7,1,9,P01
1,922,562,280,1,6,1,9,P01
1,923,27,760,1,13,1,9,P01
1,924,43,422,1,8,1,9,P01
1,925,54,418,1,7,1,9,P01
1,926,33,789,1,4,1,9,P01
1,927,25,391,1,8,1,9,P01
1,928,223,258,1,6,1,9,P01
1,929,319,377,1,4,1,9,P01
1,930,103,620,1,5,1,9,P01
1,931,95,404,1,9,1,9,P01
1,932,147,373,1,8,1,9,P01
1,933,210,657,1,9,1,9,P01
1,934,32,618,1,9,1,9,P01
1,935,329,592,1,3,1,9,P01
1,936,429,247,1,3,1,9,P01
1,937,262,158,1,4,1,9,P01
1,938,60,379,1,10,1,9,P01
1,939,242,409,1,8,1,9,P01
1,940,473,209,1,1,1,9,P01
1,941,147,659,1,10,1,9,P01
1,942,28,640,1,9,1,9,P01
1,943,122,612,1,7,1,9,P01
1,944,207,713,1,6,1,9,P01
1,945,59,557,1,8,1,9,P01
1,946,60,602,1,5,1,9,P01
1,947,184,600,1,6,1,9,P01
1,948,44,880,1,7,1,9,P01
1,949,53,435,1,11,1,9,P01
1,950,474,388,1,5,1,9,P01
1,951,78,605,1,6,1,9,P01
1,952,213,304,1,4,1,9,P01
1,953,66,649,1,9,1,9,P01
1,954,335,610,1,8,1,9,P01
1,955,70,692,1,8,1,9,P01
1,956,355,466,1,5,1,9,P01
1,957,30,797,1,9,1,9,P01
1,958,53,573,1,8,1,9,P01
1,959,156,565,1,6,1,9,P01
1,960,116,557,2,10,1,9,P01
1,961,40,806,1,4,1,9,P01
1,962,218,724,1,3,1,9,P01
1,963,54,846,1,9,1,9,P01
1,964,134,411,1,4,1,9,P01
1,965,110,862,1,6,1,9,P01
1,966,325,518,1,7,1,9,P01
1,967,503,401,1,10,1,9,P01
1,968,360,400,1,3,1,9,P01
1,969,57,553,1,5,1,9,P01
1,970,225,262,1,8,1,9,P01
1,971,376,410,1,4,1,9,P01
1,972,60,841,1,6,1,9,P01
1,973,23,654,1,9,1,9,P01
1,974,150,836,1,5,1,9,P01
1,975,69,797,1,8,1,9,P01
1,976,351,488,1,8,1,9,P01
1,977,101,469,1,7,1,9,P01
1,978,28,485,1,6,1,9,P01
1,979,95,769,1,12,1,9,P01
1,980,36,403,1,7,1,9,P01
1,981,388,378,1,4,1,9,P01
1,982,10,504,1,7,1,9,P01
1,983,145,754,1,3,1,9,P01
1,984,19,445,1,6,1,9,P01
1,985,96,888,1,5,1,9,P01
1,986,106,876,1,3,1,9,P01
1,987,83,866,1,6,1,9,P01
1,988,24,393,1,11,1,9,P01
1,989,208,694,1,7,1,9,P01
1,990,94,481,1,3,1,9,P01
1,991,892,59,1,1,1,9,P01
1,992,264,709,1,1,1,9,P01
1,993,228,234,1,9,1,9,P01
1,994,193,549,1,8,1,9,P01
1,995,36,810,1,9,1,9,P01
1,996,29,452,1,7,1,9,P01
1,997,141,260,1,2,1,9,P01
1,998,10,426,1,10,1,9,P01
1,999,219,432,1,7,1,9,P01
1,1000,83,413,1,11,1,9,P01
2,1,272,393,1,1,1,3,P01
2,2,280,332,1,2,1,3,P01
2,3,50,801,1,1,1,3,P01
2,4,96,705,1,3,1,3,P01
2,5,372,141,1,1,1,3,P01
2,6,214,506,1,1,1,3,P01
2,7,632,327,1,1,1,3,P01
2,8,144,523,1,4,1,3,P01
2,9,213,376,1,1,1,3,P01
2,10,638,358,1,1,1,3,P01
2,11,369,320,2,2,1,3,P01
2,12,736,91,2,2,1,3,P01
2,13,242,240,1,1,1,3,P01
2,14,35,678,1,4,1,3,P01
2,15,316,410,1,1,1,3,P01
2,16,172,451,1,2,1,3,P01
2,17,63,636,1,3,1,3,P01
2,18,109,322,1,3,1,3,P01
2,19,458,311,1,2,1,3,P01
2,20,56,439,1,4,1,3,P01
2,21,88,887,1,5,1,3,P01
2,22,28,812,1,5,1,3,P01
2,23,329,269,1,3,1,3,P01
2,24,256,408,1,2,1,3,P01
2,25,137,293,1,1,1,3,P01
2,26,98,782,1,3,1,3,P01
2,27,356,343,1,1,1,3,P01
2,28,99,861,1,5,1,3,P01
2,29,673,140,1,1,1,3,P01
2,30,100,351,1,2,1,3,P01
2,31,176,722,1,2,1,3,P01
2,32,363,515,1,1,1,3,P01
2,33,148,834,1,2,1,3,P01
2,34,114,570,1,1,1,3,P01
2,35,167,625,1,2,1,3,P01
2,36,372,361,1,1,1,3,P01
2,37,101,656,1,2,1,3,P01
2,38,356,460,1,1,1,3,P01
2,39,507,360,1,2,1,3,P01
2,40,606,184,1,1,1,3,P01
2,41,331,658,2,2,1,3,P01
2,42,139,836,1,1,1,3,P01
2,43,36,527,1,3,1,3,P01
2,44,18,459,1,3,1,3,P01
2,45,567,259,2,1,1,3,P01
2,46,344,529,1,1,1,3,P01
2,47,194,408,1,2,1,3,P01
2,48,486,115,1,1,1,3,P01
2,49,177,671,1,6,1,3,P01
2,50,184,783,1,1,1,3,P01
2,51,448,216,1,1,1,3,P01
2,52,73,559,1,3,1,3,P01
2,53,266,560,1,3,1,3,P01
2,54,79,519,1,1,1,3,P01
2,55,150,422,1,2,1,3,P01
2,56,244,649,1,1,1,3,P01
2,57,319,88,1,1,1,3,P01
2,58,121,645,1,3,1,3,P01
2,59,329,269,1,1,1,3,P01
2,60,46,888,1,2,1,3,P01
2,61,392,292,1,1,1,3,P01
2,62,545,348,2,2,1,3,P01
2,63,508,168,2,1,1,3,P01
2,64,58,432,1,1,1,3,P01
2,65,145,424,1,2,1,3,P01
2,66,153,364,1,1,1,3,P01
2,67,572,151,1,1,1,3,P01
2,68,192,415,1,1,1,3,P01
2,69,423,568,1,2,1,3,P01
2,70,34,476,1,4,1,3,P01
2,71,61,502,1,1,1,3,P01
2,72,260,648,1,1,1,3,P01
2,73,278,183,1,1,1,3,P01
2,74,217,710,1,1,1,3,P01
2,75,315,153,2,1,1,3,P01
2,76,24,615,1,3,1,3,P01
2,77,496,462,2,1,1,3,P01
2,78,213,664,1,2,1,3,P01
2,79,15,612,1,10,1,3,P01
2,80,240,675,1,3,1,3,P01
2,81,20,427,1,2,1,3,P01
2,82,291,240,1,4,1,3,P01
2,83,256,534,1,2,1,3,P01
2,84,192,213,1,1,1,3,P01
2,85,380,490,1,1,1,3,P01
2,86,125,421,1,5,1,3,P01
2,87,49,604,1,2,1,3,P01
2,88,77,439,1,4,1,3,P01
2,89,318,441,1,1,1,3,P01
2,90,324,319,1,2,1,3,P01
2,91,156,429,1,4,1,3,P01
2,92,452,419,1,1,1,3,P01
2,93,661,280,1,1,1,3,P01
2,94,112,592,1,1,1,3,P01
2,95,324,568,1,1,1,3,P01
2,96,234,320,1,1,1,3,P01
2,97,341,305,2,1,1,3,P01
2,98,417,56,1,1,1,3,P01
2,99,112,856,1,4,1,3,P01
2,100,227,224,1,1,1,3,P01
2,101,158,308,1,2,1,3,P01
2,102,199,255,1,1,1,3,P01
2,103,199,314,1,1,1,3,P01
2,104,484,191,1,1,1,3,P01
2,105,38,407,1,2,1,3,P01
2,106,663,133,1,1,1,3,P01
2,107,145,517,1,2,1,3,P01
2,108,103,462,1,6,1,3,P01
2,109,372,447,1,1,1,3,P01
2,110,74,711,1,3,1,3,P01
2,111,226,314,1,4,1,3,P01
2,112,379,602,1,2,1,3,P01
2,113,237,274,2,1,1,3,P01
2,114,231,438,1,1,1,3,P01
2,115,141,819,1,1,1,3,P01
2,116,477,371,1,2,1,3,P01
2,117,88,879,1,1,1,3,P01
2,118,89,509,1,4,1,3,P01
2,119,329,222,1,4,1,3,P01
2,120,264,319,1,1,1,3,P01
2,121,296,377,1,1,1,3,P01
2,122,27,518,1,2,1,3,P01
2,123,178,743,1,4,1,3,P01
2,124,583,210,1,1,1,3,P01
2,125,84,377,1,2,1,3,P01
2,126,475,200,1,1,1,3,P01
2,127,384,435,1,1,1,3,P01
2,128,165,251,1,1,1,3,P01
2,129,294,253,1,2,1,3,P01
2,130,94,661,1,2,1,3,P01
2,131,122,613,1,2,1,3,P01
2,132,794,120,1,1,1,3,P01
2,133,202,698,1,4,1,3,P01
2,134,123,694,1,3,1,3,P01
2,135,300,586,1,2,1,3,P01
2,136,437,195,1,1,1,3,P01
2,137,111,575,1,1,1,3,P01
2,138,430,427,1,1,1,3,P01
2,139,238,385,1,3,1,3,P01
2,140,427,408,1,1,1,3,P01
2,141,21,395,1,1,1,3,P01
2,142,198,304,1,3,1,3,P01
2,143,25,766,1,2,1,3,P01
2,144,384,304,1,1,1,3,P01
2,145,65,358,1,2,1,3,P01
2,146,202,463,1,2,1,3,P01
2,147,203,536,1,2,1,3,P01
2,148,158,529,1,2,1,3,P01
2,149,165,355,2,1,1,3,P01
2,150,250,554,1,2,1,3,P01
2,151,72,881,1,1,1,3,P01
2,152,426,150,1,1,1,3,P01
2,153,628,197,3,1,1,3,P01
2,154,161,304,1,1,1,3,P01
2,155,17,428,1,2,1,3,P01
2,156,391,345,1,1,1,3,P01
2,157,357,154,1,1,1,3,P01
2,158,510,193,1,1,1,3,P01
2,159,628,213,3,1,1,3,P01
2,160,46,385,1,1,1,3,P01
2,161,189,581,2,1,1,3,P01
2,162,372,447,1,6,1,3,P01
2,163,292,262,1,3,1,3,P01
2,164,35,483,1,2,1,3,P01
2,165,179,512,1,2,1,3,P01
2,166,102,537,1,3,1,3,P01
2,167,705,129,1,1,1,3,P01
2,168,360,394,2,1,1,3,P01
2,169,523,399,1,1,1,3,P01
2,170,441,219,1,1,1,3,P01
2,171,78,906,1,3,1,3,P01
2,172,713,211,1,2,1,3,P01
2,173,130,528,1,1,1,3,P01
2,174,216,663,1,3,1,3,P01
2,175,356,167,1,1,1,3,P01
2,176,82,493,1,1,1,3,P01
2,177,114,289,1,1,1,3,P01
2,178,267,286,1,2,1,3,P01
2,179,163,423,1,1,1,3,P01
2,180,601,350,1,2,1,3,P01
2,181,36,393,1,4,1,3,P01
2,182,714,135,2,2,1,3,P01
2,183,554,95,1,1,1,3,P01
2,184,660,283,1,1,1,3,P01
2,185,53,646,1,5,1,3,P01
2,186,794,179,1,1,1,3,P01
2,187,162,566,1,1,1,3,P01
2,188,246,221,1,1,1,3,P01
2,189,540,306,1,1,1,3,P01
2,190,623,353,1,3,1,3,P01
2,191,50,793,1,1,1,3,P01
2,192,485,267,1,1,1,3,P01
2,193,117,728,1,3,1,3,P01
2,194,89,881,1,2,1,3,P01
2,195,120,812,1,4,1,3,P01
2,196,198,261,1,1,1,3,P01
2,197,104,769,1,6,1,3,P01
2,198,254,295,1,2,1,3,P01
2,199,285,138,2,1,1,3,P01
2,200,106,495,1,1,1,3,P01
2,201,115,764,1,2,1,3,P01
2,202,260,493,1,1,1,3,P01
2,203,45,816,1,4,1,3,P01
2,204,356,131,2,2,1,3,P01
2,205,75,350,1,2,1,3,P01
2,206,513,209,1,1,1,3,P01
2,207,190,688,1,2,1,3,P01
2,208,200,358,1,1,1,3,P01
2,209,141,813,1,4,1,3,P01
2,210,193,452,1,2,1,3,P01
2,211,174,757,1,1,1,3,P01
2,212,86,626,1,1,1,3,P01
2,213,301,493,1,1,1,3,P01
2,214,294,620,1,1,1,3,P01
2,215,204,650,1,4,1,3,P01
2,216,167,689,1,5,1,3,P01
2,217,295,679,1,2,1,3,P01
2,218,285,573,1,2,1,3,P01
2,219,95,784,1,5,1,3,P01
2,220,227,722,1,2,1,3,P01
2,221,409,429,1,2,1,3,P01
2,222,24,931,1,5,1,3,P01
2,223,116,644,1,5,1,3,P01
2,224,270,280,1,3,1,3,P01
2,225,301,269,1,1,1,3,P01
2,226,234,628,1,1,1,3,P01
2,227,80,471,1,1,1,3,P01
2,228,106,424,1,5,1,3,P01
2,229,508,348,1,1,1,3,P01
2,230,231,410,1,4,1,3,P01
2,231,225,201,1,1,1,3,P01
2,232,186,231,1,1,1,3,P01
2,233,196,710,1,2,1,3,P01
2,234,375,257,1,1,1,3,P01
2,235,351,165,2,1,1,3,P01
2,236,187,652,1,1,1,3,P01
2,237,10,459,1,2,1,3,P01
2,238,106,863,1,1,1,3,P01
2,239,173,531,1,1,1,3,P01
2,240,249,454,1,2,1,3,P01
2,241,408,192,1,1,1,3,P01
2,242,362,401,1,1,1,3,P01
2,243,215,694,1,4,1,3,P01
2,244,271,273,1,1,1,3,P01
2,245,61,906,1,3,1,3,P01
2,246,117,765,1,6,1,3,P01
2,247,516,336,1,3,1,3,P01
2,248,388,406,2,1,1,3,P01
2,249,366,476,1,2,1,3,P01
2,250,241,270,1,2,1,3,P01
2,251,194,606,1,2,1,3,P01
2,252,126,691,1,2,1,3,P01
2,253,461,535,1,1,1,3,P01
2,254,258,529,1,4,1,3,P01
2,255,38,439,1,3,1,3,P01
2,256,276,221,1,1,1,3,P01
2,257,267,275,1,1,1,3,P01
2,258,175,255,1,2,1,3,P01
2,259,389,596,1,3,1,3,P01
2,260,391,378,1,2,1,3,P01
2,261,243,430,1,1,1,3,P01
2,262,302,129,1,1,1,3,P01
2,263,145,730,1,3,1,3,P01
2,264,347,480,1,5,1,3,P01
2,265,582,391,1,1,1,3,P01
2,266,46,821,1,5,1,3,P01
2,267,716,232,2,1,1,3,P01
2,268,219,289,1,6,1,3,P01
2,269,333,213,1,1,1,3,P01
2,270,179,354,1,2,1,3,P01
2,271,103,798,1,3,1,3,P01
2,272,187,623,1,1,1,3,P01
2,273,192,279,1,1,1,3,P01
2,274,252,357,2,1,1,3,P01
2,275,72,813,1,2,1,3,P01
2,276,185,716,1,1,1,3,P01
2,277,170,292,1,1,1,3,P01
2,278,165,348,1,1,1,3,P01
2,279,544,112,1,1,1,3,P01
2,280,724,31,1,1,1,3,P01
2,281,390,366,1,1,1,3,P01
2,282,110,329,1,2,1,3,P01
2,283,39,815,1,3,1,3,P01
2,284,460,494,1,2,1,3,P01
2,285,298,104,1,1,1,3,P01
2,286,361,142,1,1,1,3,P01
2,287,263,640,1,2,1,3,P01
2,288,164,457,1,1,1,3,P01
2,289,45,563,1,3,1,3,P01
2,290,392,426,1,3,1,3,P01
2,291,607,163,1,1,1,3,P01
2,292,780,81,1,1,1,3,P01
2,293,59,346,1,1,1,3,P01
2,294,388,416,1,2,1,3,P01
2,295,290,208,1,1,1,3,P01
2,296,321,159,1,1,1,3,P01
2,297,150,637,1,3,1,3,P01
2,298,97,900,1,3,1,3,P01
2,299,123,662,1,3,1,3,P01
2,300,666,231,2,1,1,3,P01
2,301,74,808,1,4,1,3,P01
2,302,201,338,1,1,1,3,P01
2,303,236,253,1,2,1,3,P01
2,304,139,284,1,1,1,3,P01
2,305,306,516,1,1,1,3,P01
2,306,70,401,1,1,1,3,P01
2,307,186,544,1,1,1,3,P01
2,308,307,420,1,2,1,3,P01
2,309,253,435,1,1,1,3,P01
2,310,684,314,1,2,1,3,P01
2,311,433,151,1,1,1,3,P01
2,312,359,581,1,5,1,3,P01
2,313,37,433,1,5,1,3,P01
2,314,729,166,2,1,1,3,P01
2,315,125,671,1,1,1,3,P01
2,316,369,462,2,1,1,3,P01
2,317,412,556,1,4,1,3,P01
2,318,307,511,1,3,1,3,P01
2,319,327,461,1,2,1,3,P01
2,320,340,456,1,4,1,3,P01
2,321,125,606,1,1,1,3,P01
2,322,229,237,1,2,1,3,P01
2,323,127,380,1,1,1,3,P01
2,324,158,678,1,1,1,3,P01
2,325,181,680,1,3,1,3,P01
2,326,378,251,1,1,1,3,P01
2,327,219,397,1,2,1,3,P01
2,328,428,258,1,2,1,3,P01
2,329,545,411,2,3,1,3,P01
2,330,342,551,1,1,1,3,P01
2,331,208,203,1,2,1,3,P01
2,332,535,246,1,1,1,3,P01
2,333,197,398,1,1,1,3,P01
2,334,342,117,2,1,1,3,P01
2,335,408,44,1,1,1,3,P01
2,336,483,308,1,1,1,3,P01
2,337,169,802,1,2,1,3,P01
2,338,560,321,1,1,1,3,P01
2,339,254,538,1,2,1,3,P01
2,340,198,214,1,5,1,3,P01
2,341,218,444,1,1,1,3,P01
2,342,55,595,1,1,1,3,P01
2,343,206,395,2,2,1,3,P01
2,344,453,379,1,2,1,3,P01
2,345,465,271,1,1,1,3,P01
2,346,149,586,1,2,1,3,P01
2,347,152,258,1,5,1,3,P01
2,348,316,395,1,2,1,3,P01
2,349,174,756,1,2,1,3,P01
2,350,131,406,1,1,1,3,P01
2,351,18,619,1,3,1,3,P01
2,352,143,407,1,1,1,3,P01
2,353,363,599,1,3,1,3,P01
2,354,701,296,1,1,1,3,P01
2,355,336,119,1,1,1,3,P01
2,356,199,703,1,2,1,3,P01
2,357,122,406,1,1,1,3,P01
2,358,165,247,1,1,1,3,P01
2,359,400,278,1,1,1,3,P01
2,360,158,354,1,2,1,3,P01
2,361,511,480,1,2,1,3,P01
2,362,169,781,1,1,1,3,P01
2,363,99,411,1,4,1,3,P01
2,364,114,297,1,3,1,3,P01
2,365,238,377,1,2,1,3,P01
2,366,355,230,1,1,1,3,P01
2,367,831,138,1,3,1,3,P01
2,368,116,362,1,1,1,3,P01
2,369,337,393,1,4,1,3,P01
2,370,92,692,1,3,1,3,P01
2,371,22,501,1,2,1,3,P01
2,372,190,374,1,2,1,3,P01
2,373,174,261,1,1,1,3,P01
2,374,136,538,1,6,1,3,P01
2,375,319,423,2,2,1,3,P01
2,376,106,403,1,4,1,3,P01
2,377,405,195,1,1,1,3,P01
2,378,171,809,1,2,1,3,P01
2,379,510,230,1,1,1,3,P01
2,380,181,766,1,3,1,3,P01
2,381,180,330,1,2,1,3,P01
2,382,161,591,1,7,1,3,P01
2,383,217,409,1,1,1,3,P01
2,384,204,523,1,1,1,3,P01
2,385,387,447,1,4,1,3,P01
2,386,108,339,1,1,1,3,P01
2,387,110,320,1,1,1,3,P01
2,388,107,496,1,1,1,3,P01
2,389,154,405,1,5,1,3,P01
2,390,813,119,1,1,1,3,P01
2,391,436,73,1,1,1,3,P01
2,392,489,499,1,1,1,3,P01
2,393,155,251,1,3,1,3,P01
2,394,35,715,1,2,1,3,P01
2,395,174,349,1,1,1,3,P01
2,396,613,258,1,1,1,3,P01
2,397,514,240,1,2,1,3,P01
2,398,485,364,1,3,1,3,P01
2,399,447,307,1,1,1,3,P01
2,400,347,247,1,2,1,3,P01
2,401,210,267,1,5,1,3,P01
2,402,236,585,1,2,1,3,P01
2,403,351,197,1,1,1,3,P01
2,404,516,309,1,1,1,3,P01
2,405,351,445,1,6,1,3,P01
2,406,449,180,1,1,1,3,P01
2,407,103,573,1,1,1,3,P01
2,408,225,459,1,2,1,3,P01
2,409,139,283,1,1,1,3,P01
2,410,440,341,3,2,1,3,P01
2,411,376,304,1,2,1,3,P01
2,412,292,657,1,5,1,3,P01
2,413,95,350,1,1,1,3,P01
2,414,305,165,1,2,1,3,P01
2,415,122,578,1,4,1,3,P01
2,416,200,317,1,2,1,3,P01
2,417,763,106,1,1,1,3,P01
2,418,378,477,1,2,1,3,P01
2,419,351,533,1,3,1,3,P01
2,420,238,218,1,4,1,3,P01
2,421,128,380,1,5,1,3,P01
2,422,157,790,1,2,1,3,P01
2,423,424,531,1,2,1,3,P01
2,424,430,550,1,3,1,3,P01
2,425,80,495,1,2,1,3,P01
2,426,168,672,1,4,1,3,P01
2,427,480,290,1,4,1,3,P01
2,428,353,192,1,1,1,3,P01
2,429,161,827,1,5,1,3,P01
2,430,705,264,1,1,1,3,P01
2,431,236,451,1,5,1,3,P01
2,432,205,213,1,1,1,3,P01
2,433,123,499,1,1,1,3,P01
2,434,273,254,1,3,1,3,P01
2,435,131,555,1,2,1,3,P01
2,436,311,212,1,5,1,3,P01
2,437,173,416,1,2,1,3,P01
2,438,250,553,1,4,1,3,P01
2,439,73,355,1,4,1,3,P01
2,440,308,406,3,3,1,3,P01
2,441,138,366,1,3,1,3,P01
2,442,236,229,1,1,1,3,P01
2,443,114,687,1,1,1,3,P01
2,444,155,300,1,1,1,3,P01
2,445,936,43,1,1,1,3,P01
2,446,207,577,1,6,1,3,P01
2,447,517,395,1,1,1,3,P01
2,448,227,567,1,4,1,3,P01
2,449,141,295,1,1,1,3,P01
2,450,95,608,1,1,1,3,P01
2,451,372,508,1,1,1,3,P01
2,452,104,761,1,4,1,3,P01
2,453,550,191,1,1,1,3,P01
2,454,169,770,1,4,1,3,P01
2,455,313,259,1,3,1,3,P01
2,456,154,508,1,1,1,3,P01
2,457,202,422,1,4,1,3,P01
2,458,400,529,1,1,1,3,P01
2,459,415,276,1,1,1,3,P01
2,460,263,471,1,4,1,3,P01
2,461,130,732,1,2,1,3,P01
2,462,392,354,1,3,1,3,P01
2,463,21,502,1,2,1,3,P01
2,464,260,339,1,1,1,3,P01
2,465,152,581,1,1,1,3,P01
2,466,148,667,1,3,1,3,P01
2,467,237,279,1,1,1,3,P01
2,468,158,517,1,4,1,3,P01
2,469,91,711,1,1,1,3,P01
2,470,161,644,1,2,1,3,P01
2,471,636,175,1,1,1,3,P01
2,472,383,396,1,1,1,3,P01
2,473,21,615,1,3,1,3,P01
2,474,106,793,1,1,1,3,P01
2,475,98,317,1,1,1,3,P01
2,476,242,233,1,1,1,3,P01
2,477,95,535,1,2,1,3,P01
2,478,71,626,1,1,1,3,P01
2,479,215,252,1,1,1,3,P01
2,480,460,183,1,1,1,3,P01
2,481,455,361,1,2,1,3,P01
2,482,727,119,1,1,1,3,P01
2,483,179,516,1,1,1,3,P01
2,484,132,324,1,4,1,3,P01
2,485,207,653,1,6,1,3,P01
2,486,133,792,1,2,1,3,P01
2,487,52,415,1,6,1,3,P01
2,488,284,400,1,1,1,3,P01
2,489,145,297,1,1,1,3,P01
2,490,548,279,1,1,1,3,P01
2,491,525,366,1,3,1,3,P01
2,492,56,878,1,3,1,3,P01
2,493,420,132,1,1,1,3,P01
2,494,514,231,1,1,1,3,P01
2,495,338,259,1,3,1,3,P01
2,496,164,479,1,1,1,3,P01
2,497,276,710,1,2,1,3,P01
2,498,296,400,2,1,1,3,P01
2,499,623,123,1,1,1,3,P01
2,500,197,464,1,2,1,3,P01
2,501,147,717,1,6,1,3,P01
2,502,180,291,1,3,1,3,P01
2,503,610,251,1,2,1,3,P01
2,504,207,411,1,1,1,3,P01
2,505,144,690,1,3,1,3,P01
2,506,426,169,2,1,1,3,P01
2,507,261,354,1,2,1,3,P01
2,508,162,250,1,1,1,3,P01
2,509,425,198,1,1,1,3,P01
2,510,258,463,1,1,1,3,P01
2,511,473,506,1,1,1,3,P01
2,512,219,702,1,1,1,3,P01
2,513,254,429,1,1,1,3,P01
2,514,310,211,1,1,1,3,P01
2,515,198,419,1,2,1,3,P01
2,516,192,762,1,5,1,3,P01
2,517,171,425,1,4,1,3,P01
2,518,239,527,1,1,1,3,P01
2,519,40,424,1,1,1,3,P01
2,520,584,168,1,2,1,3,P01
2,521,39,604,1,2,1,3,P01
2,522,57,405,1,2,1,3,P01
2,523,312,466,1,1,1,3,P01
2,524,523,399,1,3,1,3,P01
2,525,107,469,1,3,1,3,P01
2,526,315,140,1,2,1,3,P01
2,527,260,675,1,1,1,3,P01
2,528,208,463,1,3,1,3,P01
2,529,475,225,1,2,1,3,P01
2,530,405,178,1,1,1,3,P01
2,531,467,294,1,1,1,3,P01
2,532,160,267,1,3,1,3,P01
2,533,199,289,1,1,1,3,P01
2,534,605,319,1,2,1,3,P01
2,535,297,692,1,1,1,3,P01
2,536,486,156,1,1,1,3,P01
2,537,331,597,2,2,1,3,P01
2,538,603,170,1,1,1,3,P01
2,539,376,391,1,4,1,3,P01
2,540,494,256,1,1,1,3,P01
2,541,601,140,1,1,1,3,P01
2,542,503,271,1,1,1,3,P01
2,543,213,478,1,2,1,3,P01
2,544,325,576,1,1,1,3,P01
2,545,541,387,1,1,1,3,P01
2,546,314,138,1,1,1,3,P01
2,547,339,158,1,1,1,3,P01
2,548,294,366,1,2,1,3,P01
2,549,164,386,1,4,1,3,P01
2,550,308,275,1,3,1,3,P01
2,551,42,374,1,3,1,3,P01
2,552,370,451,1,1,1,3,P01
2,553,220,241,1,2,1,3,P01
2,554,157,342,1,1,1,3,P01
2,555,152,495,1,5,1,3,P01
2,556,489,371,2,1,1,3,P01
2,557,238,424,1,1,1,3,P01
2,558,159,323,1,1,1,3,P01
2,559,268,709,1,5,1,3,P01
2,560,84,422,1,1,1,3,P01
2,561,221,647,1,2,1,3,P01
2,562,138,611,1,2,1,3,P01
2,563,175,601,1,2,1,3,P01
2,564,193,242,1,4,1,3,P01
2,565,100,540,1,1,1,3,P01
2,566,535,146,1,1,1,3,P01
2,567,665,251,2,2,1,3,P01
2,568,253,706,2,2,1,3,P01
2,569,11,471,1,6,1,3,P01
2,570,75,643,1,3,1,3,P01
2,571,261,357,1,1,1,3,P01
2,572,352,126,1,1,1,3,P01
2,573,390,576,1,2,1,3,P01
2,574,428,359,1,2,1,3,P01
2,575,609,184,1,1,1,3,P01
2,576,266,167,3,1,1,3,P01
2,577,198,644,1,2,1,3,P01
2,578,334,532,1,2,1,3,P01
2,579,495,182,1,2,1,3,P01
2,580,379,616,3,1,1,3,P01
2,581,164,675,1,1,1,3,P01
2,582,261,682,1,1,1,3,P01
2,583,154,560,1,2,1,3,P01
2,584,194,682,1,4,1,3,P01
2,585,507,85,1,1,1,3,P01
2,586,52,669,1,3,1,3,P01
2,587,233,457,1,3,1,3,P01
2,588,140,843,1,2,1,3,P01
2,589,249,509,1,3,1,3,P01
2,590,197,436,1,1,1,3,P01
2,591,364,287,1,1,1,3,P01
2,592,116,858,1,4,1,3,P01
2,593,121,716,1,3,1,3,P01
2,594,258,566,1,1,1,3,P01
2,595,34,399,1,1,1,3,P01
2,596,306,579,1,3,1,3,P01
2,597,133,522,1,5,1,3,P01
2,598,71,876,1,6,1,3,P01
2,599,61,360,1,1,1,3,P01
2,600,71,420,1,3,1,3,P01
2,601,310,95,1,1,1,3,P01
2,602,64,701,1,5,1,3,P01
2,603,119,550,1,3,1,3,P01
2,604,71,444,1,2,1,3,P01
2,605,150,535,1,4,1,3,P01
2,606,408,263,1,2,1,3,P01
2,607,268,396,1,4,1,3,P01
2,608,70,518,1,3,1,3,P01
2,609,116,284,2,2,1,3,P01
2,610,311,445,1,1,1,3,P01
2,611,224,405,1,3,1,3,P01
2,612,357,426,1,1,1,3,P01
2,613,420,146,1,1,1,3,P01
2,614,77,838,1,1,1,3,P01
2,615,347,145,2,1,1,3,P01
2,616,147,396,1,2,1,3,P01
2,617,129,332,1,2,1,3,P01
2,618,370,373,1,1,1,3,P01
2,619,220,428,1,2,1,3,P01
2,620,484,315,1,2,1,3,P01
2,621,408,464,1,1,1,3,P01
2,622,305,678,1,1,1,3,P01
2,623,279,230,1,1,1,3,P01
2,624,257,688,1,1,1,3,P01
2,625,444,552,1,1,1,3,P01
2,626,239,681,1,3,1,3,P01
2,627,327,568,1,1,1,3,P01
2,628,192,506,1,2,1,3,P01
2,629,268,387,1,1,1,3,P01
2,630,364,213,1,1,1,3,P01
2,631,533,173,1,2,1,3,P01
2,632,416,483,1,1,1,3,P01
2,633,580,183,1,1,1,3,P01
2,634,370,545,1,5,1,3,P01
2,635,511,322,1,1,1,3,P01
2,636,379,347,1,1,1,3,P01
2,637,250,525,1,1,1,3,P01
2,638,14,564,1,6,1,3,P01
2,639,82,468,1,3,1,3,P01
2,640,77,345,1,3,1,3,P01
2,641,267,220,1,1,1,3,P01
2,642,25,484,1,2,1,3,P01
2,643,116,439,1,5,1,3,P01
2,644,225,636,1,1,1,3,P01
2,645,121,350,1,2,1,3,P01
2,646,255,450,3,1,1,3,P01
2,647,296,165,1,1,1,3,P01
2,648,297,355,1,1,1,3,P01
2,649,143,318,1,3,1,3,P01
2,650,386,602,1,2,1,3,P01
2,651,57,430,1,1,1,3,P01
2,652,59,417,1,3,1,3,P01
2,653,40,731,1,5,1,3,P01
2,654,636,263,1,1,1,3,P01
2,655,145,300,1,2,1,3,P01
2,656,515,307,2,2,1,3,P01
2,657,307,332,1,1,1,3,P01
2,658,67,874,1,2,1,3,P01
2,659,47,452,1,3,1,3,P01
2,660,466,272,1,2,1,3,P01
2,661,495,492,4,1,1,3,P01
2,662,40,923,1,4,1,3,P01
2,663,179,549,1,4,1,3,P01
2,664,58,652,1,3,1,3,P01
2,665,41,412,1,2,1,3,P01
2,666,120,373,1,2,1,3,P01
2,667,183,305,2,2,1,3,P01
2,668,59,569,1,4,1,3,P01
2,669,174,296,1,1,1,3,P01
2,670,388,445,2,1,1,3,P01
2,671,380,533,3,4,1,3,P01
2,672,191,357,1,3,1,3,P01
2,673,313,543,1,1,1,3,P01
2,674,515,63,1,1,1,3,P01
2,675,685,260,1,1,1,3,P01
2,676,88,398,1,4,1,3,P01
2,677,383,171,1,1,1,3,P01
2,678,74,875,1,2,1,3,P01
2,679,381,215,1,2,1,3,P01
2,680,94,636,1,2,1,3,P01
2,681,711,80,1,1,1,3,P01
2,682,92,560,1,3,1,3,P01
2,683,138,813,1,1,1,3,P01
2,684,368,424,1,2,1,3,P01
2,685,183,752,1,1,1,3,P01
2,686,404,575,1,3,1,3,P01
2,687,65,605,1,3,1,3,P01
2,688,497,500,1,4,1,3,P01
2,689,250,730,1,3,1,3,P01
2,690,318,260,1,1,1,3,P01
2,691,19,731,1,5,1,3,P01
2,692,337,310,1,1,1,3,P01
2,693,333,132,2,1,1,3,P01
2,694,30,526,1,1,1,3,P01
2,695,133,790,1,4,1,3,P01
2,696,137,847,1,3,1,3,P01
2,697,407,192,2,1,1,3,P01
2,698,241,161,1,1,1,3,P01
2,699,551,369,1,3,1,3,P01
2,700,323,78,1,1,1,3,P01
2,701,157,264,1,1,1,3,P01
2,702,25,606,1,4,1,3,P01
2,703,180,341,1,1,1,3,P01
2,704,585,385,1,2,1,3,P01
2,705,557,348,1,2,1,3,P01
2,706,167,663,1,1,1,3,P01
2,707,182,620,1,4,1,3,P01
2,708,364,223,2,4,1,3,P01
2,709,180,593,1,6,1,3,P01
2,710,103,304,1,3,1,3,P01
2,711,265,404,1,5,1,3,P01
2,712,165,592,1,1,1,3,P01
2,713,246,315,1,1,1,3,P01
2,714,632,304,1,1,1,3,P01
2,715,653,99,1,1,1,3,P01
2,716,569,387,1,1,1,3,P01
2,717,183,293,2,6,1,3,P01
2,718,315,247,2,1,1,3,P01
2,719,399,287,1,1,1,3,P01
2,720,164,770,1,2,1,3,P01
2,721,476,173,1,1,1,3,P01
2,722,341,498,1,2,1,3,P01
2,723,304,290,1,3,1,3,P01
2,724,370,221,1,3,1,3,P01
2,725,331,462,1,4,1,3,P01
2,726,170,320,1,3,1,3,P01
2,727,239,542,1,3,1,3,P01
2,728,238,218,1,2,1,3,P01
2,729,542,311,1,1,1,3,P01
2,730,444,40,1,1,1,3,P01
2,731,327,296,2,3,1,3,P01
2,732,531,364,1,1,1,3,P01
2,733,190,507,1,1,1,3,P01
2,734,116,492,1,1,1,3,P01
2,735,139,377,1,1,1,3,P01
2,736,224,273,1,3,1,3,P01
2,737,150,427,2,1,1,3,P01
2,738,261,356,1,1,1,3,P01
2,739,138,712,1,1,1,3,P01
2,740,319,138,1,2,1,3,P01
2,741,664,285,2,1,1,3,P01
2,742,208,223,1,2,1,3,P01
2,743,146,465,1,1,1,3,P01
2,744,393,519,1,1,1,3,P01
2,745,227,347,1,2,1,3,P01
2,746,319,120,1,1,1,3,P01
2,747,246,351,1,2,1,3,P01
2,748,364,432,1,1,1,3,P01
2,749,362,385,1,1,1,3,P01
2,750,270,216,1,2,1,3,P01
2,751,162,241,2,3,1,3,P01
2,752,250,393,1,2,1,3,P01
2,753,126,746,1,2,1,3,P01
2,754,274,596,1,2,1,3,P01
2,755,405,143,2,1,1,3,P01
2,756,41,561,1,3,1,3,P01
2,757,176,659,1,2,1,3,P01
2,758,425,162,1,1,1,3,P01
2,759,794,179,1,1,1,3,P01
2,760,299,129,1,1,1,3,P01
2,761,339,78,1,1,1,3,P01
2,762,174,761,1,3,1,3,P01
2,763,505,406,1,1,1,3,P01
2,764,194,485,1,2,1,3,P01
2,765,82,725,1,4,1,3,P01
2,766,152,279,1,2,1,3,P01
2,767,364,493,1,1,1,3,P01
2,768,89,754,1,3,1,3,P01
2,769,87,713,1,1,1,3,P01
2,770,445,174,1,2,1,3,P01
2,771,164,324,1,3,1,3,P01
2,772,250,360,1,1,1,3,P01
2,773,459,213,1,2,1,3,P01
2,774,89,710,1,2,1,3,P01
2,775,68,818,1,2,1,3,P01
2,776,227,537,1,2,1,3,P01
2,777,160,394,1,4,1,3,P01
2,778,57,490,1,3,1,3,P01
2,779,530,444,1,1,1,3,P01
2,780,485,463,1,2,1,3,P01
2,781,299,306,1,1,1,3,P01
2,782,722,215,3,1,1,3,P01
2,783,246,272,1,2,1,3,P01
2,784,130,649,1,3,1,3,P01
2,785,42,743,1,1,1,3,P01
2,786,177,716,1,1,1,3,P01
2,787,143,618,1,2,1,3,P01
2,788,258,610,1,5,1,3,P01
2,789,40,790,1,6,1,3,P01
2,790,461,244,3,3,1,3,P01
2,791,25,620,1,3,1,3,P01
2,792,346,533,1,2,1,3,P01
2,793,57,686,1,1,1,3,P01
2,794,246,288,1,1,1,3,P01
2,795,125,301,1,2,1,3,P01
2,796,111,513,1,2,1,3,P01
2,797,344,400,1,1,1,3,P01
2,798,222,285,1,1,1,3,P01
2,799,230,642,1,1,1,3,P01
2,800,99,840,1,2,1,3,P01
2,801,265,214,1,1,1,3,P01
2,802,395,435,1,1,1,3,P01
2,803,234,596,1,3,1,3,P01
2,804,206,319,1,2,1,3,P01
2,805,19,385,1,1,1,3,P01
2,806,204,751,1,4,1,3,P01
2,807,390,55,1,1,1,3,P01
2,808,615,384,1,2,1,3,P01
2,809,292,638,1,1,1,3,P01
2,810,498,270,1,1,1,3,P01
2,811,314,165,1,2,1,3,P01
2,812,199,531,1,2,1,3,P01
2,813,252,606,2,3,1,3,P01
2,814,83,407,1,2,1,3,P01
2,815,502,303,1,3,1,3,P01
2,816,59,612,1,3,1,3,P01
2,817,136,415,1,1,1,3,P01
2,818,182,471,1,1,1,3,P01
2,819,184,579,1,1,1,3,P01
2,820,417,337,1,3,1,3,P01
2,821,504,331,1,1,1,3,P01
2,822,100,495,1,7,1,3,P01
2,823,42,861,1,5,1,3,P01
2,824,234,556,1,4,1,3,P01
2,825,346,93,1,1,1,3,P01
2,826,149,726,1,1,1,3,P01
2,827,53,436,1,3,1,3,P01
2,828,483,500,2,2,1,3,P01
2,829,376,342,1,1,1,3,P01
2,830,404,315,1,3,1,3,P01
2,831,79,408,1,2,1,3,P01
2,832,203,708,1,4,1,3,P01
2,833,495,397,2,2,1,3,P01
2,834,250,436,1,1,1,3,P01
2,835,330,72,1,1,1,3,P01
2,836,137,390,1,2,1,3,P01
2,837,60,591,1,5,1,3,P01
2,838,151,373,1,1,1,3,P01
2,839,258,447,1,1,1,3,P01
2,840,480,503,1,5,1,3,P01
2,841,286,483,1,2,1,3,P01
2,842,60,486,1,1,1,3,P01
2,843,80,536,1,3,1,3,P01
2,844,369,409,1,2,1,3,P01
2,845,443,341,2,1,1,3,P01
2,846,92,515,1,2,1,3,P01
2,847,334,262,1,1,1,3,P01
2,848,60,619,1,3,1,3,P01
2,849,54,761,1,2,1,3,P01
2,850,177,814,1,1,1,3,P01
2,851,101,443,1,4,1,3,P01
2,852,144,632,1,1,1,3,P01
2,853,459,300,3,1,1,3,P01
2,854,117,543,2,2,1,3,P01
2,855,812,95,1,1,1,3,P01
2,856,423,557,1,2,1,3,P01
2,857,270,199,1,1,1,3,P01
2,858,327,656,1,2,1,3,P01
2,859,170,762,1,1,1,3,P01
2,860,183,625,1,1,1,3,P01
2,861,135,623,1,1,1,3,P01
2,862,247,587,1,3,1,3,P01
2,863,467,128,1,1,1,3,P01
2,864,676,52,1,1,1,3,P01
2,865,276,517,1,3,1,3,P01
2,866,54,427,1,2,1,3,P01
2,867,110,560,1,3,1,3,P01
2,868,92,497,1,8,1,3,P01
2,869,230,331,1,2,1,3,P01
2,870,248,700,2,4,1,3,P01
2,871,49,484,1,2,1,3,P01
2,872,73,485,1,2,1,3,P01
2,873,672,310,1,1,1,3,P01
2,874,341,434,1,2,1,3,P01
2,875,83,491,1,2,1,3,P01
2,876,200,676,1,3,1,3,P01
2,877,126,504,1,4,1,3,P01
2,878,382,480,1,2,1,3,P01
2,879,428,312,1,1,1,3,P01
2,880,508,479,1,2,1,3,P01
2,881,35,525,1,2,1,3,P01
2,882,298,384,1,3,1,3,P01
2,883,109,389,1,2,1,3,P01
2,884,133,498,1,3,1,3,P01
2,885,31,934,1,3,1,3,P01
2,886,359,404,1,1,1,3,P01
2,887,178,714,1,2,1,3,P01
2,888,257,343,1,2,1,3,P01
2,889,135,302,1,1,1,3,P01
2,890,161,423,1,3,1,3,P01
2,891,79,559,1,4,1,3,P01
2,892,417,269,1,1,1,3,P01
2,893,205,586,1,4,1,3,P01
2,894,162,463,1,2,1,3,P01
2,895,387,189,1,1,1,3,P01
2,896,177,264,1,1,1,3,P01
2,897,165,415,1,3,1,3,P01
2,898,325,325,1,2,1,3,P01
2,899,127,858,1,3,1,3,P01
2,900,264,684,1,2,1,3,P01
2,901,182,364,1,1,1,3,P01
2,902,104,341,1,2,1,3,P01
2,903,704,179,1,1,1,3,P01
2,904,42,378,1,2,1,3,P01
2,905,581,252,1,1,1,3,P01
2,906,610,121,1,1,1,3,P01
2,907,233,235,1,2,1,3,P01
2,908,45,365,1,3,1,3,P01
2,909,486,154,1,1,1,3,P01
2,910,317,458,1,3,1,3,P01
2,911,108,520,1,1,1,3,P01
2,912,201,250,2,1,1,3,P01
2,913,497,65,1,1,1,3,P01
2,914,217,508,1,1,1,3,P01
2,915,161,721,1,1,1,3,P01
2,916,273,279,1,1,1,3,P01
2,917,360,178,1,1,1,3,P01
2,918,380,527,1,1,1,3,P01
2,919,33,401,1,3,1,3,P01
2,920,305,335,1,3,1,3,P01
2,921,177,774,1,2,1,3,P01
2,922,714,159,1,1,1,3,P01
2,923,377,273,1,1,1,3,P01
2,924,90,568,1,1,1,3,P01
2,925,307,101,2,2,1,3,P01
2,926,209,523,1,1,1,3,P01
2,927,61,650,1,5,1,3,P01
2,928,44,370,1,1,1,3,P01
2,929,123,523,1,4,1,3,P01
2,930,457,135,1,1,1,3,P01
2,931,254,468,1,1,1,3,P01
2,932,291,304,1,1,1,3,P01
2,933,698,73,1,1,1,3,P01
2,934,550,66,2,1,1,3,P01
2,935,588,162,1,1,1,3,P01
2,936,89,853,1,2,1,3,P01
2,937,385,418,1,2,1,3,P01
2,938,533,358,1,1,1,3,P01
2,939,323,194,1,2,1,3,P01
2,940,228,422,1,2,1,3,P01
2,941,668,97,1,1,1,3,P01
2,942,100,549,1,1,1,3,P01
2,943,356,591,1,1,1,3,P01
2,944,240,474,1,2,1,3,P01
2,945,254,164,2,1,1,3,P01
2,946,289,529,1,1,1,3,P01
2,947,590,404,2,1,1,3,P01
2,948,229,385,1,2,1,3,P01
2,949,162,484,1,1,1,3,P01
2,950,335,241,1,3,1,3,P01
2,951,392,132,1,1,1,3,P01
2,952,76,336,1,1,1,3,P01
2,953,135,471,1,1,1,3,P01
2,954,247,385,1,4,1,3,P01
2,955,276,640,1,3,1,3,P01
2,956,85,878,1,4,1,3,P01
2,957,65,450,1,6,1,3,P01
2,958,34,396,1,6,1,3,P01
2,959,311,474,1,2,1,3,P01
2,960,410,71,1,1,1,3,P01
2,961,200,285,1,2,1,3,P01
2,962,171,419,1,3,1,3,P01
2,963,145,449,1,3,1,3,P01
2,964,438,233,1,2,1,3,P01
2,965,198,552,1,1,1,3,P01
2,966,222,380,1,1,1,3,P01
2,967,253,165,1,2,1,3,P01
2,968,49,658,1,3,1,3,P01
2,969,119,833,1,3,1,3,P01
2,970,281,706,1,3,1,3,P01
2,971,214,208,1,1,1,3,P01
2,972,788,192,1,1,1,3,P01
2,973,126,789,1,1,1,3,P01
2,974,556,267,1,3,1,3,P01
2,975,204,536,1,3,1,3,P01
2,976,184,767,1,1,1,3,P01
2,977,218,503,1,1,1,3,P01
2,978,210,525,1,1,1,3,P01
2,979,418,502,2,1,1,3,P01
2,980,562,135,1,1,1,3,P01
2,981,91,777,1,6,1,3,P01
2,982,216,527,1,3,1,3,P01
2,983,94,768,1,1,1,3,P01
2,984,142,691,1,5,1,3,P01
2,985,19,512,1,2,1,3,P01
2,986,709,251,1,2,1,3,P01
2,987,261,653,1,1,1,3,P01
2,988,141,855,1,2,1,3,P01
2,989,155,471,1,1,1,3,P01
2,990,63,344,1,4,1,3,P01
2,991,117,477,1,3,1,3,P01
2,992,359,633,1,2,1,3,P01
2,993,247,179,1,3,1,3,P01
2,994,632,277,1,1,1,3,P01
2,995,174,404,1,3,1,3,P01
2,996,229,213,1,1,1,3,P01
2,997,290,381,1,3,1,3,P01
2,998,223,374,1,2,1,3,P01
2,999,142,312,1,1,1,3,P01
2,1000,523,360,1,2,1,3,P01
3,1,228,292,1,1,1,1,P01
3,2,526,177,1,1,1,1,P01
3,3,390,78,1,1,1,1,P01
3,4,167,324,1,1,1,1,P01
3,5,165,258,1,1,1,1,P01
3,6,426,223,1,1,1,1,P01
3,7,644,167,1,1,1,1,P01
3,8,490,489,1,1,1,1,P01
3,9,816,79,1,1,1,1,P01
3,10,476,219,1,1,1,1,P01
3,11,374,581,2,1,1,1,P01
3,12,303,362,1,1,1,1,P01
3,13,150,388,1,1,1,1,P01
3,14,498,325,1,1,1,1,P01
3,15,240,403,1,1,1,1,P01
3,16,66,371,1,1,1,1,P01
3,17,804,70,1,1,1,1,P01
3,18,263,479,1,1,1,1,P01
3,19,316,252,1,1,1,1,P01
3,20,178,481,1,1,1,1,P01
3,21,406,523,1,1,1,1,P01
3,22,745,156,1,1,1,1,P01
3,23,431,189,1,1,1,1,P01
3,24,332,105,1,1,1,1,P01
3,25,698,297,1,1,1,1,P01
3,26,319,153,1,1,1,1,P01
3,27,368,188,1,2,1,1,P01
3,28,449,102,1,1,1,1,P01
3,29,277,451,1,1,1,1,P01
3,30,421,101,3,1,1,1,P01
3,31,204,318,1,1,1,1,P01
3,32,206,291,1,1,1,1,P01
3,33,611,166,1,1,1,1,P01
3,34,562,241,1,1,1,1,P01
3,35,604,88,1,1,1,1,P01
3,36,413,363,1,1,1,1,P01
3,37,361,547,1,1,1,1,P01
3,38,663,73,1,1,1,1,P01
3,39,656,216,1,1,1,1,P01
3,40,390,493,1,2,1,1,P01
3,41,182,633,2,1,1,1,P01
3,42,820,119,1,1,1,1,P01
3,43,217,517,1,1,1,1,P01
3,44,565,123,1,1,1,1,P01
3,45,166,533,1,1,1,1,P01
3,46,371,56,1,1,1,1,P01
3,47,372,64,2,1,1,1,P01
3,48,542,427,1,1,1,1,P01
3,49,88,334,1,2,1,1,P01
3,50,174,573,1,1,1,1,P01
3,51,463,351,1,1,1,1,P01
3,52,669,123,2,1,1,1,P01
3,53,568,317,1,2,1,1,P01
3,54,797,21,1,1,1,1,P01
3,55,263,184,1,1,1,1,P01
3,56,125,447,1,1,1,1,P01
3,57,741,163,2,1,1,1,P01
3,58,566,254,1,1,1,1,P01
3,59,493,172,2,1,1,1,P01
3,60,44,662,1,1,1,1,P01
3,61,305,411,1,1,1,1,P01
3,62,564,261,1,1,1,1,P01
3,63,434,83,1,1,1,1,P01
3,64,376,95,1,1,1,1,P01
3,65,470,167,1,1,1,1,P01
3,66,562,431,1,1,1,1,P01
3,67,592,329,1,1,1,1,P01
3,68,477,247,1,1,1,1,P01
3,69,621,205,1,1,1,1,P01
3,70,295,493,1,1,1,1,P01
3,71,351,199,1,1,1,1,P01
3,72,276,228,1,1,1,1,P01
3,73,452,501,1,1,1,1,P01
3,74,148,257,1,1,1,1,P01
3,75,214,373,1,1,1,1,P01
3,76,131,389,1,1,1,1,P01
3,77,516,269,1,1,1,1,P01
3,78,159,334,1,1,1,1,P01
3,79,413,363,1,1,1,1,P01
3,80,493,146,2,1,1,1,P01
3,81,646,168,1,1,1,1,P01
3,82,259,351,1,1,1,1,P01
3,83,558,106,1,1,1,1,P01
3,84,330,93,1,1,1,1,P01
3,85,835,68,1,1,1,1,P01
3,86,422,102,1,1,1,1,P01
3,87,335,153,1,1,1,1,P01
3,88,663,281,1,1,1,1,P01
3,89,282,501,1,1,1,1,P01
3,90,449,126,2,1,1,1,P01
3,91,308,450,1,1,1,1,P01
3,92,424,23,1,1,1,1,P01
3,93,363,212,1,1,1,1,P01
3,94,325,116,1,1,1,1,P01
3,95,226,353,1,1,1,1,P01
3,96,365,231,2,1,1,1,P01
3,97,299,220,1,1,1,1,P01
3,98,477,478,1,1,1,1,P01
3,99,108,406,1,1,1,1,P01
3,100,306,578,1,1,1,1,P01
3,101,213,321,1,2,1,1,P01
3,102,693,146,1,1,1,1,P01
3,103,147,291,1,1,1,1,P01
3,104,705,155,1,1,1,1,P01
3,105,480,377,2,1,1,1,P01
3,106,171,289,2,1,1,1,P01
3,107,631,347,1,2,1,1,P01
3,108,259,195,1,1,1,1,P01
3,109,585,277,1,1,1,1,P01
3,110,269,219,1,1,1,1,P01
3,111,28,408,1,3,1,1,P01
3,112,457,248,2,1,1,1,P01
3,113,477,375,1,1,1,1,P01
3,114,151,401,1,2,1,1,P01
3,115,633,37,1,1,1,1,P01
3,116,377,447,1,1,1,1,P01
3,117,315,111,1,1,1,1,P01
3,118,594,220,1,1,1,1,P01
3,119,395,250,1,1,1,1,P01
3,120,325,201,1,1,1,1,P01
3,121,644,284,1,1,1,1,P01
3,122,187,555,1,1,1,1,P01
3,123,266,179,1,1,1,1,P01
3,124,209,228,1,2,1,1,P01
3,125,312,450,1,1,1,1,P01
3,126,634,145,1,1,1,1,P01
3,127,434,111,1,1,1,1,P01
3,128,65,634,1,1,1,1,P01
3,129,527,47,1,1,1,1,P01
3,130,376,105,1,1,1,1,P01
3,131,463,315,1,1,1,1,P01
3,132,73,338,1,2,1,1,P01
3,133,313,160,1,1,1,1,P01
3,134,317,117,1,1,1,1,P01
3,135,299,263,1,1,1,1,P01
3,136,671,313,1,1,1,1,P01
3,137,262,200,2,1,1,1,P01
3,138,376,214,1,1,1,1,P01
3,139,608,114,1,1,1,1,P01
3,140,196,536,1,1,1,1,P01
3,141,591,24,3,1,1,1,P01
3,142,269,289,2,2,1,1,P01
3,143,355,295,1,1,1,1,P01
3,144,520,298,1,1,1,1,P01
3,145,783,93,1,1,1,1,P01
3,146,192,545,1,1,1,1,P01
3,147,364,310,1,2,1,1,P01
3,148,273,164,1,2,1,1,P01
3,149,606,302,1,1,1,1,P01
3,150,380,372,1,1,1,1,P01
3,151,897,57,1,1,1,1,P01
3,152,380,270,1,1,1,1,P01
3,153,353,161,1,1,1,1,P01
3,154,316,614,1,1,1,1,P01
3,155,448,355,1,1,1,1,P01
3,156,127,385,1,1,1,1,P01
3,157,502,434,1,1,1,1,P01
3,158,362,245,1,1,1,1,P01
3,159,388,379,1,1,1,1,P01
3,160,329,173,1,1,1,1,P01
3,161,561,63,1,1,1,1,P01
3,162,354,50,2,1,1,1,P01
3,163,534,11,1,1,1,1,P01
3,164,309,139,2,1,1,1,P01
3,165,677,125,1,1,1,1,P01
3,166,256,486,2,1,1,1,P01
3,167,494,190,1,1,1,1,P01
3,168,551,64,1,1,1,1,P01
3,169,512,222,1,1,1,1,P01
3,170,208,406,1,1,1,1,P01
3,171,485,383,1,1,1,1,P01
3,172,139,774,1,1,1,1,P01
3,173,287,444,1,1,1,1,P01
3,174,789,85,1,1,1,1,P01
3,175,357,199,1,1,1,1,P01
3,176,833,33,1,1,1,1,P01
3,177,641,252,2,1,1,1,P01
3,178,104,690,1,1,1,1,P01
3,179,474,126,1,1,1,1,P01
3,180,297,320,1,1,1,1,P01
3,181,624,142,1,1,1,1,P01
3,182,302,280,1,1,1,1,P01
3,183,476,127,1,1,1,1,P01
3,184,543,47,1,1,1,1,P01
3,185,702,202,1,1,1,1,P01
3,186,446,146,1,1,1,1,P01
3,187,390,426,1,1,1,1,P01
3,188,477,25,2,1,1,1,P01
3,189,289,583,1,1,1,1,P01
3,190,403,107,2,1,1,1,P01
3,191,468,112,1,1,1,1,P01
3,192,364,181,1,1,1,1,P01
3,193,570,14,2,1,1,1,P01
3,194,284,192,3,1,1,1,P01
3,195,192,595,1,1,1,1,P01
3,196,476,137,1,1,1,1,P01
3,197,614,112,1,1,1,1,P01
3,198,442,56,1,1,1,1,P01
3,199,386,305,1,1,1,1,P01
3,200,574,299,1,1,1,1,P01
3,201,660,264,1,1,1,1,P01
3,202,520,65,1,1,1,1,P01
3,203,191,261,1,1,1,1,P01
3,204,479,518,1,1,1,1,P01
3,205,462,502,1,1,1,1,P01
3,206,265,135,1,1,1,1,P01
3,207,334,336,1,1,1,1,P01
3,208,213,398,2,2,1,1,P01
3,209,824,175,1,1,1,1,P01
3,210,285,231,1,1,1,1,P01
3,211,513,385,1,2,1,1,P01
3,212,682,258,1,1,1,1,P01
3,213,187,547,1,2,1,1,P01
3,214,106,306,1,1,1,1,P01
3,215,404,310,1,1,1,1,P01
3,216,654,212,3,1,1,1,P01
3,217,350,341,1,1,1,1,P01
3,218,596,138,1,1,1,1,P01
3,219,367,35,1,1,1,1,P01
3,220,255,328,2,1,1,1,P01
3,221,511,96,1,1,1,1,P01
3,222,500,56,2,1,1,1,P01
3,223,489,408,1,1,1,1,P01
3,224,220,207,1,1,1,1,P01
3,225,446,22,1,1,1,1,P01
3,226,120,465,1,3,1,1,P01
3,227,313,114,1,1,1,1,P01
3,228,359,254,2,1,1,1,P01
3,229,225,585,1,1,1,1,P01
3,230,587,283,1,1,1,1,P01
3,231,835,85,1,1,1,1,P01
3,232,789,189,1,1,1,1,P01
3,233,590,117,1,1,1,1,P01
3,234,525,263,1,1,1,1,P01
3,235,467,269,1,1,1,1,P01
3,236,366,493,1,1,1,1,P01
3,237,253,233,1,1,1,1,P01
3,238,137,811,1,1,1,1,P01
3,239,533,232,1,1,1,1,P01
3,240,291,215,1,1,1,1,P01
3,241,657,315,2,2,1,1,P01
3,242,448,233,1,1,1,1,P01
3,243,512,267,1,1,1,1,P01
3,244,411,156,1,1,1,1,P01
3,245,404,467,3,1,1,1,P01
3,246,434,177,1,1,1,1,P01
3,247,574,371,2,1,1,1,P01
3,248,125,378,1,1,1,1,P01
3,249,620,190,2,1,1,1,P01
3,250,723,47,1,1,1,1,P01
3,251,179,732,1,1,1,1,P01
3,252,311,381,1,1,1,1,P01
3,253,297,268,1,2,1,1,P01
3,254,689,40,2,1,1,1,P01
3,255,349,57,1,1,1,1,P01
3,256,141,351,1,2,1,1,P01
3,257,296,377,1,1,1,1,P01
3,258,552,79,1,1,1,1,P01
3,259,638,328,1,1,1,1,P01
3,260,321,425,1,2,1,1,P01
3,261,726,152,1,1,1,1,P01
3,262,200,242,1,1,1,1,P01
3,263,206,275,1,1,1,1,P01
3,264,247,449,1,1,1,1,P01
3,265,32,465,1,1,1,1,P01
3,266,188,476,1,1,1,1,P01
3,267,247,365,1,1,1,1,P01
3,268,134,287,1,1,1,1,P01
3,269,624,72,1,1,1,1,P01
3,270,678,159,1,1,1,1,P01
3,271,361,268,1,1,1,1,P01
3,272,558,247,1,1,1,1,P01
3,273,307,555,1,1,1,1,P01
3,274,193,624,1,1,1,1,P01
3,275,536,405,1,1,1,1,P01
3,276,708,225,1,1,1,1,P01
3,277,191,644,1,1,1,1,P01
3,278,192,447,1,1,1,1,P01
3,279,457,191,1,1,1,1,P01
3,280,341,589,1,1,1,1,P01
3,281,771,138,1,1,1,1,P01
3,282,353,646,1,1,1,1,P01
3,283,646,142,1,1,1,1,P01
3,284,312,155,1,2,1,1,P01
3,285,653,44,1,1,1,1,P01
3,286,414,20,2,1,1,1,P01
3,287,311,90,1,1,1,1,P01
3,288,229,398,1,1,1,1,P01
3,289,178,315,1,1,1,1,P01
3,290,503,418,1,1,1,1,P01
3,291,129,286,1,1,1,1,P01
3,292,427,101,2,1,1,1,P01
3,293,454,17,2,1,1,1,P01
3,294,502,326,2,1,1,1,P01
3,295,385,310,1,1,1,1,P01
3,296,360,147,1,1,1,1,P01
3,297,21,414,1,1,1,1,P01
3,298,178,227,1,1,1,1,P01
3,299,150,399,1,1,1,1,P01
3,300,490,387,1,1,1,1,P01
3,301,521,274,1,1,1,1,P01
3,302,347,75,2,1,1,1,P01
3,303,303,118,1,1,1,1,P01
3,304,549,102,1,1,1,1,P01
3,305,671,270,1,1,1,1,P01
3,306,442,541,1,1,1,1,P01
3,307,774,103,1,1,1,1,P01
3,308,830,21,2,1,1,1,P01
3,309,377,417,1,1,1,1,P01
3,310,199,421,1,1,1,1,P01
3,311,565,156,1,1,1,1,P01
3,312,450,11,1,1,1,1,P01
3,313,349,507,1,1,1,1,P01
3,314,395,214,2,1,1,1,P01
3,315,548,178,1,1,1,1,P01
3,316,418,47,1,1,1,1,P01
3,317,627,71,1,1,1,1,P01
3,318,100,395,1,1,1,1,P01
3,319,881,108,2,1,1,1,P01
3,320,266,659,1,1,1,1,P01
3,321,609,78,1,1,1,1,P01
3,322,534,189,1,1,1,1,P01
3,323,145,336,1,1,1,1,P01
3,324,604,138,1,1,1,1,P01
3,325,197,270,1,1,1,1,P01
3,326,301,117,1,1,1,1,P01
3,327,326,161,2,1,1,1,P01
3,328,399,290,1,1,1,1,P01
3,329,744,223,2,1,1,1,P01
3,330,895,90,2,1,1,1,P01
3,331,168,321,1,1,1,1,P01
3,332,350,358,1,2,1,1,P01
3,333,276,433,1,1,1,1,P01
3,334,506,119,1,1,1,1,P01
3,335,567,245,1,1,1,1,P01
3,336,794,181,1,1,1,1,P01
3,337,150,336,1,1,1,1,P01
3,338,585,339,1,1,1,1,P01
3,339,345,75,1,1,1,1,P01
3,340,308,171,1,1,1,1,P01
3,341,314,176,1,1,1,1,P01
3,342,121,443,1,1,1,1,P01
3,343,291,429,1,1,1,1,P01
3,344,562,432,1,1,1,1,P01
3,345,400,321,1,1,1,1,P01
3,346,896,32,1,1,1,1,P01
3,347,467,175,1,1,1,1,P01
3,348,544,308,2,1,1,1,P01
3,349,397,34,3,1,1,1,P01
3,350,754,168,1,1,1,1,P01
3,351,745,143,1,1,1,1,P01
3,352,656,165,1,1,1,1,P01
3,353,559,358,1,1,1,1,P01
3,354,619,100,2,1,1,1,P01
3,355,481,223,1,1,1,1,P01
3,356,213,517,1,1,1,1,P01
3,357,211,606,2,1,1,1,P01
3,358,447,394,1,1,1,1,P01
3,359,390,140,1,1,1,1,P01
3,360,519,351,1,1,1,1,P01
3,361,597,163,1,1,1,1,P01
3,362,575,318,1,3,1,1,P01
3,363,579,206,1,2,1,1,P01
3,364,290,462,1,2,1,1,P01
3,365,353,150,1,1,1,1,P01
3,366,640,175,1,1,1,1,P01
3,367,115,637,1,1,1,1,P01
3,368,608,124,1,1,1,1,P01
3,369,335,314,1,1,1,1,P01
3,370,466,313,1,1,1,1,P01
3,371,592,77,3,1,1,1,P01
3,372,616,256,3,1,1,1,P01
3,373,528,225,1,1,1,1,P01
3,374,506,153,1,1,1,1,P01
3,375,791,156,3,1,1,1,P01
3,376,412,232,2,1,1,1,P01
3,377,318,531,1,1,1,1,P01
3,378,149,430,1,2,1,1,P01
3,379,475,240,1,1,1,1,P01
3,380,517,155,1,1,1,1,P01
3,381,318,184,1,2,1,1,P01
3,382,652,281,3,1,1,1,P01
3,383,182,241,1,1,1,1,P01
3,384,197,589,1,1,1,1,P01
3,385,661,20,1,1,1,1,P01
3,386,646,77,1,1,1,1,P01
3,387,374,99,1,4,1,1,P01
3,388,868,112,1,1,1,1,P01
3,389,331,222,1,1,1,1,P01
3,390,221,386,1,1,1,1,P01
3,391,482,149,1,1,1,1,P01
3,392,185,332,1,1,1,1,P01
3,393,509,271,1,1,1,1,P01
3,394,277,528,1,1,1,1,P01
3,395,633,308,1,1,1,1,P01
3,396,45,594,1,1,1,1,P01
3,397,69,348,1,2,1,1,P01
3,398,157,703,1,1,1,1,P01
3,399,308,248,1,1,1,1,P01
3,400,530,183,2,1,1,1,P01
3,401,369,162,1,1,1,1,P01
3,402,311,397,1,1,1,1,P01
3,403,399,447,1,1,1,1,P01
3,404,613,362,1,1,1,1,P01
3,405,633,258,1,1,1,1,P01
3,406,361,196,1,1,1,1,P01
3,407,246,315,1,1,1,1,P01
3,408,218,198,1,1,1,1,P01
3,409,376,239,1,1,1,1,P01
3,410,530,77,1,1,1,1,P01
3,411,249,233,1,1,1,1,P01
3,412,199,574,1,1,1,1,P01
3,413,236,591,1,1,1,1,P01
3,414,447,75,1,1,1,1,P01
3,415,273,560,1,1,1,1,P01
3,416,248,678,1,1,1,1,P01
3,417,569,245,1,1,1,1,P01
3,418,518,140,1,1,1,1,P01
3,419,672,130,2,1,1,1,P01
3,420,424,152,1,1,1,1,P01
3,421,57,432,1,1,1,1,P01
3,422,577,216,2,1,1,1,P01
3,423,276,146,1,1,1,1,P01
3,424,506,411,1,1,1,1,P01
3,425,143,333,1,1,1,1,P01
3,426,652,56,2,1,1,1,P01
3,427,495,65,1,1,1,1,P01
3,428,468,461,1,1,1,1,P01
3,429,412,59,1,1,1,1,P01
3,430,487,42,1,1,1,1,P01
3,431,689,77,1,1,1,1,P01
3,432,429,328,1,1,1,1,P01
3,433,351,118,2,1,1,1,P01
3,434,299,143,1,1,1,1,P01
3,435,293,356,1,1,1,1,P01
3,436,374,155,1,1,1,1,P01
3,437,342,137,1,1,1,1,P01
3,438,451,142,1,2,1,1,P01
3,439,552,313,1,1,1,1,P01
3,440,605,381,1,1,1,1,P01
3,441,391,290,3,1,1,1,P01
3,442,441,478,1,1,1,1,P01
3,443,419,67,1,1,1,1,P01
3,444,82,458,1,1,1,1,P01
3,445,647,80,1,1,1,1,P01
3,446,899,39,3,1,1,1,P01
3,447,306,195,1,1,1,1,P01
3,448,156,402,1,1,1,1,P01
3,449,214,633,1,1,1,1,P01
3,450,298,203,2,1,1,1,P01
3,451,283,126,1,1,1,1,P01
3,452,378,160,1,1,1,1,P01
3,453,414,267,1,1,1,1,P01
3,454,681,261,1,1,1,1,P01
3,455,400,317,1,1,1,1,P01
3,456,690,228,1,1,1,1,P01
3,457,295,327,1,1,1,1,P01
3,458,540,22,1,1,1,1,P01
3,459,433,354,1,1,1,1,P01
3,460,285,161,1,1,1,1,P01
3,461,135,750,1,1,1,1,P01
3,462,377,232,1,1,1,1,P01
3,463,442,455,1,1,1,1,P01
3,464,472,244,1,1,1,1,P01
3,465,122,439,1,1,1,1,P01
3,466,324,84,1,1,1,1,P01
3,467,778,181,1,1,1,1,P01
3,468,183,664,1,3,1,1,P01
3,469,120,286,1,2,1,1,P01
3,470,192,695,1,1,1,1,P01
3,471,662,276,1,1,1,1,P01
3,472,245,310,2,1,1,1,P01
3,473,766,163,1,1,1,1,P01
3,474,671,237,2,1,1,1,P01
3,475,226,177,1,1,1,1,P01
3,476,336,627,1,1,1,1,P01
3,477,168,242,1,1,1,1,P01
3,478,357,96,1,1,1,1,P01
3,479,538,454,1,1,1,1,P01
3,480,139,326,1,1,1,1,P01
3,481,689,121,1,1,1,1,P01
3,482,382,567,1,2,1,1,P01
3,483,272,187,1,1,1,1,P01
3,484,630,225,1,1,1,1,P01
3,485,290,316,1,1,1,1,P01
3,486,770,146,1,1,1,1,P01
3,487,198,643,1,1,1,1,P01
3,488,415,355,1,1,1,1,P01
3,489,99,405,1,1,1,1,P01
3,490,492,219,1,1,1,1,P01
3,491,403,72,1,1,1,1,P01
3,492,567,57,1,1,1,1,P01
3,493,298,155,1,1,1,1,P01
3,494,116,420,1,1,1,1,P01
3,495,749,75,1,1,1,1,P01
3,496,228,237,1,1,1,1,P01
3,497,507,382,1,1,1,1,P01
3,498,194,586,1,2,1,1,P01
3,499,444,458,1,3,1,1,P01
3,500,302,436,1,1,1,1,P01
3,501,559,73,1,1,1,1,P01
3,502,461,99,1,1,1,1,P01
3,503,664,204,1,1,1,1,P01
3,504,136,643,1,1,1,1,P01
3,505,422,79,1,1,1,1,P01
3,506,255,189,1,1,1,1,P01
3,507,434,182,2,1,1,1,P01
3,508,152,441,1,1,1,1,P01
3,509,277,187,1,1,1,1,P01
3,510,260,527,1,1,1,1,P01
3,511,261,290,1,1,1,1,P01
3,512,558,61,3,1,1,1,P01
3,513,371,567,2,1,1,1,P01
3,514,463,110,1,1,1,1,P01
3,515,78,448,1,1,1,1,P01
3,516,364,218,1,1,1,1,P01
3,517,310,532,1,1,1,1,P01
3,518,271,183,1,1,1,1,P01
3,519,553,80,1,1,1,1,P01
3,520,502,310,1,1,1,1,P01
3,521,380,156,1,1,1,1,P01
3,522,350,230,1,1,1,1,P01
3,523,290,283,1,1,1,1,P01
3,524,225,191,1,1,1,1,P01
3,525,653,203,1,1,1,1,P01
3,526,245,624,1,1,1,1,P01
3,527,535,464,1,1,1,1,P01
3,528,818,147,1,1,1,1,P01
3,529,526,190,1,1,1,1,P01
3,530,398,101,1,1,1,1,P01
3,531,306,103,1,1,1,1,P01
3,532,275,312,1,1,1,1,P01
3,533,361,518,1,1,1,1,P01
3,534,738,134,1,1,1,1,P01
3,535,230,227,1,1,1,1,P01
3,536,77,605,1,1,1,1,P01
3,537,515,37,1,1,1,1,P01
3,538,428,492,1,1,1,1,P01
3,539,160,751,1,1,1,1,P01
3,540,340,475,1,2,1,1,P01
3,541,337,313,1,1,1,1,P01
3,542,302,176,1,1,1,1,P01
3,543,521,61,1,1,1,1,P01
3,544,715,265,2,1,1,1,P01
3,545,272,258,1,1,1,1,P01
3,546,323,97,1,1,1,1,P01
3,547,366,151,1,1,1,1,P01
3,548,397,85,1,1,1,1,P01
3,549,85,316,1,3,1,1,P01
3,550,397,168,1,1,1,1,P01
3,551,73,456,1,1,1,1,P01
3,552,454,76,1,1,1,1,P01
3,553,262,344,1,1,1,1,P01
3,554,502,270,1,1,1,1,P01
3,555,462,395,1,1,1,1,P01
3,556,377,131,2,1,1,1,P01
3,557,59,436,1,1,1,1,P01
3,558,649,59,1,1,1,1,P01
3,559,323,458,1,1,1,1,P01
3,560,402,173,2,1,1,1,P01
3,561,824,158,3,1,1,1,P01
3,562,555,150,1,1,1,1,P01
3,563,85,487,1,1,1,1,P01
3,564,574,35,1,1,1,1,P01
3,565,492,75,1,1,1,1,P01
3,566,153,328,1,1,1,1,P01
3,567,384,344,1,1,1,1,P01
3,568,732,249,1,1,1,1,P01
3,569,853,138,1,1,1,1,P01
3,570,305,107,1,1,1,1,P01
3,571,245,500,1,1,1,1,P01
3,572,517,354,1,1,1,1,P01
3,573,705,168,1,1,1,1,P01
3,574,119,738,1,1,1,1,P01
3,575,651,157,1,1,1,1,P01
3,576,185,317,1,1,1,1,P01
3,577,593,119,1,1,1,1,P01
3,578,75,806,1,1,1,1,P01
3,579,203,253,1,1,1,1,P01
3,580,258,484,1,2,1,1,P01
3,581,343,250,1,1,1,1,P01
3,582,291,181,1,1,1,1,P01
3,583,616,80,1,1,1,1,P01
3,584,460,355,2,1,1,1,P01
3,585,533,185,2,1,1,1,P01
3,586,274,595,1,1,1,1,P01
3,587,250,152,1,1,1,1,P01
3,588,239,367,1,1,1,1,P01
3,589,500,130,1,1,1,1,P01
3,590,310,149,1,1,1,1,P01
3,591,386,529,1,1,1,1,P01
3,592,473,85,1,1,1,1,P01
3,593,423,228,1,1,1,1,P01
3,594,794,147,1,1,1,1,P01
3,595,643,277,1,1,1,1,P01
3,596,70,550,1,2,1,1,P01
3,597,777,143,1,1,1,1,P01
3,598,143,356,1,1,1,1,P01
3,599,222,373,1,1,1,1,P01
3,600,202,596,1,1,1,1,P01
3,601,190,275,2,1,1,1,P01
3,602,630,224,2,1,1,1,P01
3,603,607,173,1,1,1,1,P01
3,604,740,57,1,1,1,1,P01
3,605,421,136,1,1,1,1,P01
3,606,264,187,2,1,1,1,P01
3,607,395,310,1,1,1,1,P01
3,608,529,362,3,1,1,1,P01
3,609,476,91,1,1,1,1,P01
3,610,320,204,2,1,1,1,P01
3,611,104,626,1,1,1,1,P01
3,612,181,727,1,1,1,1,P01
3,613,294,499,1,1,1,1,P01
3,614,441,149,1,1,1,1,P01
3,615,318,202,1,1,1,1,P01
3,616,342,325,3,1,1,1,P01
3,617,243,597,1,1,1,1,P01
3,618,414,13,1,1,1,1,P01
3,619,758,88,1,1,1,1,P01
3,620,762,14,1,1,1,1,P01
3,621,416,94,1,1,1,1,P01
3,622,469,194,1,1,1,1,P01
3,623,935,39,1,1,1,1,P01
3,624,710,286,1,1,1,1,P01
3,625,866,52,1,1,1,1,P01
3,626,93,320,1,1,1,1,P01
3,627,530,211,1,1,1,1,P01
3,628,287,651,1,1,1,1,P01
3,629,426,220,1,1,1,1,P01
3,630,160,551,1,1,1,1,P01
3,631,339,518,1,1,1,1,P01
3,632,510,408,1,1,1,1,P01
3,633,268,196,1,1,1,1,P01
3,634,327,109,1,1,1,1,P01
3,635,358,367,2,1,1,1,P01
3,636,894,96,1,1,1,1,P01
3,637,160,374,1,1,1,1,P01
3,638,344,192,1,2,1,1,P01
3,639,317,270,1,1,1,1,P01
3,640,304,531,1,1,1,1,P01
3,641,579,288,1,1,1,1,P01
3,642,403,322,1,2,1,1,P01
3,643,246,284,2,1,1,1,P01
3,644,656,257,1,1,1,1,P01
3,645,310,565,2,2,1,1,P01
3,646,163,578,1,1,1,1,P01
3,647,197,522,1,1,1,1,P01
3,648,424,184,1,1,1,1,P01
3,649,286,247,2,1,1,1,P01
3,650,319,248,1,1,1,1,P01
3,651,208,472,1,1,1,1,P01
3,652,342,467,1,2,1,1,P01
3,653,481,57,1,1,1,1,P01
3,654,685,152,2,1,1,1,P01
3,655,244,332,1,1,1,1,P01
3,656,416,150,1,1,1,1,P01
3,657,494,131,1,1,1,1,P01
3,658,331,446,1,1,1,1,P01
3,659,470,149,2,1,1,1,P01
3,660,543,34,1,1,1,1,P01
3,661,578,90,2,1,1,1,P01
3,662,662,95,1,1,1,1,P01
3,663,246,154,1,1,1,1,P01
3,664,52,676,1,2,1,1,P01
3,665,697,148,2,1,1,1,P01
3,666,598,397,1,2,1,1,P01
3,667,142,475,1,1,1,1,P01
3,668,426,428,1,1,1,1,P01
3,669,140,792,1,1,1,1,P01
3,670,379,183,1,1,1,1,P01
3,671,259,232,1,1,1,1,P01
3,672,257,247,1,1,1,1,P01
3,673,370,417,1,1,1,1,P01
3,674,377,355,1,1,1,1,P01
3,675,564,258,3,1,1,1,P01
3,676,307,380,1,1,1,1,P01
3,677,688,101,2,1,1,1,P01
3,678,150,691,1,1,1,1,P01
3,679,268,505,1,1,1,1,P01
3,680,331,540,1,1,1,1,P01
3,681,378,415,1,1,1,1,P01
3,682,453,306,1,1,1,1,P01
3,683,415,378,1,1,1,1,P01
3,684,154,479,1,1,1,1,P01
3,685,303,107,1,1,1,1,P01
3,686,23,610,1,2,1,1,P01
3,687,217,245,1,1,1,1,P01
3,688,649,77,1,1,1,1,P01
3,689,363,542,1,1,1,1,P01
3,690,444,198,1,1,1,1,P01
3,691,686,245,1,1,1,1,P01
3,692,322,223,1,1,1,1,P01
3,693,379,442,1,1,1,1,P01
3,694,200,744,1,1,1,1,P01
3,695,351,642,1,1,1,1,P01
3,696,465,200,1,1,1,1,P01
3,697,253,467,1,2,1,1,P01
3,698,325,144,1,1,1,1,P01
3,699,420,347,1,1,1,1,P01
3,700,272,360,1,1,1,1,P01
3,701,183,726,1,1,1,1,P01
3,702,254,445,1,2,1,1,P01
3,703,202,511,1,1,1,1,P01
3,704,312,133,2,1,1,1,P01
3,705,142,478,1,1,1,1,P01
3,706,205,357,1,1,1,1,P01
3,707,745,224,1,1,1,1,P01
3,708,321,279,1,2,1,1,P01
3,709,683,247,1,1,1,1,P01
3,710,464,133,1,1,1,1,P01
3,711,636,217,1,1,1,1,P01
3,712,198,392,1,1,1,1,P01
3,713,626,219,1,1,1,1,P01
3,714,179,483,1,2,1,1,P01
3,715,600,37,1,1,1,1,P01
3,716,405,200,1,1,1,1,P01
3,717,340,80,1,1,1,1,P01
3,718,401,449,1,1,1,1,P01
3,719,514,450,1,1,1,1,P01
3,720,228,204,1,1,1,1,P01
3,721,627,34,2,1,1,1,P01
3,722,321,126,1,1,1,1,P01
3,723,301,556,1,1,1,1,P01
3,724,264,339,1,1,1,1,P01
3,725,410,204,1,1,1,1,P01
3,726,361,362,1,1,1,1,P01
3,727,413,211,1,1,1,1,P01
3,728,432,107,1,1,1,1,P01
3,729,495,65,1,1,1,1,P01
3,730,453,128,2,1,1,1,P01
3,731,365,170,1,1,1,1,P01
3,732,786,213,2,1,1,1,P01
3,733,144,525,1,2,1,1,P01
3,734,677,308,1,1,1,1,P01
3,735,280,283,1,1,1,1,P01
3,736,245,523,1,1,1,1,P01
3,737,88,339,1,1,1,1,P01
3,738,386,227,2,1,1,1,P01
3,739,356,118,1,1,1,1,P01
3,740,509,215,1,1,1,1,P01
3,741,355,112,2,1,1,1,P01
3,742,265,393,2,1,1,1,P01
3,743,453,51,1,1,1,1,P01
3,744,128,344,1,1,1,1,P01
3,745,611,179,1,1,1,1,P01
3,746,516,416,1,1,1,1,P01
3,747,172,449,1,2,1,1,P01
3,748,195,419,1,1,1,1,P01
3,749,259,338,1,1,1,1,P01
3,750,677,82,1,1,1,1,P01
3,751,152,334,1,1,1,1,P01
3,752,237,453,1,1,1,1,P01
3,753,182,336,1,1,1,1,P01
3,754,304,118,1,1,1,1,P01
3,755,362,330,2,1,1,1,P01
3,756,181,468,1,1,1,1,P01
3,757,341,468,1,1,1,1,P01
3,758,467,162,1,1,1,1,P01
3,759,379,166,1,1,1,1,P01
3,760,176,446,1,1,1,1,P01
3,761,373,134,2,1,1,1,P01
3,762,393,168,1,1,1,1,P01
3,763,498,396,1,2,1,1,P01
3,764,798,151,1,1,1,1,P01
3,765,452,141,1,1,1,1,P01
3,766,628,361,2,1,1,1,P01
3,767,262,508,1,1,1,1,P01
3,768,155,250,1,1,1,1,P01
3,769,109,793,1,2,1,1,P01
3,770,499,75,2,1,1,1,P01
3,771,242,358,1,1,1,1,P01
3,772,184,285,1,1,1,1,P01
3,773,308,253,1,1,1,1,P01
3,774,563,183,1,1,1,1,P01
3,775,684,112,1,1,1,1,P01
3,776,199,320,1,1,1,1,P01
3,777,475,50,1,1,1,1,P01
3,778,368,379,2,1,1,1,P01
3,779,480,230,2,1,1,1,P01
3,780,357,320,1,1,1,1,P01
3,781,434,109,1,1,1,1,P01
3,782,242,159,1,1,1,1,P01
3,783,619,219,1,1,1,1,P01
3,784,232,411,1,1,1,1,P01
3,785,459,264,1,1,1,1,P01
3,786,430,52,1,1,1,1,P01
3,787,405,50,1,1,1,1,P01
3,788,448,106,1,1,1,1,P01
3,789,513,232,2,1,1,1,P01
3,790,258,204,1,1,1,1,P01
3,791,234,256,1,1,1,1,P01
3,792,345,175,1,1,1,1,P01
3,793,158,505,1,1,1,1,P01
3,794,630,325,1,1,1,1,P01
3,795,464,220,1,1,1,1,P01
3,796,249,547,1,1,1,1,P01
3,797,417,536,1,1,1,1,P01
3,798,643,153,1,1,1,1,P01
3,799,636,188,1,1,1,1,P01
3,800,711,166,1,2,1,1,P01
3,801,653,97,1,1,1,1,P01
3,802,379,131,1,1,1,1,P01
3,803,550,237,1,1,1,1,P01
3,804,597,125,1,1,1,1,P01
3,805,271,238,2,1,1,1,P01
3,806,566,322,1,1,1,1,P01
3,807,112,645,1,3,1,1,P01
3,808,688,224,1,1,1,1,P01
3,809,453,104,1,1,1,1,P01
3,810,344,153,1,1,1,1,P01
3,811,264,545,1,3,1,1,P01
3,812,111,656,1,1,1,1,P01
3,813,223,648,1,1,1,1,P01
3,814,468,120,1,1,1,1,P01
3,815,738,219,3,1,1,1,P01
3,816,270,142,1,1,1,1,P01
3,817,305,685,1,1,1,1,P01
3,818,701,228,1,1,1,1,P01
3,819,586,240,1,1,1,1,P01
3,820,90,330,1,1,1,1,P01
3,821,321,171,1,1,1,1,P01
3,822,227,695,1,2,1,1,P01
3,823,322,310,1,1,1,1,P01
3,824,618,248,1,1,1,1,P01
3,825,533,226,1,1,1,1,P01
3,826,222,191,1,1,1,1,P01
3,827,612,230,1,1,1,1,P01
3,828,611,103,1,1,1,1,P01
3,829,766,142,1,1,1,1,P01
3,830,522,209,1,1,1,1,P01
3,831,584,346,1,1,1,1,P01
3,832,322,203,1,1,1,1,P01
3,833,772,165,1,1,1,1,P01
3,834,399,64,1,1,1,1,P01
3,835,571,301,1,1,1,1,P01
3,836,226,380,1,1,1,1,P01
3,837,302,415,1,1,1,1,P01
3,838,529,12,1,1,1,1,P01
3,839,499,160,1,1,1,1,P01
3,840,264,571,1,2,1,1,P01
3,841,441,434,1,1,1,1,P01
3,842,446,144,1,1,1,1,P01
3,843,467,193,1,1,1,1,P01
3,844,128,300,1,1,1,1,P01
3,845,238,205,1,1,1,1,P01
3,846,205,235,1,1,1,1,P01
3,847,514,119,2,1,1,1,P01
3,848,403,126,1,1,1,1,P01
3,849,298,271,1,1,1,1,P01
3,850,175,460,1,1,1,1,P01
3,851,259,392,1,1,1,1,P01
3,852,572,106,1,1,1,1,P01
3,853,622,126,1,1,1,1,P01
3,854,248,462,2,1,1,1,P01
3,855,349,218,1,1,1,1,P01
3,856,60,396,1,1,1,1,P01
3,857,251,427,1,1,1,1,P01
3,858,348,59,1,1,1,1,P01
3,859,429,160,1,1,1,1,P01
3,860,640,224,1,1,1,1,P01
3,861,267,231,1,1,1,1,P01
3,862,397,400,1,1,1,1,P01
3,863,83,426,1,1,1,1,P01
3,864,383,398,3,1,1,1,P01
3,865,492,395,1,1,1,1,P01
3,866,735,242,1,1,1,1,P01
3,867,315,181,1,1,1,1,P01
3,868,911,57,1,1,1,1,P01
3,869,270,221,1,1,1,1,P01
3,870,310,214,1,1,1,1,P01
3,871,395,464,1,1,1,1,P01
3,872,211,779,1,1,1,1,P01
3,873,871,66,1,1,1,1,P01
3,874,334,385,2,1,1,1,P01
3,875,199,259,1,1,1,1,P01
3,876,521,122,1,1,1,1,P01
3,877,590,272,1,1,1,1,P01
3,878,377,529,1,2,1,1,P01
3,879,659,182,1,1,1,1,P01
3,880,135,359,1,1,1,1,P01
3,881,581,344,1,1,1,1,P01
3,882,555,393,1,1,1,1,P01
3,883,702,126,1,1,1,1,P01
3,884,196,300,1,1,1,1,P01
3,885,196,720,1,1,1,1,P01
3,886,613,246,2,1,1,1,P01
3,887,384,136,1,1,1,1,P01
3,888,411,518,1,1,1,1,P01
3,889,392,396,1,1,1,1,P01
3,890,262,289,2,1,1,1,P01
3,891,353,155,1,1,1,1,P01
3,892,496,476,1,1,1,1,P01
3,893,285,121,1,1,1,1,P01
3,894,455,333,1,1,1,1,P01
3,895,457,112,1,1,1,1,P01
3,896,842,134,2,1,1,1,P01
3,897,114,592,1,1,1,1,P01
3,898,295,547,1,1,1,1,P01
3,899,266,226,1,1,1,1,P01
3,900,771,152,1,1,1,1,P01
3,901,334,356,1,1,1,1,P01
3,902,359,150,1,1,1,1,P01
3,903,296,123,1,1,1,1,P01
3,904,453,180,5,1,1,1,P01
3,905,124,295,1,2,1,1,P01
3,906,483,113,1,1,1,1,P01
3,907,124,856,1,1,1,1,P01
3,908,282,119,1,1,1,1,P01
3,909,280,272,1,1,1,1,P01
3,910,505,173,1,1,1,1,P01
3,911,344,638,1,1,1,1,P01
3,912,437,147,1,1,1,1,P01
3,913,270,235,2,2,1,1,P01
3,914,259,374,1,1,1,1,P01
3,915,63,497,1,1,1,1,P01
3,916,297,395,1,1,1,1,P01
3,917,159,312,1,1,1,1,P01
3,918,272,174,2,1,1,1,P01
3,919,331,284,1,1,1,1,P01
3,920,374,423,1,1,1,1,P01
3,921,720,210,1,1,1,1,P01
3,922,286,383,1,2,1,1,P01
3,923,284,497,2,1,1,1,P01
3,924,628,178,2,1,1,1,P01
3,925,346,268,1,1,1,1,P01
3,926,181,545,1,3,1,1,P01
3,927,620,327,1,1,1,1,P01
3,928,261,532,1,3,1,1,P01
3,929,59,674,1,1,1,1,P01
3,930,413,174,3,1,1,1,P01
3,931,427,244,1,1,1,1,P01
3,932,436,485,1,1,1,1,P01
3,933,504,331,1,1,1,1,P01
3,934,455,59,2,1,1,1,P01
3,935,470,162,1,1,1,1,P01
3,936,638,296,1,1,1,1,P01
3,937,253,257,1,1,1,1,P01
3,938,454,89,1,1,1,1,P01
3,939,477,80,2,1,1,1,P01
3,940,388,152,1,1,1,1,P01
3,941,306,190,1,1,1,1,P01
3,942,234,558,1,1,1,1,P01
3,943,196,702,1,1,1,1,P01
3,944,192,781,1,3,1,1,P01
3,945,161,533,1,1,1,1,P01
3,946,532,302,1,1,1,1,P01
3,947,419,128,1,1,1,1,P01
3,948,186,273,1,1,1,1,P01
3,949,223,345,1,2,1,1,P01
3,950,735,165,1,1,1,1,P01
3,951,558,92,1,1,1,1,P01
3,952,148,315,1,1,1,1,P01
3,953,615,85,1,1,1,1,P01
3,954,244,255,1,1,1,1,P01
3,955,313,628,1,3,1,1,P01
3,956,93,363,1,1,1,1,P01
3,957,93,396,1,1,1,1,P01
3,958,141,547,1,1,1,1,P01
3,959,570,113,3,1,1,1,P01
3,960,566,91,1,1,1,1,P01
3,961,227,528,1,1,1,1,P01
3,962,536,336,1,1,1,1,P01
3,963,349,165,1,1,1,1,P01
3,964,428,472,1,1,1,1,P01
3,965,92,456,1,1,1,1,P01
3,966,616,36,3,1,1,1,P01
3,967,466,328,1,1,1,1,P01
3,968,196,428,1,2,1,1,P01
3,969,430,209,1,1,1,1,P01
3,970,514,90,1,1,1,1,P01
3,971,392,150,1,1,1,1,P01
3,972,260,365,1,2,1,1,P01
3,973,484,401,1,1,1,1,P01
3,974,380,359,1,1,1,1,P01
3,975,909,42,3,1,1,1,P01
3,976,295,538,1,1,1,1,P01
3,977,626,259,1,1,1,1,P01
3,978,348,91,1,1,1,1,P01
3,979,152,362,1,1,1,1,P01
3,980,777,190,1,1,1,1,P01
3,981,319,165,1,1,1,1,P01
3,982,427,194,3,1,1,1,P01
3,983,348,282,1,1,1,1,P01
3,984,450,536,1,1,1,1,P01
3,985,601,282,1,1,1,1,P01
3,986,419,288,1,1,1,1,P01
3,987,229,356,1,1,1,1,P01
3,988,545,36,1,1,1,1,P01
3,989,452,140,2,1,1,1,P01
3,990,437,8,1,1,1,1,P01
3,991,358,290,1,1,1,1,P01
3,992,352,64,1,1,1,1,P01
3,993,615,309,1,1,1,1,P01
3,994,347,185,1,1,1,1,P01
3,995,284,549,1,1,1,1,P01
3,996,414,334,1,1,1,1,P01
3,997,309,185,1,2,1,1,P01
3,998,240,532,1,1,1,1,P01
3,999,624,355,1,1,1,1,P01
3,1000,441,412,1,1,1,1,P01
4,1,598,228,1,2,3,1,P01
4,2,436,495,2,1,3,1,P01
4,3,327,137,2,1,3,1,P01
4,4,478,203,1,1,3,1,P01
4,5,228,256,3,2,3,1,P01
4,6,611,74,2,1,3,1,P01
4,7,624,35,1,1,3,1,P01
4,8,410,28,1,1,3,1,P01
4,9,863,102,4,1,3,1,P01
4,10,617,122,1,1,3,1,P01
4,11,387,452,2,2,3,1,P01
4,12,229,273,2,1,3,1,P01
4,13,602,55,2,1,3,1,P01
4,14,652,228,4,1,3,1,P01
4,15,303,351,1,1,3,1,P01
4,16,477,93,3,1,3,1,P01
4,17,387,71,1,1,3,1,P01
4,18,614,277,1,1,3,1,P01
4,19,405,47,3,1,3,1,P01
4,20,699,200,2,1,3,1,P01
4,21,200,235,1,1,3,1,P01
4,22,239,395,1,1,3,1,P01
4,23,303,541,1,1,3,1,P01
4,24,600,213,3,1,3,1,P01
4,25,600,396,2,1,3,1,P01
4,26,775,29,2,1,3,1,P01
4,27,516,99,6,1,3,1,P01
4,28,196,207,2,1,3,1,P01
4,29,509,383,2,1,3,1,P01
4,30,820,127,3,1,3,1,P01
4,31,390,107,4,1,3,1,P01
4,32,730,225,3,1,3,1,P01
4,33,425,305,1,1,3,1,P01
4,34,555,141,3,1,3,1,P01
4,35,605,19,7,1,3,1,P01
4,36,344,132,3,1,3,1,P01
4,37,584,197,6,1,3,1,P01
4,38,608,146,4,1,3,1,P01
4,39,646,192,1,1,3,1,P01
4,40,769,44,1,1,3,1,P01
4,41,723,151,2,1,3,1,P01
4,42,187,246,1,2,3,1,P01
4,43,576,75,3,1,3,1,P01
4,44,426,14,3,1,3,1,P01
4,45,605,26,3,1,3,1,P01
4,46,229,335,1,1,3,1,P01
4,47,703,25,3,1,3,1,P01
4,48,529,365,1,1,3,1,P01
4,49,423,150,5,1,3,1,P01
4,50,661,46,1,1,3,1,P01
4,51,456,17,4,1,3,1,P01
4,52,457,127,2,1,3,1,P01
4,53,615,372,1,1,3,1,P01
4,54,810,146,1,1,3,1,P01
4,55,600,21,4,1,3,1,P01
4,56,426,327,1,1,3,1,P01
4,57,782,135,3,1,3,1,P01
4,58,558,42,1,1,3,1,P01
4,59,610,53,1,1,3,1,P01
4,60,233,281,1,1,3,1,P01
4,61,391,33,2,1,3,1,P01
4,62,766,69,4,1,3,1,P01
4,63,879,61,2,1,3,1,P01
4,64,894,59,2,1,3,1,P01
4,65,843,64,1,1,3,1,P01
4,66,493,151,2,1,3,1,P01
4,67,667,202,2,1,3,1,P01
4,68,395,131,1,1,3,1,P01
4,69,863,56,1,1,3,1,P01
4,70,451,346,1,1,3,1,P01
4,71,496,114,2,1,3,1,P01
4,72,542,55,5,1,3,1,P01
4,73,857,70,1,1,3,1,P01
4,74,912,68,1,1,3,1,P01
4,75,330,132,2,1,3,1,P01
4,76,404,64,2,1,3,1,P01
4,77,667,53,4,1,3,1,P01
4,78,392,507,1,1,3,1,P01
4,79,698,16,9,1,3,1,P01
4,80,784,153,4,1,3,1,P01
4,81,307,450,2,1,3,1,P01
4,82,216,223,2,1,3,1,P01
4,83,309,616,1,1,3,1,P01
4,84,310,374,1,1,3,1,P01
4,85,499,102,3,1,3,1,P01
4,86,709,49,1,1,3,1,P01
4,87,799,46,1,1,3,1,P01
4,88,642,315,3,1,3,1,P01
4,89,383,48,1,1,3,1,P01
4,90,371,541,1,1,3,1,P01
4,91,506,448,1,1,3,1,P01
4,92,175,817,1,1,3,1,P01
4,93,556,231,1,1,3,1,P01
4,94,677,42,7,1,3,1,P01
4,95,384,40,6,1,3,1,P01
4,96,786,78,4,1,3,1,P01
4,97,604,80,3,1,3,1,P01
4,98,302,124,1,1,3,1,P01
4,99,551,196,2,1,3,1,P01
4,100,568,209,2,1,3,1,P01
4,101,484,192,3,1,3,1,P01
4,102,782,121,1,1,3,1,P01
4,103,318,126,3,1,3,1,P01
4,104,633,133,3,1,3,1,P01
4,105,423,558,1,1,3,1,P01
4,106,412,144,1,1,3,1,P01
4,107,789,98,2,1,3,1,P01
4,108,753,94,5,1,3,1,P01
4,109,638,277,4,1,3,1,P01
4,110,591,78,2,1,3,1,P01
4,111,656,150,6,1,3,1,P01
4,112,583,52,1,1,3,1,P01
4,113,864,97,2,1,3,1,P01
4,114,539,24,6,1,3,1,P01
4,115,408,381,3,1,3,1,P01
4,116,543,14,3,1,3,1,P01
4,117,810,16,4,1,3,1,P01
4,118,697,299,2,1,3,1,P01
4,119,761,117,2,1,3,1,P01
4,120,269,706,1,1,3,1,P01
4,121,701,15,3,1,3,1,P01
4,122,920,49,5,1,3,1,P01
4,123,561,51,2,1,3,1,P01
4,124,415,203,3,1,3,1,P01
4,125,479,28,2,1,3,1,P01
4,126,748,137,1,1,3,1,P01
4,127,75,433,1,1,3,1,P01
4,128,207,250,3,1,3,1,P01
4,129,350,215,2,1,3,1,P01
4,130,911,36,3,1,3,1,P01
4,131,220,324,5,1,3,1,P01
4,132,438,136,1,1,3,1,P01
4,133,438,428,2,1,3,1,P01
4,134,716,56,3,1,3,1,P01
4,135,560,169,3,1,3,1,P01
4,136,584,89,2,1,3,1,P01
4,137,584,72,3,1,3,1,P01
4,138,295,126,1,1,3,1,P01
4,139,277,159,1,1,3,1,P01
4,140,285,144,1,1,3,1,P01
4,141,738,234,3,1,3,1,P01
4,142,329,112,5,1,3,1,P01
4,143,845,34,2,1,3,1,P01
4,144,835,134,2,1,3,1,P01
4,145,598,71,3,1,3,1,P01
4,146,648,202,1,1,3,1,P01
4,147,507,228,2,1,3,1,P01
4,148,605,146,2,1,3,1,P01
4,149,498,210,3,1,3,1,P01
4,150,773,43,3,1,3,1,P01
4,151,722,63,2,1,3,1,P01
4,152,770,156,2,1,3,1,P01
4,153,658,135,3,1,3,1,P01
4,154,264,152,3,1,3,1,P01
4,155,773,73,3,1,3,1,P01
4,156,739,152,2,1,3,1,P01
4,157,379,502,1,1,3,1,P01
4,158,483,164,1,1,3,1,P01
4,159,423,108,2,1,3,1,P01
4,160,187,386,1,1,3,1,P01
4,161,604,133,4,1,3,1,P01
4,162,249,398,2,1,3,1,P01
4,163,685,302,1,1,3,1,P01
4,164,500,21,1,1,3,1,P01
4,165,335,130,1,2,3,1,P01
4,166,606,44,5,1,3,1,P01
4,167,604,33,4,1,3,1,P01
4,168,745,233,1,1,3,1,P01
4,169,232,321,1,1,3,1,P01
4,170,590,27,3,1,3,1,P01
4,171,604,120,2,1,3,1,P01
4,172,369,65,3,1,3,1,P01
4,173,407,158,1,1,3,1,P01
4,174,794,95,1,1,3,1,P01
4,175,476,105,4,1,3,1,P01
4,176,474,167,1,1,3,1,P01
4,177,681,142,1,1,3,1,P01
4,178,522,297,1,2,3,1,P01
4,179,479,15,2,1,3,1,P01
4,180,565,33,3,1,3,1,P01
4,181,585,121,1,1,3,1,P01
4,182,780,24,2,1,3,1,P01
4,183,714,228,3,1,3,1,P01
4,184,459,23,1,1,3,1,P01
4,185,455,25,1,1,3,1,P01
4,186,265,241,1,2,3,1,P01
4,187,613,151,4,1,3,1,P01
4,188,664,141,5,1,3,1,P01
4,189,490,58,2,1,3,1,P01
4,190,880,49,3,1,3,1,P01
4,191,623,26,2,1,3,1,P01
4,192,408,75,4,1,3,1,P01
4,193,450,194,2,1,3,1,P01
4,194,550,46,4,1,3,1,P01
4,195,366,347,1,1,3,1,P01
4,196,619,132,2,1,3,1,P01
4,197,847,62,4,1,3,1,P01
4,198,212,389,1,1,3,1,P01
4,199,798,99,2,1,3,1,P01
4,200,284,231,4,1,3,1,P01
4,201,769,162,1,1,3,1,P01
4,202,346,113,1,1,3,1,P01
4,203,606,76,4,1,3,1,P01
4,204,773,116,2,1,3,1,P01
4,205,592,228,1,1,3,1,P01
4,206,713,113,3,1,3,1,P01
4,207,715,178,3,1,3,1,P01
4,208,654,72,5,1,3,1,P01
4,209,768,76,3,1,3,1,P01
4,210,239,680,3,1,3,1,P01
4,211,589,43,2,1,3,1,P01
4,212,267,417,1,1,3,1,P01
4,213,303,179,1,1,3,1,P01
4,214,552,198,6,2,3,1,P01
4,215,749,38,3,1,3,1,P01
4,216,417,64,2,1,3,1,P01
4,217,572,87,1,1,3,1,P01
4,218,585,283,2,1,3,1,P01
4,219,613,22,2,1,3,1,P01
4,220,740,247,1,1,3,1,P01
4,221,499,64,2,1,3,1,P01
4,222,386,120,1,1,3,1,P01
4,223,851,20,4,1,3,1,P01
4,224,555,118,5,1,3,1,P01
4,225,228,411,1,1,3,1,P01
4,226,389,167,1,1,3,1,P01
4,227,315,262,2,1,3,1,P01
4,228,894,84,1,1,3,1,P01
4,229,323,179,1,1,3,1,P01
4,230,794,42,6,1,3,1,P01
4,231,669,50,2,1,3,1,P01
4,232,514,144,2,1,3,1,P01
4,233,452,412,4,1,3,1,P01
4,234,792,154,2,1,3,1,P01
4,235,665,226,1,1,3,1,P01
4,236,929,52,1,1,3,1,P01
4,237,696,70,5,2,3,1,P01
4,238,652,39,3,1,3,1,P01
4,239,899,84,2,1,3,1,P01
4,240,547,275,4,1,3,1,P01
4,241,887,65,2,1,3,1,P01
4,242,373,408,1,1,3,1,P01
4,243,362,319,1,1,3,1,P01
4,244,656,166,1,1,3,1,P01
4,245,457,343,4,1,3,1,P01
4,246,506,22,2,1,3,1,P01
4,247,275,615,1,1,3,1,P01
4,248,688,51,1,1,3,1,P01
4,249,381,84,2,1,3,1,P01
4,250,416,174,1,1,3,1,P01
4,251,917,14,4,1,3,1,P01
4,252,189,704,1,1,3,1,P01
4,253,543,42,1,1,3,1,P01
4,254,865,123,1,1,3,1,P01
4,255,372,381,1,2,3,1,P01
4,256,466,176,3,1,3,1,P01
4,257,747,121,1,1,3,1,P01
4,258,252,375,1,1,3,1,P01
4,259,397,552,1,1,3,1,P01
4,260,723,218,4,1,3,1,P01
4,261,601,163,2,1,3,1,P01
4,262,484,434,1,1,3,1,P01
4,263,537,16,1,1,3,1,P01
4,264,687,38,4,1,3,1,P01
4,265,619,11,3,1,3,1,P01
4,266,645,27,3,1,3,1,P01
4,267,599,143,1,1,3,1,P01
4,268,348,201,2,1,3,1,P01
4,269,496,226,1,1,3,1,P01
4,270,306,286,1,1,3,1,P01
4,271,349,59,2,1,3,1,P01
4,272,898,45,5,1,3,1,P01
4,273,468,104,5,1,3,1,P01
4,274,681,80,5,1,3,1,P01
4,275,289,636,1,1,3,1,P01
4,276,740,37,4,1,3,1,P01
4,277,574,298,2,1,3,1,P01
4,278,408,163,3,1,3,1,P01
4,279,810,87,2,1,3,1,P01
4,280,372,50,2,1,3,1,P01
4,281,974,23,4,1,3,1,P01
4,282,624,51,3,1,3,1,P01
4,283,477,20,1,1,3,1,P01
4,284,254,400,1,1,3,1,P01
4,285,609,110,4,1,3,1,P01
4,286,868,15,4,1,3,1,P01
4,287,773,166,3,1,3,1,P01
4,288,304,254,2,1,3,1,P01
4,289,605,328,4,1,3,1,P01
4,290,457,47,3,1,3,1,P01
4,291,494,24,4,1,3,1,P01
4,292,661,296,2,2,3,1,P01
4,293,878,36,1,1,3,1,P01
4,294,397,10,5,1,3,1,P01
4,295,585,329,2,2,3,1,P01
4,296,962,20,1,1,3,1,P01
4,297,276,553,2,1,3,1,P01
4,298,435,26,2,1,3,1,P01
4,299,560,103,3,1,3,1,P01
4,300,480,49,1,1,3,1,P01
4,301,429,36,1,1,3,1,P01
4,302,740,176,1,1,3,1,P01
4,303,411,30,2,1,3,1,P01
4,304,461,13,2,1,3,1,P01
4,305,798,113,6,1,3,1,P01
4,306,551,42,2,1,3,1,P01
4,307,641,149,3,1,3,1,P01
4,308,551,269,2,1,3,1,P01
4,309,321,273,2,1,3,1,P01
4,310,748,147,3,1,3,1,P01
4,311,573,85,1,1,3,1,P01
4,312,323,663,1,1,3,1,P01
4,313,498,165,2,1,3,1,P01
4,314,442,38,4,1,3,1,P01
4,315,888,84,5,1,3,1,P01
4,316,567,266,2,1,3,1,P01
4,317,707,49,2,1,3,1,P01
4,318,715,213,3,1,3,1,P01
4,319,829,161,2,1,3,1,P01
4,320,394,79,1,1,3,1,P01
4,321,558,404,1,1,3,1,P01
4,322,183,449,3,1,3,1,P01
4,323,897,21,1,1,3,1,P01
4,324,282,147,3,1,3,1,P01
4,325,316,126,1,1,3,1,P01
4,326,899,76,1,1,3,1,P01
4,327,467,477,2,1,3,1,P01
4,328,756,35,4,1,3,1,P01
4,329,846,141,3,1,3,1,P01
4,330,818,25,3,1,3,1,P01
4,331,586,45,1,1,3,1,P01
4,332,430,334,2,1,3,1,P01
4,333,588,232,1,1,3,1,P01
4,334,797,13,1,1,3,1,P01
4,335,876,115,3,1,3,1,P01
4,336,430,39,4,1,3,1,P01
4,337,585,94,1,1,3,1,P01
4,338,246,449,1,1,3,1,P01
4,339,252,174,2,1,3,1,P01
4,340,202,516,1,1,3,1,P01
4,341,611,67,2,1,3,1,P01
4,342,405,43,1,1,3,1,P01
4,343,398,219,1,1,3,1,P01
4,344,357,225,4,1,3,1,P01
4,345,345,66,5,1,3,1,P01
4,346,735,43,4,1,3,1,P01
4,347,839,115,1,1,3,1,P01
4,348,927,10,2,1,3,1,P01
4,349,817,44,3,1,3,1,P01
4,350,584,14,3,1,3,1,P01
4,351,817,108,5,1,3,1,P01
4,352,854,33,4,1,3,1,P01
4,353,553,107,1,1,3,1,P01
4,354,939,47,2,1,3,1,P01
4,355,528,36,2,1,3,1,P01
4,356,670,163,1,1,3,1,P01
4,357,232,582,1,2,3,1,P01
4,358,577,152,2,1,3,1,P01
4,359,378,98,1,1,3,1,P01
4,360,710,105,3,1,3,1,P01
4,361,385,422,1,1,3,1,P01
4,362,850,110,2,1,3,1,P01
4,363,765,107,1,1,3,1,P01
4,364,690,120,1,1,3,1,P01
4,365,871,64,1,1,3,1,P01
4,366,377,24,2,2,3,1,P01
4,367,314,217,1,1,3,1,P01
4,368,708,45,4,1,3,1,P01
4,369,315,123,2,3,3,1,P01
4,370,439,524,2,1,3,1,P01
4,371,364,149,4,1,3,1,P01
4,372,734,233,3,1,3,1,P01
4,373,667,37,2,1,3,1,P01
4,374,575,150,5,1,3,1,P01
4,375,471,124,4,1,3,1,P01
4,376,511,213,1,1,3,1,P01
4,377,669,17,8,1,3,1,P01
4,378,458,63,3,1,3,1,P01
4,379,394,234,1,1,3,1,P01
4,380,375,27,5,1,3,1,P01
4,381,217,277,1,1,3,1,P01
4,382,401,41,1,1,3,1,P01
4,383,381,90,2,1,3,1,P01
4,384,769,100,4,1,3,1,P01
4,385,641,135,5,1,3,1,P01
4,386,845,18,3,1,3,1,P01
4,387,629,127,1,1,3,1,P01
4,388,312,106,2,1,3,1,P01
4,389,701,203,1,1,3,1,P01
4,390,404,133,1,1,3,1,P01
4,391,579,40,3,1,3,1,P01
4,392,455,54,3,1,3,1,P01
4,393,399,12,2,1,3,1,P01
4,394,656,160,2,1,3,1,P01
4,395,172,305,2,1,3,1,P01
4,396,222,216,3,1,3,1,P01
4,397,538,143,4,1,3,1,P01
4,398,448,221,1,1,3,1,P01
4,399,654,104,1,1,3,1,P01
4,400,525,61,4,1,3,1,P01
4,401,405,126,3,1,3,1,P01
4,402,680,73,5,1,3,1,P01
4,403,559,246,1,1,3,1,P01
4,404,326,222,2,2,3,1,P01
4,405,303,694,1,1,3,1,P01
4,406,705,100,2,1,3,1,P01
4,407,832,123,5,1,3,1,P01
4,408,618,306,2,1,3,1,P01
4,409,772,134,4,1,3,1,P01
4,410,409,42,3,1,3,1,P01
4,411,276,601,1,1,3,1,P01
4,412,589,252,2,1,3,1,P01
4,413,557,90,4,1,3,1,P01
4,414,292,114,3,1,3,1,P01
4,415,439,61,1,1,3,1,P01
4,416,772,92,5,1,3,1,P01
4,417,304,149,1,2,3,1,P01
4,418,634,155,3,1,3,1,P01
4,419,503,12,2,1,3,1,P01
4,420,535,380,2,1,3,1,P01
4,421,505,172,1,1,3,1,P01
4,422,475,198,2,1,3,1,P01
4,423,888,10,2,1,3,1,P01
4,424,498,31,4,1,3,1,P01
4,425,334,120,3,1,3,1,P01
4,426,812,19,1,1,3,1,P01
4,427,604,196,1,1,3,1,P01
4,428,664,206,3,1,3,1,P01
4,429,322,206,3,1,3,1,P01
4,430,506,151,1,1,3,1,P01
4,431,454,70,1,1,3,1,P01
4,432,504,193,1,1,3,1,P01
4,433,647,21,1,1,3,1,P01
4,434,195,576,2,1,3,1,P01
4,435,586,42,7,1,3,1,P01
4,436,934,62,2,1,3,1,P01
4,437,560,197,2,1,3,1,P01
4,438,588,78,2,1,3,1,P01
4,439,434,35,3,1,3,1,P01
4,440,252,185,2,1,3,1,P01
4,441,591,386,2,2,3,1,P01
4,442,356,70,4,1,3,1,P01
4,443,331,263,3,1,3,1,P01
4,444,533,36,6,1,3,1,P01
4,445,835,130,1,1,3,1,P01
4,446,190,221,1,1,3,1,P01
4,447,746,70,6,1,3,1,P01
4,448,607,38,3,1,3,1,P01
4,449,828,32,2,1,3,1,P01
4,450,731,173,1,1,3,1,P01
4,451,424,113,3,1,3,1,P01
4,452,618,171,2,1,3,1,P01
4,453,641,174,2,1,3,1,P01
4,454,358,58,6,1,3,1,P01
4,455,687,242,2,1,3,1,P01
4,456,696,114,2,1,3,1,P01
4,457,594,160,1,1,3,1,P01
4,458,545,282,1,2,3,1,P01
4,459,316,104,1,2,3,1,P01
4,460,715,153,4,1,3,1,P01
4,461,536,169,3,1,3,1,P01
4,462,465,48,1,1,3,1,P01
4,463,492,22,6,1,3,1,P01
4,464,790,66,5,1,3,1,P01
4,465,932,66,4,1,3,1,P01
4,466,664,167,1,1,3,1,P01
4,467,305,132,2,1,3,1,P01
4,468,927,38,4,1,3,1,P01
4,469,286,178,1,1,3,1,P01
4,470,499,418,2,1,3,1,P01
4,471,474,145,3,1,3,1,P01
4,472,571,79,4,1,3,1,P01
4,473,483,241,2,2,3,1,P01
4,474,714,224,1,1,3,1,P01
4,475,744,210,2,1,3,1,P01
4,476,495,87,1,1,3,1,P01
4,477,746,94,5,1,3,1,P01
4,478,410,74,4,1,3,1,P01
4,479,663,276,4,1,3,1,P01
4,480,763,204,2,1,3,1,P01
4,481,325,267,1,1,3,1,P01
4,482,504,105,5,1,3,1,P01
4,483,365,319,2,1,3,1,P01
4,484,393,31,6,1,3,1,P01
4,485,621,133,2,1,3,1,P01
4,486,624,109,2,1,3,1,P01
4,487,554,64,4,1,3,1,P01
4,488,432,330,1,1,3,1,P01
4,489,442,97,1,1,3,1,P01
4,490,797,60,4,1,3,1,P01
4,491,583,81,2,1,3,1,P01
4,492,696,185,3,1,3,1,P01
4,493,882,92,1,1,3,1,P01
4,494,207,236,1,1,3,1,P01
4,495,416,20,4,1,3,1,P01
4,496,429,137,4,1,3,1,P01
4,497,697,280,1,1,3,1,P01
4,498,361,80,2,1,3,1,P01
4,499,407,116,3,1,3,1,P01
4,500,287,177,1,1,3,1,P01
4,501,820,77,1,1,3,1,P01
4,502,254,167,2,1,3,1,P01
4,503,505,42,1,1,3,1,P01
4,504,792,193,2,1,3,1,P01
4,505,506,456,1,1,3,1,P01
4,506,696,54,2,1,3,1,P01
4,507,429,410,4,2,3,1,P01
4,508,655,90,3,1,3,1,P01
4,509,810,29,2,1,3,1,P01
4,510,533,133,1,1,3,1,P01
4,511,596,60,2,1,3,1,P01
4,512,397,45,2,1,3,1,P01
4,513,405,75,3,1,3,1,P01
4,514,242,289,1,1,3,1,P01
4,515,460,44,5,1,3,1,P01
4,516,515,51,1,1,3,1,P01
4,517,734,51,1,1,3,1,P01
4,518,849,93,3,1,3,1,P01
4,519,680,21,1,1,3,1,P01
4,520,341,628,2,1,3,1,P01
4,521,492,11,3,1,3,1,P01
4,522,472,112,2,1,3,1,P01
4,523,767,195,1,1,3,1,P01
4,524,320,147,3,1,3,1,P01
4,525,693,267,1,1,3,1,P01
4,526,521,386,2,1,3,1,P01
4,527,480,475,1,1,3,1,P01
4,528,806,168,3,1,3,1,P01
4,529,746,205,6,1,3,1,P01
4,530,631,157,2,1,3,1,P01
4,531,701,81,4,1,3,1,P01
4,532,886,35,4,1,3,1,P01
4,533,690,250,2,1,3,1,P01
4,534,290,146,3,1,3,1,P01
4,535,898,49,1,1,3,1,P01
4,536,550,99,2,1,3,1,P01
4,537,583,278,3,1,3,1,P01
4,538,592,46,6,1,3,1,P01
4,539,403,255,1,1,3,1,P01
4,540,376,104,2,2,3,1,P01
4,541,104,367,1,1,3,1,P01
4,542,553,76,1,1,3,1,P01
4,543,603,270,3,1,3,1,P01
4,544,696,200,2,1,3,1,P01
4,545,258,254,1,1,3,1,P01
4,546,380,411,1,1,3,1,P01
4,547,527,13,1,1,3,1,P01
4,548,309,476,2,2,3,1,P01
4,549,611,140,3,1,3,1,P01
4,550,599,27,6,1,3,1,P01
4,551,440,449,2,1,3,1,P01
4,552,657,114,2,1,3,1,P01
4,553,660,47,2,1,3,1,P01
4,554,639,291,1,1,3,1,P01
4,555,219,268,1,1,3,1,P01
4,556,874,71,1,1,3,1,P01
4,557,857,44,4,1,3,1,P01
4,558,97,378,1,1,3,1,P01
4,559,800,75,3,1,3,1,P01
4,560,499,40,2,1,3,1,P01
4,561,529,317,5,1,3,1,P01
4,562,482,232,3,1,3,1,P01
4,563,750,53,5,1,3,1,P01
4,564,402,54,1,1,3,1,P01
4,565,680,94,4,1,3,1,P01
4,566,381,48,2,1,3,1,P01
4,567,656,178,2,1,3,1,P01
4,568,623,52,2,1,3,1,P01
4,569,551,77,1,1,3,1,P01
4,570,366,308,1,2,3,1,P01
4,571,477,139,3,1,3,1,P01
4,572,394,374,1,1,3,1,P01
4,573,460,72,3,1,3,1,P01
4,574,762,107,3,1,3,1,P01
4,575,714,45,5,1,3,1,P01
4,576,207,270,2,2,3,1,P01
4,577,721,142,3,1,3,1,P01
4,578,597,208,1,1,3,1,P01
4,579,532,45,2,1,3,1,P01
4,580,394,167,3,1,3,1,P01
4,581,731,203,3,1,3,1,P01
4,582,623,46,5,1,3,1,P01
4,583,411,53,5,1,3,1,P01
4,584,318,86,3,1,3,1,P01
4,585,524,359,2,1,3,1,P01
4,586,558,387,1,1,3,1,P01
4,587,807,20,2,1,3,1,P01
4,588,288,127,3,1,3,1,P01
4,589,362,120,1,1,3,1,P01
4,590,330,194,1,1,3,1,P01
4,591,565,51,6,1,3,1,P01
4,592,404,107,3,1,3,1,P01
4,593,127,732,1,1,3,1,P01
4,594,465,13,1,1,3,1,P01
4,595,448,72,2,1,3,1,P01
4,596,721,225,7,1,3,1,P01
4,597,554,296,3,1,3,1,P01
4,598,430,396,4,1,3,1,P01
4,599,491,39,3,1,3,1,P01
4,600,431,364,1,1,3,1,P01
4,601,320,323,1,3,3,1,P01
4,602,799,66,3,1,3,1,P01
4,603,860,129,1,1,3,1,P01
4,604,231,362,3,1,3,1,P01
4,605,612,188,1,1,3,1,P01
4,606,364,136,4,2,3,1,P01
4,607,802,192,4,1,3,1,P01
4,608,717,163,1,1,3,1,P01
4,609,749,216,1,1,3,1,P01
4,610,586,142,1,1,3,1,P01
4,611,756,13,2,1,3,1,P01
4,612,423,24,4,1,3,1,P01
4,613,723,48,1,1,3,1,P01
4,614,343,220,3,1,3,1,P01
4,615,524,76,4,1,3,1,P01
4,616,290,420,2,1,3,1,P01
4,617,526,27,3,1,3,1,P01
4,618,755,68,5,1,3,1,P01
4,619,663,252,3,1,3,1,P01
4,620,668,19,5,1,3,1,P01
4,621,427,393,2,1,3,1,P01
4,622,121,403,1,1,3,1,P01
4,623,489,486,1,1,3,1,P01
4,624,279,140,3,1,3,1,P01
4,625,544,192,5,1,3,1,P01
4,626,301,171,3,1,3,1,P01
4,627,847,90,4,1,3,1,P01
4,628,720,154,3,1,3,1,P01
4,629,421,146,3,1,3,1,P01
4,630,424,95,2,1,3,1,P01
4,631,970,25,5,1,3,1,P01
4,632,851,77,2,1,3,1,P01
4,633,576,31,3,1,3,1,P01
4,634,632,89,4,1,3,1,P01
4,635,645,135,1,1,3,1,P01
4,636,351,551,1,1,3,1,P01
4,637,488,94,3,1,3,1,P01
4,638,435,53,4,1,3,1,P01
4,639,833,37,4,1,3,1,P01
4,640,629,33,2,1,3,1,P01
4,641,507,13,1,1,3,1,P01
4,642,415,213,1,1,3,1,P01
4,643,395,444,2,1,3,1,P01
4,644,508,264,2,1,3,1,P01
4,645,658,67,1,1,3,1,P01
4,646,491,190,2,1,3,1,P01
4,647,756,66,1,1,3,1,P01
4,648,760,58,6,1,3,1,P01
4,649,427,528,1,1,3,1,P01
4,650,643,13,1,1,3,1,P01
4,651,450,50,1,1,3,1,P01
4,652,659,139,2,1,3,1,P01
4,653,327,93,2,1,3,1,P01
4,654,753,213,6,1,3,1,P01
4,655,957,30,3,1,3,1,P01
4,656,476,272,2,1,3,1,P01
4,657,174,321,1,1,3,1,P01
4,658,688,113,7,1,3,1,P01
4,659,518,39,1,1,3,1,P01
4,660,774,184,1,1,3,1,P01
4,661,849,46,1,1,3,1,P01
4,662,371,247,2,1,3,1,P01
4,663,394,229,3,1,3,1,P01
4,664,659,58,3,1,3,1,P01
4,665,422,191,1,1,3,1,P01
4,666,823,79,2,1,3,1,P01
4,667,491,373,2,1,3,1,P01
4,668,533,421,2,1,3,1,P01
4,669,172,250,1,1,3,1,P01
4,670,659,170,1,1,3,1,P01
4,671,408,197,2,1,3,1,P01
4,672,744,83,2,1,3,1,P01
4,673,591,111,3,1,3,1,P01
4,674,323,83,3,1,3,1,P01
4,675,374,169,1,1,3,1,P01
4,676,451,104,3,1,3,1,P01
4,677,947,49,4,1,3,1,P01
4,678,275,339,2,1,3,1,P01
4,679,652,25,4,1,3,1,P01
4,680,356,132,2,1,3,1,P01
4,681,187,594,1,2,3,1,P01
4,682,635,97,5,1,3,1,P01
4,683,484,416,2,1,3,1,P01
4,684,485,63,6,1,3,1,P01
4,685,541,178,1,1,3,1,P01
4,686,116,527,3,1,3,1,P01
4,687,661,25,2,1,3,1,P01
4,688,479,517,3,1,3,1,P01
4,689,450,34,5,1,3,1,P01
4,690,776,171,1,1,3,1,P01
4,691,477,390,1,1,3,1,P01
4,692,506,445,1,1,3,1,P01
4,693,551,385,1,1,3,1,P01
4,694,630,191,3,1,3,1,P01
4,695,522,409,1,1,3,1,P01
4,696,755,143,1,1,3,1,P01
4,697,595,78,2,1,3,1,P01
4,698,271,156,1,1,3,1,P01
4,699,754,125,1,1,3,1,P01
4,700,675,131,3,1,3,1,P01
4,701,478,116,2,1,3,1,P01
4,702,519,128,3,1,3,1,P01
4,703,393,84,2,1,3,1,P01
4,704,414,188,3,1,3,1,P01
4,705,293,135,1,1,3,1,P01
4,706,488,173,2,1,3,1,P01
4,707,594,34,2,1,3,1,P01
4,708,572,165,4,1,3,1,P01
4,709,518,23,2,1,3,1,P01
4,710,488,56,1,1,3,1,P01
4,711,485,396,4,1,3,1,P01
4,712,830,35,6,1,3,1,P01
4,713,587,56,4,1,3,1,P01
4,714,366,208,1,1,3,1,P01
4,715,718,133,2,1,3,1,P01
4,716,210,245,2,1,3,1,P01
4,717,576,311,1,1,3,1,P01
4,718,630,117,4,1,3,1,P01
4,719,378,151,3,1,3,1,P01
4,720,820,118,5,1,3,1,P01
4,721,321,423,1,1,3,1,P01
4,722,335,85,3,1,3,1,P01
4,723,444,306,3,1,3,1,P01
4,724,632,315,1,1,3,1,P01
4,725,671,11,2,1,3,1,P01
4,726,693,169,2,1,3,1,P01
4,727,290,383,1,1,3,1,P01
4,728,436,427,1,1,3,1,P01
4,729,365,82,2,1,3,1,P01
4,730,630,323,1,1,3,1,P01
4,731,671,257,2,1,3,1,P01
4,732,192,454,1,1,3,1,P01
4,733,482,68,2,1,3,1,P01
4,734,723,238,8,1,3,1,P01
4,735,712,164,3,1,3,1,P01
4,736,257,617,1,1,3,1,P01
4,737,434,235,2,1,3,1,P01
4,738,248,303,1,1,3,1,P01
4,739,537,192,2,1,3,1,P01
4,740,683,27,3,1,3,1,P01
4,741,502,74,1,1,3,1,P01
4,742,472,411,1,1,3,1,P01
4,743,413,14,1,1,3,1,P01
4,744,719,161,5,1,3,1,P01
4,745,402,341,3,1,3,1,P01
4,746,416,310,2,1,3,1,P01
4,747,486,37,5,1,3,1,P01
4,748,728,189,3,1,3,1,P01
4,749,443,27,5,1,3,1,P01
4,750,525,44,2,1,3,1,P01
4,751,526,90,3,1,3,1,P01
4,752,619,317,3,1,3,1,P01
4,753,324,152,1,1,3,1,P01
4,754,515,190,3,1,3,1,P01
4,755,331,106,1,1,3,1,P01
4,756,222,243,2,1,3,1,P01
4,757,696,124,1,1,3,1,P01
4,758,75,796,1,1,3,1,P01
4,759,339,124,5,2,3,1,P01
4,760,472,78,2,1,3,1,P01
4,761,68,372,1,1,3,1,P01
4,762,345,124,2,1,3,1,P01
4,763,958,33,2,1,3,1,P01
4,764,493,52,3,1,3,1,P01
4,765,339,173,2,1,3,1,P01
4,766,382,250,1,1,3,1,P01
4,767,762,182,2,1,3,1,P01
4,768,512,80,3,1,3,1,P01
4,769,832,120,1,1,3,1,P01
4,770,202,233,2,1,3,1,P01
4,771,403,242,2,1,3,1,P01
4,772,410,247,3,1,3,1,P01
4,773,434,350,2,1,3,1,P01
4,774,754,201,3,1,3,1,P01
4,775,175,354,2,1,3,1,P01
4,776,813,116,1,1,3,1,P01
4,777,207,282,4,1,3,1,P01
4,778,366,54,3,1,3,1,P01
4,779,260,201,2,1,3,1,P01
4,780,605,26,1,1,3,1,P01
4,781,380,269,1,1,3,1,P01
4,782,706,114,4,1,3,1,P01
4,783,548,412,2,1,3,1,P01
4,784,104,662,1,5,3,1,P01
4,785,187,438,1,1,3,1,P01
4,786,380,128,1,2,3,1,P01
4,787,315,114,4,1,3,1,P01
4,788,53,432,1,1,3,1,P01
4,789,483,36,3,1,3,1,P01
4,790,269,158,2,1,3,1,P01
4,791,514,387,2,1,3,1,P01
4,792,585,101,2,1,3,1,P01
4,793,386,36,2,1,3,1,P01
4,794,532,351,4,1,3,1,P01
4,795,561,246,1,1,3,1,P01
4,796,856,10,2,1,3,1,P01
4,797,496,15,4,1,3,1,P01
4,798,320,125,4,1,3,1,P01
4,799,561,393,1,2,3,1,P01
4,800,393,15,6,1,3,1,P01
4,801,821,15,5,1,3,1,P01
4,802,423,88,7,1,3,1,P01
4,803,871,41,2,1,3,1,P01
4,804,332,101,3,1,3,1,P01
4,805,381,550,1,2,3,1,P01
4,806,931,46,1,1,3,1,P01
4,807,301,325,1,1,3,1,P01
4,808,370,136,1,1,3,1,P01
4,809,565,266,2,1,3,1,P01
4,810,690,13,1,1,3,1,P01
4,811,424,62,3,1,3,1,P01
4,812,550,89,2,1,3,1,P01
4,813,591,45,3,1,3,1,P01
4,814,194,548,1,1,3,1,P01
4,815,497,243,3,1,3,1,P01
4,816,857,47,4,1,3,1,P01
4,817,518,108,4,1,3,1,P01
4,818,460,41,3,1,3,1,P01
4,819,217,772,1,2,3,1,P01
4,820,616,193,4,1,3,1,P01
4,821,595,158,1,1,3,1,P01
4,822,359,143,1,1,3,1,P01
4,823,519,89,3,1,3,1,P01
4,824,620,155,1,1,3,1,P01
4,825,504,265,1,1,3,1,P01
4,826,638,190,1,1,3,1,P01
4,827,580,388,1,1,3,1,P01
4,828,940,41,2,1,3,1,P01
4,829,393,83,3,1,3,1,P01
4,830,499,487,2,1,3,1,P01
4,831,905,51,3,1,3,1,P01
4,832,719,125,8,1,3,1,P01
4,833,170,276,1,1,3,1,P01
4,834,302,445,1,1,3,1,P01
4,835,434,311,1,1,3,1,P01
4,836,507,124,3,1,3,1,P01
4,837,392,272,1,1,3,1,P01
4,838,545,276,1,1,3,1,P01
4,839,630,62,1,1,3,1,P01
4,840,654,41,1,1,3,1,P01
4,841,421,255,2,1,3,1,P01
4,842,504,241,1,1,3,1,P01
4,843,492,346,2,1,3,1,P01
4,844,516,239,1,1,3,1,P01
4,845,102,391,2,2,3,1,P01
4,846,488,223,2,1,3,1,P01
4,847,271,357,1,1,3,1,P01
4,848,507,62,2,1,3,1,P01
4,849,796,69,1,1,3,1,P01
4,850,747,95,2,1,3,1,P01
4,851,390,556,3,1,3,1,P01
4,852,497,157,4,1,3,1,P01
4,853,551,282,1,2,3,1,P01
4,854,457,262,2,1,3,1,P01
4,855,634,353,2,1,3,1,P01
4,856,662,323,4,1,3,1,P01
4,857,292,449,2,1,3,1,P01
4,858,466,250,1,1,3,1,P01
4,859,529,53,1,1,3,1,P01
4,860,359,301,3,1,3,1,P01
4,861,592,13,2,1,3,1,P01
4,862,525,14,1,1,3,1,P01
4,863,655,132,4,1,3,1,P01
4,864,412,185,1,1,3,1,P01
4,865,927,27,2,1,3,1,P01
4,866,714,151,3,1,3,1,P01
4,867,681,225,4,1,3,1,P01
4,868,443,334,1,1,3,1,P01
4,869,772,155,1,1,3,1,P01
4,870,421,70,3,1,3,1,P01
4,871,614,161,1,1,3,1,P01
4,872,396,325,2,1,3,1,P01
4,873,306,519,2,1,3,1,P01
4,874,446,201,1,1,3,1,P01
4,875,743,200,3,1,3,1,P01
4,876,395,15,2,1,3,1,P01
4,877,339,117,4,1,3,1,P01
4,878,734,226,2,1,3,1,P01
4,879,905,36,4,1,3,1,P01
4,880,620,156,2,1,3,1,P01
4,881,867,12,6,1,3,1,P01
4,882,416,50,5,1,3,1,P01
4,883,240,276,3,1,3,1,P01
4,884,391,16,4,1,3,1,P01
4,885,553,69,5,1,3,1,P01
4,886,351,114,1,1,3,1,P01
4,887,559,182,3,1,3,1,P01
4,888,345,151,2,1,3,1,P01
4,889,458,36,3,1,3,1,P01
4,890,539,123,3,1,3,1,P01
4,891,687,119,5,1,3,1,P01
4,892,698,10,1,1,3,1,P01
4,893,549,37,6,1,3,1,P01
4,894,652,54,1,1,3,1,P01
4,895,273,261,1,1,3,1,P01
4,896,653,321,3,1,3,1,P01
4,897,571,329,1,1,3,1,P01
4,898,671,55,4,1,3,1,P01
4,899,833,98,3,1,3,1,P01
4,900,333,89,5,1,3,1,P01
4,901,819,148,1,1,3,1,P01
4,902,592,72,3,1,3,1,P01
4,903,570,28,3,1,3,1,P01
4,904,150,400,1,1,3,1,P01
4,905,627,366,3,1,3,1,P01
4,906,230,193,4,1,3,1,P01
4,907,366,73,3,1,3,1,P01
4,908,843,105,2,1,3,1,P01
4,909,486,508,1,1,3,1,P01
4,910,310,304,1,1,3,1,P01
4,911,817,92,2,1,3,1,P01
4,912,813,130,1,1,3,1,P01
4,913,358,202,2,1,3,1,P01
4,914,149,298,1,1,3,1,P01
4,915,615,29,3,1,3,1,P01
4,916,818,76,3,1,3,1,P01
4,917,521,13,6,1,3,1,P01
4,918,361,358,3,1,3,1,P01
4,919,480,62,4,1,3,1,P01
4,920,362,271,1,1,3,1,P01
4,921,555,20,3,1,3,1,P01
4,922,278,227,2,1,3,1,P01
4,923,833,67,1,1,3,1,P01
4,924,425,94,1,1,3,1,P01
4,925,789,111,3,1,3,1,P01
4,926,443,54,2,1,3,1,P01
4,927,731,133,1,1,3,1,P01
4,928,348,196,2,1,3,1,P01
4,929,614,58,1,1,3,1,P01
4,930,846,14,2,1,3,1,P01
4,931,742,22,1,1,3,1,P01
4,932,551,60,1,1,3,1,P01
4,933,600,180,2,1,3,1,P01
4,934,381,46,3,1,3,1,P01
4,935,661,157,2,1,3,1,P01
4,936,560,163,2,1,3,1,P01
4,937,287,391,2,1,3,1,P01
4,938,403,32,5,1,3,1,P01
4,939,785,90,3,1,3,1,P01
4,940,479,38,2,1,3,1,P01
4,941,801,71,3,1,3,1,P01
4,942,309,110,1,1,3,1,P01
4,943,492,145,1,1,3,1,P01
4,944,686,75,2,1,3,1,P01
4,945,680,261,2,1,3,1,P01
4,946,703,117,1,1,3,1,P01
4,947,612,259,1,1,3,1,P01
4,948,619,47,5,1,3,1,P01
4,949,903,89,4,1,3,1,P01
4,950,895,78,5,1,3,1,P01
4,951,663,56,5,1,3,1,P01
4,952,812,31,6,1,3,1,P01
4,953,627,174,2,1,3,1,P01
4,954,324,90,3,1,3,1,P01
4,955,435,42,7,1,3,1,P01
4,956,727,161,2,1,3,1,P01
4,957,471,21,1,1,3,1,P01
4,958,349,137,2,1,3,1,P01
4,959,231,530,1,1,3,1,P01
4,960,682,54,4,1,3,1,P01
4,961,690,176,2,1,3,1,P01
4,962,267,199,1,1,3,1,P01
4,963,395,13,1,1,3,1,P01
4,964,825,106,1,1,3,1,P01
4,965,596,90,1,1,3,1,P01
4,966,764,234,1,1,3,1,P01
4,967,480,444,2,1,3,1,P01
4,968,283,366,1,1,3,1,P01
4,969,512,84,5,1,3,1,P01
4,970,544,18,6,1,3,1,P01
4,971,393,51,2,1,3,1,P01
4,972,591,176,1,1,3,1,P01
4,973,787,105,6,1,3,1,P01
4,974,466,47,2,1,3,1,P01
4,975,554,388,1,1,3,1,P01
4,976,410,69,4,1,3,1,P01
4,977,575,10,2,1,3,1,P01
4,978,547,163,3,1,3,1,P01
4,979,227,604,1,1,3,1,P01
4,980,352,90,2,1,3,1,P01
4,981,632,17,4,1,3,1,P01
4,982,690,35,3,1,3,1,P01
4,983,439,319,3,1,3,1,P01
4,984,348,337,1,1,3,1,P01
4,985,905,11,4,1,3,1,P01
4,986,930,69,2,1,3,1,P01
4,987,361,82,1,1,3,1,P01
4,988,785,18,1,1,3,1,P01
4,989,593,27,4,1,3,1,P01
4,990,349,351,1,1,3,1,P01
4,991,786,203,2,1,3,1,P01
4,992,612,36,3,1,3,1,P01
4,993,511,201,1,1,3,1,P01
4,994,490,72,2,1,3,1,P01
4,995,380,88,1,1,3,1,P01
4,996,195,441,1,1,3,1,P01
4,997,718,34,4,1,3,1,P01
4,998,474,14,3,1,3,1,P01
4,999,541,28,5,1,3,1,P01
4,1000,399,295,3,1,3,1,P01
5,1,396,57,6,1,9,1,P01
5,2,302,214,4,1,9,1,P01
5,3,623,305,4,1,9,1,P01
5,4,531,108,7,1,9,1,P01
5,5,580,22,8,1,9,1,P01
5,6,184,347,2,1,9,1,P01
5,7,621,14,11,1,9,1,P01
5,8,605,12,19,1,9,1,P01
5,9,941,54,13,1,9,1,P01
5,10,347,204,5,1,9,1,P01
5,11,864,39,7,1,9,1,P01
5,12,509,433,6,1,9,1,P01
5,13,938,15,8,1,9,1,P01
5,14,544,21,8,1,9,1,P01
5,15,778,68,10,2,9,1,P01
5,16,565,331,4,2,9,1,P01
5,17,885,64,8,1,9,1,P01
5,18,651,44,6,1,9,1,P01
5,19,830,164,5,1,9,1,P01
5,20,549,58,5,1,9,1,P01
5,21,448,21,5,1,9,1,P01
5,22,744,85,10,1,9,1,P01
5,23,861,48,10,1,9,1,P01
5,24,394,199,5,1,9,1,P01
5,25,694,14,8,1,9,1,P01
5,26,385,317,5,2,9,1,P01
5,27,484,23,9,1,9,1,P01
5,28,485,25,8,1,9,1,P01
5,29,612,97,8,1,9,1,P01
5,30,519,88,5,1,9,1,P01
5,31,970,11,8,1,9,1,P01
5,32,556,10,4,1,9,1,P01
5,33,623,16,7,1,9,1,P01
5,34,438,71,12,1,9,1,P01
5,35,540,165,6,1,9,1,P01
5,36,613,11,6,1,9,1,P01
5,37,797,38,12,1,9,1,P01
5,38,704,13,14,1,9,1,P01
5,39,789,141,6,1,9,1,P01
5,40,441,37,10,2,9,1,P01
5,41,558,88,9,2,9,1,P01
5,42,457,85,10,1,9,1,P01
5,43,335,85,8,1,9,1,P01
5,44,312,273,4,2,9,1,P01
5,45,690,105,7,1,9,1,P01
5,46,669,226,5,1,9,1,P01
5,47,478,238,10,1,9,1,P01
5,48,547,90,4,1,9,1,P01
5,49,676,72,7,1,9,1,P01
5,50,666,133,10,1,9,1,P01
5,51,541,402,3,1,9,1,P01
5,52,445,30,7,1,9,1,P01
5,53,618,44,9,1,9,1,P01
5,54,884,40,7,1,9,1,P01
5,55,578,37,13,1,9,1,P01
5,56,841,125,9,1,9,1,P01
5,57,586,63,6,1,9,1,P01
5,58,426,132,7,1,9,1,P01
5,59,728,71,8,1,9,1,P01
5,60,419,119,6,1,9,1,P01
5,61,469,72,12,1,9,1,P01
5,62,679,10,5,1,9,1,P01
5,63,437,92,3,1,9,1,P01
5,64,578,89,7,1,9,1,P01
5,65,612,31,8,1,9,1,P01
5,66,733,90,6,1,9,1,P01
5,67,678,67,5,1,9,1,P01
5,68,653,274,6,1,9,1,P01
5,69,706,61,5,1,9,1,P01
5,70,477,20,9,1,9,1,P01
5,71,546,80,8,1,9,1,P01
5,72,503,23,11,1,9,1,P01
5,73,628,103,7,1,9,1,P01
5,74,820,37,10,1,9,1,P01
5,75,561,272,4,3,9,1,P01
5,76,562,57,8,1,9,1,P01
5,77,759,174,8,1,9,1,P01
5,78,822,96,5,1,9,1,P01
5,79,441,16,13,1,9,1,P01
5,80,370,59,10,1,9,1,P01
5,81,651,93,4,1,9,1,P01
5,82,393,11,6,1,9,1,P01
5,83,557,69,10,1,9,1,P01
5,84,476,63,8,1,9,1,P01
5,85,560,10,11,1,9,1,P01
5,86,467,88,11,1,9,1,P01
5,87,348,164,3,1,9,1,P01
5,88,865,66,6,1,9,1,P01
5,89,756,209,3,1,9,1,P01
5,90,610,85,9,1,9,1,P01
5,91,832,92,5,1,9,1,P01
5,92,951,27,5,1,9,1,P01
5,93,696,79,7,1,9,1,P01
5,94,357,125,7,1,9,1,P01
5,95,541,17,12,1,9,1,P01
5,96,969,28,10,1,9,1,P01
5,97,750,191,15,1,9,1,P01
5,98,432,149,3,1,9,1,P01
5,99,969,7,9,1,9,1,P01
5,100,579,107,13,1,9,1,P01
5,101,815,40,11,1,9,1,P01
5,102,678,11,6,1,9,1,P01
5,103,510,271,8,1,9,1,P01
5,104,282,594,2,1,9,1,P01
5,105,519,7,7,1,9,1,P01
5,106,765,10,8,1,9,1,P01
5,107,918,49,8,1,9,1,P01
5,108,514,19,8,1,9,1,P01
5,109,429,135,8,1,9,1,P01
5,110,568,20,9,1,9,1,P01
5,111,308,107,7,1,9,1,P01
5,112,421,307,2,1,9,1,P01
5,113,590,75,11,1,9,1,P01
5,114,418,101,6,1,9,1,P01
5,115,841,17,8,1,9,1,P01
5,116,672,23,6,1,9,1,P01
5,117,544,79,8,1,9,1,P01
5,118,456,73,8,1,9,1,P01
5,119,445,14,3,1,9,1,P01
5,120,502,65,8,1,9,1,P01
5,121,794,83,8,1,9,1,P01
5,122,640,80,7,1,9,1,P01
5,123,324,108,3,1,9,1,P01
5,124,652,66,3,1,9,1,P01
5,125,690,80,8,1,9,1,P01
5,126,568,25,8,1,9,1,P01
5,127,476,32,11,1,9,1,P01
5,128,528,9,18,1,9,1,P01
5,129,439,106,11,1,9,1,P01
5,130,372,32,11,1,9,1,P01
5,131,591,8,12,1,9,1,P01
5,132,788,23,4,1,9,1,P01
5,133,535,45,12,1,9,1,P01
5,134,356,114,5,1,9,1,P01
5,135,646,99,6,1,9,1,P01
5,136,720,5,8,1,9,1,P01
5,137,924,21,10,1,9,1,P01
5,138,384,53,9,1,9,1,P01
5,139,672,10,9,1,9,1,P01
5,140,780,182,6,1,9,1,P01
5,141,294,292,9,1,9,1,P01
5,142,513,46,7,1,9,1,P01
5,143,371,134,6,1,9,1,P01
5,144,782,67,7,1,9,1,P01
5,145,770,151,13,1,9,1,P01
5,146,861,15,11,1,9,1,P01
5,147,497,221,8,1,9,1,P01
5,148,906,12,9,1,9,1,P01
5,149,765,151,10,1,9,1,P01
5,150,554,46,7,1,9,1,P01
5,151,789,195,10,1,9,1,P01
5,152,467,5,8,1,9,1,P01
5,153,515,52,9,1,9,1,P01
5,154,595,21,6,1,9,1,P01
5,155,635,31,8,1,9,1,P01
5,156,383,29,8,1,9,1,P01
5,157,870,56,7,1,9,1,P01
5,158,798,27,9,1,9,1,P01
5,159,947,36,9,1,9,1,P01
5,160,681,69,6,1,9,1,P01
5,161,441,76,11,1,9,1,P01
5,162,606,64,15,1,9,1,P01
5,163,450,371,3,1,9,1,P01
5,164,500,51,8,1,9,1,P01
5,165,557,15,12,1,9,1,P01
5,166,398,8,10,1,9,1,P01
5,167,833,37,19,1,9,1,P01
5,168,770,76,9,1,9,1,P01
5,169,507,188,11,1,9,1,P01
5,170,705,34,15,1,9,1,P01
5,171,612,10,7,1,9,1,P01
5,172,658,55,9,1,9,1,P01
5,173,866,75,8,1,9,1,P01
5,174,679,31,7,1,9,1,P01
5,175,343,102,8,1,9,1,P01
5,176,812,28,10,1,9,1,P01
5,177,846,12,5,1,9,1,P01
5,178,618,143,7,1,9,1,P01
5,179,448,10,11,1,9,1,P01
5,180,523,25,10,1,9,1,P01
5,181,450,10,9,1,9,1,P01
5,182,623,374,8,1,9,1,P01
5,183,784,38,9,1,9,1,P01
5,184,412,10,3,1,9,1,P01
5,185,732,141,5,1,9,1,P01
5,186,384,167,3,1,9,1,P01
5,187,729,6,3,1,9,1,P01
5,188,678,210,7,1,9,1,P01
5,189,440,261,7,1,9,1,P01
5,190,587,49,15,1,9,1,P01
5,191,590,128,6,1,9,1,P01
5,192,461,13,4,1,9,1,P01
5,193,621,147,5,1,9,1,P01
5,194,403,49,4,1,9,1,P01
5,195,808,27,6,1,9,1,P01
5,196,595,149,7,1,9,1,P01
5,197,871,92,15,1,9,1,P01
5,198,525,16,5,1,9,1,P01
5,199,882,69,11,1,9,1,P01
5,200,430,18,5,1,9,1,P01
5,201,642,14,12,1,9,1,P01
5,202,909,17,8,1,9,1,P01
5,203,493,482,6,1,9,1,P01
5,204,437,45,11,1,9,1,P01
5,205,832,17,8,1,9,1,P01
5,206,549,16,8,1,9,1,P01
5,207,832,6,8,1,9,1,P01
5,208,735,49,12,1,9,1,P01
5,209,901,20,11,1,9,1,P01
5,210,834,82,7,1,9,1,P01
5,211,423,66,5,1,9,1,P01
5,212,911,56,8,1,9,1,P01
5,213,607,128,11,1,9,1,P01
5,214,735,107,4,1,9,1,P01
5,215,842,57,8,1,9,1,P01
5,216,358,123,6,1,9,1,P01
5,217,724,15,9,1,9,1,P01
5,218,779,92,8,1,9,1,P01
5,219,577,83,6,1,9,1,P01
5,220,529,13,8,1,9,1,P01
5,221,386,24,9,1,9,1,P01
5,222,877,106,9,1,9,1,P01
5,223,456,18,8,1,9,1,P01
5,224,649,11,12,1,9,1,P01
5,225,618,34,11,1,9,1,P01
5,226,341,74,5,1,9,1,P01
5,227,435,16,13,1,9,1,P01
5,228,526,13,4,1,9,1,P01
5,229,820,13,9,1,9,1,P01
5,230,507,79,9,1,9,1,P01
5,231,431,7,8,1,9,1,P01
5,232,650,128,5,1,9,1,P01
5,233,766,56,13,1,9,1,P01
5,234,565,37,7,1,9,1,P01
5,235,542,127,12,1,9,1,P01
5,236,568,173,10,1,9,1,P01
5,237,794,71,7,1,9,1,P01
5,238,764,101,8,1,9,1,P01
5,239,468,143,9,1,9,1,P01
5,240,397,208,3,2,9,1,P01
5,241,721,87,3,1,9,1,P01
5,242,446,282,4,1,9,1,P01
5,243,596,355,9,1,9,1,P01
5,244,420,51,14,1,9,1,P01
5,245,779,68,8,1,9,1,P01
5,246,698,73,10,1,9,1,P01
5,247,407,139,8,1,9,1,P01
5,248,858,72,6,1,9,1,P01
5,249,567,11,9,1,9,1,P01
5,250,419,23,7,1,9,1,P01
5,251,522,105,7,2,9,1,P01
5,252,608,10,7,1,9,1,P01
5,253,424,13,9,1,9,1,P01
5,254,675,12,9,1,9,1,P01
5,255,571,158,6,1,9,1,P01
5,256,688,193,7,1,9,1,P01
5,257,813,25,9,1,9,1,P01
5,258,493,23,14,1,9,1,P01
5,259,455,10,6,1,9,1,P01
5,260,660,6,8,1,9,1,P01
5,261,595,37,8,1,9,1,P01
5,262,448,417,3,1,9,1,P01
5,263,527,215,4,1,9,1,P01
5,264,756,158,6,1,9,1,P01
5,265,579,98,7,1,9,1,P01
5,266,903,89,3,1,9,1,P01
5,267,929,22,14,1,9,1,P01
5,268,892,53,6,1,9,1,P01
5,269,588,71,5,1,9,1,P01
5,270,502,38,9,1,9,1,P01
5,271,849,113,8,1,9,1,P01
5,272,925,11,9,1,9,1,P01
5,273,892,21,7,1,9,1,P01
5,274,649,51,6,1,9,1,P01
5,275,759,33,8,1,9,1,P01
5,276,459,137,8,1,9,1,P01
5,277,786,35,4,1,9,1,P01
5,278,617,33,11,1,9,1,P01
5,279,398,13,11,1,9,1,P01
5,280,562,48,7,1,9,1,P01
5,281,400,28,6,1,9,1,P01
5,282,391,13,10,1,9,1,P01
5,283,232,175,4,1,9,1,P01
5,284,565,19,3,1,9,1,P01
5,285,914,10,9,1,9,1,P01
5,286,516,54,10,1,9,1,P01
5,287,423,20,8,1,9,1,P01
5,288,721,22,8,1,9,1,P01
5,289,453,10,8,1,9,1,P01
5,290,777,116,8,1,9,1,P01
5,291,631,218,6,1,9,1,P01
5,292,560,22,8,1,9,1,P01
5,293,496,56,12,1,9,1,P01
5,294,634,22,8,1,9,1,P01
5,295,634,95,9,1,9,1,P01
5,296,892,86,4,1,9,1,P01
5,297,441,55,7,1,9,1,P01
5,298,407,64,12,1,9,1,P01
5,299,348,87,10,1,9,1,P01
5,300,710,80,5,1,9,1,P01
5,301,425,78,12,1,9,1,P01
5,302,889,23,9,1,9,1,P01
5,303,683,70,7,1,9,1,P01
5,304,704,37,8,1,9,1,P01
5,305,670,323,9,1,9,1,P01
5,306,663,84,11,1,9,1,P01
5,307,792,70,11,1,9,1,P01
5,308,325,171,8,1,9,1,P01
5,309,402,47,11,1,9,1,P01
5,310,614,42,8,1,9,1,P01
5,311,822,23,9,1,9,1,P01
5,312,594,67,6,1,9,1,P01
5,313,445,39,7,1,9,1,P01
5,314,390,45,4,1,9,1,P01
5,315,392,35,2,1,9,1,P01
5,316,566,72,13,1,9,1,P01
5,317,843,94,5,1,9,1,P01
5,318,868,43,9,1,9,1,P01
5,319,657,21,10,1,9,1,P01
5,320,629,173,5,1,9,1,P01
5,321,539,88,8,1,9,1,P01
5,322,730,29,7,1,9,1,P01
5,323,581,44,9,1,9,1,P01
5,324,535,261,5,1,9,1,P01
5,325,600,112,7,1,9,1,P01
5,326,490,36,6,1,9,1,P01
5,327,816,45,17,1,9,1,P01
5,328,680,34,9,1,9,1,P01
5,329,571,53,9,1,9,1,P01
5,330,461,32,10,1,9,1,P01
5,331,835,40,9,1,9,1,P01
5,332,943,54,14,1,9,1,P01
5,333,431,43,7,1,9,1,P01
5,334,848,48,4,1,9,1,P01
5,335,481,16,16,1,9,1,P01
5,336,364,55,7,1,9,1,P01
5,337,547,102,7,1,9,1,P01
5,338,900,71,8,1,9,1,P01
5,339,413,14,11,1,9,1,P01
5,340,847,18,9,1,9,1,P01
5,341,256,147,5,1,9,1,P01
5,342,390,22,15,1,9,1,P01
5,343,629,28,6,1,9,1,P01
5,344,744,23,12,1,9,1,P01
5,345,389,14,9,1,9,1,P01
5,346,373,27,4,1,9,1,P01
5,347,579,44,13,1,9,1,P01
5,348,325,129,8,1,9,1,P01
5,349,578,5,10,1,9,1,P01
5,350,516,155,6,1,9,1,P01
5,351,510,285,6,1,9,1,P01
5,352,802,102,6,1,9,1,P01
5,353,393,11,4,1,9,1,P01
5,354,469,94,2,1,9,1,P01
5,355,558,165,6,1,9,1,P01
5,356,175,401,3,2,9,1,P01
5,357,808,51,6,1,9,1,P01
5,358,392,22,8,1,9,1,P01
5,359,939,31,8,1,9,1,P01
5,360,927,59,10,1,9,1,P01
5,361,543,200,7,1,9,1,P01
5,362,529,23,11,1,9,1,P01
5,363,804,48,14,1,9,1,P01
5,364,499,390,3,1,9,1,P01
5,365,218,196,2,1,9,1,P01
5,366,550,16,7,1,9,1,P01
5,367,606,65,6,1,9,1,P01
5,368,524,53,12,1,9,1,P01
5,369,666,30,8,1,9,1,P01
5,370,438,466,4,2,9,1,P01
5,371,384,87,14,1,9,1,P01
5,372,716,191,4,1,9,1,P01
5,373,568,108,15,1,9,1,P01
5,374,748,74,8,1,9,1,P01
5,375,465,35,9,1,9,1,P01
5,376,744,155,6,1,9,1,P01
5,377,769,26,8,1,9,1,P01
5,378,421,91,8,1,9,1,P01
5,379,693,209,6,1,9,1,P01
5,380,881,111,4,1,9,1,P01
5,381,882,54,7,1,9,1,P01
5,382,636,65,5,1,9,1,P01
5,383,465,39,11,1,9,1,P01
5,384,506,189,8,1,9,1,P01
5,385,540,15,9,1,9,1,P01
5,386,190,210,8,1,9,1,P01
5,387,941,22,12,1,9,1,P01
5,388,848,141,4,1,9,1,P01
5,389,619,100,12,1,9,1,P01
5,390,645,23,10,1,9,1,P01
5,391,403,14,10,1,9,1,P01
5,392,421,12,9,1,9,1,P01
5,393,594,38,9,1,9,1,P01
5,394,739,17,12,1,9,1,P01
5,395,346,180,7,1,9,1,P01
5,396,672,299,3,1,9,1,P01
5,397,413,41,11,1,9,1,P01
5,398,382,28,8,1,9,1,P01
5,399,878,56,6,1,9,1,P01
5,400,516,219,8,1,9,1,P01
5,401,613,326,9,1,9,1,P01
5,402,487,141,5,1,9,1,P01
5,403,281,423,3,1,9,1,P01
5,404,539,27,13,1,9,1,P01
5,405,504,42,8,1,9,1,P01
5,406,723,139,7,1,9,1,P01
5,407,685,85,6,1,9,1,P01
5,408,454,147,5,1,9,1,P01
5,409,617,147,8,1,9,1,P01
5,410,631,13,14,1,9,1,P01
5,411,647,41,14,1,9,1,P01
5,412,399,9,10,1,9,1,P01
5,413,527,14,8,1,9,1,P01
5,414,693,120,5,1,9,1,P01
5,415,684,17,7,1,9,1,P01
5,416,720,71,7,1,9,1,P01
5,417,357,49,10,1,9,1,P01
5,418,428,21,9,1,9,1,P01
5,419,522,15,10,1,9,1,P01
5,420,441,138,8,1,9,1,P01
5,421,452,70,8,1,9,1,P01
5,422,556,323,7,1,9,1,P01
5,423,355,61,9,1,9,1,P01
5,424,736,25,5,1,9,1,P01
5,425,549,11,8,1,9,1,P01
5,426,510,162,7,1,9,1,P01
5,427,424,57,8,1,9,1,P01
5,428,649,14,9,1,9,1,P01
5,429,603,51,9,1,9,1,P01
5,430,818,120,6,3,9,1,P01
5,431,622,333,12,1,9,1,P01
5,432,659,11,12,1,9,1,P01
5,433,555,47,8,1,9,1,P01
5,434,911,18,10,1,9,1,P01
5,435,764,16,9,1,9,1,P01
5,436,582,156,8,1,9,1,P01
5,437,905,11,7,1,9,1,P01
5,438,822,45,11,1,9,1,P01
5,439,899,56,7,1,9,1,P01
5,440,539,47,4,1,9,1,P01
5,441,710,36,2,1,9,1,P01
5,442,405,307,3,1,9,1,P01
5,443,704,205,3,1,9,1,P01
5,444,387,27,4,1,9,1,P01
5,445,590,10,10,1,9,1,P01
5,446,398,99,6,1,9,1,P01
5,447,568,30,9,1,9,1,P01
5,448,526,14,12,1,9,1,P01
5,449,470,249,5,1,9,1,P01
5,450,385,79,10,1,9,1,P01
5,451,559,143,7,1,9,1,P01
5,452,723,180,7,1,9,1,P01
5,453,446,100,8,1,9,1,P01
5,454,830,90,4,1,9,1,P01
5,455,953,20,7,1,9,1,P01
5,456,345,68,12,1,9,1,P01
5,457,851,23,12,1,9,1,P01
5,458,252,171,6,1,9,1,P01
5,459,864,14,9,1,9,1,P01
5,460,794,142,8,1,9,1,P01
5,461,955,31,8,1,9,1,P01
5,462,748,25,15,1,9,1,P01
5,463,388,109,8,2,9,1,P01
5,464,484,99,11,1,9,1,P01
5,465,451,20,11,1,9,1,P01
5,466,690,200,7,1,9,1,P01
5,467,965,11,12,1,9,1,P01
5,468,494,14,4,1,9,1,P01
5,469,427,177,5,1,9,1,P01
5,470,948,10,10,1,9,1,P01
5,471,826,35,8,1,9,1,P01
5,472,810,159,10,1,9,1,P01
5,473,733,160,7,1,9,1,P01
5,474,491,37,12,1,9,1,P01
5,475,580,305,9,1,9,1,P01
5,476,315,101,16,1,9,1,P01
5,477,559,185,7,1,9,1,P01
5,478,784,116,6,1,9,1,P01
5,479,603,44,10,1,9,1,P01
5,480,371,65,14,1,9,1,P01
5,481,933,54,11,1,9,1,P01
5,482,373,123,8,1,9,1,P01
5,483,477,417,5,1,9,1,P01
5,484,368,148,1,1,9,1,P01
5,485,304,177,5,1,9,1,P01
5,486,470,14,11,1,9,1,P01
5,487,644,11,8,1,9,1,P01
5,488,665,19,8,1,9,1,P01
5,489,966,30,17,1,9,1,P01
5,490,538,129,7,1,9,1,P01
5,491,458,55,6,1,9,1,P01
5,492,567,193,4,1,9,1,P01
5,493,626,61,4,1,9,1,P01
5,494,458,101,6,1,9,1,P01
5,495,768,41,6,1,9,1,P01
5,496,854,20,13,1,9,1,P01
5,497,525,11,6,1,9,1,P01
5,498,763,87,5,1,9,1,P01
5,499,848,8,9,1,9,1,P01
5,500,394,31,10,1,9,1,P01
5,501,412,21,8,1,9,1,P01
5,502,432,23,5,1,9,1,P01
5,503,674,23,15,1,9,1,P01
5,504,658,60,13,1,9,1,P01
5,505,568,59,11,1,9,1,P01
5,506,666,40,11,1,9,1,P01
5,507,675,46,6,1,9,1,P01
5,508,734,34,9,1,9,1,P01
5,509,455,209,9,1,9,1,P01
5,510,503,101,5,1,9,1,P01
5,511,428,21,8,1,9,1,P01
5,512,549,81,10,1,9,1,P01
5,513,417,34,13,1,9,1,P01
5,514,398,149,6,1,9,1,P01
5,515,751,57,12,1,9,1,P01
5,516,747,20,10,1,9,1,P01
5,517,471,45,10,1,9,1,P01
5,518,795,23,12,1,9,1,P01
5,519,679,53,9,1,9,1,P01
5,520,895,37,8,1,9,1,P01
5,521,785,22,8,1,9,1,P01
5,522,715,146,10,1,9,1,P01
5,523,509,14,9,1,9,1,P01
5,524,758,80,9,1,9,1,P01
5,525,571,92,13,1,9,1,P01
5,526,751,45,12,1,9,1,P01
5,527,711,72,7,1,9,1,P01
5,528,889,76,9,1,9,1,P01
5,529,490,77,5,1,9,1,P01
5,530,982,13,15,1,9,1,P01
5,531,310,143,8,1,9,1,P01
5,532,465,34,7,1,9,1,P01
5,533,450,386,3,1,9,1,P01
5,534,702,78,8,1,9,1,P01
5,535,746,53,5,1,9,1,P01
5,536,475,217,5,1,9,1,P01
5,537,590,30,12,1,9,1,P01
5,538,535,42,6,1,9,1,P01
5,539,937,28,10,1,9,1,P01
5,540,477,47,4,1,9,1,P01
5,541,663,101,10,1,9,1,P01
5,542,489,39,10,1,9,1,P01
5,543,817,10,7,1,9,1,P01
5,544,812,15,9,1,9,1,P01
5,545,590,17,6,1,9,1,P01
5,546,669,45,10,1,9,1,P01
5,547,779,24,4,1,9,1,P01
5,548,718,235,3,1,9,1,P01
5,549,874,116,9,1,9,1,P01
5,550,386,66,6,1,9,1,P01
5,551,466,221,6,1,9,1,P01
5,552,542,26,9,1,9,1,P01
5,553,700,40,8,1,9,1,P01
5,554,414,10,5,1,9,1,P01
5,555,630,124,7,1,9,1,P01
5,556,848,10,11,1,9,1,P01
5,557,825,95,6,1,9,1,P01
5,558,728,15,9,1,9,1,P01
5,559,562,44,7,1,9,1,P01
5,560,602,33,10,1,9,1,P01
5,561,368,316,4,1,9,1,P01
5,562,448,21,9,1,9,1,P01
5,563,277,276,4,1,9,1,P01
5,564,506,111,11,1,9,1,P01
5,565,816,57,9,1,9,1,P01
5,566,762,22,14,1,9,1,P01
5,567,433,269,6,1,9,1,P01
5,568,674,105,3,1,9,1,P01
5,569,694,150,9,1,9,1,P01
5,570,570,36,12,1,9,1,P01
5,571,572,53,7,1,9,1,P01
5,572,840,17,11,1,9,1,P01
5,573,276,129,4,1,9,1,P01
5,574,743,16,12,1,9,1,P01
5,575,438,43,9,1,9,1,P01
5,576,274,131,3,1,9,1,P01
5,577,604,28,7,1,9,1,P01
5,578,828,12,7,1,9,1,P01
5,579,571,293,3,1,9,1,P01
5,580,446,19,8,1,9,1,P01
5,581,703,288,13,1,9,1,P01
5,582,584,15,11,1,9,1,P01
5,583,576,17,6,1,9,1,P01
5,584,517,104,5,1,9,1,P01
5,585,729,178,7,1,9,1,P01
5,586,536,87,13,1,9,1,P01
5,587,365,77,9,1,9,1,P01
5,588,459,22,9,1,9,1,P01
5,589,561,367,3,1,9,1,P01
5,590,342,62,9,1,9,1,P01
5,591,415,33,11,1,9,1,P01
5,592,631,36,14,1,9,1,P01
5,593,552,46,8,1,9,1,P01
5,594,634,100,5,1,9,1,P01
5,595,286,132,5,1,9,1,P01
5,596,848,59,10,1,9,1,P01
5,597,474,44,11,1,9,1,P01
5,598,584,379,5,1,9,1,P01
5,599,892,50,9,1,9,1,P01
5,600,563,45,11,1,9,1,P01
5,601,749,39,13,1,9,1,P01
5,602,585,13,9,1,9,1,P01
5,603,404,11,9,1,9,1,P01
5,604,351,105,13,1,9,1,P01
5,605,487,214,4,1,9,1,P01
5,606,477,19,9,1,9,1,P01
5,607,474,17,8,1,9,1,P01
5,608,707,106,10,1,9,1,P01
5,609,630,47,11,1,9,1,P01
5,610,824,82,6,1,9,1,P01
5,611,637,40,10,1,9,1,P01
5,612,398,14,5,1,9,1,P01
5,613,546,138,7,1,9,1,P01
5,614,604,150,9,1,9,1,P01
5,615,389,43,10,1,9,1,P01
5,616,474,200,6,2,9,1,P01
5,617,585,14,7,1,9,1,P01
5,618,932,15,13,1,9,1,P01
5,619,581,138,5,1,9,1,P01
5,620,906,20,8,1,9,1,P01
5,621,417,41,9,1,9,1,P01
5,622,776,40,14,1,9,1,P01
5,623,403,14,13,1,9,1,P01
5,624,832,13,11,1,9,1,P01
5,625,389,93,8,1,9,1,P01
5,626,510,62,5,1,9,1,P01
5,627,877,52,6,1,9,1,P01
5,628,625,46,5,1,9,1,P01
5,629,798,17,9,1,9,1,P01
5,630,774,202,14,1,9,1,P01
5,631,702,118,10,1,9,1,P01
5,632,710,61,10,1,9,1,P01
5,633,602,14,11,1,9,1,P01
5,634,958,28,14,1,9,1,P01
5,635,593,82,11,1,9,1,P01
5,636,392,84,5,1,9,1,P01
5,637,412,92,6,1,9,1,P01
5,638,624,12,5,1,9,1,P01
5,639,473,41,12,1,9,1,P01
5,640,669,12,8,1,9,1,P01
5,641,453,21,9,1,9,1,P01
5,642,532,37,4,1,9,1,P01
5,643,857,25,6,1,9,1,P01
5,644,613,28,7,1,9,1,P01
5,645,717,67,14,1,9,1,P01
5,646,832,46,8,1,9,1,P01
5,647,557,12,8,1,9,1,P01
5,648,673,13,7,1,9,1,P01
5,649,792,15,6,1,9,1,P01
5,650,758,55,8,1,9,1,P01
5,651,412,9,11,1,9,1,P01
5,652,414,33,11,1,9,1,P01
5,653,483,28,13,1,9,1,P01
5,654,369,377,2,1,9,1,P01
5,655,328,73,8,1,9,1,P01
5,656,723,169,7,1,9,1,P01
5,657,496,30,6,1,9,1,P01
5,658,438,39,6,1,9,1,P01
5,659,575,59,12,1,9,1,P01
5,660,386,187,5,1,9,1,P01
5,661,979,12,8,1,9,1,P01
5,662,875,100,12,1,9,1,P01
5,663,695,5,9,1,9,1,P01
5,664,707,26,7,1,9,1,P01
5,665,473,10,9,1,9,1,P01
5,666,427,37,7,1,9,1,P01
5,667,873,74,5,1,9,1,P01
5,668,896,58,10,1,9,1,P01
5,669,443,156,6,1,9,1,P01
5,670,550,37,9,1,9,1,P01
5,671,948,36,6,1,9,1,P01
5,672,769,155,3,1,9,1,P01
5,673,613,20,6,1,9,1,P01
5,674,342,74,10,1,9,1,P01
5,675,708,91,9,1,9,1,P01
5,676,979,13,10,1,9,1,P01
5,677,672,96,10,1,9,1,P01
5,678,668,18,10,1,9,1,P01
5,679,498,12,11,1,9,1,P01
5,680,489,49,12,1,9,1,P01
5,681,382,19,12,1,9,1,P01
5,682,690,149,8,1,9,1,P01
5,683,681,36,10,1,9,1,P01
5,684,531,77,5,1,9,1,P01
5,685,401,200,6,1,9,1,P01
5,686,744,117,4,1,9,1,P01
5,687,480,60,7,1,9,1,P01
5,688,801,95,6,1,9,1,P01
5,689,844,33,12,1,9,1,P01
5,690,465,47,8,1,9,1,P01
5,691,680,55,7,1,9,1,P01
5,692,668,80,9,1,9,1,P01
5,693,791,77,7,1,9,1,P01
5,694,541,189,9,1,9,1,P01
5,695,804,11,14,1,9,1,P01
5,696,617,80,6,1,9,1,P01
5,697,794,58,12,1,9,1,P01
5,698,867,35,6,1,9,1,P01
5,699,399,371,2,1,9,1,P01
5,700,553,114,9,1,9,1,P01
5,701,564,88,3,1,9,1,P01
5,702,490,16,8,1,9,1,P01
5,703,441,13,7,1,9,1,P01
5,704,583,108,9,1,9,1,P01
5,705,740,32,9,1,9,1,P01
5,706,944,33,5,1,9,1,P01
5,707,621,36,7,1,9,1,P01
5,708,405,19,10,1,9,1,P01
5,709,795,71,13,1,9,1,P01
5,710,452,84,7,1,9,1,P01
5,711,695,51,11,1,9,1,P01
5,712,533,64,9,1,9,1,P01
5,713,914,22,9,1,9,1,P01
5,714,674,26,11,1,9,1,P01
5,715,668,112,9,1,9,1,P01
5,716,519,55,16,1,9,1,P01
5,717,780,15,16,1,9,1,P01
5,718,326,88,9,1,9,1,P01
5,719,484,38,10,1,9,1,P01
5,720,747,136,5,1,9,1,P01
5,721,637,82,12,1,9,1,P01
5,722,586,225,9,1,9,1,P01
5,723,628,38,10,1,9,1,P01
5,724,771,44,12,1,9,1,P01
5,725,809,70,10,1,9,1,P01
5,726,684,30,12,1,9,1,P01
5,727,347,58,6,1,9,1,P01
5,728,503,50,8,1,9,1,P01
5,729,422,11,6,1,9,1,P01
5,730,460,100,10,1,9,1,P01
5,731,941,10,9,1,9,1,P01
5,732,371,46,9,1,9,1,P01
5,733,553,44,9,1,9,1,P01
5,734,374,61,16,1,9,1,P01
5,735,627,115,8,1,9,1,P01
5,736,807,44,12,1,9,1,P01
5,737,294,108,5,1,9,1,P01
5,738,376,125,10,1,9,1,P01
5,739,667,11,6,1,9,1,P01
5,740,734,214,5,1,9,1,P01
5,741,699,96,6,1,9,1,P01
5,742,618,126,7,1,9,1,P01
5,743,881,20,7,1,9,1,P01
5,744,359,54,6,1,9,1,P01
5,745,418,20,7,1,9,1,P01
5,746,472,88,7,1,9,1,P01
5,747,449,135,7,1,9,1,P01
5,748,969,12,7,1,9,1,P01
5,749,820,75,12,1,9,1,P01
5,750,960,16,10,1,9,1,P01
5,751,445,10,8,1,9,1,P01
5,752,557,15,8,1,9,1,P01
5,753,455,62,8,1,9,1,P01
5,754,780,83,9,1,9,1,P01
5,755,568,143,3,1,9,1,P01
5,756,710,265,13,1,9,1,P01
5,757,508,224,7,1,9,1,P01
5,758,802,15,6,1,9,1,P01
5,759,597,85,7,1,9,1,P01
5,760,907,87,10,1,9,1,P01
5,761,426,119,7,1,9,1,P01
5,762,286,115,7,1,9,1,P01
5,763,536,58,9,1,9,1,P01
5,764,849,24,7,1,9,1,P01
5,765,966,12,15,1,9,1,P01
5,766,571,28,3,1,9,1,P01
5,767,440,22,9,1,9,1,P01
5,768,921,46,6,1,9,1,P01
5,769,812,11,11,1,9,1,P01
5,770,877,58,12,1,9,1,P01
5,771,597,139,6,1,9,1,P01
5,772,745,56,13,1,9,1,P01
5,773,554,10,10,1,9,1,P01
5,774,501,29,9,1,9,1,P01
5,775,884,101,3,1,9,1,P01
5,776,228,373,3,1,9,1,P01
5,777,938,29,15,1,9,1,P01
5,778,465,13,11,1,9,1,P01
5,779,681,45,4,1,9,1,P01
5,780,378,281,5,1,9,1,P01
5,781,584,40,8,1,9,1,P01
5,782,679,71,6,1,9,1,P01
5,783,395,57,8,1,9,1,P01
5,784,382,110,8,1,9,1,P01
5,785,624,64,5,1,9,1,P01
5,786,608,94,9,1,9,1,P01
5,787,711,39,9,1,9,1,P01
5,788,678,51,15,1,9,1,P01
5,789,311,325,5,1,9,1,P01
5,790,247,176,4,1,9,1,P01
5,791,888,37,8,1,9,1,P01
5,792,487,126,5,1,9,1,P01
5,793,251,153,2,1,9,1,P01
5,794,377,75,4,1,9,1,P01
5,795,936,24,6,1,9,1,P01
5,796,938,46,11,1,9,1,P01
5,797,593,15,15,1,9,1,P01
5,798,446,79,6,1,9,1,P01
5,799,407,11,13,1,9,1,P01
5,800,688,184,7,1,9,1,P01
5,801,449,16,12,1,9,1,P01
5,802,882,101,6,1,9,1,P01
5,803,475,99,6,1,9,1,P01
5,804,705,32,7,1,9,1,P01
5,805,520,89,5,1,9,1,P01
5,806,690,20,6,1,9,1,P01
5,807,409,50,7,1,9,1,P01
5,808,604,25,12,1,9,1,P01
5,809,553,188,12,1,9,1,P01
5,810,696,227,7,1,9,1,P01
5,811,756,24,13,1,9,1,P01
5,812,591,75,5,1,9,1,P01
5,813,535,14,16,1,9,1,P01
5,814,463,76,4,1,9,1,P01
5,815,577,34,13,1,9,1,P01
5,816,644,19,4,1,9,1,P01
5,817,952,28,10,1,9,1,P01
5,818,635,223,8,1,9,1,P01
5,819,535,216,8,1,9,1,P01
5,820,472,10,11,1,9,1,P01
5,821,337,75,4,1,9,1,P01
5,822,438,11,4,1,9,1,P01
5,823,483,117,4,1,9,1,P01
5,824,538,260,4,1,9,1,P01
5,825,855,33,9,1,9,1,P01
5,826,700,169,7,1,9,1,P01
5,827,487,12,8,1,9,1,P01
5,828,371,66,12,1,9,1,P01
5,829,432,10,5,1,9,1,P01
5,830,683,197,8,2,9,1,P01
5,831,417,323,4,1,9,1,P01
5,832,495,251,7,1,9,1,P01
5,833,671,276,10,1,9,1,P01
5,834,789,19,12,1,9,1,P01
5,835,900,15,14,1,9,1,P01
5,836,876,88,14,1,9,1,P01
5,837,596,34,6,1,9,1,P01
5,838,601,61,9,1,9,1,P01
5,839,783,19,9,1,9,1,P01
5,840,605,177,10,1,9,1,P01
5,841,537,16,10,1,9,1,P01
5,842,464,89,9,1,9,1,P01
5,843,780,64,7,1,9,1,P01
5,844,238,220,7,1,9,1,P01
5,845,609,10,9,1,9,1,P01
5,846,772,33,6,1,9,1,P01
5,847,841,68,7,1,9,1,P01
5,848,356,232,3,2,9,1,P01
5,849,544,44,7,1,9,1,P01
5,850,409,22,7,1,9,1,P01
5,851,647,45,8,1,9,1,P01
5,852,491,398,1,1,9,1,P01
5,853,662,93,8,1,9,1,P01
5,854,502,15,4,1,9,1,P01
5,855,411,11,9,1,9,1,P01
5,856,664,40,8,1,9,1,P01
5,857,626,94,11,1,9,1,P01
5,858,468,85,9,1,9,1,P01
5,859,682,174,2,1,9,1,P01
5,860,721,157,8,1,9,1,P01
5,861,388,15,6,1,9,1,P01
5,862,520,53,4,1,9,1,P01
5,863,801,76,5,1,9,1,P01
5,864,553,11,11,1,9,1,P01
5,865,444,52,7,1,9,1,P01
5,866,464,11,4,1,9,1,P01
5,867,856,59,6,1,9,1,P01
5,868,439,11,7,1,9,1,P01
5,869,483,101,4,1,9,1,P01
5,870,729,107,7,1,9,1,P01
5,871,898,14,10,1,9,1,P01
5,872,265,540,3,1,9,1,P01
5,873,890,97,6,1,9,1,P01
5,874,601,82,10,1,9,1,P01
5,875,847,49,8,1,9,1,P01
5,876,610,271,10,1,9,1,P01
5,877,709,37,16,1,9,1,P01
5,878,667,49,12,1,9,1,P01
5,879,611,79,12,1,9,1,P01
5,880,534,259,5,1,9,1,P01
5,881,824,31,8,1,9,1,P01
5,882,422,18,7,1,9,1,P01
5,883,553,51,14,1,9,1,P01
5,884,724,89,6,1,9,1,P01
5,885,602,174,8,1,9,1,P01
5,886,565,6,8,1,9,1,P01
5,887,910,63,14,1,9,1,P01
5,888,431,23,8,1,9,1,P01
5,889,930,32,8,1,9,1,P01
5,890,560,47,4,1,9,1,P01
5,891,415,11,8,1,9,1,P01
5,892,436,20,10,1,9,1,P01
5,893,692,88,7,1,9,1,P01
5,894,881,89,9,1,9,1,P01
5,895,656,66,5,1,9,1,P01
5,896,495,14,9,1,9,1,P01
5,897,865,10,15,1,9,1,P01
5,898,817,32,7,1,9,1,P01
5,899,490,14,10,1,9,1,P01
5,900,709,63,12,1,9,1,P01
5,901,321,175,3,1,9,1,P01
5,902,653,96,8,1,9,1,P01
5,903,732,22,7,1,9,1,P01
5,904,402,14,10,1,9,1,P01
5,905,320,161,6,2,9,1,P01
5,906,550,79,6,2,9,1,P01
5,907,157,370,4,1,9,1,P01
5,908,909,37,6,1,9,1,P01
5,909,627,11,9,1,9,1,P01
5,910,802,34,16,1,9,1,P01
5,911,315,219,8,1,9,1,P01
5,912,437,10,9,1,9,1,P01
5,913,794,155,8,1,9,1,P01
5,914,790,30,9,1,9,1,P01
5,915,591,25,4,1,9,1,P01
5,916,564,28,6,1,9,1,P01
5,917,708,19,8,1,9,1,P01
5,918,576,16,12,1,9,1,P01
5,919,398,19,8,1,9,1,P01
5,920,689,151,8,1,9,1,P01
5,921,514,41,6,1,9,1,P01
5,922,519,12,10,1,9,1,P01
5,923,664,71,8,1,9,1,P01
5,924,697,179,5,1,9,1,P01
5,925,366,310,2,1,9,1,P01
5,926,845,35,5,1,9,1,P01
5,927,566,29,5,1,9,1,P01
5,928,356,70,9,1,9,1,P01
5,929,846,76,6,1,9,1,P01
5,930,861,25,13,1,9,1,P01
5,931,800,126,7,1,9,1,P01
5,932,536,261,5,1,9,1,P01
5,933,843,10,11,1,9,1,P01
5,934,864,33,11,1,9,1,P01
5,935,709,57,4,1,9,1,P01
5,936,918,26,5,1,9,1,P01
5,937,357,85,9,1,9,1,P01
5,938,913,65,8,1,9,1,P01
5,939,816,25,11,1,9,1,P01
5,940,608,37,12,1,9,1,P01
5,941,812,74,3,1,9,1,P01
5,942,605,10,8,1,9,1,P01
5,943,534,11,5,1,9,1,P01
5,944,711,144,7,1,9,1,P01
5,945,464,73,5,1,9,1,P01
5,946,778,12,2,1,9,1,P01
5,947,574,15,9,1,9,1,P01
5,948,583,231,9,1,9,1,P01
5,949,833,77,9,1,9,1,P01
5,950,808,34,13,1,9,1,P01
5,951,749,205,6,1,9,1,P01
5,952,539,334,4,1,9,1,P01
5,953,471,79,8,1,9,1,P01
5,954,863,118,9,1,9,1,P01
5,955,677,267,6,1,9,1,P01
5,956,535,32,10,1,9,1,P01
5,957,781,26,14,1,9,1,P01
5,958,888,12,7,1,9,1,P01
5,959,576,10,8,1,9,1,P01
5,960,674,138,1,1,9,1,P01
5,961,891,38,10,1,9,1,P01
5,962,405,19,7,1,9,1,P01
5,963,828,14,4,1,9,1,P01
5,964,347,82,6,1,9,1,P01
5,965,620,186,3,1,9,1,P01
5,966,387,81,10,1,9,1,P01
5,967,433,264,4,1,9,1,P01
5,968,295,206,6,1,9,1,P01
5,969,467,46,7,1,9,1,P01
5,970,642,228,7,1,9,1,P01
5,971,593,112,15,1,9,1,P01
5,972,853,40,7,1,9,1,P01
5,973,768,43,7,1,9,1,P01
5,974,505,29,7,1,9,1,P01
5,975,799,50,6,1,9,1,P01
5,976,738,21,5,1,9,1,P01
5,977,880,16,9,1,9,1,P01
5,978,854,49,13,1,9,1,P01
5,979,412,98,7,1,9,1,P01
5,980,380,142,7,1,9,1,P01
5,981,410,11,10,1,9,1,P01
5,982,422,30,6,1,9,1,P01
5,983,460,22,12,1,9,1,P01
5,984,580,10,14,1,9,1,P01
5,985,952,12,10,1,9,1,P01
5,986,397,10,4,1,9,1,P01
5,987,661,172,5,1,9,1,P01
5,988,571,20,6,1,9,1,P01
5,989,713,106,9,1,9,1,P01
5,990,602,96,3,1,9,1,P01
5,991,627,10,7,1,9,1,P01
5,992,722,67,8,1,9,1,P01
5,993,511,54,11,1,9,1,P01
5,994,576,400,6,1,9,1,P01
5,995,472,34,11,1,9,1,P01
5,996,366,195,7,1,9,1,P01
5,997,497,5,6,1,9,1,P01
5,998,642,166,9,1,9,1,P01
5,999,834,38,10,1,9,1,P01
5,1000,940,10,7,1,9,1,P01
